<?xml version="1.0" encoding="UTF-8" ?>
<ServiceGroupRegistrationParameters xmlns:sgc="http://mds.globus.org/servicegroup/client"
  xmlns:xsd="http://www.w3.org/2001/XMLSchema" xmlns:xsi="http://www.w3.org/2001/XMLSchema-instance"
  xmlns:wsa="http://schemas.xmlsoap.org/ws/2004/03/addressing"
  xmlns:agg="http://mds.globus.org/aggregator/types"
  xmlns="http://mds.globus.org/servicegroup/client">
  <!-- The ServiceGroupEPR defines the servicegroup to which registrations will be made -->
  <ServiceGroupEPR>
    <!-- TODO: deploytime template this for the Index Service EPR -->
    <wsa:Address>http://cagrid04.bmi.ohio-state.edu:7080/wsrf/services/DefaultIndexService</wsa:Address>
  </ServiceGroupEPR>
  <!-- Specifies that the registration will be renewed every 10 minutes -->
  <RefreshIntervalSecs>600</RefreshIntervalSecs>
  <Content xsi:type="agg:AggregatorContent" xmlns:agg="http://mds.globus.org/aggregator/types">
    <agg:AggregatorConfig xsi:type="agg:AggregatorConfig">
      <agg:GetMultipleResourcePropertiesPollType
			xmlns:ns5="gme://caTissueCAE.caBIG/1.0/edu.pitt.cabig.cae.domain.general"
			xmlns:ns2="http://CQL.caBIG/1/gov.nih.nci.cagrid.CQLQuery"
			xmlns:ns1="gme://caGrid.caBIG/1.0/gov.nih.nci.cagrid.metadata"
			xmlns:ns3="http://CQL.caBIG/1/gov.nih.nci.cagrid.CQLResultSet"
			xmlns:ns4="gme://caGrid.caBIG/1.0/gov.nih.nci.cagrid.metadata.dataservice"
			xmlns:xs="http://www.w3.org/2001/XMLSchema"
			xmlns:ns0="gme://caGrid.caBIG/1.0/gov.nih.nci.cagrid.metadata.security">
        <!-- Specifies that the index should refresh information
            every 300000 milliseconds (once every 5 minutes) -->
        <agg:PollIntervalMillis>300000</agg:PollIntervalMillis>
        <!-- specifies all Resource Properties that should be retrieved from the service -->
		<agg:ResourcePropertyNames>ns1:ServiceMetadata</agg:ResourcePropertyNames>
	
		<agg:ResourcePropertyNames>ns4:DomainModel</agg:ResourcePropertyNames>
	
      </agg:GetMultipleResourcePropertiesPollType>
    </agg:AggregatorConfig>
    <agg:AggregatorData/>
  </Content>
</ServiceGroupRegistrationParameters>
