<?xml version="1.0" encoding="UTF-8"?>
<!DOCTYPE mapping PUBLIC "-//EXOLAB/Castor Object Mapping DTD Version 1.0//EN" "http://www.castor.org/mapping.dtd">
<mapping>
	<!-- caDSR  mappings... -->
	<!-- Adding the mapping from the caDSR project like SemanticMetaData etc. -->
	
<class name="gov.nih.nci.cadsr.umlproject.domain.Project">
    <map-to xml="Project" ns-uri="gme://caCORE.caBIG/3.0/gov.nih.nci.cadsr.umlproject.domain"/>
    <field name="id" type="string">
      <bind-xml name="id" node="attribute"/>
    </field>
    <field name="shortName" type="string">
      <bind-xml name="shortName" node="attribute"/>
    </field>
    <field name="longName" type="string">
      <bind-xml name="longName" node="attribute"/>
    </field>
    <field name="description" type="string">
      <bind-xml name="description" node="attribute"/>
    </field>
    <field name="version" type="string">
      <bind-xml name="version" node="attribute"/>
    </field>
  </class>
  <class name="gov.nih.nci.cadsr.umlproject.domain.SubProject">
    <map-to xml="SubProject" ns-uri="gme://caCORE.caBIG/3.0/gov.nih.nci.cadsr.umlproject.domain"/>
    <field name="id" type="string">
      <bind-xml name="id" node="attribute"/>
    </field>
    <field name="name" type="string">
      <bind-xml name="name" node="attribute"/>
    </field>
    <field name="description" type="string">
      <bind-xml name="description" node="attribute"/>
    </field>
  </class>
  <class name="gov.nih.nci.cadsr.umlproject.domain.UMLPackageMetadata">
    <map-to xml="UMLPackageMetadata"
      ns-uri="gme://caCORE.caBIG/3.0/gov.nih.nci.cadsr.umlproject.domain"/>
    <field name="id" type="string">
      <bind-xml name="id" node="attribute"/>
    </field>
    <field name="name" type="string">
      <bind-xml name="name" node="attribute"/>
    </field>
    <field name="description" type="string">
      <bind-xml name="description" node="attribute"/>
    </field>
  </class>
  <class name="gov.nih.nci.cadsr.umlproject.domain.UMLClassMetadata">
    <map-to xml="UMLClassMetadata"
      ns-uri="gme://caCORE.caBIG/3.0/gov.nih.nci.cadsr.umlproject.domain"/>
    <field name="id" type="string">
      <bind-xml name="id" node="attribute"/>
    </field>
    <field name="name" type="string">
      <bind-xml name="name" node="attribute"/>
    </field>
    <field name="description" type="string">
      <bind-xml name="description" node="attribute"/>
    </field>
    <field name="fullyQualifiedName" type="string">
      <bind-xml name="fullyQualifiedName" node="attribute"/>
    </field>
  </class>
  <class name="gov.nih.nci.cadsr.umlproject.domain.UMLAttributeMetadata">
    <map-to xml="UMLAttributeMetadata"
      ns-uri="gme://caCORE.caBIG/3.0/gov.nih.nci.cadsr.umlproject.domain"/>
    <field name="id" type="string">
      <bind-xml name="id" node="attribute"/>
    </field>
    <field name="name" type="string">
      <bind-xml name="name" node="attribute"/>
    </field>
    <field name="description" type="string">
      <bind-xml name="description" node="attribute"/>
    </field>
    <field name="fullyQualifiedName" type="string">
      <bind-xml name="fullyQualifiedName" node="attribute"/>
    </field>
  </class>
  <class name="gov.nih.nci.cadsr.umlproject.domain.SemanticMetadata">
    <map-to xml="SemanticMetadata"
      ns-uri="gme://caCORE.caBIG/3.0/gov.nih.nci.cadsr.umlproject.domain"/>
    <field name="id" type="string">
      <bind-xml name="id" node="attribute"/>
    </field>
    <field name="conceptCode" type="string">
      <bind-xml name="conceptCode" node="attribute"/>
    </field>
    <field name="conceptName" type="string">
      <bind-xml name="conceptName" node="attribute"/>
    </field>
    <field name="conceptDefinition" type="string">
      <bind-xml name="conceptDefinition" node="attribute"/>
    </field>
    <field name="isPrimaryConcept" type="boolean">
      <bind-xml name="isPrimaryConcept" node="attribute"/>
    </field>
    <field name="order" type="integer">
      <bind-xml name="order" node="attribute"/>
    </field>
    <field name="orderLevel" type="integer">
      <bind-xml name="orderLevel" node="attribute"/>
    </field>
  </class>
  <class name="gov.nih.nci.cadsr.umlproject.domain.UMLAssociationMetadata">
    <map-to xml="UMLAssociationMetadata"
      ns-uri="gme://caCORE.caBIG/3.0/gov.nih.nci.cadsr.umlproject.domain"/>
    <field name="id" type="string">
      <bind-xml name="id" node="attribute"/>
    </field>
    <field name="sourceLowCardinality" type="integer">
      <bind-xml name="sourceLowCardinality" node="attribute"/>
    </field>
    <field name="sourceHighCardinality" type="integer">
      <bind-xml name="sourceHighCardinality" node="attribute"/>
    </field>
    <field name="targetLowCardinality" type="integer">
      <bind-xml name="targetLowCardinality" node="attribute"/>
    </field>
    <field name="targetHighCardinality" type="integer">
      <bind-xml name="targetHighCardinality" node="attribute"/>
    </field>
    <field name="sourceRoleName" type="string">
      <bind-xml name="sourceRoleName" node="attribute"/>
    </field>
    <field name="targetRoleName" type="string">
      <bind-xml name="targetRoleName" node="attribute"/>
    </field>
    <field name="isBidirectional" type="boolean">
      <bind-xml name="isBidirectional" node="attribute"/>
    </field>
    <field name="targetUMLClassMetadata" type="gov.nih.nci.cadsr.umlproject.domain.UMLClassMetadata"
      direct="false">
      <bind-xml name="uml:targetUMLClassMetadata" node="element" type="uml:UMLClassMetadata"
        xmlns:uml="gme://caCORE.caBIG/3.0/gov.nih.nci.cadsr.umlproject.domain"/>
    </field>
    <field name="sourceUMLClassMetadata" type="gov.nih.nci.cadsr.umlproject.domain.UMLClassMetadata"
      direct="false">
      <bind-xml name="uml:sourceUMLClassMetadata" node="element" type="uml:UMLClassMetadata"
        xmlns:uml="gme://caCORE.caBIG/3.0/gov.nih.nci.cadsr.umlproject.domain"/>
    </field>
  </class>
  <class name="gov.nih.nci.cadsr.umlproject.domain.UMLGeneralizationMetadata">
    <map-to xml="UMLGeneralizationMetadata"
      ns-uri="gme://caCORE.caBIG/3.0/gov.nih.nci.cadsr.umlproject.domain"/>
    <field name="id" type="string">
      <bind-xml name="id" node="attribute"/>
    </field>
  </class>
  <class name="gov.nih.nci.cadsr.umlproject.domain.AttributeTypeMetadata">
    <map-to xml="AttributeTypeMetadata"
      ns-uri="gme://caCORE.caBIG/3.0/gov.nih.nci.cadsr.umlproject.domain"/>
    <field name="valueDomainDataType" type="string">
      <bind-xml name="valueDomainDataType" node="attribute"/>
    </field>
    <field name="valueDomainLongName" type="string">
      <bind-xml name="valueDomainLongName" node="attribute"/>
    </field>
    <field name="id" type="string">
      <bind-xml name="id" node="attribute"/>
    </field>
  </class>
  <class name="gov.nih.nci.cadsr.umlproject.domain.TypeEnumerationMetadata">
    <map-to xml="TypeEnumerationMetadata"
      ns-uri="gme://caCORE.caBIG/3.0/gov.nih.nci.cadsr.umlproject.domain"/>
    <field name="valueMeaning" type="string">
      <bind-xml name="valueMeaning" node="attribute"/>
    </field>
    <field name="permissibleValue" type="string">
      <bind-xml name="permissibleValue" node="attribute"/>
    </field>
    <field name="id" type="string">
      <bind-xml name="id" node="attribute"/>
    </field>
  </class>
  <class name="gov.nih.nci.cadsr.domain.AdministeredComponent">
    <map-to xml="AdministeredComponent" ns-uri="gme://caCORE.caBIG/3.0/gov.nih.nci.cadsr.domain"/>
    <field name="id" type="string">
      <bind-xml name="id" node="attribute"/>
    </field>
    <field name="preferredName" type="string">
      <bind-xml name="preferredName" node="attribute"/>
    </field>
    <field name="preferredDefinition" type="string">
      <bind-xml name="preferredDefinition" node="attribute"/>
    </field>
    <field name="longName" type="string">
      <bind-xml name="longName" node="attribute"/>
    </field>
    <field name="version" type="float">
      <bind-xml name="version" node="attribute"/>
    </field>
    <field name="workflowStatusName" type="string">
      <bind-xml name="workflowStatusName" node="attribute"/>
    </field>
    <field name="workflowStatusDescription" type="string">
      <bind-xml name="workflowStatusDescription" node="attribute"/>
    </field>
    <field name="latestVersionIndicator" type="string">
      <bind-xml name="latestVersionIndicator" node="attribute"/>
    </field>
    <field name="beginDate" type="date">
      <bind-xml name="beginDate" node="attribute"/>
    </field>
    <field name="endDate" type="date">
      <bind-xml name="endDate" node="attribute"/>
    </field>
    <field name="deletedIndicator" type="string">
      <bind-xml name="deletedIndicator" node="attribute"/>
    </field>
    <field name="changeNote" type="string">
      <bind-xml name="changeNote" node="attribute"/>
    </field>
    <field name="unresolvedIssue" type="string">
      <bind-xml name="unresolvedIssue" node="attribute"/>
    </field>
    <field name="origin" type="string">
      <bind-xml name="origin" node="attribute"/>
    </field>
    <field name="dateCreated" type="date">
      <bind-xml name="dateCreated" node="attribute"/>
    </field>
    <field name="dateModified" type="date">
      <bind-xml name="dateModified" node="attribute"/>
    </field>
    <field name="publicID" type="long">
      <bind-xml name="publicID" node="attribute"/>
    </field>
    <field name="createdBy" type="string">
      <bind-xml name="createdBy" node="attribute"/>
    </field>
    <field name="modifiedBy" type="string">
      <bind-xml name="modifiedBy" node="attribute"/>
    </field>
    <field name="registrationStatus" type="string">
      <bind-xml name="registrationStatus" node="attribute"/>
    </field>
  </class>
  <class name="gov.nih.nci.cadsr.domain.ValueDomain"
    extends="gov.nih.nci.cadsr.domain.AdministeredComponent">
    <map-to xml="ValueDomain" ns-uri="gme://caCORE.caBIG/3.0/gov.nih.nci.cadsr.domain"/>
    <field name="datatypeName" type="string">
      <bind-xml name="datatypeName" node="attribute"/>
    </field>
    <field name="UOMName" type="string">
      <bind-xml name="UOMName" node="attribute"/>
    </field>
    <field name="characterSetName" type="string">
      <bind-xml name="characterSetName" node="attribute"/>
    </field>
    <field name="formatName" type="string">
      <bind-xml name="formatName" node="attribute"/>
    </field>
    <field name="maximumLengthNumber" type="integer">
      <bind-xml name="maximumLengthNumber" node="attribute"/>
    </field>
    <field name="minimumLengthNumber" type="integer">
      <bind-xml name="minimumLengthNumber" node="attribute"/>
    </field>
    <field name="decimalPlace" type="integer">
      <bind-xml name="decimalPlace" node="attribute"/>
    </field>
    <field name="highValueNumber" type="string">
      <bind-xml name="highValueNumber" node="attribute"/>
    </field>
    <field name="lowValueNumber" type="string">
      <bind-xml name="lowValueNumber" node="attribute"/>
    </field>
  </class>
  <class name="gov.nih.nci.cadsr.domain.NonenumeratedValueDomain"
    extends="gov.nih.nci.cadsr.domain.ValueDomain">
    <map-to xml="ValueDomain" ns-uri="gme://caCORE.caBIG/3.0/gov.nih.nci.cadsr.domain"/>
  </class>
  <class name="gov.nih.nci.cadsr.domain.EnumeratedValueDomain"
    extends="gov.nih.nci.cadsr.domain.ValueDomain">
    <map-to xml="ValueDomain" ns-uri="gme://caCORE.caBIG/3.0/gov.nih.nci.cadsr.domain"/>
  </class>

	<!-- Adding the mapping from the caDSR project like SemanticMetaData etc. -->
	<!-- CaTissueCore mappings... -->
	<class name="edu.wustl.catissuecore.domainobject.impl.ParticipantImpl">
		<map-to xml="Participant" ns-uri="gme://caCORE.cabig/3.0/edu.wustl.catissuecore.domainobject"/>
		<field name="id" type="long">
			<bind-xml name="id" node="attribute"/>
		</field>
		<field name="lastName" type="string">
			<bind-xml name="lastName" node="attribute"/>
		</field>
		<field name="firstName" type="string">
			<bind-xml name="firstName" node="attribute"/>
		</field>
		<field name="middleName" type="string">
			<bind-xml name="middleName" node="attribute"/>
		</field>
		<field name="birthDate" type="date">
			<bind-xml name="birthDate" node="attribute"/>
		</field>
		<field name="sexGenotype" type="string">
			<bind-xml name="sexGenotype" node="attribute"/>
		</field>
		<field name="gender" type="string">
			<bind-xml name="gender" node="attribute"/>
		</field>
		<field name="race" type="string">
			<bind-xml name="race" node="attribute"/>
		</field>
		<field name="ethnicity" type="string">
			<bind-xml name="ethnicity" node="attribute"/>
		</field>
		<field name="socialSecurityNumber" type="string">
			<bind-xml name="socialSecurityNumber" node="attribute"/>
		</field>
		<field name="activityStatus" type="string">
			<bind-xml name="activityStatus" node="attribute"/>
		</field>
	</class>
	<class name="edu.wustl.catissuecore.domainobject.impl.SpecimenCollectionGroupImpl">
		<map-to xml="SpecimenCollectionGroup" ns-uri="gme://caCORE.cabig/3.0/edu.wustl.catissuecore.domainobject"/>
		<field name="id" type="long">
			<bind-xml name="id" node="attribute"/>
		</field>
		<field name="clinicalDiagnosis" type="string">
			<bind-xml name="clinicalDiagnosis" node="attribute"/>
		</field>
		<field name="clinicalStatus" type="string">
			<bind-xml name="clinicalStatus" node="attribute"/>
		</field>
		<field name="activityStatus" type="string">
			<bind-xml name="activityStatus" node="attribute"/>
		</field>
	</class>
	<class name="edu.wustl.catissuecore.domainobject.impl.CollectionProtocolImpl" extends="edu.wustl.catissuecore.domainobject.impl.SpecimenProtocolImpl">
		<map-to xml="CollectionProtocol" ns-uri="gme://caCORE.cabig/3.0/edu.wustl.catissuecore.domainobject"/>
	</class>
	<class name="edu.wustl.catissuecore.domainobject.impl.SiteImpl">
		<map-to xml="Site" ns-uri="gme://caCORE.cabig/3.0/edu.wustl.catissuecore.domainobject"/>
		<field name="id" type="long">
			<bind-xml name="id" node="attribute"/>
		</field>
		<field name="name" type="string">
			<bind-xml name="name" node="attribute"/>
		</field>
		<field name="type" type="string">
			<bind-xml name="type" node="attribute"/>
		</field>
		<field name="emailAddress" type="string">
			<bind-xml name="emailAddress" node="attribute"/>
		</field>
		<field name="activityStatus" type="string">
			<bind-xml name="activityStatus" node="attribute"/>
		</field>
	</class>
	<class name="edu.wustl.catissuecore.domainobject.impl.DistributionProtocolImpl" extends="edu.wustl.catissuecore.domainobject.impl.SpecimenProtocolImpl">
		<map-to xml="DistributionProtocol" ns-uri="gme://caCORE.cabig/3.0/edu.wustl.catissuecore.domainobject"/>
	</class>
	<class name="edu.wustl.catissuecore.domainobject.impl.SpecimenImpl">
		<map-to xml="Specimen" ns-uri="gme://caCORE.cabig/3.0/edu.wustl.catissuecore.domainobject"/>
		<field name="id" type="long">
			<bind-xml name="id" node="attribute"/>
		</field>
		<field name="type" type="string">
			<bind-xml name="type" node="attribute"/>
		</field>
		<field name="available" type="boolean">
			<bind-xml name="available" node="attribute"/>
		</field>
		<field name="positionDimensionOne" type="integer">
			<bind-xml name="positionDimensionOne" node="attribute"/>
		</field>
		<field name="positionDimensionTwo" type="integer">
			<bind-xml name="positionDimensionTwo" node="attribute"/>
		</field>
		<field name="barcode" type="string">
			<bind-xml name="barcode" node="attribute"/>
		</field>
		<field name="comments" type="string">
			<bind-xml name="comments" node="attribute"/>
		</field>
		<field name="activityStatus" type="string">
			<bind-xml name="activityStatus" node="attribute"/>
		</field>
	</class>
	<class name="edu.wustl.catissuecore.domainobject.impl.MolecularSpecimenImpl" extends="edu.wustl.catissuecore.domainobject.impl.SpecimenImpl">
		<map-to xml="MolecularSpecimen" ns-uri="gme://caCORE.cabig/3.0/edu.wustl.catissuecore.domainobject"/>
		<field name="concentrationInMicrogramPerMicroliter" type="double">
			<bind-xml name="concentrationInMicrogramPerMicroliter" node="attribute"/>
		</field>
		<field name="quantityInMicrogram" type="double">
			<bind-xml name="quantityInMicrogram" node="attribute"/>
		</field>
		<field name="availableQuantityInMicrogram" type="double">
			<bind-xml name="availableQuantityInMicrogram" node="attribute"/>
		</field>
	</class>
	<class name="edu.wustl.catissuecore.domainobject.impl.UserImpl">
		<map-to xml="User" ns-uri="gme://caCORE.cabig/3.0/edu.wustl.catissuecore.domainobject"/>
		<field name="id" type="long">
			<bind-xml name="id" node="attribute"/>
		</field>
		<field name="lastName" type="string">
			<bind-xml name="lastName" node="attribute"/>
		</field>
		<field name="firstName" type="string">
			<bind-xml name="firstName" node="attribute"/>
		</field>
		<field name="password" type="string">
			<bind-xml name="password" node="attribute"/>
		</field>
		<field name="startDate" type="date">
			<bind-xml name="dateAdded" node="attribute"/>
		</field>
		<field name="activityStatus" type="string">
			<bind-xml name="activityStatus" node="attribute"/>
		</field>
		<field name="comments" type="string">
			<bind-xml name="comments" node="attribute"/>
		</field>
	</class>
	<class name="edu.wustl.catissuecore.domainobject.impl.SpecimenRequirementImpl">
		<map-to xml="SpecimenRequirement" ns-uri="gme://caCORE.cabig/3.0/edu.wustl.catissuecore.domainobject"/>
		<field name="id" type="long">
			<bind-xml name="id" node="attribute"/>
		</field>
		<field name="specimenType" type="string">
			<bind-xml name="specimenType" node="attribute"/>
		</field>
		<field name="tissueSite" type="string">
			<bind-xml name="tissueSite" node="attribute"/>
		</field>
		<field name="pathologyStatus" type="string">
			<bind-xml name="pathologyStatus" node="attribute"/>
		</field>
	</class>
	<!--
  <class name="edu.wustl.catissuecore.domainobject.impl.DistributionImpl" extends="edu.wustl.catissuecore.domainobject.impl.SpecimenEventParametersImpl">
    <map-to xml="Distribution" ns-uri="gme://caCORE.cabig/3.0/edu.wustl.catissuecore.domainobject" />
    <field name="activityStatus" type="string">
      <bind-xml name="activityStatus" node="attribute"/>
    </field>
  </class>
  <class name="edu.wustl.catissuecore.domainobject.impl.DistributedItemImpl">
    <map-to xml="DistributedItem" ns-uri="gme://caCORE.cabig/3.0/edu.wustl.catissuecore.domainobject" />
    <field name="id" type="long">
      <bind-xml name="id" node="attribute"/>
    </field>
    <field name="quantity" type="double">
      <bind-xml name="quantity" node="attribute"/>
    </field>
  </class>
  -->
	<class name="edu.wustl.catissuecore.domainobject.impl.StorageContainerImpl">
		<map-to xml="StorageContainer" ns-uri="gme://caCORE.cabig/3.0/edu.wustl.catissuecore.domainobject"/>
		<field name="id" type="long">
			<bind-xml name="id" node="attribute"/>
		</field>
		<field name="number" type="integer">
			<bind-xml name="number" node="attribute"/>
		</field>
		<field name="tempratureInCentigrade" type="double">
			<bind-xml name="tempratureInCentigrade" node="attribute"/>
		</field>
		<field name="isFull" type="boolean">
			<bind-xml name="isFull" node="attribute"/>
		</field>
		<field name="barcode" type="string">
			<bind-xml name="barcode" node="attribute"/>
		</field>
		<field name="activityStatus" type="string">
			<bind-xml name="activityStatus" node="attribute"/>
		</field>
		<field name="positionDimensionOne" type="integer">
			<bind-xml name="positionDimensionOne" node="attribute"/>
		</field>
		<field name="positionDimensionTwo" type="integer">
			<bind-xml name="positionDimensionTwo" node="attribute"/>
		</field>
	</class>
	<class name="edu.wustl.catissuecore.domainobject.impl.StorageContainerDetailsImpl">
		<map-to xml="StorageContainerDetails" ns-uri="gme://caCORE.cabig/3.0/edu.wustl.catissuecore.domainobject"/>
		<field name="id" type="long">
			<bind-xml name="id" node="attribute"/>
		</field>
		<field name="parameterName" type="string">
			<bind-xml name="parameterName" node="attribute"/>
		</field>
		<field name="parameterValue" type="string">
			<bind-xml name="parameterValue" node="attribute"/>
		</field>
	</class>
	<class name="edu.wustl.catissuecore.domainobject.impl.AddressImpl">
		<map-to xml="Address" ns-uri="gme://caCORE.cabig/3.0/edu.wustl.catissuecore.domainobject"/>
		<field name="id" type="long">
			<bind-xml name="id" node="attribute"/>
		</field>
		<field name="street" type="string">
			<bind-xml name="street" node="attribute"/>
		</field>
		<field name="city" type="string">
			<bind-xml name="city" node="attribute"/>
		</field>
		<field name="state" type="string">
			<bind-xml name="state" node="attribute"/>
		</field>
		<field name="country" type="string">
			<bind-xml name="country" node="attribute"/>
		</field>
		<field name="zipCode" type="string">
			<bind-xml name="zipCode" node="attribute"/>
		</field>
		<field name="phoneNumber" type="string">
			<bind-xml name="phoneNumber" node="attribute"/>
		</field>
		<field name="faxNumber" type="string">
			<bind-xml name="faxNumber" node="attribute"/>
		</field>
	</class>
	<class name="edu.wustl.catissuecore.domainobject.impl.InstitutionImpl">
		<map-to xml="Institution" ns-uri="gme://caCORE.cabig/3.0/edu.wustl.catissuecore.domainobject"/>
		<field name="id" type="long">
			<bind-xml name="id" node="attribute"/>
		</field>
		<field name="name" type="string">
			<bind-xml name="name" node="attribute"/>
		</field>
	</class>
	<class name="edu.wustl.catissuecore.domainobject.impl.AuditEventImpl" extends="edu.wustl.catissuecore.domainobject.impl.EventParametersImpl">
		<map-to xml="AuditEvent" ns-uri="gme://caCORE.cabig/3.0/edu.wustl.catissuecore.domainobject"/>
		<field name="ipAddress" type="string">
			<bind-xml name="ipAddress" node="attribute"/>
		</field>
	</class>
	<class name="edu.wustl.catissuecore.domainobject.impl.AuditEventLogImpl">
		<map-to xml="AuditEventLog" ns-uri="gme://caCORE.cabig/3.0/edu.wustl.catissuecore.domainobject"/>
		<field name="id" type="long">
			<bind-xml name="id" node="attribute"/>
		</field>
		<field name="objectIdentifier" type="long">
			<bind-xml name="objectIdentifier" node="attribute"/>
		</field>
		<field name="ObjectName" type="string">
			<bind-xml name="ObjectName" node="attribute"/>
		</field>
		<field name="eventType" type="string">
			<bind-xml name="eventType" node="attribute"/>
		</field>
	</class>
	<class name="edu.wustl.catissuecore.domainobject.impl.BiohazardImpl">
		<map-to xml="Biohazard" ns-uri="gme://caCORE.cabig/3.0/edu.wustl.catissuecore.domainobject"/>
		<field name="id" type="long">
			<bind-xml name="id" node="attribute"/>
		</field>
		<field name="name" type="string">
			<bind-xml name="name" node="attribute"/>
		</field>
		<field name="comments" type="string">
			<bind-xml name="comments" node="attribute"/>
		</field>
		<field name="type" type="string">
			<bind-xml name="type" node="attribute"/>
		</field>
	</class>
	<class name="edu.wustl.catissuecore.domainobject.impl.DepartmentImpl">
		<map-to xml="Department" ns-uri="gme://caCORE.cabig/3.0/edu.wustl.catissuecore.domainobject"/>
		<field name="id" type="long">
			<bind-xml name="id" node="attribute"/>
		</field>
		<field name="name" type="string">
			<bind-xml name="name" node="attribute"/>
		</field>
	</class>
	<class name="edu.wustl.catissuecore.domainobject.impl.SpecimenEventParametersImpl" extends="edu.wustl.catissuecore.domainobject.impl.EventParametersImpl">
		<map-to xml="SpecimenEventParameters" ns-uri="gme://caCORE.cabig/3.0/edu.wustl.catissuecore.domainobject"/>
	</class>
	<class name="edu.wustl.catissuecore.domainobject.impl.FixedEventParametersImpl" extends="edu.wustl.catissuecore.domainobject.impl.SpecimenEventParametersImpl">
		<map-to xml="FixedEventParameters" ns-uri="gme://caCORE.cabig/3.0/edu.wustl.catissuecore.domainobject"/>
		<field name="fixationType" type="string">
			<bind-xml name="fixationType" node="attribute"/>
		</field>
		<field name="durationInMinutes" type="integer">
			<bind-xml name="durationInMinutes" node="attribute"/>
		</field>
	</class>
	<class name="edu.wustl.catissuecore.domainobject.impl.ProcedureEventParametersImpl" extends="edu.wustl.catissuecore.domainobject.impl.SpecimenEventParametersImpl">
		<map-to xml="ProcedureEventParameters" ns-uri="gme://caCORE.cabig/3.0/edu.wustl.catissuecore.domainobject"/>
		<field name="url" type="string">
			<bind-xml name="url" node="attribute"/>
		</field>
		<field name="name" type="string">
			<bind-xml name="name" node="attribute"/>
		</field>
	</class>
	<class name="edu.wustl.catissuecore.domainobject.impl.ReviewEventParametersImpl" extends="edu.wustl.catissuecore.domainobject.impl.SpecimenEventParametersImpl">
		<map-to xml="ReviewEventParameters" ns-uri="gme://caCORE.cabig/3.0/edu.wustl.catissuecore.domainobject"/>
	</class>
	<class name="edu.wustl.catissuecore.domainobject.impl.FluidSpecimenReviewEventParametersImpl" extends="edu.wustl.catissuecore.domainobject.impl.ReviewEventParametersImpl">
		<map-to xml="FluidSpecimenReviewEventParameters" ns-uri="gme://caCORE.cabig/3.0/edu.wustl.catissuecore.domainobject"/>
		<field name="cellCount" type="double">
			<bind-xml name="cellCount" node="attribute"/>
		</field>
	</class>
	<class name="edu.wustl.catissuecore.domainobject.impl.TissueSpecimenReviewEventParametersImpl" extends="edu.wustl.catissuecore.domainobject.impl.ReviewEventParametersImpl">
		<map-to xml="TissueSpecimenReviewEventParameters" ns-uri="gme://caCORE.cabig/3.0/edu.wustl.catissuecore.domainobject"/>
		<field name="neoplasticCellularityPercentage" type="double">
			<bind-xml name="neoplasticCellularityPercentage" node="attribute"/>
		</field>
		<field name="necrosisPercentage" type="double">
			<bind-xml name="necrosisPercentage" node="attribute"/>
		</field>
		<field name="lymphocyticPercentage" type="double">
			<bind-xml name="lymphocyticPercentage" node="attribute"/>
		</field>
		<field name="totalCellularityPercentage" type="double">
			<bind-xml name="totalCellularityPercentage" node="attribute"/>
		</field>
		<field name="histologicalQuality" type="string">
			<bind-xml name="histologicalQuality" node="attribute"/>
		</field>
	</class>
	<class name="edu.wustl.catissuecore.domainobject.impl.TissueSpecimenImpl" extends="edu.wustl.catissuecore.domainobject.impl.SpecimenImpl">
		<map-to xml="TissueSpecimen" ns-uri="gme://caCORE.cabig/3.0/edu.wustl.catissuecore.domainobject"/>
		<field name="quantityInGram" type="double">
			<bind-xml name="quantityInGram" node="attribute"/>
		</field>
		<field name="availableQuantityInGram" type="double">
			<bind-xml name="availableQuantityInGram" node="attribute"/>
		</field>
	</class>
	<class name="edu.wustl.catissuecore.domainobject.impl.StorageContainerCapacityImpl">
		<map-to xml="StorageContainerCapacity" ns-uri="gme://caCORE.cabig/3.0/edu.wustl.catissuecore.domainobject"/>
		<field name="id" type="long">
			<bind-xml name="id" node="attribute"/>
		</field>
		<field name="oneDimensionCapacity" type="integer">
			<bind-xml name="oneDimensionCapacity" node="attribute"/>
		</field>
		<field name="twoDimensionCapacity" type="integer">
			<bind-xml name="twoDimensionCapacity" node="attribute"/>
		</field>
	</class>
	<class name="edu.wustl.catissuecore.domainobject.impl.StorageTypeImpl">
		<map-to xml="StorageType" ns-uri="gme://caCORE.cabig/3.0/edu.wustl.catissuecore.domainobject"/>
		<field name="id" type="long">
			<bind-xml name="id" node="attribute"/>
		</field>
		<field name="type" type="string">
			<bind-xml name="type" node="attribute"/>
		</field>
		<field name="defaultTempratureInCentigrade" type="double">
			<bind-xml name="defaultTempratureInCentigrade" node="attribute"/>
		</field>
		<field name="oneDimensionLabel" type="string">
			<bind-xml name="oneDimensionLabel" node="attribute"/>
		</field>
		<field name="twoDimensionLabel" type="string">
			<bind-xml name="twoDimensionLabel" node="attribute"/>
		</field>
	</class>
	<class name="edu.wustl.catissuecore.domainobject.impl.CollectionProtocolRegistrationImpl">
		<map-to xml="CollectionProtocolRegistration" ns-uri="gme://caCORE.cabig/3.0/edu.wustl.catissuecore.domainobject"/>
		<field name="id" type="long">
			<bind-xml name="id" node="attribute"/>
		</field>
		<field name="protocolParticipantIdentifier" type="string">
			<bind-xml name="protocolParticipantIdentifier" node="attribute"/>
		</field>
		<field name="registrationDate" type="date">
			<bind-xml name="registrationDate" node="attribute"/>
		</field>
		<field name="activityStatus" type="string">
			<bind-xml name="activityStatus" node="attribute"/>
		</field>
	</class>
	<class name="edu.wustl.catissuecore.domainobject.impl.ReceivedEventParametersImpl" extends="edu.wustl.catissuecore.domainobject.impl.SpecimenEventParametersImpl">
		<map-to xml="ReceivedEventParameters" ns-uri="gme://caCORE.cabig/3.0/edu.wustl.catissuecore.domainobject"/>
		<field name="receivedQuality" type="string">
			<bind-xml name="receivedQuality" node="attribute"/>
		</field>
	</class>
	<class name="edu.wustl.catissuecore.domainobject.impl.CollectionProtocolEventImpl">
		<map-to xml="CollectionProtocolEvent" ns-uri="gme://caCORE.cabig/3.0/edu.wustl.catissuecore.domainobject"/>
		<field name="id" type="long">
			<bind-xml name="id" node="attribute"/>
		</field>
		<field name="clinicalStatus" type="string">
			<bind-xml name="clinicalStatus" node="attribute"/>
		</field>
		<field name="studyCalendarEventPoint" type="double">
			<bind-xml name="studyCalendarEventPoint" node="attribute"/>
		</field>
	</class>
	<class name="edu.wustl.catissuecore.domainobject.impl.ParticipantMedicalIdentifierImpl">
		<map-to xml="ParticipantMedicalIdentifier" ns-uri="gme://caCORE.cabig/3.0/edu.wustl.catissuecore.domainobject"/>
		<field name="id" type="long">
			<bind-xml name="id" node="attribute"/>
		</field>
		<field name="medicalRecordNumber" type="string">
			<bind-xml name="medicalRecordNumber" node="attribute"/>
		</field>
	</class>
	<class name="edu.wustl.catissuecore.domainobject.impl.SpecimenProtocolImpl">
		<map-to xml="SpecimenProtocol" ns-uri="gme://caCORE.cabig/3.0/edu.wustl.catissuecore.domainobject"/>
		<field name="id" type="long">
			<bind-xml name="id" node="attribute"/>
		</field>
		<field name="title" type="string">
			<bind-xml name="title" node="attribute"/>
		</field>
		<field name="shortTitle" type="string">
			<bind-xml name="shortTitle" node="attribute"/>
		</field>
		<field name="irbIdentifier" type="string">
			<bind-xml name="irbIdentifier" node="attribute"/>
		</field>
		<field name="startDate" type="date">
			<bind-xml name="startDate" node="attribute"/>
		</field>
		<field name="endDate" type="date">
			<bind-xml name="endDate" node="attribute"/>
		</field>
		<field name="enrollment" type="integer">
			<bind-xml name="enrollment" node="attribute"/>
		</field>
		<field name="descriptionURL" type="string">
			<bind-xml name="descriptionURL" node="attribute"/>
		</field>
		<field name="activityStatus" type="string">
			<bind-xml name="activityStatus" node="attribute"/>
		</field>
	</class>
	<class name="edu.wustl.catissuecore.domainobject.impl.MolecularSpecimenReviewParametersImpl" extends="edu.wustl.catissuecore.domainobject.impl.ReviewEventParametersImpl">
		<map-to xml="MolecularSpecimenReviewParameters" ns-uri="gme://caCORE.cabig/3.0/edu.wustl.catissuecore.domainobject"/>
		<field name="gelImageURL" type="string">
			<bind-xml name="gelImageURL" node="attribute"/>
		</field>
		<field name="qualityIndex" type="string">
			<bind-xml name="qualityIndex" node="attribute"/>
		</field>
		<field name="laneNumber" type="string">
			<bind-xml name="laneNumber" node="attribute"/>
		</field>
		<field name="gelNumber" type="integer">
			<bind-xml name="gelNumber" node="attribute"/>
		</field>
		<field name="absorbanceAt260" type="double">
			<bind-xml name="absorbanceAt260" node="attribute"/>
		</field>
		<field name="absorbanceAt280" type="double">
			<bind-xml name="absorbanceAt280" node="attribute"/>
		</field>
		<field name="ratio28STo18S" type="double">
			<bind-xml name="ratio28STo18S" node="attribute"/>
		</field>
	</class>
	<class name="edu.wustl.catissuecore.domainobject.impl.ExternalIdentifierImpl">
		<map-to xml="ExternalIdentifier" ns-uri="gme://caCORE.cabig/3.0/edu.wustl.catissuecore.domainobject"/>
		<field name="id" type="long">
			<bind-xml name="id" node="attribute"/>
		</field>
		<field name="name" type="string">
			<bind-xml name="name" node="attribute"/>
		</field>
		<field name="value" type="string">
			<bind-xml name="value" node="attribute"/>
		</field>
	</class>
	<class name="edu.wustl.catissuecore.domainobject.impl.ClinicalReportImpl">
		<map-to xml="ClinicalReport" ns-uri="gme://caCORE.cabig/3.0/edu.wustl.catissuecore.domainobject"/>
		<field name="id" type="long">
			<bind-xml name="id" node="attribute"/>
		</field>
		<field name="surgicalPathologyNumber" type="string">
			<bind-xml name="surgicalPathologyNumber" node="attribute"/>
		</field>
	</class>
	<class name="edu.wustl.catissuecore.domainobject.impl.AuditEventDetailsImpl">
		<map-to xml="AuditEventDetails" ns-uri="gme://caCORE.cabig/3.0/edu.wustl.catissuecore.domainobject"/>
		<field name="id" type="long">
			<bind-xml name="id" node="attribute"/>
		</field>
		<field name="elementName" type="string">
			<bind-xml name="elementName" node="attribute"/>
		</field>
		<field name="previousValue" type="string">
			<bind-xml name="previousValue" node="attribute"/>
		</field>
		<field name="currentValue" type="string">
			<bind-xml name="currentValue" node="attribute"/>
		</field>
	</class>
	<class name="edu.wustl.catissuecore.domainobject.impl.EventParametersImpl">
		<map-to xml="EventParameters" ns-uri="gme://caCORE.cabig/3.0/edu.wustl.catissuecore.domainobject"/>
		<field name="id" type="long">
			<bind-xml name="id" node="attribute"/>
		</field>
		<field name="timestamp" type="date">
			<bind-xml name="timestamp" node="attribute"/>
		</field>
		<field name="comments" type="string">
			<bind-xml name="comments" node="attribute"/>
		</field>
	</class>
	<class name="edu.wustl.catissuecore.domainobject.impl.FluidSpecimenImpl" extends="edu.wustl.catissuecore.domainobject.impl.SpecimenImpl">
		<map-to xml="FluidSpecimen" ns-uri="gme://caCORE.cabig/3.0/edu.wustl.catissuecore.domainobject"/>
		<field name="quantityInMilliliter" type="double">
			<bind-xml name="quantityInMilliliter" node="attribute"/>
		</field>
		<field name="availableQuantityInMilliliter" type="double">
			<bind-xml name="availableQuantityInMilliliter" node="attribute"/>
		</field>
	</class>
	<class name="edu.wustl.catissuecore.domainobject.impl.FluidSpecimenRequirementImpl" extends="edu.wustl.catissuecore.domainobject.impl.SpecimenRequirementImpl">
		<map-to xml="FluidSpecimenRequirement" ns-uri="gme://caCORE.cabig/3.0/edu.wustl.catissuecore.domainobject"/>
		<field name="quantityInMilliliter" type="double">
			<bind-xml name="quantityInMilliliter" node="attribute"/>
		</field>
	</class>
	<class name="edu.wustl.catissuecore.domainobject.impl.TissueSpecimenRequirementImpl" extends="edu.wustl.catissuecore.domainobject.impl.SpecimenRequirementImpl">
		<map-to xml="TissueSpecimenRequirement" ns-uri="gme://caCORE.cabig/3.0/edu.wustl.catissuecore.domainobject"/>
		<field name="quantityInGram" type="double">
			<bind-xml name="quantityInGram" node="attribute"/>
		</field>
	</class>
	<class name="edu.wustl.catissuecore.domainobject.impl.CollectionEventParametersImpl" extends="edu.wustl.catissuecore.domainobject.impl.SpecimenEventParametersImpl">
		<map-to xml="CollectionEventParameters" ns-uri="gme://caCORE.cabig/3.0/edu.wustl.catissuecore.domainobject"/>
		<field name="collectionProcedure" type="string">
			<bind-xml name="collectionProcedure" node="attribute"/>
		</field>
		<field name="container" type="string">
			<bind-xml name="container" node="attribute"/>
		</field>
	</class>
	<class name="edu.wustl.catissuecore.domainobject.impl.FrozenEventParametersImpl" extends="edu.wustl.catissuecore.domainobject.impl.SpecimenEventParametersImpl">
		<map-to xml="FrozenEventParameters" ns-uri="gme://caCORE.cabig/3.0/edu.wustl.catissuecore.domainobject"/>
		<field name="method" type="string">
			<bind-xml name="method" node="attribute"/>
		</field>
	</class>
	<class name="edu.wustl.catissuecore.domainobject.impl.SpunEventParametersImpl" extends="edu.wustl.catissuecore.domainobject.impl.SpecimenEventParametersImpl">
		<map-to xml="SpunEventParameters" ns-uri="gme://caCORE.cabig/3.0/edu.wustl.catissuecore.domainobject"/>
		<field name="gForce" type="double">
			<bind-xml name="gForce" node="attribute"/>
		</field>
		<field name="durationInMinutes" type="integer">
			<bind-xml name="durationInMinutes" node="attribute"/>
		</field>
	</class>
	<class name="edu.wustl.catissuecore.domainobject.impl.EmbeddedEventParametersImpl" extends="edu.wustl.catissuecore.domainobject.impl.SpecimenEventParametersImpl">
		<map-to xml="EmbeddedEventParameters" ns-uri="gme://caCORE.cabig/3.0/edu.wustl.catissuecore.domainobject"/>
		<field name="embeddingMedium" type="string">
			<bind-xml name="embeddingMedium" node="attribute"/>
		</field>
	</class>
	<class name="edu.wustl.catissuecore.domainobject.impl.ThawEventParametersImpl" extends="edu.wustl.catissuecore.domainobject.impl.SpecimenEventParametersImpl">
		<map-to xml="ThawEventParameters" ns-uri="gme://caCORE.cabig/3.0/edu.wustl.catissuecore.domainobject"/>
	</class>
	<class name="edu.wustl.catissuecore.domainobject.impl.DisposalEventParametersImpl" extends="edu.wustl.catissuecore.domainobject.impl.SpecimenEventParametersImpl">
		<map-to xml="DisposalEventParameters" ns-uri="gme://caCORE.cabig/3.0/edu.wustl.catissuecore.domainobject"/>
		<field name="reason" type="string">
			<bind-xml name="reason" node="attribute"/>
		</field>
	</class>
	<class name="edu.wustl.catissuecore.domainobject.impl.SpecimenCharacteristicsImpl">
		<map-to xml="SpecimenCharacteristics" ns-uri="gme://caCORE.cabig/3.0/edu.wustl.catissuecore.domainobject"/>
		<field name="tissueSite" type="string">
			<bind-xml name="tissueSite" node="attribute"/>
		</field>
		<field name="tissueSide" type="string">
			<bind-xml name="tissueSide" node="attribute"/>
		</field>
		<field name="pathologicalStatus" type="string">
			<bind-xml name="pathologicalStatus" node="attribute"/>
		</field>
	</class>
	<class name="edu.wustl.catissuecore.domainobject.impl.MolecularSpecimenRequirementImpl" extends="edu.wustl.catissuecore.domainobject.impl.SpecimenRequirementImpl">
		<map-to xml="MolecularSpecimenRequirement" ns-uri="gme://caCORE.cabig/3.0/edu.wustl.catissuecore.domainobject"/>
		<field name="quantityInMicrogram" type="double">
			<bind-xml name="quantityInMicrogram" node="attribute"/>
		</field>
	</class>
	<class name="edu.wustl.catissuecore.domainobject.impl.CheckInCheckOutEventParameterImpl" extends="edu.wustl.catissuecore.domainobject.impl.SpecimenEventParametersImpl">
		<map-to xml="CheckInCheckOutEventParameter" ns-uri="gme://caCORE.cabig/3.0/edu.wustl.catissuecore.domainobject"/>
		<field name="storageStatus" type="string">
			<bind-xml name="storageStatus" node="attribute"/>
		</field>
	</class>
	<class name="edu.wustl.catissuecore.domainobject.impl.CellSpecimenImpl" extends="edu.wustl.catissuecore.domainobject.impl.SpecimenImpl">
		<map-to xml="CellSpecimen" ns-uri="gme://caCORE.cabig/3.0/edu.wustl.catissuecore.domainobject"/>
		<field name="quantityInCellCount" type="integer">
			<bind-xml name="quantityInCellCount" node="attribute"/>
		</field>
		<field name="availableQuantityInCellCount" type="integer">
			<bind-xml name="availableQuantityInCellCount" node="attribute"/>
		</field>
	</class>
	<class name="edu.wustl.catissuecore.domainobject.impl.TransferEventParametersImpl" extends="edu.wustl.catissuecore.domainobject.impl.SpecimenEventParametersImpl">
		<map-to xml="TransferEventParameters" ns-uri="gme://caCORE.cabig/3.0/edu.wustl.catissuecore.domainobject"/>
		<field name="fromPositionDimensionOne" type="integer">
			<bind-xml name="fromPositionDimensionOne" node="attribute"/>
		</field>
		<field name="fromPositionDimensionTwo" type="integer">
			<bind-xml name="fromPositionDimensionTwo" node="attribute"/>
		</field>
		<field name="toPositionDimensionOne" type="integer">
			<bind-xml name="toPositionDimensionOne" node="attribute"/>
		</field>
		<field name="toPositionDimensionTwo" type="integer">
			<bind-xml name="toPositionDimensionTwo" node="attribute"/>
		</field>
	</class>
	<class name="edu.wustl.catissuecore.domainobject.impl.CancerResearchGroupImpl">
		<map-to xml="CancerResearchGroup" ns-uri="gme://caCORE.cabig/3.0/edu.wustl.catissuecore.domainobject"/>
		<field name="id" type="long">
			<bind-xml name="id" node="attribute"/>
		</field>
		<field name="name" type="string">
			<bind-xml name="name" node="attribute"/>
		</field>
	</class>
	<class name="edu.wustl.catissuecore.domainobject.impl.CellSpecimenReviewParametersImpl" extends="edu.wustl.catissuecore.domainobject.impl.ReviewEventParametersImpl">
		<map-to xml="CellSpecimenReviewParameters" ns-uri="gme://caCORE.cabig/3.0/edu.wustl.catissuecore.domainobject"/>
		<field name="neoplasticCellularityPercentage" type="double">
			<bind-xml name="neoplasticCellularityPercentage" node="attribute"/>
		</field>
		<field name="viableCellPercentage" type="double">
			<bind-xml name="viableCellPercentage" node="attribute"/>
		</field>
	</class>
	<class name="edu.wustl.catissuecore.domainobject.impl.CellSpecimenRequirementImpl" extends="edu.wustl.catissuecore.domainobject.impl.SpecimenRequirementImpl">
		<map-to xml="CellSpecimenRequirement" ns-uri="gme://caCORE.cabig/3.0/edu.wustl.catissuecore.domainobject"/>
		<field name="quantityInCellCount" type="integer">
			<bind-xml name="quantityInCellCount" node="attribute"/>
		</field>
	</class>


<!-- ############################################ -->
<!-- ############################################ -->
<!-- ############################################ -->

	<!-- CAE mappings... -->
  <class name="edu.pitt.cabig.cae.domain.general.EventParameters">
    <map-to xml="EventParameters" ns-uri="gme://caCORE.cabig/3.0/edu.pitt.cabig.cae.domain.general" />
    <field name="id" type="long">
      <bind-xml name="id" node="attribute" />
    </field>
    <field name="timeStamp" type="date">
      <bind-xml name="timeStamp" node="attribute" />
    </field>
  </class>
  
  <class name="edu.pitt.cabig.cae.domain.general.AnnotationEventParameters" extends="edu.pitt.cabig.cae.domain.general.EventParameters">
    <map-to xml="AnnotationEventParameters" ns-uri="gme://caCORE.cabig/3.0/edu.pitt.cabig.cae.domain.general" />
    <field name="source" type="string">
      <bind-xml name="source" node="attribute" />
    </field>
    <field name="sourceDate" type="date">
      <bind-xml name="sourceDate" node="attribute" />
    </field>
  </class>
  <class name="edu.pitt.cabig.cae.domain.general.AnnotationSet">
    <map-to xml="AnnotationSet" ns-uri="gme://caCORE.cabig/3.0/edu.pitt.cabig.cae.domain.general" />
    <field name="id" type="long">
      <bind-xml name="id" node="attribute" />
    </field>
  </class>
  <class name="edu.pitt.cabig.cae.domain.general.AnnotatableEntity">
    <map-to xml="AnnotatableEntity" ns-uri="gme://caCORE.cabig/3.0/edu.pitt.cabig.cae.domain.general" />
    <field name="id" type="long">
      <bind-xml name="id" node="attribute" />
    </field>
  </class>



  <class name="edu.pitt.cabig.cae.domain.general.AdditionalFindings" extends="edu.pitt.cabig.cae.domain.general.AnnotationSet">
    <map-to xml="AdditionalFindings" ns-uri="gme://caCORE.cabig/3.0/edu.pitt.cabig.cae.domain.general" />
    <field name="otherFindings" type="string">
      <bind-xml name="otherFindings" node="attribute" />
    </field>
    <field name="MVR" type="string">
      <bind-xml name="MVR" node="attribute" />
    </field>
  </class>
  <class name="edu.pitt.cabig.cae.domain.general.NeoplasmHistopathologicType" extends="edu.pitt.cabig.cae.domain.general.AnnotationSet">
    <map-to xml="NeoplasmHistopathologicType" ns-uri="gme://caCORE.cabig/3.0/edu.pitt.cabig.cae.domain.general" />
    <field name="name" type="string">
      <bind-xml name="name" node="attribute" />
    </field>
    <field name="nameMVR" type="string">
      <bind-xml name="nameMVR" node="attribute" />
    </field>
    <field name="otherName" type="string">
      <bind-xml name="otherName" node="attribute" />
    </field>
  </class>
  <class name="edu.pitt.cabig.cae.domain.general.HistopathologicGrade" extends="edu.pitt.cabig.cae.domain.general.AnnotationSet">
    <map-to xml="HistopathologicGrade" ns-uri="gme://caCORE.cabig/3.0/edu.pitt.cabig.cae.domain.general" />
  </class>
  <class name="edu.pitt.cabig.cae.domain.general.ThreeDimensionalTumorSize" extends="edu.pitt.cabig.cae.domain.general.AnnotationSet">
    <map-to xml="ThreeDimensionalTumorSize" ns-uri="gme://caCORE.cabig/3.0/edu.pitt.cabig.cae.domain.general" />
    <field name="greatestDimension" type="integer">
      <bind-xml name="greatestDimension" node="attribute" />
    </field>
    <field name="additionalDimensionY" type="integer">
      <bind-xml name="additionalDimensionY" node="attribute" />
    </field>
    <field name="additionalDimensionZ" type="integer">
      <bind-xml name="additionalDimensionZ" node="attribute" />
    </field>
    <field name="MVR" type="string">
      <bind-xml name="MVR" node="attribute" />
    </field>
  </class>
  <class name="edu.pitt.cabig.cae.domain.general.CancerTNMFinding" extends="edu.pitt.cabig.cae.domain.general.AnnotationSet">
    <map-to xml="CancerTNMFinding" ns-uri="gme://caCORE.cabig/3.0/edu.pitt.cabig.cae.domain.general" />
    <field name="category" type="string">
      <bind-xml name="category" node="attribute" />
    </field>
    <field name="primaryTumorFinding" type="string">
      <bind-xml name="primaryTumorFinding" node="attribute" />
    </field>
    <field name="regionalLymphNodesFinding" type="string">
      <bind-xml name="regionalLymphNodesFinding" node="attribute" />
    </field>
    <field name="distantMetastasisFinding" type="string">
      <bind-xml name="distantMetastasisFinding" node="attribute" />
    </field>
  </class>
  <class name="edu.pitt.cabig.cae.domain.general.Neoplasm" extends="edu.pitt.cabig.cae.domain.general.AnnotationSet">
    <map-to xml="Neoplasm" ns-uri="gme://caCORE.cabig/3.0/edu.pitt.cabig.cae.domain.general" />
  </class>

  <class name="edu.pitt.cabig.cae.domain.general.AccessionCharacteristics" extends="edu.pitt.cabig.cae.domain.general.AnnotationSet">
    <map-to xml="AccessionCharacteristics" ns-uri="gme://caCORE.cabig/3.0/edu.pitt.cabig.cae.domain.general" />
    <field name="surgicalProcedure" type="string" collection="collection">
      <bind-xml name="surgicalProcedure" node="attribute" />
    </field>
    <field name="otherSurgicalProcedure" type="string">
      <bind-xml name="otherSurgicalProcedure" node="attribute" />
    </field>
  </class>
  <class name="edu.pitt.cabig.cae.domain.breast.BreastCancerTNMFinding" extends="edu.pitt.cabig.cae.domain.general.CancerTNMFinding">
    <map-to xml="BreastCancerTNMFinding" ns-uri="gme://caCORE.cabig/3.0/edu.pitt.cabig.cae.domain.breast" />
    <field name="numberLymphNodesExamined" type="integer">
      <bind-xml name="numberLymphNodesExamined" node="attribute" />
    </field>
    <field name="numberLymphNodesInvolved" type="integer">
      <bind-xml name="numberLymphNodesInvolved" node="attribute" />
    </field>
    <field name="metastasisAnatomicSite" type="string" collection="collection">
      <bind-xml name="metastasisAnatomicSite" node="attribute" />
    </field>
    <field name="otherMetastaticAnatomicSite" type="string">
      <bind-xml name="otherMetastaticAnatomicSite" node="attribute" />
    </field>
  </class>
  <class name="edu.pitt.cabig.cae.domain.breast.InvasiveBreastCarcinoma" extends="edu.pitt.cabig.cae.domain.general.Neoplasm">
    <map-to xml="InvasiveBreastCarcinoma" ns-uri="gme://caCORE.cabig/3.0/edu.pitt.cabig.cae.domain.breast" />
    <field name="location" type="string" collection="collection">
      <bind-xml name="location" node="attribute" />
    </field>
    <field name="locationMVR" type="string">
      <bind-xml name="locationMVR" node="attribute" />
    </field>
    <field name="venousLymphaticInvasion" type="string">
      <bind-xml name="venousLymphaticInvasion" node="attribute" />
    </field>
    <field name="microcalcificationLocation" type="string" collection="collection">
      <bind-xml name="microcalcificationLocation" node="attribute" />
    </field>
  </class>
  <class name="edu.pitt.cabig.cae.domain.breast.NottinghamHistopathologicGrade" extends="edu.pitt.cabig.cae.domain.general.HistopathologicGrade">
    <map-to xml="NottinghamHistopathologicGrade" ns-uri="gme://caCORE.cabig/3.0/edu.pitt.cabig.cae.domain.breast" />
    <field name="tubuleFormation" type="integer">
      <bind-xml name="tubuleFormation" node="attribute" />
    </field>
    <field name="nuclearPleomorphism" type="integer">
      <bind-xml name="nuclearPleomorphism" node="attribute" />
    </field>
    <field name="mitoticCount" type="integer">
      <bind-xml name="mitoticCount" node="attribute" />
    </field>
    <field name="totalScore" type="integer">
      <bind-xml name="totalScore" node="attribute" />
    </field>
    <field name="totalScoreMVR" type="string">
      <bind-xml name="totalScoreMVR" node="attribute" />
    </field>
  </class>
  <class name="edu.pitt.cabig.cae.domain.breast.InvasiveBreastCarcinomaNeoplasmHistologicType" extends="edu.pitt.cabig.cae.domain.general.NeoplasmHistopathologicType">
    <map-to xml="InvasiveBreastCarcinomaNeoplasmHistologicType" ns-uri="gme://caCORE.cabig/3.0/edu.pitt.cabig.cae.domain.breast" />
  </class>
  <class name="edu.pitt.cabig.cae.domain.breast.OtherBreastCancerHistopathologicGrade" extends="edu.pitt.cabig.cae.domain.general.HistopathologicGrade">
    <map-to xml="OtherBreastCancerHistopathologicGrade" ns-uri="gme://caCORE.cabig/3.0/edu.pitt.cabig.cae.domain.breast" />
    <field name="systemName" type="string">
      <bind-xml name="systemName" node="attribute" />
    </field>
    <field name="score" type="integer">
      <bind-xml name="score" node="attribute" />
    </field>
    <field name="scoreMVR" type="string">
      <bind-xml name="scoreMVR" node="attribute" />
    </field>
    <field name="mitoticCount" type="integer">
      <bind-xml name="mitoticCount" node="attribute" />
    </field>
  </class>
  <class name="edu.pitt.cabig.cae.domain.general.SpecimenCharacteristics" extends="edu.pitt.cabig.cae.domain.general.AnnotationSet">
      <map-to xml="SpecimenCharacteristics" ns-uri="gme://caCORE.cabig/3.0/edu.pitt.cabig.cae.domain.general" />
  </class>
  <class name="edu.pitt.cabig.cae.domain.breast.BreastSpecimenCharacteristics" extends="edu.pitt.cabig.cae.domain.general.SpecimenCharacteristics">
    <map-to xml="BreastSpecimenCharacteristics" ns-uri="gme://caCORE.cabig/3.0/edu.pitt.cabig.cae.domain.breast" />
    <field name="lymphNodeSamplingProcedure" type="string">
      <bind-xml name="lymphNodeSamplingProcedure" node="attribute" />
    </field>
    <field name="laterality" type="string">
      <bind-xml name="laterality" node="attribute" />
    </field>
    <field name="lateralityMVR" type="string">
      <bind-xml name="lateralityMVR" node="attribute" />
    </field>
  </class>
  <class name="edu.pitt.cabig.cae.domain.breast.BreastCancerAccessionCharacteristics" extends="edu.pitt.cabig.cae.domain.general.AccessionCharacteristics">
    <map-to xml="BreastCancerAccessionCharacteristics" ns-uri="gme://caCORE.cabig/3.0/edu.pitt.cabig.cae.domain.breast" />
  </class>
  <class name="edu.pitt.cabig.cae.domain.breast.BreastCancerBiomarkers" extends="edu.pitt.cabig.cae.domain.general.AnnotationSet">
    <map-to xml="BreastCancerBiomarkers" ns-uri="gme://caCORE.cabig/3.0/edu.pitt.cabig.cae.domain.breast" />
    <field name="estrogenReceptor" type="string">
      <bind-xml name="estrogenReceptor" node="attribute" />
    </field>
    <field name="progesteroneReceptor" type="string">
      <bind-xml name="progesteroneReceptor" node="attribute" />
    </field>
    <field name="HER2Status" type="string">
      <bind-xml name="HER2Status" node="attribute" />
    </field>
    <field name="HER2TestType" type="string">
      <bind-xml name="HER2TestType" node="attribute" />
    </field>
    <field name="EGFRStatus" type="string">
      <bind-xml name="EGFRStatus" node="attribute" />
    </field>
  </class>
  <class name="edu.duke.catrip.cae.domain.general.Specimen" extends="edu.pitt.cabig.cae.domain.general.AnnotatableEntity">
    <map-to xml="Specimen" ns-uri="gme://caCORE.cabig/3.0/edu.duke.catrip.cae.domain.general" />
    <field name="surgicalLabel" type="string">
      <bind-xml name="surgicalLabel" node="attribute" />
    </field>
  </class>
  <class name="edu.duke.catrip.cae.domain.general.Participant" extends="edu.pitt.cabig.cae.domain.general.AnnotatableEntity">
    <map-to xml="Participant" ns-uri="gme://caCORE.cabig/3.0/edu.duke.catrip.cae.domain.general" />
    <field name="lastName" type="string">
      <bind-xml name="lastName" node="attribute" />
    </field>
    <field name="firstName" type="string">
      <bind-xml name="firstName" node="attribute" />
    </field>
    <field name="middleName" type="string">
      <bind-xml name="middleName" node="attribute" />
    </field>
    <field name="birthDate" type="date">
      <bind-xml name="birthDate" node="attribute" />
    </field>
    <field name="uniquePatientIdentifier" type="string">
      <bind-xml name="uniquePatientIdentifier" node="attribute" />
    </field>
    <field name="gender" type="string">
      <bind-xml name="gender" node="attribute" />
    </field>
    <field name="race" type="string">
      <bind-xml name="race" node="attribute" />
    </field>
    <field name="ethnicity" type="string">
      <bind-xml name="ethnicity" node="attribute" />
    </field>
  </class>
  <class name="edu.duke.catrip.cae.domain.general.Accession" extends="edu.pitt.cabig.cae.domain.general.AnnotatableEntity">
    <map-to xml="Accession" ns-uri="gme://caCORE.cabig/3.0/edu.duke.catrip.cae.domain.general" />
    <field name="accessionDate" type="date">
      <bind-xml name="accessionDate" node="attribute" />
    </field>
    <field name="surgicalPathologyNumber" type="string">
      <bind-xml name="surgicalPathologyNumber" node="attribute" />
    </field>
    <field name="diseaseType" type="string">
      <bind-xml name="diseaseType" node="attribute" />
    </field>
  </class>
  <class name="edu.duke.catrip.cae.domain.general.ParticipantMedicalIdentifier">
    <map-to xml="ParticipantMedicalIdentifier" ns-uri="gme://caCORE.cabig/3.0/edu.duke.catrip.cae.domain.general" />
    <field name="id" type="long">
      <bind-xml name="id" node="attribute" />
    </field>
    <field name="medicalRecordNumber" type="string">
      <bind-xml name="medicalRecordNumber" node="attribute" />
    </field>
  </class>
	<!-- CAE mappings... -->

<!-- ####################################################### -->
<!-- ####################################################### -->
<!-- ####################################################### -->




<!-- Tumor Registry mappings... -->

<class name="edu.duke.cabig.tumorregistry.domain.Activity">
    <map-to xml="Activity" ns-uri="gme://caCORE.cabig/3.0/edu.duke.cabig.tumorregistry.domain" />
    <field name="id" type="long">
      <bind-xml name="id" node="attribute" />
    </field>
    <field name="course" type="integer">
      <bind-xml name="course" node="attribute" />
    </field>
    <field name="atLocalFacility" type="boolean">
      <bind-xml name="atLocalFacility" node="attribute" />
    </field>
    <field name="startDate" type="date">
      <bind-xml name="startDate" node="attribute" />
    </field>
    <field name="characterization" type="string">
      <bind-xml name="characterization" node="attribute" />
    </field>
    <field name="performedIndicator" type="integer">
      <bind-xml name="performedIndicator" node="attribute" />
    </field>
  </class>
  <class name="edu.duke.cabig.tumorregistry.domain.Diagnosis">
    <map-to xml="Diagnosis" ns-uri="gme://caCORE.cabig/3.0/edu.duke.cabig.tumorregistry.domain" />
    <field name="id" type="long">
      <bind-xml name="id" node="attribute" />
    </field>
    <field name="firstContactDate" type="date">
      <bind-xml name="firstContactDate" node="attribute" />
    </field>
    <field name="initialDiagnosisDate" type="date">
      <bind-xml name="initialDiagnosisDate" node="attribute" />
    </field>
    <field name="ageAtDiagnosis" type="integer">
      <bind-xml name="ageAtDiagnosis" node="attribute" />
    </field>
    <field name="causeOfDeath" type="string">
      <bind-xml name="causeOfDeath" node="attribute" />
    </field>
    <field name="behavior" type="string">
      <bind-xml name="behavior" node="attribute" />
    </field>
    <field name="histology" type="string">
      <bind-xml name="histology" node="attribute" />
    </field>
    <field name="histologyCode" type="integer">
      <bind-xml name="histologyCode" node="attribute" />
    </field>
    <field name="histologicGrade" type="string">
      <bind-xml name="histologicGrade" node="attribute" />
    </field>
    <field name="laterality" type="string">
      <bind-xml name="laterality" node="attribute" />
    </field>
    <field name="primarySite" type="string">
      <bind-xml name="primarySite" node="attribute" />
    </field>
    <field name="classOfCase" type="string">
      <bind-xml name="classOfCase" node="attribute" />
    </field>
    <field name="classOfCaseCode" type="integer">
      <bind-xml name="classOfCaseCode" node="attribute" />
    </field>
    <field name="primarySiteCode" type="string">
      <bind-xml name="primarySiteCode" node="attribute" />
    </field>
  </class>
  <class name="edu.duke.cabig.tumorregistry.domain.Procedure" extends="edu.duke.cabig.tumorregistry.domain.Activity">
    <map-to xml="Procedure" ns-uri="gme://caCORE.cabig/3.0/edu.duke.cabig.tumorregistry.domain" />
  </class>
  <class name="edu.duke.cabig.tumorregistry.domain.FirstCourseRadiation" extends="edu.duke.cabig.tumorregistry.domain.Radiation">
    <map-to xml="FirstCourseRadiation" ns-uri="gme://caCORE.cabig/3.0/edu.duke.cabig.tumorregistry.domain" />
    <field name="stopDate" type="date">
      <bind-xml name="stopDate" node="attribute" />
    </field>
    <field name="numberOfTreatments" type="string">
      <bind-xml name="numberOfTreatments" node="attribute" />
    </field>
    <field name="location" type="string">
      <bind-xml name="location" node="attribute" />
    </field>
    <field name="volume" type="string">
      <bind-xml name="volume" node="attribute" />
    </field>
    <field name="regionalDose" type="integer">
      <bind-xml name="regionalDose" node="attribute" />
    </field>
    <field name="boostDose" type="integer">
      <bind-xml name="boostDose" node="attribute" />
    </field>
    <field name="boostModality" type="string">
      <bind-xml name="boostModality" node="attribute" />
    </field>
    <field name="regionalModality" type="string">
      <bind-xml name="regionalModality" node="attribute" />
    </field>
  </class>
  <class name="edu.duke.cabig.tumorregistry.domain.Followup">
    <map-to xml="Followup" ns-uri="gme://caCORE.cabig/3.0/edu.duke.cabig.tumorregistry.domain" />
    <field name="id" type="long">
      <bind-xml name="id" node="attribute" />
    </field>
    <field name="cancerStatus" type="string">
      <bind-xml name="cancerStatus" node="attribute" />
    </field>
    <field name="contactMethod" type="string">
      <bind-xml name="contactMethod" node="attribute" />
    </field>
    <field name="date" type="date">
      <bind-xml name="date" node="attribute" />
    </field>
  </class>
  <class name="edu.duke.cabig.tumorregistry.domain.Chemotherapy" extends="edu.duke.cabig.tumorregistry.domain.SubstanceAdministration">
    <map-to xml="Chemotherapy" ns-uri="gme://caCORE.cabig/3.0/edu.duke.cabig.tumorregistry.domain" />
  </class>
  <class name="edu.duke.cabig.tumorregistry.domain.HormoneTherapy" extends="edu.duke.cabig.tumorregistry.domain.SubstanceAdministration">
    <map-to xml="HormoneTherapy" ns-uri="gme://caCORE.cabig/3.0/edu.duke.cabig.tumorregistry.domain" />
  </class>
  <class name="edu.duke.cabig.tumorregistry.domain.Immunotherapy" extends="edu.duke.cabig.tumorregistry.domain.SubstanceAdministration">
    <map-to xml="Immunotherapy" ns-uri="gme://caCORE.cabig/3.0/edu.duke.cabig.tumorregistry.domain" />
  </class>
  <class name="edu.duke.cabig.tumorregistry.domain.OtherProcedure" extends="edu.duke.cabig.tumorregistry.domain.Procedure">
    <map-to xml="OtherProcedure" ns-uri="gme://caCORE.cabig/3.0/edu.duke.cabig.tumorregistry.domain" />
  </class>
  <class name="edu.duke.cabig.tumorregistry.domain.DistantSite">
    <map-to xml="DistantSite" ns-uri="gme://caCORE.cabig/3.0/edu.duke.cabig.tumorregistry.domain" />
    <field name="id" type="long">
      <bind-xml name="id" node="attribute" />
    </field>
    <field name="name" type="string">
      <bind-xml name="name" node="attribute" />
    </field>
  </class>
  <class name="edu.duke.cabig.tumorregistry.domain.Recurrence">
    <map-to xml="Recurrence" ns-uri="gme://caCORE.cabig/3.0/edu.duke.cabig.tumorregistry.domain" />
    <field name="id" type="long">
      <bind-xml name="id" node="attribute" />
    </field>
    <field name="date" type="date">
      <bind-xml name="date" node="attribute" />
    </field>
    <field name="type" type="string">
      <bind-xml name="type" node="attribute" />
    </field>
  </class>
  <class name="edu.duke.cabig.tumorregistry.domain.RegionalDistantSurgery" extends="edu.duke.cabig.tumorregistry.domain.Surgery">
    <map-to xml="RegionalDistantSurgery" ns-uri="gme://caCORE.cabig/3.0/edu.duke.cabig.tumorregistry.domain" />
  </class>
  <class name="edu.duke.cabig.tumorregistry.domain.PrimarySiteSurgery" extends="edu.duke.cabig.tumorregistry.domain.Surgery">
    <map-to xml="PrimarySiteSurgery" ns-uri="gme://caCORE.cabig/3.0/edu.duke.cabig.tumorregistry.domain" />
  </class>
  <class name="edu.duke.cabig.tumorregistry.domain.Surgery" extends="edu.duke.cabig.tumorregistry.domain.Procedure">
    <map-to xml="Surgery" ns-uri="gme://caCORE.cabig/3.0/edu.duke.cabig.tumorregistry.domain" />
  </class>
  <class name="edu.duke.cabig.tumorregistry.domain.RegionalLymphNodeSurgery" extends="edu.duke.cabig.tumorregistry.domain.Surgery">
    <map-to xml="RegionalLymphNodeSurgery" ns-uri="gme://caCORE.cabig/3.0/edu.duke.cabig.tumorregistry.domain" />
  </class>
  <class name="edu.duke.cabig.tumorregistry.domain.SubstanceAdministration" extends="edu.duke.cabig.tumorregistry.domain.Activity">
    <map-to xml="SubstanceAdministration" ns-uri="gme://caCORE.cabig/3.0/edu.duke.cabig.tumorregistry.domain" />
    <field name="stopDate" type="date">
      <bind-xml name="stopDate" node="attribute" />
    </field>
  </class>
  <class name="edu.duke.cabig.tumorregistry.domain.CollaborativeStaging">
    <map-to xml="CollaborativeStaging" ns-uri="gme://caCORE.cabig/3.0/edu.duke.cabig.tumorregistry.domain" />
    <field name="id" type="long">
      <bind-xml name="id" node="attribute" />
    </field>
    <field name="extension" type="string">
      <bind-xml name="extension" node="attribute" />
    </field>
    <field name="tumorSize" type="string">
      <bind-xml name="tumorSize" node="attribute" />
    </field>
    <field name="tumorSizeExtEvaluation" type="string">
      <bind-xml name="tumorSizeExtEvaluation" node="attribute" />
    </field>
    <field name="lymphNodes" type="string">
      <bind-xml name="lymphNodes" node="attribute" />
    </field>
    <field name="lymphNodesAtEvaluation" type="string">
      <bind-xml name="lymphNodesAtEvaluation" node="attribute" />
    </field>
    <field name="metEvaluation" type="string">
      <bind-xml name="metEvaluation" node="attribute" />
    </field>
    <field name="metAtDiagnosis" type="string">
      <bind-xml name="metAtDiagnosis" node="attribute" />
    </field>
    <field name="derivedTumorStage" type="string">
      <bind-xml name="derivedTumorStage" node="attribute" />
    </field>
    <field name="derivedTumorDescriptor" type="string">
      <bind-xml name="derivedTumorDescriptor" node="attribute" />
    </field>
    <field name="derivedNodeStage" type="string">
      <bind-xml name="derivedNodeStage" node="attribute" />
    </field>
    <field name="derivedNodeDescriptor" type="string">
      <bind-xml name="derivedNodeDescriptor" node="attribute" />
    </field>
    <field name="derivedMetStage" type="string">
      <bind-xml name="derivedMetStage" node="attribute" />
    </field>
    <field name="derivedMetDescriptor" type="string">
      <bind-xml name="derivedMetDescriptor" node="attribute" />
    </field>
    <field name="derivedAJCCStage" type="string">
      <bind-xml name="derivedAJCCStage" node="attribute" />
    </field>
    <field name="derivedSEERSummary1977" type="string">
      <bind-xml name="derivedSEERSummary1977" node="attribute" />
    </field>
    <field name="derivedSEERSummary2000" type="string">
      <bind-xml name="derivedSEERSummary2000" node="attribute" />
    </field>
    <field name="siteSpecificFactor1" type="string">
      <bind-xml name="siteSpecificFactor1" node="attribute" />
    </field>
    <field name="siteSpecificFactor2" type="string">
      <bind-xml name="siteSpecificFactor2" node="attribute" />
    </field>
    <field name="siteSpecificFactor3" type="string">
      <bind-xml name="siteSpecificFactor3" node="attribute" />
    </field>
    <field name="siteSpecificFactor4" type="string">
      <bind-xml name="siteSpecificFactor4" node="attribute" />
    </field>
    <field name="siteSpecificFactor5" type="string">
      <bind-xml name="siteSpecificFactor5" node="attribute" />
    </field>
    <field name="siteSpecificFactor6" type="string">
      <bind-xml name="siteSpecificFactor6" node="attribute" />
    </field>
  </class>
  <class name="edu.duke.cabig.tumorregistry.domain.PatientIdentifier">
    <map-to xml="PatientIdentifier" ns-uri="gme://caCORE.cabig/3.0/edu.duke.cabig.tumorregistry.domain" />
    <field name="id" type="long">
      <bind-xml name="id" node="attribute" />
    </field>
    <field name="medicalRecordNumber" type="string">
      <bind-xml name="medicalRecordNumber" node="attribute" />
    </field>
  </class>
  <class name="edu.duke.cabig.tumorregistry.domain.DiseaseExtent">
    <map-to xml="DiseaseExtent" ns-uri="gme://caCORE.cabig/3.0/edu.duke.cabig.tumorregistry.domain" />
    <field name="id" type="long">
      <bind-xml name="id" node="attribute" />
    </field>
    <field name="clinicalMetStage" type="string">
      <bind-xml name="clinicalMetStage" node="attribute" />
    </field>
    <field name="clinicalNodeStage" type="string">
      <bind-xml name="clinicalNodeStage" node="attribute" />
    </field>
    <field name="clinicalTumorStage" type="string">
      <bind-xml name="clinicalTumorStage" node="attribute" />
    </field>
    <field name="pathologicMetStage" type="string">
      <bind-xml name="pathologicMetStage" node="attribute" />
    </field>
    <field name="pathologicNodeStage" type="string">
      <bind-xml name="pathologicNodeStage" node="attribute" />
    </field>
    <field name="pathologicTumorStage" type="string">
      <bind-xml name="pathologicTumorStage" node="attribute" />
    </field>
    <field name="tnmEdition" type="string">
      <bind-xml name="tnmEdition" node="attribute" />
    </field>
    <field name="tumorSize" type="float">
      <bind-xml name="tumorSize" node="attribute" />
    </field>
    <field name="pathologicAJCCStage" type="string">
      <bind-xml name="pathologicAJCCStage" node="attribute" />
    </field>
    <field name="pathologicAJCCStageDescriptor" type="string">
      <bind-xml name="pathologicAJCCStageDescriptor" node="attribute" />
    </field>
    <field name="clinicalAJCCStage" type="string">
      <bind-xml name="clinicalAJCCStage" node="attribute" />
    </field>
    <field name="clinicalAJCCStageDescriptor" type="string">
      <bind-xml name="clinicalAJCCStageDescriptor" node="attribute" />
    </field>
    <field name="regionalNodesPositive" type="integer">
      <bind-xml name="regionalNodesPositive" node="attribute" />
    </field>
    <field name="regionalNodesExamined" type="integer">
      <bind-xml name="regionalNodesExamined" node="attribute" />
    </field>
    <field name="bestAJCCStage" type="string">
      <bind-xml name="bestAJCCStage" node="attribute" />
    </field>
    <field name="bestSEERSummaryStage" type="string">
      <bind-xml name="bestSEERSummaryStage" node="attribute" />
    </field>
    <field name="tumorMarker1" type="string">
      <bind-xml name="tumorMarker1" node="attribute" />
    </field>
    <field name="tumorMarker2" type="string">
      <bind-xml name="tumorMarker2" node="attribute" />
    </field>
    <field name="tumorMarker3" type="string">
      <bind-xml name="tumorMarker3" node="attribute" />
    </field>
    <field name="regionalNodesExaminedQualifier" type="string">
      <bind-xml name="regionalNodesExaminedQualifier" node="attribute" />
    </field>
    <field name="regionalNodesPositiveQualifier" type="string">
      <bind-xml name="regionalNodesPositiveQualifier" node="attribute" />
    </field>
  </class>
  <class name="edu.duke.cabig.tumorregistry.domain.OtherTherapy" extends="edu.duke.cabig.tumorregistry.domain.SubstanceAdministration">
    <map-to xml="OtherTherapy" ns-uri="gme://caCORE.cabig/3.0/edu.duke.cabig.tumorregistry.domain" />
  </class>
  <class name="edu.duke.cabig.tumorregistry.domain.NonCancerDirectedSurgery" extends="edu.duke.cabig.tumorregistry.domain.Surgery">
    <map-to xml="NonCancerDirectedSurgery" ns-uri="gme://caCORE.cabig/3.0/edu.duke.cabig.tumorregistry.domain" />
  </class>
  <class name="edu.duke.cabig.tumorregistry.domain.HemTransplantEndocrineProcedure" extends="edu.duke.cabig.tumorregistry.domain.Procedure">
    <map-to xml="HemTransplantEndocrineProcedure" ns-uri="gme://caCORE.cabig/3.0/edu.duke.cabig.tumorregistry.domain" />
  </class>
  <class name="edu.duke.cabig.tumorregistry.domain.FirstCourseTreatmentSummary">
    <map-to xml="FirstCourseTreatmentSummary" ns-uri="gme://caCORE.cabig/3.0/edu.duke.cabig.tumorregistry.domain" />
    <field name="id" type="long">
      <bind-xml name="id" node="attribute" />
    </field>
    <field name="firstSurgeryDate" type="date">
      <bind-xml name="firstSurgeryDate" node="attribute" />
    </field>
    <field name="mostDefinitiveSurgeryDate" type="date">
      <bind-xml name="mostDefinitiveSurgeryDate" node="attribute" />
    </field>
    <field name="firstTreatmentDate" type="date">
      <bind-xml name="firstTreatmentDate" node="attribute" />
    </field>
    <field name="firstSystemicTreatmentDate" type="date">
      <bind-xml name="firstSystemicTreatmentDate" node="attribute" />
    </field>
  </class>
  <class name="edu.duke.cabig.tumorregistry.domain.Patient">
    <map-to xml="Patient" ns-uri="gme://caCORE.cabig/3.0/edu.duke.cabig.tumorregistry.domain" />
    <field name="id" type="long">
      <bind-xml name="id" node="attribute" />
    </field>
    <field name="firstName" type="string">
      <bind-xml name="firstName" node="attribute" />
    </field>
    <field name="middleName" type="string">
      <bind-xml name="middleName" node="attribute" />
    </field>
    <field name="lastName" type="string">
      <bind-xml name="lastName" node="attribute" />
    </field>
    <field name="suffix" type="string">
      <bind-xml name="suffix" node="attribute" />
    </field>
    <field name="dateOfBirth" type="date">
      <bind-xml name="dateOfBirth" node="attribute" />
    </field>
    <field name="dateOfDeath" type="date">
      <bind-xml name="dateOfDeath" node="attribute" />
    </field>
    <field name="race" type="string">
      <bind-xml name="race" node="attribute" />
    </field>
    <field name="sex" type="string">
      <bind-xml name="sex" node="attribute" />
    </field>
    <field name="ethnicGroup" type="string">
      <bind-xml name="ethnicGroup" node="attribute" />
    </field>
    <field name="autopsy" type="string">
      <bind-xml name="autopsy" node="attribute" />
    </field>
  </class>
  <class name="edu.duke.cabig.tumorregistry.domain.Address">
    <map-to xml="Address" ns-uri="gme://caCORE.cabig/3.0/edu.duke.cabig.tumorregistry.domain" />
    <field name="id" type="long">
      <bind-xml name="id" node="attribute" />
    </field>
    <field name="address1" type="string">
      <bind-xml name="address1" node="attribute" />
    </field>
    <field name="address2" type="string">
      <bind-xml name="address2" node="attribute" />
    </field>
    <field name="zipcode" type="string">
      <bind-xml name="zipcode" node="attribute" />
    </field>
    <field name="city" type="string">
      <bind-xml name="city" node="attribute" />
    </field>
    <field name="state" type="string">
      <bind-xml name="state" node="attribute" />
    </field>
    <field name="county" type="string">
      <bind-xml name="county" node="attribute" />
    </field>
    <field name="country" type="string">
      <bind-xml name="country" node="attribute" />
    </field>
  </class>
  <class name="edu.duke.cabig.tumorregistry.domain.ActivitySummary">
    <map-to xml="ActivitySummary" ns-uri="gme://caCORE.cabig/3.0/edu.duke.cabig.tumorregistry.domain" />
    <field name="id" type="long">
      <bind-xml name="id" node="attribute" />
    </field>
    <field name="localDate" type="date">
      <bind-xml name="localDate" node="attribute" />
    </field>
    <field name="summaryDate" type="date">
      <bind-xml name="summaryDate" node="attribute" />
    </field>
    <field name="localCharacterization" type="string">
      <bind-xml name="localCharacterization" node="attribute" />
    </field>
    <field name="summaryCharacterization" type="string">
      <bind-xml name="summaryCharacterization" node="attribute" />
    </field>
  </class>
  <class name="edu.duke.cabig.tumorregistry.domain.Radiation" extends="edu.duke.cabig.tumorregistry.domain.Procedure">
    <map-to xml="Radiation" ns-uri="gme://caCORE.cabig/3.0/edu.duke.cabig.tumorregistry.domain" />
  </class>



<!-- Tumor Registry mappings... -->






<!-- ####################################################### -->
<!-- ####################################################### -->
<!-- ####################################################### -->






</mapping>
