<?xml version="1.0" encoding="UTF-8"?>
<catripConfiguration xmlns="config.catrip.duke.edu">
	<guiConfiguration rootDirectory="C:\tmp\conf">
		<indexService use="false" name="Local Index Service" url="http://cagrid2.duhs.duke.edu/wsrf/services/DefaultIndexService"/>
		<federatedQueryEngineService name="Local" url="http://localhost:8080/wsrf/services/cagrid/FederatedQeueryEngineService"/>
		<gridIndentityProviders>
			<indentityProvider name="Local IDP." url="localhost" type="dummy" keystore="none"/>
			<indentityProvider name="SemanticBits IDP" url="localhost" type="dummy" keystore="none"/>
			<indentityProvider name="NCICB IDP" url="localhost" type="dummy" keystore="none"/>
		</gridIndentityProviders>
		<metadataCache serviceMetadataLocation="services" domainModelMetadataLocation="domainModels" metadataMappingFilename="metadataMappings.properties"/>
	</guiConfiguration>
</catripConfiguration>

<!-- http://catrip1.duhs.duke.edu:8080/wsrf/services/DefaultIndexService -->
<!-- http://cagrid2.duhs.duke.edu:8080/wsrf/services/DefaultIndexService -->
<!-- http://localhost:8080/wsrf/services/DefaultIndexService -->