-- MySQL dump 10.9
--
-- Host: localhost    Database: catissuecore_test
-- ------------------------------------------------------
-- Server version	4.1.16-nt

/*!40101 SET @OLD_CHARACTER_SET_CLIENT=@@CHARACTER_SET_CLIENT */;
/*!40101 SET @OLD_CHARACTER_SET_RESULTS=@@CHARACTER_SET_RESULTS */;
/*!40101 SET @OLD_COLLATION_CONNECTION=@@COLLATION_CONNECTION */;
/*!40101 SET NAMES utf8 */;
/*!40014 SET @OLD_UNIQUE_CHECKS=@@UNIQUE_CHECKS, UNIQUE_CHECKS=0 */;
/*!40014 SET @OLD_FOREIGN_KEY_CHECKS=@@FOREIGN_KEY_CHECKS, FOREIGN_KEY_CHECKS=0 */;
/*!40101 SET @OLD_SQL_MODE=@@SQL_MODE, SQL_MODE='NO_AUTO_VALUE_ON_ZERO' */;
/*!40111 SET @OLD_SQL_NOTES=@@SQL_NOTES, SQL_NOTES=0 */;

--
-- Table structure for table `catissue_address`
--

DROP TABLE IF EXISTS `catissue_address`;
CREATE TABLE `catissue_address` (
  `IDENTIFIER` bigint(20) NOT NULL auto_increment,
  `STREET` varchar(50) default NULL,
  `CITY` varchar(50) default NULL,
  `STATE` varchar(50) default NULL,
  `COUNTRY` varchar(50) default NULL,
  `ZIPCODE` varchar(30) default NULL,
  `PHONE_NUMBER` varchar(50) default NULL,
  `FAX_NUMBER` varchar(50) default NULL,
  PRIMARY KEY  (`IDENTIFIER`)
) ENGINE=MyISAM DEFAULT CHARSET=latin1;

--
-- Dumping data for table `catissue_address`
--


/*!40000 ALTER TABLE `catissue_address` DISABLE KEYS */;
LOCK TABLES `catissue_address` WRITE;
INSERT INTO `catissue_address` VALUES (50,'FAYETTEVILLE ST \"MALL \" #308','MINT HILL','Maine','United States','24244','(555)7511597','(555)9569949'),(51,'Freeman St','Royal Palm Beach','California','United States','31711','(555)7467336','(555)7871959'),(52,'Moss Creek Dr','Saluda','Nevada','United States','33133','(555)8651196','(555)8786059'),(53,'St. Andrews Lane','Warrenville','Rhode Island','United States','24528','(555)8684500','(555)7758004'),(54,'Trailwood Hills Drive','Bluffton','Maine','United States','75201','(555)7566008','(555)7465471'),(55,'Walter Wright Rd','Eure','California','United States','27553','(555)7949004','(555)7357176'),(56,'OVERBROOK DRIVE','Shrewsbury','Nevada','United States','37814','(555)8441740','(555)8939839'),(57,'Core Point Road','SILER CITY','Rhode Island','United States','24571','(555)7759314','(555)7453930'),(58,'Dana Rd','ITALY','Maine','United States','282083077','(555)8464785','(555)8459443'),(59,'G Lake Clair Place','HILLSBOROUGH','California','United States','27699','(555)8961893','(555)9617559'),(60,'Wyneston Road','RANDLEMAN','Nevada','United States','272787152','(555)9659078','(555)8530059'),(61,'Linville Gardens','Ft. Lauderdale','Rhode Island','United States','28041','(555)8440174','(555)8640906'),(62,'NC HWY 111 SOUTH','Acton','Maine','United States','27021','(555)7765304','(555)9856850'),(63,'Dogwood Lane','Henderson','California','United States','27609-5958','(555)8711550','(555)7481830'),(64,'Halsmer Ct','TST CITY','Nevada','United States','29115','(555)7793936','(555)9480495'),(65,'Robson Road','Rogersville','Rhode Island','United States','28557','(555)7785348','(555)8678540'),(66,'Siegler Rd','Hillsbourough','Maine','United States','11580','(555)7453851','(555)9335844'),(67,'GREEN ACRES DR','Yadkinville','California','United States','26187','(555)7387585','(555)7785576'),(68,'Long John Silver Dr','St. Petersburg','Nevada','United States','27203','(555)9544691','(555)9340353'),(69,'Byron St #103','SEOUL KOREA','Rhode Island','United States','28539','(555)8735348','(555)8140407'),(70,'Lee Chapel Church Rd.','Woodbridge','Maine','United States','272605998','(555)8673398','(555)8357897'),(71,'N Southwinds Blvd','Deltaville','California','United States','27502','(555)7881789','(555)9831888'),(72,'BURKETT RD','Brandon','Nevada','United States','28371','(555)8690744','(555)8976586'),(73,'Windstream Way','Middlesex','Rhode Island','United States','284787540','(555)7398539','(555)8418383'),(74,'Creekside Meadows Drive','Reston','Maine','United States','29229','(555)7846384','(555)8515998'),(75,'1ST ST NE','EFLAND','California','United States','28216','(555)7865735','(555)8687315'),(76,'Bayberry Circle','Waynesville','Nevada','United States','42071','(555)7878665','(555)8649344'),(77,'Bishop Street','Lowell','Rhode Island','United States','27609','(555)8565637','(555)7455806'),(78,'N Pastures Trl','Montevideo','Maine','United States','28337','(555)8738149','(555)7955367'),(79,'Wrenn Rd','Tucker','California','United States','28166','(555)9679650','(555)8339570'),(80,'Kentwood Drive','Tazewell','Nevada','United States','26101','(555)9458984','(555)8939868'),(81,'Chestnut Street','BLOWING ROCK','Rhode Island','United States','24541','(555)9597966','(555)7534880'),(82,'Lockamy Road','RED SPRINGS','Maine','United States','28056','(555)7877911','(555)7565517'),(83,'Viking Rd','ATKINSON','California','United States','27306','(555)9706655','(555)9975538'),(84,'Hanford Hills Road','STANLY','Nevada','United States','27403-1016','(555)9870949','(555)8737968'),(85,'Elham Ct','Creedmoor','Rhode Island','United States','16365','(555)8575518','(555)7759471'),(86,'Brickell Ave #1113','HIGH POINT','Maine','United States','27812','(555)7397571','(555)8479487'),(87,'Huntsford Terrace','Butner','California','United States','22306','(555)9493514','(555)8343150'),(88,'N. 3rd St','Jonesville','Nevada','United States','27703','(555)8478458','(555)7358933'),(89,'Hwy 79 West','Cambridge','Rhode Island','United States','24701','(555)8533973','(555)9346903'),(90,'PARK SOUTH DR','Rougemont','Maine','United States','13090','(555)9313775','(555)7359573'),(91,'SPREADING BRANCH RD','Mount Pleasant','California','United States','27510','(555)7905899','(555)7551865'),(92,'NEW CUT RD','PEMBROKE','Nevada','United States','27221','(555)7996689','(555)8576431'),(93,'Shealtiel Way','HAMLET','Rhode Island','United States','27356','(555)7843885','(555)9800536'),(94,'Webb Court','Grenda','Maine','United States','30345-4033','(555)8460831','(555)8938594'),(95,'Brookneal Dr','Bessemer City','California','United States','29672','(555)8574457','(555)8955777'),(96,'Twin Lake Dr','Pinebluff','Nevada','United States','30094','(555)7911766','(555)7475409'),(97,'EDEN STREET','STEDMAN','Rhode Island','United States','22192','(555)9460095','(555)8610630'),(98,'Watson Ave','Reidsville','Maine','United States','39042','(555)9493469','(555)9658676'),(99,'Trent St.','Daniels','California','United States','39056','(555)8934617','(555)7767703'),(100,'Oriole Place','CLEVELAND','Nevada','United States','48239','(555)8538554','(555)8710087'),(101,'Lyerly Drive','Hurdle Mills','Rhode Island','United States','23885','(555)8333530','(555)8941655'),(102,'Lenoxville Rd.','WENDELL','Maine','United States','29676-4020','(555)9346903','(555)8545387'),(103,'Cox Mill Road','Helena','California','United States','27373','(555)7867959','(555)8759453'),(104,'DONALD ROSS DRIVE','CLEWISTON','Nevada','United States','29303','(555)9547985','(555)7814637'),(105,'JULES CT','Needham','Rhode Island','United States','28144','(555)7853800','(555)8441740'),(106,'BRUSHY MEADOWS DR','EMMAUS','Maine','United States','28382576','(555)7659147','(555)7358835'),(107,'Stephens Road','Kannapolis','California','United States','14580','(555)7360756','(555)9463434'),(108,'S Tamilynn Cir','Fries','Nevada','United States','28386','(555)9333337','(555)7867959'),(109,'Miller Rd','Lewisburg','Rhode Island','United States','28806','(555)8168959','(555)7957937'),(110,'SPOKANE ROAD','Kissimmee','Maine','United States','32801','(555)8336937','(555)8435598'),(111,'Carolina \"Ave \" SW','Arlington','California','United States','11934','(555)7994897','(555)8767615'),(112,'TENTH GREEN COURT','USA','Nevada','United States','29073','(555)8535954','(555)8441773'),(113,'West Lake Dr','Tappahannock','Rhode Island','United States','28025','(555)8763647','(555)8674708'),(114,'ELLSWORTH RD','Ivanhoe','Maine','United States','14127','(555)8515406','(555)7390575'),(115,'Williamsburg Dr','Tuscon','California','United States','23452','(555)8676153','(555)9558849'),(116,'Williams Mill Rd','Stallings','Nevada','United States','32210','(555)7763341','(555)8644651'),(117,'Devane St.','Nedrow','Rhode Island','United States','27863','(555)9603560','(555)7794916'),(118,'Colchester Dr','Meadowview','Maine','United States','27834','(555)7744446','(555)7764761'),(119,'Fuller Farm Lane','Newport News','California','United States','28052','(555)9801484','(555)8975379'),(120,'Richardson Bass Rd.','Cold Spring','Nevada','United States','278938085','(555)8576499','(555)8943096'),(121,'Holly Berry Ct','GIBSONVILLE','Rhode Island','United States','28479','(555)7515984','(555)7747844'),(122,'RANDALLS CHURCH ROAD','JULIAN','Maine','United States','37086','(555)8444696','(555)7756445'),(123,'Oak Hollow Dr','Rocky  Mount','California','United States','28406','(555)9553565','(555)8483703'),(124,'CLEVELAND CRT','Germantown','Nevada','United States','29501','(555)7751585','(555)7735533'),(125,'Huntington Meadow','Emerald Isle','Rhode Island','United States','28709','(555)8433347','(555)8644554'),(126,'Quail Hollow Rd Apt A','LEXINGTON','Maine','United States','27707-5441','(555)9343356','(555)8641665'),(127,'Woodington Rd.','Mount Gilead','California','United States','27313','(555)9751970','(555)9744609'),(128,'MCLAWHORN LN','Harrellsville','Nevada','United States','28429','(555)8708448','(555)7936587'),(129,'Jamestown Ave','Dublin','Rhode Island','United States','28208','(555)8579546','(555)7979053'),(130,'Raintree St','Canton','Maine','United States','245415238','(555)9854735','(555)9381854'),(131,'SUNSET DR','Lilburn','California','United States','29374','(555)8654589','(555)8789860'),(132,'White Hall Rd','Penhook','Nevada','United States','28303-4977','(555)9468660','(555)9379559'),(133,'Woodcroft Dr.','BUIES CREEK','Rhode Island','United States','27613','(555)9455844','(555)7865759'),(134,'Laburn McClean Rd','Greenwood','Maine','United States','24501','(555)7585803','(555)7358937'),(135,'AUDREY ST','ROUGEMOUNT','California','United States','27858','(555)8514681','(555)7856935'),(136,'Stonehenge Rd','Catawba','Nevada','United States','06277','(555)8511660','(555)9831663'),(137,'Howard Farm Road','Willard','Rhode Island','United States','15478','(555)8461989','(555)8956539'),(138,'Farlow Pines Dr','Concord','Maine','United States','26153','(555)9857490','(555)7786640'),(139,'Old School Dr','AMARILLO','California','United States','97526','(555)8670167','(555)8755438'),(140,'QUAKER CREEK DRIVE','Lancaster','Nevada','United States','20300','(555)9183688','(555)9330568'),(141,'Jock Rd.','Christiansburg','Rhode Island','United States','28379-3832','(555)8474550','(555)7781548'),(142,'Quincy Drive','Erwin','Maine','United States','01035','(555)9463459','(555)7790756'),(143,'Brittley Way','Seven Lakes','California','United States','27523','(555)9377636','(555)8168959'),(144,'Antioch Rd','CAROLINA BEACH','Nevada','United States','37601','(555)8343850','(555)7864670'),(145,'DILLON RD','Diamond Bar','Rhode Island','United States','272172522','(555)7390147','(555)9597819'),(146,'Leon St Apt-F','Alpharatta','Maine','United States','27592','(555)9673615','(555)8596835'),(147,'Ash St','Hebron','California','United States','27842','(555)8346061','(555)9859567'),(148,'Spargo St','Bullock','Nevada','United States','84103','(555)8765643','(555)7359745'),(149,'Dupont Circle','Duffield','Rhode Island','United States','32963-4325','(555)8684104','(555)8884070'),(150,'University Drive Apt. 9-L','Conyers','Maine','United States','274083104','(555)8464373','(555)8654797'),(151,'Calvert St','Mt. Pleasant','California','United States','29664','(555)9333693','(555)9486838'),(152,'Westview Dr.','Mauldin','Nevada','United States','28360','(555)7789313','(555)8708448'),(153,'LANCASTER RD','Collierville','Rhode Island','United States','33156','(555)8530886','(555)9655353'),(154,'HOLLY LANE','Shady Cove','Maine','United States','32951','(555)8335303','(555)8656556'),(155,'Summit Dr.','Lutz','California','United States','28594','(555)7991734','(555)8445980'),(156,'RIVER RD','ROSEHILL','Nevada','United States','48603-4743','(555)9351515','(555)7384494'),(157,'Burney Rd','Effingham','Rhode Island','United States','92130','(555)9493587','(555)8480645'),(158,'GREENWILLOW CIR','Quniby','Maine','United States','28643','(555)8754834','(555)9530157'),(159,'Cleveland Road','Cedargrove','California','United States','31008','(555)7358591','(555)8511345'),(160,'Paxton \"Ave \" Apt. D','Vero Beach','Nevada','United States','94618','(555)8751515','(555)7996156'),(161,'LANCELOT DR','Tuscaloosa','Rhode Island','United States','28382','(555)8477075','(555)9870949'),(162,'North 28th Street','MYRTLE BEACH','Maine','United States','27505-4898','(555)8671795','(555)9319165'),(163,'Wexham Road','West Allis','California','United States','25159','(555)7799067','(555)9475936'),(164,'Haws Run Road','FRANLINVILLE','Nevada','United States','29201','(555)9698037','(555)7584585'),(165,'BEAUX STREET','ADVANCE','Rhode Island','United States','27587','(555)9851965','(555)8478456'),(166,'E Stone Road','Otto','Maine','United States','28394','(555)7390575','(555)7553515'),(167,'ALLENSVILLE RD','Ware Shoals','California','United States','34231-4951','(555)9594536','(555)7396615'),(168,'KNOLL OAK COURT','Hazel Green','Nevada','United States','27051','(555)8475497','(555)9333075'),(169,'Crowell St','Goode','Rhode Island','United States','80126','(555)8784680','(555)7575676'),(170,'Devereaux Dr.','Vancleave','Maine','United States','27536','(555)8554338','(555)7384968'),(171,'Murdock Road','Kittrell','California','United States','30092','(555)7810599','(555)9463586'),(172,'Upton Street','Alton','Nevada','United States','24426','(555)9347353','(555)9333140'),(173,'Buffalo Ford \"Road \" Lot 23','Chatanooga','Rhode Island','United States','28471','(555)8535357','(555)8758663'),(174,'OAKLEAF DR PINE KNOLLS SH','Woburn','Maine','United States','37918','(555)8648335','(555)7358146'),(175,'BUNDY CT','Wagram','California','United States','275839227','(555)7758004','(555)9153593'),(176,'Colony Ridge Dr.','Folly Beach','Nevada','United States','30329','(555)7369554','(555)7731549'),(177,'CHAPEL HILL RD APT 1','Clemens','Rhode Island','United States','245633014','(555)8950058','(555)7560353'),(178,'Spy Glass Way','Bennettesville','Maine','United States','27845','(555)7544709','(555)7685950'),(179,'O\'Neal Road','Semora','California','United States','23188','(555)9779047','(555)8534461'),(180,'Cushman St','Garrett','Nevada','United States','24592-2032','(555)7561345','(555)8448578'),(181,'EVERETTE DRIVE','Virginia Beach','Rhode Island','United States','32240','(555)7754985','(555)9730515'),(182,'Brown Rd','ROSE HILL','Maine','United States','28763','(555)8474496','(555)9387688'),(183,'West Southwinds Blvd','MARENGO','California','United States','27358','(555)8358089','(555)9553565'),(184,'S George Street','Thurmont','Nevada','United States','22101','(555)8471140','(555)8953703'),(185,'MURPHY DR.','Lapeer','Rhode Island','United States','27482','(555)8675963','(555)7563633'),(186,'GREENMEAD DR','West Miami','Maine','United States','29541','(555)8437964','(555)7384716'),(187,'EVERGREEN DR','Blythewood','California','United States','28396','(555)8944660','(555)9635654'),(188,'Richmond Park Dr','Dunn','Nevada','United States','29702','(555)8710813','(555)9854366'),(189,'Honeysuckle Lane','Los Angelas','Rhode Island','United States','273022','(555)8559745','(555)8683399'),(190,'Quarterhorse Lane','Manson','Maine','United States','27604','(555)8453561','(555)8453561'),(191,'Clear Run Dr','Temple','California','United States','36271','(555)9745947','(555)9597966'),(192,'Todd Ridge Rd','Muskegon','Nevada','United States','10941','(555)8446745','(555)7897174'),(193,'Forrest Dr.','North Port','Rhode Island','United States','24073','(555)8578543','(555)9846745'),(194,'CAROLINA MDWS APT 102','Roebuck','Maine','United States','98034','(555)8434333','(555)9541573'),(195,'Munn Rd','Union Grove','California','United States','283615118','(555)8489308','(555)9455651'),(196,'MINERAL SPRINGS RD','REX','Nevada','United States','27823','(555)8949037','(555)9565198'),(197,'ORANGEWOOD DR','Wise','Rhode Island','United States','27153','(555)9377734','(555)8950058'),(198,'NC 50 North','PITTSBORO','Maine','United States','29206','(555)7394833','(555)7877588'),(199,'Springs Ave.','CHAPLEHILL','California','United States','23113','(555)9153593','(555)8537587'),(200,'Azalea Terrace','East Liverpool','Nevada','United States','28460','(555)8419313','(555)9974546'),(201,'Sasserbrook Lane','Yosemite','Rhode Island','United States','27520-1838','(555)7960916','(555)7359649'),(202,'S. NC 41-111','JACKSONVILLE','Maine','United States','27235','(555)7953537','(555)7384696'),(203,'Dove Creek Rd','Glendale Springs','California','United States','28211','(555)7911643','(555)8475150'),(204,'SWANN DRIVE','Troutville','Nevada','United States','29576','(555)7939516','(555)8473111'),(205,'West Pine Ave.','DEEP RUN','Rhode Island','United States','17013','(555)8435155','(555)7454470'),(206,'Ita Road','GREENVILLE','Maine','United States','20854','(555)8588566','(555)9351408'),(207,'GRIFFIN DR','Berwyn','California','United States','27524','(555)7685950','(555)9375787'),(208,'Coach Hill','Elizabeth City','Nevada','United States','28207','(555)9801771','(555)7881789'),(209,'Old Jones Ln','Pantego','Rhode Island','United States','32940','(555)8515959','(555)8674187'),(210,'E MAGNOLIA ROAD','Knightdale','Maine','United States','33477','(555)7391430','(555)8708965'),(211,'East Terry Lane','Purlear','California','United States','29642','(555)8337540','(555)7951835'),(212,'Buckingham Way','Simsbury','Nevada','United States','02865-1023','(555)9381154','(555)7814514'),(213,'NC Hwy 87 West','Sacramento','Rhode Island','United States','20194','(555)7384300','(555)8549716'),(214,'Smithwood St','Pageland','Maine','United States','273801903','(555)7358317','(555)9436355'),(215,'NC 46 HWY','Alexandria','California','United States','06902','(555)8957881','(555)8480595'),(216,'Green View Dr','Gaffney','Nevada','United States','28533','(555)8659559','(555)8344615'),(217,'Concord Rd','Valrico','Rhode Island','United States','278809477','(555)8585001','(555)7855770'),(218,'Alleghany Spring Rd Lot B','Indianappolis','Maine','United States','28150','(555)7389308','(555)8137775'),(219,'Quail Hollow Ct','BROADWAY','California','United States','27361','(555)9655453','(555)9671893'),(220,'Hidden Harbor Ln','MATHEWS','Nevada','United States','27539','(555)7367856','(555)8650455'),(221,'Petrea Lane','Bean Station','Rhode Island','United States','32935','(555)9833975','(555)7935333'),(222,'Claremont Rd','Solomons','Maine','United States','20814','(555)9595413','(555)8710615'),(223,'Northwalk Drive','Marchville','California','United States','27712-1320','(555)9489787','(555)9495869'),(224,'Rose Ave','Shawsville','Nevada','United States','27312','(555)8935615','(555)8565651'),(225,'Woodard Dr','Tampa','Rhode Island','United States','28398-7761','(555)9674464','(555)7544761'),(226,'Stoneybrook Drive','Washington','Maine','United States','277129652','(555)8939046','(555)7395973'),(227,'TILLSON RD','Lucoma','California','United States','28552','(555)7677364','(555)8435565'),(228,'Andrew Sink Road','Ninety Six','Nevada','United States','38237','(555)8653549','(555)7515890'),(229,'Savannah Landings Ave','Palm Bay','Rhode Island','United States','27603','(555)9387688','(555)9338888'),(230,'S. JIM MINOR ROAD','Jupiter','Maine','United States','27617','(555)8954447','(555)8956300'),(231,'Carroll Street','BRISTOL','California','United States','30318','(555)9730515','(555)8805150'),(232,'Liberation Road','North Myrtle Beach','Nevada','United States','30906','(555)7757174','(555)9380755'),(233,'Siwel Road','n/a','Rhode Island','United States','28147','(555)8953559','(555)9338565'),(234,'Doe Drive','MCCONNELLSBURG','Maine','United States','28530','(555)8736678','(555)7566337'),(235,'Jones Circle','FUQUAY-VARINA','California','United States','12525','(555)8463650','(555)8434463'),(236,'HWY 117','BUNN LEVEL','Nevada','United States','27302-9117','(555)8541447','(555)8708707'),(237,'Ridgeway Warrenton Rd.','BLADENBORO','Rhode Island','United States','28021','(555)7357335','(555)8575439'),(238,'Coleman Dr.','Sherrills Ford','Maine','United States','28307','(555)8540645','(555)7868750'),(239,'Foothills Dr','Kings Mt','California','United States','27878','(555)7874589','(555)9575981'),(240,'NC 33 E','Eufaula','Nevada','United States','89128-4910','(555)9683955','(555)7385176'),(241,'QUEENSFERRY RD','Addison','Rhode Island','United States','32792','(555)8479487','(555)8407098'),(242,'MILL RUN','Morresville','Maine','United States','27893','(555)9859403','(555)7358591'),(243,'Jacobs Creek Circle','Tar Heel','California','United States','28215','(555)8764159','(555)9595360'),(244,'HOLDER RD','Eden','Nevada','United States','10566','(555)9595118','(555)7515675'),(245,'SHORT DRIVE','Ridgeway','Rhode Island','United States','27710','(555)9899356','(555)8955318'),(246,'Engleside St','Coats','Maine','United States','29455','(555)8455455','(555)7843885'),(247,'MAGNOLIA \"CT \" APT D','Dry Fork','California','United States','12946','(555)9349140','(555)9595571'),(248,'Patton Circle','Townsville','Nevada','United States','29902','(555)8596579','(555)8974750'),(249,'FAIRFAX RD','Carlisle','Rhode Island','United States','28689','(555)8855368','(555)9383365'),(250,'Manchester Drive','CHESNEE','Maine','United States','37813','(555)8480353','(555)8413855'),(251,'Mizell Ct','Lake Placid','California','United States','28012','(555)8954033','(555)8647003'),(252,'Lynnwood Dr','Norlina','Nevada','United States','28613','(555)8951609','(555)7395865'),(253,'HORSESHOE RD','East Bend','Rhode Island','United States','66214','(555)9575699','(555)8758734'),(254,'Pettigrew Dr','SIMS','Maine','United States','27573','(555)8575115','(555)7396566'),(255,'Fox Pond Rd','Herndon','California','United States','25398','(555)7394066','(555)7655654'),(256,'Tower View Dr','LILLINGTON','Nevada','United States','02155','(555)7478844','(555)8547547'),(257,'PARK DRIVE','Wingate','Rhode Island','United States','27593','(555)9487457','(555)8977585'),(258,'Lee Drive','Silver Spring','Maine','United States','28428','(555)9596061','(555)7785571'),(259,'Wayne White Rd. Lot 14','RICHFIELD','California','United States','29526','(555)8679683','(555)8511660'),(260,'Millstone Harbour Dr.','Hemingway','Nevada','United States','272449326','(555)7768386','(555)8784680'),(261,'Foxglove Lane','VANCEBORO','Rhode Island','United States','39503','(555)8536915','(555)8448191'),(262,'Clayton\'s Place','Bethesda','Maine','United States','29307','(555)8934895','(555)8956368'),(263,'Hallmark Dr','WEST END','California','United States','24554','(555)8570557','(555)8765865'),(264,'Cheseney Glen Dr.','CARY','Nevada','United States','28712-4159','(555)7384716','(555)8680813'),(265,'Oakdale Rd','MAXTON','Rhode Island','United States','28327','(555)9635360','(555)7358607'),(266,'Allen Dr','MT OLIVE','Maine','United States','30075','(555)9468736','(555)7883031'),(267,'RIDGEWOOD DRIVE','Seagroves','California','United States','28314','(555)8570088','(555)7748988'),(268,'Lake Elton Rd','Ramseur','Nevada','United States','41472','(555)8449900','(555)8765388'),(269,'Hwy 801 South','ASHEBORO','Rhode Island','United States','29657','(555)7563633','(555)9354480'),(270,'Tarboro Rd','Fairmont','Maine','United States','28378','(555)8499696','(555)9549570'),(271,'Bay Street','Cedar grove','California','United States','23919','(555)9858065','(555)9595118'),(272,'Starling Ave','Zebulon','Nevada','United States','28081-2537','(555)8944593','(555)8648951'),(273,'Tartsville Rd','Brooklyn','Rhode Island','United States','32934','(555)7864951','(555)9343098'),(274,'N. Davidson Dr.','Rockledge','Maine','United States','272926033','(555)8706383','(555)8578543'),(275,'Northview Gardens','Hampton','California','United States','28341','(555)9671893','(555)8530835'),(276,'Regents Park Ln Unit C','CANDOR','Nevada','United States','27511','(555)8765797','(555)8443060'),(277,'5th St SE','Pineville','Rhode Island','United States','28380','(555)9359677','(555)7955978'),(278,'Heglar Road','Lynch station','Maine','United States','27525-7508','(555)7585565','(555)8853419'),(279,'Oakview Ct.','LaJolla','California','United States','29678','(555)8570661','(555)7864951'),(280,'Northriding Rd','Beth','Nevada','United States','27712','(555)9335045','(555)8851586'),(281,'HAMLIN ROAD','GOLDSTON','Rhode Island','United States','283402211','(555)9330070','(555)8545444'),(282,'Big Daddy\'s Rd','Oceanview','Maine','United States','30306','(555)8648951','(555)8708773'),(283,'TOMMY\'S LAKE ROAD','WINSTON-SALEM','California','United States','28422','(555)7918935','(555)7996998'),(284,'Greenway Avenue','Loveland','Nevada','United States','28297','(555)9597061','(555)7360833'),(285,'Glenmore Dr','Statesboro','Rhode Island','United States','27409-2203','(555)8687315','(555)8149557'),(286,'PENNY LANE','Merritt Island','Maine','United States','92651','(555)9351586','(555)7466188'),(287,'W. 64 St.','ABERDEEN','California','United States','28430','(555)7558390','(555)7991639'),(288,'10th Ave SE','Salt rock','Nevada','United States','28561','(555)7647104','(555)9605985'),(289,'GRESHAM LAKE RD','Linwood','Rhode Island','United States','27581','(555)8380795','(555)8474496'),(290,'ARCENIA HINES DR','St thomas usvi','Maine','United States','28754','(555)7817019','(555)9374845'),(291,'WINDRUSH CT','Darien','California','United States','28435','(555)9659657','(555)8976417'),(292,'Barrington Place','ROSEBORO','Nevada','United States','27890','(555)8599870','(555)7875585'),(293,'Crampton Road','Walkertown','Rhode Island','United States','28339','(555)7875485','(555)8603576'),(294,'Landon St','Ellenboro','Maine','United States','29572','(555)9391157','(555)7534568'),(295,'Payne Rd','Albemarle','California','United States','275374084','(555)9975636','(555)8478458'),(296,'E CHAPEL HILL ST','CHADBOURN','Nevada','United States','38139','(555)7765785','(555)8473616'),(297,'Valley View Dr.','Roswell','Rhode Island','United States','08857','(555)7568161','(555)8571557'),(298,'Shady Grove Rd','PHENIX','Maine','United States','97524','(555)9333075','(555)8433954'),(299,'Lewisville Vienna Rd','Albany','California','United States','28391','(555)9580530','(555)8914356');
UNLOCK TABLES;
/*!40000 ALTER TABLE `catissue_address` ENABLE KEYS */;

--
-- Table structure for table `catissue_audit_event`
--

DROP TABLE IF EXISTS `catissue_audit_event`;
CREATE TABLE `catissue_audit_event` (
  `IDENTIFIER` bigint(20) NOT NULL auto_increment,
  `IP_ADDRESS` varchar(20) default NULL,
  `EVENT_TIMESTAMP` datetime default NULL,
  `USER_ID` bigint(20) default NULL,
  `COMMENTS` text,
  PRIMARY KEY  (`IDENTIFIER`),
  KEY `FKACAF697A2206F20F` (`USER_ID`)
) ENGINE=MyISAM DEFAULT CHARSET=latin1;

--
-- Dumping data for table `catissue_audit_event`
--


/*!40000 ALTER TABLE `catissue_audit_event` DISABLE KEYS */;
LOCK TABLES `catissue_audit_event` WRITE;
INSERT INTO `catissue_audit_event` VALUES (1,'127.0.0.1','2006-07-19 11:50:19',1,NULL),(2,'127.0.0.1','2006-07-19 15:09:46',1,NULL),(3,'127.0.0.1','2006-07-19 17:56:47',1,NULL),(4,'127.0.0.1','2006-07-20 11:21:39',1,NULL),(5,'127.0.0.1','2006-07-20 11:21:49',1,NULL),(6,'127.0.0.1','2006-07-20 11:22:03',1,NULL),(7,'127.0.0.1','2006-07-20 11:22:09',1,NULL),(8,'127.0.0.1','2006-07-20 12:42:02',1,NULL),(9,'140.254.63.2','2006-04-07 10:58:45',1,NULL),(10,'140.254.63.2','2006-04-07 11:01:01',1,NULL),(11,'140.254.63.2','2006-04-07 11:01:09',1,NULL),(12,'140.254.63.2','2006-04-07 11:01:22',1,NULL),(13,'140.254.63.2','2006-04-07 11:02:24',1,NULL),(14,'140.254.63.2','2006-04-07 11:06:05',1,NULL),(15,'140.254.63.2','2006-04-07 11:07:10',1,NULL),(16,'140.254.63.2','2006-04-07 11:08:16',1,NULL),(17,'140.254.63.2','2006-04-07 11:10:08',1,NULL),(18,'140.254.63.2','2006-04-07 11:10:37',1,NULL),(19,'140.254.63.2','2006-04-07 11:11:56',1,NULL),(20,'140.254.63.2','2006-04-07 11:13:41',1,NULL),(21,'140.254.63.2','2006-04-07 11:14:04',1,NULL),(22,'140.254.63.2','2006-04-07 11:14:48',1,NULL),(23,'140.254.63.2','2006-04-07 11:15:26',1,NULL),(24,'140.254.45.26','2006-04-07 12:36:59',1,NULL),(25,'140.254.45.26','2006-04-07 12:37:18',1,NULL),(26,'140.254.45.26','2006-04-07 12:37:40',1,NULL),(27,'140.254.45.26','2006-04-07 12:41:38',1,NULL),(28,'140.254.45.26','2006-04-07 12:50:24',1,NULL),(29,'140.254.45.26','2006-04-07 12:57:59',1,NULL),(30,'140.254.45.26','2006-04-07 13:01:10',1,NULL),(31,'140.254.45.26','2006-04-07 13:02:55',1,NULL),(32,'142.103.207.10','2006-04-07 13:14:07',1,NULL),(33,'140.254.45.26','2006-04-07 13:20:49',1,NULL),(34,'140.254.45.26','2006-04-07 13:22:30',1,NULL),(35,'140.254.45.26','2006-04-07 13:24:34',1,NULL),(36,'140.254.45.26','2006-04-07 13:24:57',1,NULL),(37,'65.125.12.222','2006-04-07 14:24:13',1,NULL),(38,'142.103.207.10','2006-04-07 18:13:07',1,NULL),(39,'142.103.207.10','2006-04-07 18:15:11',1,NULL),(40,'24.107.18.244','2006-04-08 01:53:22',1,NULL),(41,'24.107.18.244','2006-04-08 01:53:43',1,NULL),(42,'24.107.18.244','2006-04-08 01:54:00',1,NULL),(43,'24.107.18.244','2006-04-08 01:55:38',1,NULL),(44,NULL,'2006-04-08 02:00:03',NULL,NULL),(45,'24.107.18.244','2006-04-08 02:03:13',1,NULL),(46,'24.107.18.244','2006-04-08 02:03:59',1,NULL),(47,'24.107.18.244','2006-04-08 02:12:00',1,NULL),(48,'24.107.18.244','2006-04-08 02:15:33',1,NULL),(49,'24.107.18.244','2006-04-08 02:16:30',1,NULL),(50,'24.107.18.244','2006-04-08 02:17:10',1,NULL),(51,'24.107.18.244','2006-04-08 02:17:45',1,NULL),(52,'24.107.18.244','2006-04-08 02:19:36',1,NULL),(53,'24.107.18.244','2006-04-08 02:21:03',1,NULL),(54,'24.107.18.244','2006-04-08 02:22:20',1,NULL),(55,'24.107.18.244','2006-04-08 02:23:20',1,NULL),(56,'24.107.18.244','2006-04-08 02:24:22',1,NULL),(57,'24.107.18.244','2006-04-08 02:39:35',1,NULL),(58,'24.107.18.244','2006-04-08 02:44:30',1,NULL),(59,'24.107.18.244','2006-04-08 02:45:36',1,NULL),(60,'24.107.18.244','2006-04-08 02:46:16',1,NULL),(61,'24.107.18.244','2006-04-08 02:48:43',1,NULL),(62,'24.107.18.244','2006-04-08 02:50:18',1,NULL),(63,'24.107.18.244','2006-04-08 02:51:39',1,NULL),(64,'24.107.18.244','2006-04-08 02:53:45',1,NULL),(65,'24.107.18.244','2006-04-08 02:54:50',1,NULL),(66,'24.107.18.244','2006-04-08 02:55:50',1,NULL),(67,'24.107.18.244','2006-04-08 02:56:45',1,NULL),(68,'24.107.18.244','2006-04-08 02:58:56',1,NULL),(69,'24.107.18.244','2006-04-08 02:59:21',1,NULL),(70,'24.107.18.244','2006-04-08 02:59:57',1,NULL),(71,'24.107.18.244','2006-04-08 03:01:01',1,NULL),(72,'24.107.18.244','2006-04-08 03:02:15',1,NULL),(73,'216.7.7.57','2006-04-10 08:01:11',1,NULL),(74,'216.7.7.57','2006-04-10 08:02:18',1,NULL),(75,'140.254.45.26','2006-04-10 12:16:03',1,NULL),(76,'140.254.45.26','2006-04-10 12:16:13',1,NULL),(77,'140.254.45.26','2006-04-10 12:18:29',1,NULL),(78,'140.254.45.26','2006-04-10 12:18:40',1,NULL),(79,'140.254.45.26','2006-04-10 13:54:21',1,NULL),(80,'140.254.45.26','2006-04-10 13:57:25',1,NULL),(81,NULL,'2006-04-10 17:21:55',NULL,NULL),(82,'165.124.162.17','2006-04-14 10:55:13',1,NULL),(83,'165.124.162.17','2006-04-14 10:55:36',1,NULL),(84,'165.124.162.17','2006-04-14 10:55:56',1,NULL),(85,NULL,'2006-04-16 20:59:39',NULL,NULL),(86,'67.130.62.209','2006-04-17 12:38:44',1,NULL),(87,'67.130.62.209','2006-04-17 12:39:34',1,NULL),(88,'67.130.62.209','2006-04-17 12:41:12',1,NULL),(89,'67.130.62.209','2006-04-17 12:41:29',1,NULL),(90,'67.130.62.209','2006-04-17 12:43:04',1,NULL),(91,'67.130.62.209','2006-04-17 13:02:36',1,NULL),(92,'24.107.18.244','2006-04-17 23:37:58',1,NULL),(93,'24.107.18.244','2006-04-17 23:39:31',1,NULL),(94,'24.107.18.244','2006-04-17 23:40:16',1,NULL),(95,'24.107.18.244','2006-04-17 23:41:18',1,NULL),(96,'24.107.18.244','2006-04-17 23:42:06',1,NULL),(97,'143.111.174.56','2006-04-18 19:36:31',1,NULL),(98,'143.111.174.56','2006-04-18 19:38:09',1,NULL),(99,'128.252.10.114','2006-04-20 15:38:52',1,NULL),(100,'128.252.10.114','2006-04-20 15:40:04',1,NULL),(101,'128.252.10.114','2006-04-20 15:40:10',1,NULL),(102,'128.252.10.114','2006-04-20 15:40:16',1,NULL),(103,'128.252.10.114','2006-04-20 15:40:41',1,NULL),(104,'128.252.10.114','2006-04-20 15:40:51',1,NULL),(105,'128.252.10.114','2006-04-20 15:40:59',1,NULL),(106,'142.103.207.10','2006-04-20 17:07:35',1,NULL),(107,'142.103.207.10','2006-04-20 17:08:22',1,NULL),(108,'142.103.207.10','2006-04-20 17:11:44',1,NULL),(109,'142.103.207.10','2006-04-20 17:19:37',1,NULL),(110,'142.103.207.10','2006-04-20 17:19:55',1,NULL),(111,'142.103.207.10','2006-04-20 18:22:40',1,NULL),(112,'142.103.207.10','2006-04-20 18:23:38',1,NULL),(113,'142.103.207.10','2006-04-20 18:32:46',1,NULL),(114,'142.103.207.10','2006-04-20 18:34:38',1,NULL),(115,'24.107.18.244','2006-04-20 23:43:09',1,NULL),(116,'128.252.10.114','2006-04-21 09:49:49',1,NULL),(117,'151.152.101.44','2006-04-21 18:33:37',1,NULL),(118,'151.152.101.44','2006-04-21 18:40:25',1,NULL),(119,'151.152.101.44','2006-04-21 18:41:29',1,NULL),(120,'129.176.151.118','2006-04-24 12:06:01',1,NULL),(121,'128.252.10.114','2006-04-24 12:31:33',1,NULL),(122,'151.152.101.44','2006-04-24 12:33:41',1,NULL),(123,'66.210.248.69','2006-04-24 16:35:15',1,NULL),(124,'66.210.248.69','2006-04-24 16:35:35',1,NULL),(125,'66.210.248.69','2006-04-24 16:36:05',1,NULL),(126,'151.152.101.44','2006-04-25 11:45:07',1,NULL),(127,'151.152.101.44','2006-04-25 11:47:15',1,NULL),(128,'151.152.101.44','2006-04-25 11:51:20',1,NULL),(129,'151.152.101.44','2006-04-25 12:17:46',1,NULL),(130,'64.42.209.81','2006-04-25 12:35:52',1,NULL),(131,'64.42.209.81','2006-04-25 12:36:00',1,NULL),(132,'64.42.209.81','2006-04-25 13:18:19',1,NULL),(133,'142.103.207.10','2006-04-26 11:52:24',1,NULL),(134,'142.103.207.10','2006-04-26 18:00:26',1,NULL),(135,'142.103.207.10','2006-04-26 18:00:51',1,NULL),(136,'142.103.207.10','2006-04-26 18:01:01',1,NULL),(137,'142.103.207.10','2006-04-26 18:02:33',1,NULL),(138,'142.103.207.10','2006-04-26 18:03:28',1,NULL),(139,'142.103.207.10','2006-04-26 18:05:27',1,NULL),(140,'142.103.207.10','2006-04-26 18:05:52',1,NULL),(141,'142.103.207.10','2006-04-26 18:07:38',1,NULL),(142,'142.103.207.10','2006-04-26 18:09:57',1,NULL),(143,'142.103.207.10','2006-04-26 18:10:54',1,NULL),(144,'142.103.207.10','2006-04-26 18:11:24',1,NULL),(145,'142.103.207.10','2006-04-26 18:11:51',1,NULL),(146,'147.126.101.197','2006-04-27 16:07:30',1,NULL),(147,'147.126.101.197','2006-04-27 16:10:50',1,NULL),(148,'68.188.91.150','2006-04-27 22:46:28',1,NULL),(149,'151.152.101.44','2006-05-01 11:41:01',1,NULL),(150,'151.152.101.44','2006-05-01 11:44:01',1,NULL),(151,'151.152.101.44','2006-05-01 11:44:46',1,NULL),(152,'151.152.101.44','2006-05-01 11:45:22',1,NULL),(153,'151.152.101.44','2006-05-01 11:47:27',1,NULL),(154,'151.152.101.44','2006-05-01 11:48:51',1,NULL),(155,'151.152.101.44','2006-05-01 11:49:40',1,NULL),(156,'151.152.101.44','2006-05-01 11:50:17',1,NULL),(157,'151.152.101.44','2006-05-01 12:01:16',1,NULL),(158,'151.152.101.44','2006-05-01 12:12:21',1,NULL),(159,'128.252.11.235','2006-05-01 12:16:17',1,NULL),(160,'128.252.11.235','2006-05-01 12:16:53',1,NULL),(161,'128.252.11.235','2006-05-01 12:18:28',1,NULL),(162,'128.252.11.235','2006-05-01 12:22:06',1,NULL),(163,'128.252.11.235','2006-05-01 12:23:17',1,NULL),(164,'220.225.70.2','2006-05-02 00:30:21',1,NULL),(165,'220.225.70.2','2006-05-02 00:30:44',1,NULL),(166,'220.225.70.2','2006-05-02 00:32:54',1,NULL),(167,'220.225.70.2','2006-05-02 03:19:23',1,NULL),(168,'220.225.70.2','2006-05-02 03:23:17',1,NULL),(169,'220.225.70.2','2006-05-02 03:39:39',1,NULL),(170,'220.225.70.2','2006-05-02 03:40:27',1,NULL),(171,'220.225.70.2','2006-05-02 03:59:09',1,NULL),(172,'220.225.70.2','2006-05-02 04:30:27',1,NULL),(173,'220.225.70.2','2006-05-02 04:53:58',1,NULL),(174,'220.225.70.2','2006-05-02 04:56:44',1,NULL),(175,'220.225.70.2','2006-05-02 04:59:06',1,NULL),(176,'220.225.70.2','2006-05-02 07:54:01',1,NULL),(177,'220.225.70.2','2006-05-02 09:43:38',1,NULL),(178,'220.225.70.2','2006-05-02 09:44:17',1,NULL),(179,'220.225.70.2','2006-05-02 10:05:00',1,NULL),(180,'220.225.70.2','2006-05-02 10:05:36',1,NULL),(181,'220.225.70.2','2006-05-02 10:06:06',1,NULL),(182,'24.94.31.40','2006-05-02 12:23:48',1,NULL),(183,'24.94.31.40','2006-05-02 12:29:12',1,NULL),(184,'24.94.31.40','2006-05-02 12:29:36',1,NULL),(185,'24.94.31.40','2006-05-02 13:00:59',1,NULL),(186,'24.94.31.40','2006-05-02 13:01:23',1,NULL),(187,'24.94.31.40','2006-05-02 13:02:11',1,NULL),(188,'24.107.18.244','2006-05-02 21:53:54',1,NULL),(189,'220.225.70.2','2006-05-08 07:49:54',1,NULL),(190,'220.225.70.2','2006-05-08 07:53:59',1,NULL),(191,'220.225.70.2','2006-05-08 07:54:50',1,NULL),(192,'220.225.70.2','2006-05-08 07:55:20',1,NULL),(193,NULL,'2006-05-08 10:33:52',NULL,NULL),(194,'24.107.18.244','2006-05-09 23:41:37',1,NULL),(195,'24.107.18.244','2006-05-09 23:46:24',1,NULL),(196,'24.107.18.244','2006-05-09 23:47:00',1,NULL),(197,'24.107.18.244','2006-05-09 23:49:50',1,NULL),(198,'24.107.18.244','2006-05-09 23:59:54',1,NULL),(199,'24.107.18.244','2006-05-10 00:00:08',1,NULL),(200,'220.225.70.2','2006-05-10 04:34:37',1,NULL),(201,'155.52.40.51','2006-05-10 16:21:32',1,NULL),(202,'68.188.91.150','2006-05-11 17:41:02',1,NULL),(203,'68.188.91.150','2006-05-11 17:42:20',1,NULL),(204,'128.252.11.235','2006-05-12 16:07:03',1,NULL),(205,'69.177.223.7','2006-05-15 21:55:15',1,NULL),(206,'69.177.223.7','2006-05-15 21:57:26',1,NULL),(207,'69.177.223.7','2006-05-15 21:58:31',1,NULL),(208,'69.177.223.7','2006-05-15 21:59:23',1,NULL),(209,NULL,'2006-05-15 22:04:49',NULL,NULL),(210,'69.177.223.7','2006-05-15 22:06:06',1,NULL),(211,'69.177.223.7','2006-05-15 22:11:08',1,NULL),(212,'69.177.223.7','2006-05-16 00:48:35',1,NULL),(213,'69.177.223.7','2006-05-16 00:49:44',1,NULL),(214,'69.177.223.7','2006-05-16 01:05:07',1,NULL),(215,'69.177.223.7','2006-05-16 01:28:05',1,NULL),(216,'69.177.223.7','2006-05-16 01:29:03',1,NULL),(217,'69.177.223.7','2006-05-16 01:34:07',1,NULL),(218,'69.177.223.7','2006-05-16 01:36:32',1,NULL),(219,'220.225.70.2','2006-05-16 08:15:03',1,NULL),(220,'220.225.70.2','2006-05-16 08:16:36',1,NULL),(221,'220.225.70.2','2006-05-16 08:23:56',1,NULL),(222,'220.225.70.2','2006-05-16 08:25:12',1,NULL),(223,'220.225.70.2','2006-05-16 08:30:20',1,NULL),(224,'220.225.70.2','2006-05-16 08:36:58',1,NULL),(225,'129.176.151.118','2006-05-16 09:15:40',1,NULL),(226,'129.176.151.118','2006-05-16 09:16:25',1,NULL),(227,'129.176.151.118','2006-05-16 09:19:11',1,NULL),(228,'129.176.151.118','2006-05-16 10:17:17',1,NULL),(229,'204.60.187.1','2006-05-16 13:49:30',1,NULL),(230,'204.60.187.1','2006-05-16 13:52:09',1,NULL),(231,'204.60.187.1','2006-05-16 13:58:54',1,NULL),(232,'204.60.187.1','2006-05-16 14:00:58',1,NULL),(233,'204.60.187.1','2006-05-16 14:07:25',1,NULL),(234,'24.107.18.244','2006-05-16 23:01:47',1,NULL),(235,'192.139.125.108','2006-05-17 16:06:10',1,NULL),(236,'192.139.125.108','2006-05-17 16:06:55',1,NULL),(237,'192.139.125.108','2006-05-17 16:07:47',1,NULL),(238,'192.139.125.108','2006-05-17 16:08:57',1,NULL),(239,'137.53.25.51','2006-05-17 16:42:00',1,NULL),(240,'157.142.58.58','2006-05-17 17:35:05',1,NULL),(241,'157.142.58.58','2006-05-17 17:35:46',1,NULL),(242,'157.142.58.58','2006-05-17 17:37:51',1,NULL),(243,'192.139.125.108','2006-05-17 17:41:22',1,NULL),(244,'192.139.125.108','2006-05-17 17:42:43',1,NULL),(245,'130.15.107.10','2006-05-19 13:52:16',1,NULL),(246,'128.252.119.120','2006-05-19 14:09:25',1,NULL),(247,NULL,'2006-05-20 15:02:20',NULL,NULL),(248,'128.252.115.239','2006-05-22 15:58:41',1,NULL),(249,'128.252.115.239','2006-05-22 16:00:17',1,NULL),(250,'128.252.115.239','2006-05-22 16:30:39',1,NULL),(251,'128.252.115.239','2006-05-22 17:51:16',1,NULL),(252,'74.131.248.160','2006-05-22 17:51:39',1,NULL),(253,NULL,'2006-05-22 17:56:31',NULL,NULL),(254,'74.131.248.160','2006-05-22 17:57:42',1,NULL),(255,'74.131.248.160','2006-05-22 18:01:21',1,NULL),(256,'74.131.248.160','2006-05-22 18:01:44',1,NULL),(257,'128.252.115.239','2006-05-22 18:11:07',1,NULL),(258,NULL,'2006-05-25 04:34:55',NULL,NULL),(259,'204.60.187.198','2006-05-31 20:28:11',1,NULL),(260,'204.60.187.198','2006-05-31 20:29:23',1,NULL),(261,'204.60.187.198','2006-05-31 20:30:09',1,NULL),(262,'204.60.187.198','2006-05-31 20:30:37',1,NULL),(263,'204.60.187.198','2006-05-31 20:30:45',1,NULL),(264,'204.60.187.198','2006-05-31 20:30:58',1,NULL),(265,'204.60.187.198','2006-05-31 20:31:09',1,NULL),(266,'204.60.187.198','2006-05-31 20:31:32',1,NULL),(267,'204.60.187.198','2006-05-31 20:32:26',1,NULL),(268,'69.177.223.7','2006-05-31 22:14:00',1,NULL),(269,'69.177.223.7','2006-05-31 22:26:24',1,NULL),(270,'69.177.223.7','2006-05-31 23:39:49',1,NULL),(271,'143.111.62.33','2006-06-02 17:02:35',1,NULL),(272,'209.222.199.126','2006-06-02 17:37:38',1,NULL),(273,'125.99.13.178','2006-06-04 01:48:47',1,NULL),(274,'24.107.18.244','2006-06-04 17:11:29',1,NULL),(275,'24.107.18.244','2006-06-04 17:12:18',1,NULL),(276,'24.107.18.244','2006-06-04 17:12:35',1,NULL),(277,'24.107.18.244','2006-06-04 17:12:49',1,NULL),(278,'24.107.18.244','2006-06-04 17:13:02',1,NULL),(279,'24.107.18.244','2006-06-04 17:13:24',1,NULL),(280,'24.107.18.244','2006-06-04 17:13:38',1,NULL),(281,'24.107.18.244','2006-06-04 17:13:56',1,NULL),(282,'24.107.18.244','2006-06-04 17:14:09',1,NULL),(283,'24.107.18.244','2006-06-04 17:14:22',1,NULL),(284,'24.107.18.244','2006-06-04 17:14:32',1,NULL),(285,'24.107.18.244','2006-06-04 17:14:42',1,NULL),(286,'24.107.18.244','2006-06-04 17:15:14',1,NULL),(287,'24.107.18.244','2006-06-04 17:15:23',1,NULL),(288,'24.107.18.244','2006-06-04 17:15:30',1,NULL),(289,'24.107.18.244','2006-06-04 17:15:38',1,NULL),(290,'24.107.18.244','2006-06-04 17:16:16',1,NULL),(291,'24.107.18.244','2006-06-04 17:16:24',1,NULL),(292,'24.107.18.244','2006-06-04 17:16:33',1,NULL),(293,'24.107.18.244','2006-06-04 17:16:43',1,NULL),(294,'24.107.18.244','2006-06-04 17:16:56',1,NULL),(295,'24.107.18.244','2006-06-04 17:19:44',1,NULL),(296,'24.107.18.244','2006-06-04 17:21:00',1,NULL),(297,'24.107.18.244','2006-06-04 17:22:15',1,NULL),(298,'24.107.18.244','2006-06-04 17:24:43',1,NULL),(299,'24.107.18.244','2006-06-04 17:25:53',1,NULL),(300,'24.107.18.244','2006-06-04 17:27:12',1,NULL),(301,'24.107.18.244','2006-06-04 17:28:29',1,NULL),(302,'24.107.18.244','2006-06-04 17:32:48',1,NULL),(303,'24.107.18.244','2006-06-04 17:37:43',1,NULL),(304,'24.107.18.244','2006-06-04 17:41:24',1,NULL),(305,'24.107.18.244','2006-06-04 17:42:08',1,NULL),(306,'24.107.18.244','2006-06-04 17:43:11',1,NULL),(307,'24.107.18.244','2006-06-04 17:43:44',1,NULL),(308,'24.107.18.244','2006-06-04 17:44:31',1,NULL),(309,'24.107.18.244','2006-06-04 17:45:59',1,NULL),(310,'24.107.18.244','2006-06-04 17:47:15',1,NULL),(311,'24.107.18.244','2006-06-04 17:48:17',1,NULL),(312,'24.107.18.244','2006-06-04 17:49:14',1,NULL),(313,'24.107.18.244','2006-06-04 17:51:24',1,NULL),(314,'24.107.18.244','2006-06-04 18:15:38',1,NULL),(315,'24.107.18.244','2006-06-04 18:17:12',1,NULL),(316,'24.107.18.244','2006-06-04 18:18:06',1,NULL),(317,'24.107.18.244','2006-06-04 18:18:47',1,NULL),(318,'24.107.18.244','2006-06-04 18:19:27',1,NULL),(319,'24.107.18.244','2006-06-04 18:20:04',1,NULL),(320,'24.107.18.244','2006-06-04 18:27:13',1,NULL),(321,'24.107.18.244','2006-06-04 18:27:33',1,NULL),(322,'24.107.18.244','2006-06-04 18:27:53',1,NULL),(323,'24.107.18.244','2006-06-04 18:28:23',1,NULL),(324,'24.107.18.244','2006-06-04 18:28:47',1,NULL),(325,'24.107.18.244','2006-06-04 18:29:10',1,NULL),(326,'24.107.18.244','2006-06-04 18:29:39',1,NULL),(327,'24.107.18.244','2006-06-04 18:29:54',1,NULL),(328,'24.107.18.244','2006-06-04 18:30:24',1,NULL),(329,'24.107.18.244','2006-06-04 18:30:38',1,NULL),(330,'24.107.18.244','2006-06-04 18:31:00',1,NULL),(331,'24.107.18.244','2006-06-04 18:34:30',1,NULL),(332,'24.107.18.244','2006-06-04 18:35:05',1,NULL),(333,'24.107.18.244','2006-06-04 18:35:37',1,NULL),(334,'24.107.18.244','2006-06-04 18:36:11',1,NULL),(335,'24.107.18.244','2006-06-04 18:36:41',1,NULL),(336,'24.107.18.244','2006-06-04 18:37:06',1,NULL),(337,'24.107.18.244','2006-06-04 18:37:43',1,NULL),(338,'24.107.18.244','2006-06-04 18:38:08',1,NULL),(339,'24.107.18.244','2006-06-04 18:38:37',1,NULL),(340,'24.107.18.244','2006-06-04 18:39:05',1,NULL),(341,'24.107.18.244','2006-06-04 18:39:45',1,NULL),(342,'24.107.18.244','2006-06-04 18:40:13',1,NULL),(343,'24.107.18.244','2006-06-04 18:52:02',1,NULL),(344,'24.107.18.244','2006-06-04 18:52:58',1,NULL),(345,'24.107.18.244','2006-06-04 18:54:24',1,NULL),(346,'24.107.18.244','2006-06-04 18:55:26',1,NULL),(347,'24.107.18.244','2006-06-04 18:56:08',1,NULL),(348,'24.107.18.244','2006-06-04 19:11:22',1,NULL),(349,'24.107.18.244','2006-06-04 22:15:11',1,NULL),(350,'24.107.18.244','2006-06-04 22:16:06',1,NULL),(351,'24.107.18.244','2006-06-04 22:16:56',1,NULL),(352,'24.107.18.244','2006-06-04 22:17:57',1,NULL),(353,'24.107.18.244','2006-06-04 22:18:49',1,NULL),(354,'24.107.18.244','2006-06-04 22:19:41',1,NULL),(355,'24.107.18.244','2006-06-04 22:20:38',1,NULL),(356,'24.107.18.244','2006-06-04 22:21:25',1,NULL),(357,'24.107.18.244','2006-06-04 22:22:22',1,NULL),(358,'24.107.18.244','2006-06-04 22:23:26',1,NULL),(359,'24.107.18.244','2006-06-04 22:24:31',1,NULL),(360,'24.107.18.244','2006-06-04 22:25:14',1,NULL),(361,'24.107.18.244','2006-06-04 22:25:55',1,NULL),(362,'24.107.18.244','2006-06-04 22:26:37',1,NULL),(363,'24.107.18.244','2006-06-04 22:27:21',1,NULL),(364,'24.107.18.244','2006-06-04 22:28:23',1,NULL),(365,'24.107.18.244','2006-06-04 22:29:40',1,NULL),(366,'24.107.18.244','2006-06-04 22:30:13',1,NULL),(367,'24.107.18.244','2006-06-04 22:30:50',1,NULL),(368,'24.107.18.244','2006-06-04 22:31:24',1,NULL),(369,'24.107.18.244','2006-06-04 22:32:07',1,NULL),(370,'24.107.18.244','2006-06-04 22:32:45',1,NULL),(371,'24.107.18.244','2006-06-04 22:33:20',1,NULL),(372,'24.107.18.244','2006-06-04 22:33:52',1,NULL),(373,'24.107.18.244','2006-06-04 22:34:21',1,NULL),(374,'24.107.18.244','2006-06-04 22:34:54',1,NULL),(375,'24.107.18.244','2006-06-04 22:35:16',1,NULL),(376,'24.107.18.244','2006-06-04 22:35:35',1,NULL),(377,'24.107.18.244','2006-06-04 22:35:59',1,NULL),(378,'24.107.18.244','2006-06-04 22:36:19',1,NULL),(379,'24.107.18.244','2006-06-04 22:36:53',1,NULL),(380,'24.107.18.244','2006-06-04 22:37:10',1,NULL),(381,'24.107.18.244','2006-06-04 22:37:30',1,NULL),(382,'24.107.18.244','2006-06-04 22:37:54',1,NULL),(383,'24.107.18.244','2006-06-04 22:38:10',1,NULL),(384,'24.107.18.244','2006-06-04 22:38:28',1,NULL),(385,'24.107.18.244','2006-06-04 22:38:51',1,NULL),(386,'24.107.18.244','2006-06-04 22:39:12',1,NULL),(387,'24.107.18.244','2006-06-04 22:39:31',1,NULL),(388,'24.107.18.244','2006-06-04 22:40:15',1,NULL),(389,'24.107.18.244','2006-06-04 22:40:44',1,NULL),(390,'24.107.18.244','2006-06-04 22:41:04',1,NULL),(391,'24.107.18.244','2006-06-04 22:41:32',1,NULL),(392,'24.107.18.244','2006-06-04 22:41:52',1,NULL),(393,'24.107.18.244','2006-06-04 22:43:54',1,NULL),(394,'24.107.18.244','2006-06-04 22:44:15',1,NULL),(395,'24.107.18.244','2006-06-04 22:44:39',1,NULL),(396,'24.107.18.244','2006-06-04 22:45:54',1,NULL),(397,'24.107.18.244','2006-06-04 22:47:37',1,NULL),(398,'24.107.18.244','2006-06-04 22:48:09',1,NULL),(399,'24.107.18.244','2006-06-04 22:48:53',1,NULL),(400,'24.107.18.244','2006-06-04 22:49:28',1,NULL),(401,'24.107.18.244','2006-06-04 22:50:04',1,NULL),(402,'24.107.18.244','2006-06-04 22:50:35',1,NULL),(403,'24.107.18.244','2006-06-04 22:51:08',1,NULL),(404,'24.107.18.244','2006-06-04 22:51:47',1,NULL),(405,'24.107.18.244','2006-06-04 22:52:26',1,NULL),(406,'24.107.18.244','2006-06-04 22:52:52',1,NULL),(407,'24.107.18.244','2006-06-04 22:53:33',1,NULL),(408,'24.107.18.244','2006-06-04 22:54:17',1,NULL),(409,'24.107.18.244','2006-06-04 22:54:54',1,NULL),(410,'24.107.18.244','2006-06-04 22:55:55',1,NULL),(411,'24.107.18.244','2006-06-04 22:56:42',1,NULL),(412,'24.107.18.244','2006-06-04 22:57:20',1,NULL),(413,'24.107.18.244','2006-06-04 22:57:54',1,NULL),(414,'24.107.18.244','2006-06-04 22:58:35',1,NULL),(415,'24.107.18.244','2006-06-04 22:59:11',1,NULL),(416,'24.107.18.244','2006-06-04 22:59:52',1,NULL),(417,'24.107.18.244','2006-06-04 23:00:30',1,NULL),(418,'24.107.18.244','2006-06-04 23:01:52',1,NULL),(419,'24.107.18.244','2006-06-04 23:02:26',1,NULL),(420,'24.107.18.244','2006-06-04 23:03:00',1,NULL),(421,'24.107.18.244','2006-06-04 23:03:38',1,NULL),(422,'24.107.18.244','2006-06-04 23:04:09',1,NULL),(423,'24.107.18.244','2006-06-04 23:04:42',1,NULL),(424,'24.107.18.244','2006-06-04 23:05:13',1,NULL),(425,'24.107.18.244','2006-06-04 23:05:56',1,NULL),(426,'24.107.18.244','2006-06-04 23:06:31',1,NULL),(427,'24.107.18.244','2006-06-04 23:07:10',1,NULL),(428,'24.107.18.244','2006-06-04 23:07:56',1,NULL),(429,'24.107.18.244','2006-06-04 23:08:46',1,NULL),(430,'24.107.18.244','2006-06-04 23:09:31',1,NULL),(431,'24.107.18.244','2006-06-04 23:10:03',1,NULL),(432,'24.107.18.244','2006-06-04 23:10:29',1,NULL),(433,'24.107.18.244','2006-06-04 23:12:09',1,NULL),(434,'24.107.18.244','2006-06-04 23:12:48',1,NULL),(435,'24.107.18.244','2006-06-04 23:13:30',1,NULL),(436,'24.107.18.244','2006-06-04 23:14:23',1,NULL),(437,'24.107.18.244','2006-06-04 23:14:59',1,NULL),(438,'24.107.18.244','2006-06-04 23:15:35',1,NULL),(439,'24.107.18.244','2006-06-04 23:26:56',1,NULL),(440,'24.107.18.244','2006-06-04 23:28:50',1,NULL),(441,'24.107.18.244','2006-06-04 23:29:21',1,NULL),(442,'24.107.18.244','2006-06-04 23:29:51',1,NULL),(443,'24.107.18.244','2006-06-04 23:30:26',1,NULL),(444,'24.107.18.244','2006-06-04 23:33:48',1,NULL),(445,'24.107.18.244','2006-06-04 23:34:25',1,NULL),(446,'24.107.18.244','2006-06-04 23:34:53',1,NULL),(447,'24.107.18.244','2006-06-04 23:35:26',1,NULL),(448,'24.107.18.244','2006-06-04 23:35:48',1,NULL),(449,'24.107.18.244','2006-06-04 23:36:14',1,NULL),(450,'12.31.48.107','2006-06-05 07:14:51',1,NULL),(451,'12.31.48.107','2006-06-05 07:15:51',1,NULL),(452,'12.31.48.107','2006-06-05 07:19:34',1,NULL),(453,'12.31.48.107','2006-06-05 07:21:27',1,NULL),(454,'12.31.48.107','2006-06-05 07:21:46',1,NULL),(455,'12.31.48.107','2006-06-05 07:23:01',1,NULL),(456,'12.31.48.107','2006-06-05 08:04:32',1,NULL),(457,'12.31.48.107','2006-06-05 08:09:53',1,NULL),(458,'12.31.48.107','2006-06-05 08:23:21',1,NULL),(459,'24.107.18.244','2006-06-05 10:41:09',1,NULL),(460,'24.107.18.244','2006-06-05 10:41:54',1,NULL),(461,'24.107.18.244','2006-06-05 10:42:33',1,NULL),(462,'24.107.18.244','2006-06-05 11:04:42',1,NULL),(463,'24.107.18.244','2006-06-05 11:05:16',1,NULL),(464,'74.131.248.160','2006-06-05 13:03:20',1,NULL),(465,'74.131.248.160','2006-06-05 13:06:50',1,NULL),(466,'74.131.248.160','2006-06-05 13:06:50',1,NULL),(467,'165.124.12.77','2006-06-05 13:13:11',1,NULL),(468,'165.124.12.77','2006-06-05 13:13:34',1,NULL),(469,'165.124.12.77','2006-06-05 13:13:56',1,NULL),(470,'165.124.12.77','2006-06-05 13:15:19',1,NULL),(471,'165.124.12.204','2006-06-05 13:15:34',1,NULL),(472,'165.124.12.204','2006-06-05 13:15:51',1,NULL),(473,'165.124.12.204','2006-06-05 13:15:53',1,NULL),(474,'140.163.53.251','2006-06-05 13:16:22',1,NULL),(475,'165.124.12.204','2006-06-05 13:16:34',1,NULL),(476,'165.124.12.204','2006-06-05 13:16:36',1,NULL),(477,'165.124.12.77','2006-06-05 13:16:54',1,NULL),(478,'165.124.12.204','2006-06-05 13:17:04',1,NULL),(479,'165.124.12.77','2006-06-05 13:17:31',1,NULL),(480,'165.124.12.58','2006-06-05 13:17:53',1,NULL),(481,'165.124.12.77','2006-06-05 13:20:03',1,NULL),(482,'165.124.12.204','2006-06-05 13:20:06',1,NULL),(483,'165.124.12.68','2006-06-05 13:20:06',1,NULL),(484,'165.124.12.204','2006-06-05 13:20:08',1,NULL),(485,'165.124.12.58','2006-06-05 13:20:11',1,NULL),(486,'129.176.151.118','2006-06-05 13:20:11',1,NULL),(487,'140.163.53.251','2006-06-05 13:20:17',1,NULL),(488,'140.163.53.251','2006-06-05 13:20:17',1,NULL),(489,'165.124.12.204','2006-06-05 13:20:20',1,NULL),(490,'165.124.12.56','2006-06-05 13:20:27',1,NULL),(491,'68.236.121.10','2006-06-05 13:20:30',1,NULL),(492,'165.124.12.77','2006-06-05 13:20:31',1,NULL),(493,'165.124.12.204','2006-06-05 13:20:33',1,NULL),(494,'141.214.17.5','2006-06-05 13:20:54',1,NULL),(495,'165.124.12.204','2006-06-05 13:21:25',1,NULL),(496,'165.124.12.204','2006-06-05 13:21:34',1,NULL),(497,'165.124.12.77','2006-06-05 13:21:51',1,NULL),(498,'165.124.12.204','2006-06-05 13:22:29',1,NULL),(499,'165.124.12.58','2006-06-05 13:22:30',1,NULL),(500,'129.176.151.118','2006-06-05 13:27:09',1,NULL),(501,'165.124.12.204','2006-06-05 13:27:27',1,NULL),(502,'165.124.12.204','2006-06-05 13:27:28',1,NULL),(503,'165.124.12.68','2006-06-05 13:27:29',1,NULL),(504,'165.124.12.56','2006-06-05 13:27:47',1,NULL),(505,'165.124.12.204','2006-06-05 13:27:49',1,NULL),(506,'165.124.12.77','2006-06-05 13:27:51',1,NULL),(507,'165.124.12.58','2006-06-05 13:29:53',1,NULL),(508,'165.124.12.204','2006-06-05 13:31:23',1,NULL),(509,'142.103.207.10','2006-06-05 13:43:56',1,NULL),(510,'165.124.12.77','2006-06-05 13:44:54',1,NULL),(511,'165.124.12.68','2006-06-05 13:45:43',1,NULL),(512,'165.124.12.77','2006-06-05 13:45:56',1,NULL),(513,'165.124.12.204','2006-06-05 13:45:59',1,NULL),(514,'129.176.151.118','2006-06-05 13:46:02',1,NULL),(515,'165.124.12.58','2006-06-05 13:46:18',1,NULL),(516,'165.124.12.58','2006-06-05 13:46:47',1,NULL),(517,'165.124.12.77','2006-06-05 13:47:02',1,NULL),(518,'165.124.12.68','2006-06-05 13:47:40',1,NULL),(519,'142.103.207.10','2006-06-05 13:48:23',1,NULL),(520,'165.124.12.68','2006-06-05 13:49:01',1,NULL),(521,'165.124.12.58','2006-06-05 13:49:07',1,NULL),(522,'165.124.12.204','2006-06-05 13:49:42',1,NULL),(523,'165.124.12.58','2006-06-05 13:50:02',1,NULL),(524,'165.124.12.204','2006-06-05 13:50:33',1,NULL),(525,'165.124.12.204','2006-06-05 13:53:15',1,NULL),(526,'165.124.12.68','2006-06-05 13:53:45',1,NULL),(527,'165.124.12.68','2006-06-05 13:57:14',1,NULL),(528,'128.252.11.235','2006-06-07 14:14:20',1,NULL),(529,'128.252.11.235','2006-06-07 14:18:53',1,NULL),(530,'128.252.11.235','2006-06-07 14:19:58',1,NULL),(531,'128.252.11.235','2006-06-07 14:22:19',1,NULL),(532,'128.252.11.235','2006-06-07 14:41:24',1,NULL),(533,'128.252.11.235','2006-06-07 14:41:39',1,NULL),(534,'128.252.11.235','2006-06-07 14:47:49',1,NULL),(535,'128.252.11.235','2006-06-07 14:48:36',1,NULL),(536,'128.252.11.235','2006-06-07 14:49:59',1,NULL),(537,'128.252.11.235','2006-06-07 14:52:37',1,NULL),(538,'128.252.11.235','2006-06-07 14:54:10',1,NULL),(539,'128.252.11.235','2006-06-07 14:54:37',1,NULL),(540,'128.252.11.235','2006-06-07 15:08:22',1,NULL),(541,'74.131.248.160','2006-06-07 19:47:02',1,NULL),(542,'74.131.248.160','2006-06-07 19:48:39',1,NULL),(543,'74.131.248.160','2006-06-07 19:49:19',1,NULL),(544,'74.131.248.160','2006-06-07 19:51:04',1,NULL),(545,'74.131.248.160','2006-06-07 19:52:31',1,NULL),(546,'74.131.248.160','2006-06-07 19:54:48',1,NULL),(547,'74.131.248.160','2006-06-07 19:56:23',1,NULL),(548,'74.131.248.160','2006-06-07 19:56:31',1,NULL),(549,'74.131.248.160','2006-06-07 19:56:58',1,NULL),(550,'74.131.248.160','2006-06-07 19:58:42',1,NULL),(551,'74.131.248.160','2006-06-07 19:59:49',1,NULL),(552,'74.131.248.160','2006-06-07 20:01:06',1,NULL),(553,'74.131.248.160','2006-06-07 20:02:34',1,NULL),(554,'74.131.248.160','2006-06-07 20:06:13',1,NULL),(555,'74.131.248.160','2006-06-07 20:06:59',1,NULL),(556,'74.131.248.160','2006-06-08 07:38:58',1,NULL),(557,'74.131.248.160','2006-06-08 07:40:12',1,NULL),(558,'74.131.248.160','2006-06-08 07:43:14',1,NULL),(559,'74.131.248.160','2006-06-08 07:44:46',1,NULL),(560,'74.131.248.160','2006-06-08 07:48:19',1,NULL),(561,'74.131.248.160','2006-06-08 07:48:57',1,NULL),(562,'74.131.248.160','2006-06-08 07:50:04',1,NULL),(563,'74.131.248.160','2006-06-08 07:51:57',1,NULL),(564,'74.131.248.160','2006-06-08 07:53:20',1,NULL),(565,'74.131.248.160','2006-06-08 07:58:53',1,NULL),(566,'170.140.121.217','2006-06-08 11:58:29',1,NULL),(567,'170.140.121.217','2006-06-08 12:51:45',1,NULL),(568,'74.131.248.160','2006-06-09 07:37:44',1,NULL),(569,'74.131.248.160','2006-06-09 07:39:01',1,NULL),(570,'74.131.248.160','2006-06-09 07:46:06',1,NULL),(571,'74.131.248.160','2006-06-09 07:51:29',1,NULL),(572,'74.131.248.160','2006-06-09 07:53:38',1,NULL),(573,'74.131.248.160','2006-06-09 07:57:34',1,NULL),(574,'74.131.248.160','2006-06-09 07:59:37',1,NULL),(575,'74.131.248.160','2006-06-09 08:00:38',1,NULL),(576,'74.131.248.160','2006-06-09 08:02:11',1,NULL),(577,'74.131.248.160','2006-06-09 08:02:46',1,NULL),(578,'74.131.248.160','2006-06-09 08:04:28',1,NULL),(579,'140.107.73.191','2006-06-09 17:42:33',1,NULL),(580,'140.107.73.191','2006-06-09 17:43:30',1,NULL),(581,'140.107.73.191','2006-06-09 17:43:44',1,NULL),(582,'140.107.73.191','2006-06-09 17:43:59',1,NULL),(583,'140.107.73.191','2006-06-09 17:44:14',1,NULL),(584,'140.107.73.191','2006-06-09 17:44:23',1,NULL),(585,'140.107.73.191','2006-06-09 17:46:30',1,NULL),(586,'140.254.45.26','2006-06-14 13:15:16',1,NULL),(587,'140.254.45.26','2006-06-14 13:15:28',1,NULL),(588,'140.254.45.26','2006-06-14 13:15:50',1,NULL),(589,'140.254.45.26','2006-06-14 13:16:56',1,NULL),(590,'140.254.45.26','2006-06-14 13:19:01',1,NULL),(591,'140.107.73.191','2006-06-14 14:42:47',1,NULL),(592,'140.107.73.191','2006-06-14 14:47:50',1,NULL),(593,'140.107.73.191','2006-06-14 14:53:16',1,NULL),(594,'140.107.73.191','2006-06-14 14:55:35',1,NULL),(595,'140.107.73.191','2006-06-14 14:56:33',1,NULL),(596,'140.107.73.191','2006-06-14 15:05:36',1,NULL),(597,'140.107.73.191','2006-06-14 15:09:55',1,NULL),(598,'140.107.73.191','2006-06-14 15:14:25',1,NULL),(599,'140.107.73.191','2006-06-14 15:18:20',1,NULL),(600,'140.107.73.191','2006-06-14 17:53:08',1,NULL),(601,'140.107.73.191','2006-06-14 17:55:53',1,NULL),(602,'140.107.73.191','2006-06-14 18:22:12',1,NULL),(603,'140.107.73.191','2006-06-14 18:23:10',1,NULL),(604,'140.107.73.191','2006-06-14 18:25:02',1,NULL),(605,'140.107.73.191','2006-06-14 18:25:28',1,NULL),(606,'140.107.73.191','2006-06-14 18:30:08',1,NULL),(607,'140.107.73.191','2006-06-14 19:06:33',1,NULL),(608,'140.107.73.191','2006-06-14 20:20:48',1,NULL),(609,'140.107.73.191','2006-06-15 12:42:45',1,NULL),(610,'140.107.73.191','2006-06-15 12:51:47',1,NULL),(611,'140.107.73.191','2006-06-15 12:53:24',1,NULL),(612,'140.107.73.191','2006-06-15 15:26:08',1,NULL),(613,'140.107.73.191','2006-06-15 15:40:42',1,NULL),(614,'140.107.73.191','2006-06-15 15:42:12',1,NULL),(615,'140.107.73.191','2006-06-15 15:43:05',1,NULL),(616,'140.107.73.191','2006-06-15 15:44:00',1,NULL),(617,'140.107.73.191','2006-06-15 16:27:39',1,NULL),(618,'140.107.73.191','2006-06-15 16:28:05',1,NULL),(619,'140.107.181.147','2006-06-15 17:27:48',1,NULL),(620,'140.107.181.147','2006-06-15 17:28:40',1,NULL),(621,'66.92.83.126','2006-06-20 14:20:22',1,NULL),(622,'66.92.83.126','2006-06-20 14:24:57',1,NULL),(623,'66.92.83.126','2006-06-20 16:19:20',1,NULL),(624,'66.92.83.126','2006-06-20 16:24:06',1,NULL),(625,'60.248.108.243','2006-06-27 03:00:07',1,NULL),(626,NULL,'2006-06-27 06:45:49',NULL,NULL),(627,'130.15.107.10','2006-06-27 08:59:11',1,NULL),(628,'130.15.107.10','2006-06-27 08:59:53',1,NULL),(629,'130.15.107.10','2006-06-27 09:00:58',1,NULL),(630,'130.15.107.10','2006-06-27 09:04:16',1,NULL),(631,'206.21.18.2','2006-06-28 12:11:07',1,NULL),(632,'69.182.66.126','2006-06-29 04:08:02',1,NULL),(633,'69.182.66.126','2006-06-29 04:21:43',1,NULL),(634,'69.182.66.126','2006-06-29 04:22:09',1,NULL),(635,'131.111.27.198','2006-06-30 11:25:08',1,NULL),(636,'131.111.27.198','2006-06-30 11:35:34',1,NULL),(637,'129.78.64.104','2006-07-03 23:38:23',1,NULL),(638,'129.78.64.104','2006-07-03 23:42:07',1,NULL),(639,'150.231.52.15','2006-07-05 13:06:50',1,NULL),(640,'150.231.52.15','2006-07-05 13:07:40',1,NULL),(641,'150.231.52.15','2006-07-05 13:09:37',1,NULL),(642,'150.231.52.15','2006-07-05 13:12:49',1,NULL),(643,'128.218.201.198','2006-07-06 17:18:28',1,NULL),(644,'66.92.83.126','2006-07-10 15:53:01',1,NULL),(645,'66.92.83.126','2006-07-10 15:56:28',1,NULL),(646,'66.92.83.126','2006-07-10 15:59:49',1,NULL),(647,'66.92.83.126','2006-07-10 16:01:41',1,NULL),(648,'66.92.83.126','2006-07-10 16:04:41',1,NULL),(649,'128.218.201.198','2006-07-10 19:27:05',1,NULL),(650,'128.218.201.198','2006-07-10 19:31:06',1,NULL),(651,'128.218.201.198','2006-07-10 19:31:30',1,NULL),(652,'64.54.103.126','2006-07-11 16:08:03',1,NULL),(653,'64.54.103.126','2006-07-11 16:12:14',1,NULL),(654,'64.54.103.126','2006-07-11 16:12:33',1,NULL),(655,'64.54.103.126','2006-07-11 16:17:00',1,NULL),(656,'64.54.103.126','2006-07-11 16:19:04',1,NULL),(657,'64.54.103.126','2006-07-11 16:25:02',1,NULL),(658,'64.54.103.126','2006-07-11 16:26:10',1,NULL),(659,'64.54.103.126','2006-07-11 16:26:39',1,NULL),(660,'64.54.103.126','2006-07-11 16:27:25',1,NULL),(661,'64.54.103.126','2006-07-11 16:30:45',1,NULL),(662,'64.54.103.126','2006-07-11 16:32:07',1,NULL),(663,'64.54.103.126','2006-07-11 16:33:33',1,NULL),(664,NULL,'2006-07-12 11:06:49',NULL,NULL),(665,'156.40.34.161','2006-07-13 10:21:33',1,NULL),(666,'72.255.34.121','2006-07-17 16:03:27',1,NULL),(667,'128.252.115.64','2006-07-17 17:33:53',1,NULL),(668,NULL,'2006-07-18 07:05:25',NULL,NULL),(669,NULL,'2006-07-19 13:27:20',NULL,NULL),(670,NULL,'2006-07-20 15:43:09',NULL,NULL),(671,'128.218.201.198','2006-07-20 17:45:02',1,NULL);
UNLOCK TABLES;
/*!40000 ALTER TABLE `catissue_audit_event` ENABLE KEYS */;

--
-- Table structure for table `catissue_audit_event_details`
--

DROP TABLE IF EXISTS `catissue_audit_event_details`;
CREATE TABLE `catissue_audit_event_details` (
  `IDENTIFIER` bigint(20) NOT NULL auto_increment,
  `ELEMENT_NAME` varchar(150) default NULL,
  `PREVIOUS_VALUE` varchar(150) default NULL,
  `CURRENT_VALUE` varchar(150) default NULL,
  `AUDIT_EVENT_LOG_ID` bigint(20) default NULL,
  PRIMARY KEY  (`IDENTIFIER`),
  KEY `FK5C07745D34FFD77F` (`AUDIT_EVENT_LOG_ID`)
) ENGINE=MyISAM DEFAULT CHARSET=latin1;

--
-- Dumping data for table `catissue_audit_event_details`
--


/*!40000 ALTER TABLE `catissue_audit_event_details` DISABLE KEYS */;
LOCK TABLES `catissue_audit_event_details` WRITE;
INSERT INTO `catissue_audit_event_details` VALUES (1,'IDENTIFIER',NULL,'1',1),(2,'NAME',NULL,'WashU_Sanjuu',1),(3,'NAME',NULL,'WashU_sanju_baba',2),(4,'IDENTIFIER',NULL,'2',2),(5,'IDENTIFIER',NULL,'3',3),(6,'NAME',NULL,'WashU_sanju_b',3),(7,'IDENTIFIER',NULL,'1',4),(8,'NAME',NULL,'WashUniv',4),(9,'NAME','WashUniv','WashU_sanju',5),(10,'IDENTIFIER',NULL,'2',6),(11,'NAME',NULL,'WashU_baba',6),(12,'IDENTIFIER',NULL,'3',7),(13,'NAME',NULL,'WashUniv',7),(14,'IDENTIFIER',NULL,'4',8),(15,'NAME',NULL,'baba',8);
UNLOCK TABLES;
/*!40000 ALTER TABLE `catissue_audit_event_details` ENABLE KEYS */;

--
-- Table structure for table `catissue_audit_event_log`
--

DROP TABLE IF EXISTS `catissue_audit_event_log`;
CREATE TABLE `catissue_audit_event_log` (
  `IDENTIFIER` bigint(20) NOT NULL auto_increment,
  `OBJECT_IDENTIFIER` bigint(20) default NULL,
  `OBJECT_NAME` varchar(50) default NULL,
  `EVENT_TYPE` varchar(50) default NULL,
  `AUDIT_EVENT_ID` bigint(20) default NULL,
  PRIMARY KEY  (`IDENTIFIER`),
  KEY `FK8BB672DF77F0B904` (`AUDIT_EVENT_ID`)
) ENGINE=MyISAM DEFAULT CHARSET=latin1;

--
-- Dumping data for table `catissue_audit_event_log`
--


/*!40000 ALTER TABLE `catissue_audit_event_log` DISABLE KEYS */;
LOCK TABLES `catissue_audit_event_log` WRITE;
INSERT INTO `catissue_audit_event_log` VALUES (1,1,'CATISSUE_INSTITUTION','INSERT',1),(2,2,'CATISSUE_INSTITUTION','INSERT',2),(3,3,'CATISSUE_INSTITUTION','INSERT',3),(4,1,'CATISSUE_DEPARTMENT','INSERT',4),(5,1,'CATISSUE_DEPARTMENT','UPDATE',5),(6,2,'CATISSUE_DEPARTMENT','INSERT',6),(7,3,'CATISSUE_DEPARTMENT','INSERT',7),(8,4,'CATISSUE_DEPARTMENT','INSERT',8),(9,1,'CATISSUE_SPECIMEN_REQUIREMENT','INSERT',7),(10,1,'CATISSUE_COLLECTION_PROTOCOL','INSERT',7),(11,1,'CATISSUE_PART_MEDICAL_ID','INSERT',8),(12,1,'CATISSUE_PARTICIPANT','INSERT',8),(13,1,'CATISSUE_COLL_PROT_REG','INSERT',9),(14,2,'CATISSUE_CANCER_RESEARCH_GROUP','INSERT',10),(15,2,'CATISSUE_CANCER_RESEARCH_GROUP','UPDATE',11),(16,2,'CATISSUE_CANCER_RESEARCH_GROUP','UPDATE',12),(17,3,'CATISSUE_CANCER_RESEARCH_GROUP','INSERT',13),(18,1,'CATISSUE_SITE','INSERT',14),(19,2,'CATISSUE_ADDRESS','INSERT',14),(20,1,'CATISSUE_SITE','UPDATE',15),(21,1,'CATISSUE_CLINICAL_REPORT','INSERT',16),(22,1,'CATISSUE_SPECIMEN_COLL_GROUP','INSERT',16),(23,1,'CATISSUE_STORAGE_CONT_CAPACITY','INSERT',17),(24,1,'CATISSUE_STORAGE_TYPE','INSERT',17),(25,15,'CATISSUE_STORAGE_CONT_DETAILS','INSERT',18),(26,15,'CATISSUE_STORAGE_CONTAINER','INSERT',18),(27,5,'CATISSUE_STORAGE_CONTAINER','INSERT',18),(28,12,'CATISSUE_STORAGE_CONT_CAPACITY','INSERT',18),(29,9,'CATISSUE_STORAGE_CONTAINER','INSERT',18),(30,7,'CATISSUE_STORAGE_CONTAINER','INSERT',18),(31,8,'CATISSUE_STORAGE_CONTAINER','INSERT',18),(32,10,'CATISSUE_STORAGE_CONT_CAPACITY','INSERT',18),(33,8,'CATISSUE_STORAGE_CONT_CAPACITY','INSERT',18),(34,3,'CATISSUE_STORAGE_CONTAINER','INSERT',18),(35,12,'CATISSUE_STORAGE_CONT_DETAILS','INSERT',18),(36,11,'CATISSUE_STORAGE_CONTAINER','INSERT',18),(37,14,'CATISSUE_STORAGE_CONT_DETAILS','INSERT',18),(38,3,'CATISSUE_STORAGE_CONT_CAPACITY','INSERT',18),(39,13,'CATISSUE_STORAGE_CONT_CAPACITY','INSERT',18),(40,8,'CATISSUE_STORAGE_CONT_DETAILS','INSERT',18),(41,13,'CATISSUE_STORAGE_CONT_DETAILS','INSERT',18),(42,1,'CATISSUE_STORAGE_CONTAINER','INSERT',18),(43,10,'CATISSUE_STORAGE_CONT_DETAILS','INSERT',18),(44,13,'CATISSUE_STORAGE_CONTAINER','INSERT',18),(45,6,'CATISSUE_STORAGE_CONTAINER','INSERT',18),(46,16,'CATISSUE_STORAGE_CONT_CAPACITY','INSERT',18),(47,12,'CATISSUE_STORAGE_CONTAINER','INSERT',18),(48,14,'CATISSUE_STORAGE_CONT_CAPACITY','INSERT',18),(49,3,'CATISSUE_STORAGE_CONT_DETAILS','INSERT',18),(50,11,'CATISSUE_STORAGE_CONT_CAPACITY','INSERT',18),(51,4,'CATISSUE_STORAGE_CONTAINER','INSERT',18),(52,2,'CATISSUE_STORAGE_CONT_DETAILS','INSERT',18),(53,2,'CATISSUE_STORAGE_CONTAINER','INSERT',18),(54,9,'CATISSUE_STORAGE_CONT_CAPACITY','INSERT',18),(55,4,'CATISSUE_STORAGE_CONT_CAPACITY','INSERT',18),(56,14,'CATISSUE_STORAGE_CONTAINER','INSERT',18),(57,2,'CATISSUE_STORAGE_CONT_CAPACITY','INSERT',18),(58,7,'CATISSUE_STORAGE_CONT_CAPACITY','INSERT',18),(59,9,'CATISSUE_STORAGE_CONT_DETAILS','INSERT',18),(60,11,'CATISSUE_STORAGE_CONT_DETAILS','INSERT',18),(61,10,'CATISSUE_STORAGE_CONTAINER','INSERT',18),(62,1,'CATISSUE_STORAGE_CONT_DETAILS','INSERT',18),(63,6,'CATISSUE_STORAGE_CONT_DETAILS','INSERT',18),(64,4,'CATISSUE_STORAGE_CONT_DETAILS','INSERT',18),(65,5,'CATISSUE_STORAGE_CONT_DETAILS','INSERT',18),(66,5,'CATISSUE_STORAGE_CONT_CAPACITY','INSERT',18),(67,15,'CATISSUE_STORAGE_CONT_CAPACITY','INSERT',18),(68,7,'CATISSUE_STORAGE_CONT_DETAILS','INSERT',18),(69,6,'CATISSUE_STORAGE_CONT_CAPACITY','INSERT',18),(70,1,'CATISSUE_SPECIMEN','INSERT',19),(71,1,'CATISSUE_SPECIMEN_CHAR','INSERT',19),(72,1,'CATISSUE_EXTERNAL_IDENTIFIER','INSERT',19),(73,4,'CATISSUE_CANCER_RESEARCH_GROUP','INSERT',20),(74,4,'CATISSUE_CANCER_RESEARCH_GROUP','UPDATE',21),(75,5,'CATISSUE_CANCER_RESEARCH_GROUP','INSERT',22),(76,6,'CATISSUE_CANCER_RESEARCH_GROUP','INSERT',23),(77,2,'CATISSUE_INSTITUTION','INSERT',24),(78,2,'CATISSUE_DEPARTMENT','INSERT',25),(79,7,'CATISSUE_CANCER_RESEARCH_GROUP','INSERT',26),(80,2,'CATISSUE_SITE','INSERT',27),(81,3,'CATISSUE_ADDRESS','INSERT',27),(82,1,'CATISSUE_STORAGE_CONT_CAPACITY','UPDATE',28),(83,1,'CATISSUE_STORAGE_TYPE','UPDATE',28),(84,16,'CATISSUE_STORAGE_CONT_DETAILS','INSERT',29),(85,16,'CATISSUE_STORAGE_CONTAINER','INSERT',29),(86,17,'CATISSUE_STORAGE_CONT_CAPACITY','INSERT',29),(87,16,'CATISSUE_STORAGE_CONT_DETAILS','UPDATE',30),(88,1,'CATISSUE_BIOHAZARD','INSERT',31),(89,4,'CATISSUE_ADDRESS','INSERT',32),(90,3,'CATISSUE_USER','INSERT',32),(91,9,'CATISSUE_SPECIMEN_REQUIREMENT','INSERT',33),(92,9,'CATISSUE_COLL_PROT_EVENT','INSERT',33),(93,2,'CATISSUE_COLLECTION_PROTOCOL','INSERT',33),(94,5,'CATISSUE_SPECIMEN_REQUIREMENT','INSERT',33),(95,8,'CATISSUE_COLL_PROT_EVENT','INSERT',33),(96,3,'CATISSUE_SPECIMEN_REQUIREMENT','INSERT',33),(97,10,'CATISSUE_COLL_PROT_EVENT','INSERT',33),(98,2,'CATISSUE_COLL_PROT_EVENT','INSERT',33),(99,6,'CATISSUE_SPECIMEN_REQUIREMENT','INSERT',33),(100,5,'CATISSUE_COLL_PROT_EVENT','INSERT',33),(101,7,'CATISSUE_SPECIMEN_REQUIREMENT','INSERT',33),(102,10,'CATISSUE_SPECIMEN_REQUIREMENT','INSERT',33),(103,4,'CATISSUE_SPECIMEN_REQUIREMENT','INSERT',33),(104,8,'CATISSUE_SPECIMEN_REQUIREMENT','INSERT',33),(105,3,'CATISSUE_COLL_PROT_EVENT','INSERT',33),(106,2,'CATISSUE_SPECIMEN_REQUIREMENT','INSERT',33),(107,7,'CATISSUE_COLL_PROT_EVENT','INSERT',33),(108,6,'CATISSUE_COLL_PROT_EVENT','INSERT',33),(109,4,'CATISSUE_COLL_PROT_EVENT','INSERT',33),(110,3,'CATISSUE_DISTRIBUTION_PROTOCOL','INSERT',34),(111,11,'CATISSUE_SPECIMEN_REQUIREMENT','INSERT',34),(112,2,'CATISSUE_EXTERNAL_IDENTIFIER','INSERT',35),(113,2,'CATISSUE_SPECIMEN','INSERT',35),(114,1,'CATISSUE_FROZEN_EVENT_PARAM','INSERT',36),(115,3,'CATISSUE_EXTERNAL_IDENTIFIER','INSERT',37),(116,3,'CATISSUE_SPECIMEN','INSERT',37),(117,2,'CATISSUE_COLL_PROT_REG','INSERT',38),(118,2,'CATISSUE_SPECIMEN_CHAR','INSERT',39),(119,4,'CATISSUE_SPECIMEN','INSERT',39),(120,4,'CATISSUE_EXTERNAL_IDENTIFIER','INSERT',39),(121,3,'CATISSUE_INSTITUTION','INSERT',40),(122,3,'CATISSUE_DEPARTMENT','INSERT',41),(123,8,'CATISSUE_CANCER_RESEARCH_GROUP','INSERT',42),(124,5,'CATISSUE_ADDRESS','INSERT',43),(125,4,'CATISSUE_USER','INSERT',43),(126,5,'CATISSUE_USER','INSERT',44),(127,6,'CATISSUE_ADDRESS','INSERT',44),(128,6,'CATISSUE_USER','INSERT',45),(129,7,'CATISSUE_ADDRESS','INSERT',45),(130,5,'CATISSUE_USER','UPDATE',46),(131,8,'CATISSUE_ADDRESS','INSERT',47),(132,3,'CATISSUE_SITE','INSERT',47),(133,18,'CATISSUE_STORAGE_CONT_CAPACITY','INSERT',48),(134,2,'CATISSUE_STORAGE_TYPE','INSERT',48),(135,19,'CATISSUE_STORAGE_CONT_CAPACITY','INSERT',49),(136,3,'CATISSUE_STORAGE_TYPE','INSERT',49),(137,4,'CATISSUE_STORAGE_TYPE','INSERT',50),(138,20,'CATISSUE_STORAGE_CONT_CAPACITY','INSERT',50),(139,5,'CATISSUE_STORAGE_TYPE','INSERT',51),(140,21,'CATISSUE_STORAGE_CONT_CAPACITY','INSERT',51),(141,22,'CATISSUE_STORAGE_CONT_CAPACITY','INSERT',52),(142,17,'CATISSUE_STORAGE_CONTAINER','INSERT',52),(143,17,'CATISSUE_STORAGE_CONT_DETAILS','INSERT',52),(144,23,'CATISSUE_STORAGE_CONT_CAPACITY','INSERT',53),(145,18,'CATISSUE_STORAGE_CONT_DETAILS','INSERT',53),(146,18,'CATISSUE_STORAGE_CONTAINER','INSERT',53),(147,19,'CATISSUE_STORAGE_CONTAINER','INSERT',54),(148,19,'CATISSUE_STORAGE_CONT_DETAILS','INSERT',54),(149,24,'CATISSUE_STORAGE_CONT_CAPACITY','INSERT',54),(150,36,'CATISSUE_STORAGE_CONTAINER','INSERT',55),(151,33,'CATISSUE_STORAGE_CONTAINER','INSERT',55),(152,33,'CATISSUE_STORAGE_CONT_DETAILS','INSERT',55),(153,29,'CATISSUE_STORAGE_CONT_DETAILS','INSERT',55),(154,34,'CATISSUE_STORAGE_CONTAINER','INSERT',55),(155,28,'CATISSUE_STORAGE_CONT_DETAILS','INSERT',55),(156,42,'CATISSUE_STORAGE_CONT_CAPACITY','INSERT',55),(157,23,'CATISSUE_STORAGE_CONTAINER','INSERT',55),(158,35,'CATISSUE_STORAGE_CONT_DETAILS','INSERT',55),(159,28,'CATISSUE_STORAGE_CONT_CAPACITY','INSERT',55),(160,30,'CATISSUE_STORAGE_CONT_CAPACITY','INSERT',55),(161,30,'CATISSUE_STORAGE_CONTAINER','INSERT',55),(162,22,'CATISSUE_STORAGE_CONTAINER','INSERT',55),(163,24,'CATISSUE_STORAGE_CONTAINER','INSERT',55),(164,31,'CATISSUE_STORAGE_CONT_DETAILS','INSERT',55),(165,41,'CATISSUE_STORAGE_CONT_CAPACITY','INSERT',55),(166,38,'CATISSUE_STORAGE_CONTAINER','INSERT',55),(167,28,'CATISSUE_STORAGE_CONTAINER','INSERT',55),(168,32,'CATISSUE_STORAGE_CONT_DETAILS','INSERT',55),(169,31,'CATISSUE_STORAGE_CONTAINER','INSERT',55),(170,24,'CATISSUE_STORAGE_CONT_DETAILS','INSERT',55),(171,20,'CATISSUE_STORAGE_CONT_DETAILS','INSERT',55),(172,32,'CATISSUE_STORAGE_CONTAINER','INSERT',55),(173,34,'CATISSUE_STORAGE_CONT_CAPACITY','INSERT',55),(174,43,'CATISSUE_STORAGE_CONT_CAPACITY','INSERT',55),(175,30,'CATISSUE_STORAGE_CONT_DETAILS','INSERT',55),(176,29,'CATISSUE_STORAGE_CONT_CAPACITY','INSERT',55),(177,27,'CATISSUE_STORAGE_CONT_DETAILS','INSERT',55),(178,32,'CATISSUE_STORAGE_CONT_CAPACITY','INSERT',55),(179,25,'CATISSUE_STORAGE_CONT_CAPACITY','INSERT',55),(180,34,'CATISSUE_STORAGE_CONT_DETAILS','INSERT',55),(181,44,'CATISSUE_STORAGE_CONT_CAPACITY','INSERT',55),(182,36,'CATISSUE_STORAGE_CONT_DETAILS','INSERT',55),(183,37,'CATISSUE_STORAGE_CONT_CAPACITY','INSERT',55),(184,21,'CATISSUE_STORAGE_CONT_DETAILS','INSERT',55),(185,40,'CATISSUE_STORAGE_CONT_CAPACITY','INSERT',55),(186,38,'CATISSUE_STORAGE_CONT_CAPACITY','INSERT',55),(187,23,'CATISSUE_STORAGE_CONT_DETAILS','INSERT',55),(188,36,'CATISSUE_STORAGE_CONT_CAPACITY','INSERT',55),(189,20,'CATISSUE_STORAGE_CONTAINER','INSERT',55),(190,27,'CATISSUE_STORAGE_CONTAINER','INSERT',55),(191,25,'CATISSUE_STORAGE_CONT_DETAILS','INSERT',55),(192,39,'CATISSUE_STORAGE_CONT_DETAILS','INSERT',55),(193,27,'CATISSUE_STORAGE_CONT_CAPACITY','INSERT',55),(194,26,'CATISSUE_STORAGE_CONT_CAPACITY','INSERT',55),(195,31,'CATISSUE_STORAGE_CONT_CAPACITY','INSERT',55),(196,39,'CATISSUE_STORAGE_CONTAINER','INSERT',55),(197,38,'CATISSUE_STORAGE_CONT_DETAILS','INSERT',55),(198,25,'CATISSUE_STORAGE_CONTAINER','INSERT',55),(199,21,'CATISSUE_STORAGE_CONTAINER','INSERT',55),(200,37,'CATISSUE_STORAGE_CONT_DETAILS','INSERT',55),(201,35,'CATISSUE_STORAGE_CONTAINER','INSERT',55),(202,39,'CATISSUE_STORAGE_CONT_CAPACITY','INSERT',55),(203,33,'CATISSUE_STORAGE_CONT_CAPACITY','INSERT',55),(204,29,'CATISSUE_STORAGE_CONTAINER','INSERT',55),(205,26,'CATISSUE_STORAGE_CONTAINER','INSERT',55),(206,26,'CATISSUE_STORAGE_CONT_DETAILS','INSERT',55),(207,35,'CATISSUE_STORAGE_CONT_CAPACITY','INSERT',55),(208,37,'CATISSUE_STORAGE_CONTAINER','INSERT',55),(209,22,'CATISSUE_STORAGE_CONT_DETAILS','INSERT',55),(210,40,'CATISSUE_STORAGE_CONT_DETAILS','INSERT',56),(211,44,'CATISSUE_STORAGE_CONTAINER','INSERT',56),(212,41,'CATISSUE_STORAGE_CONTAINER','INSERT',56),(213,46,'CATISSUE_STORAGE_CONT_DETAILS','INSERT',56),(214,63,'CATISSUE_STORAGE_CONT_CAPACITY','INSERT',56),(215,48,'CATISSUE_STORAGE_CONTAINER','INSERT',56),(216,42,'CATISSUE_STORAGE_CONTAINER','INSERT',56),(217,58,'CATISSUE_STORAGE_CONTAINER','INSERT',56),(218,52,'CATISSUE_STORAGE_CONT_DETAILS','INSERT',56),(219,46,'CATISSUE_STORAGE_CONTAINER','INSERT',56),(220,50,'CATISSUE_STORAGE_CONTAINER','INSERT',56),(221,45,'CATISSUE_STORAGE_CONTAINER','INSERT',56),(222,55,'CATISSUE_STORAGE_CONTAINER','INSERT',56),(223,40,'CATISSUE_STORAGE_CONTAINER','INSERT',56),(224,50,'CATISSUE_STORAGE_CONT_CAPACITY','INSERT',56),(225,42,'CATISSUE_STORAGE_CONT_DETAILS','INSERT',56),(226,41,'CATISSUE_STORAGE_CONT_DETAILS','INSERT',56),(227,52,'CATISSUE_STORAGE_CONT_CAPACITY','INSERT',56),(228,50,'CATISSUE_STORAGE_CONT_DETAILS','INSERT',56),(229,54,'CATISSUE_STORAGE_CONT_DETAILS','INSERT',56),(230,57,'CATISSUE_STORAGE_CONT_DETAILS','INSERT',56),(231,53,'CATISSUE_STORAGE_CONT_CAPACITY','INSERT',56),(232,44,'CATISSUE_STORAGE_CONT_DETAILS','INSERT',56),(233,43,'CATISSUE_STORAGE_CONTAINER','INSERT',56),(234,46,'CATISSUE_STORAGE_CONT_CAPACITY','INSERT',56),(235,45,'CATISSUE_STORAGE_CONT_DETAILS','INSERT',56),(236,52,'CATISSUE_STORAGE_CONTAINER','INSERT',56),(237,47,'CATISSUE_STORAGE_CONT_DETAILS','INSERT',56),(238,49,'CATISSUE_STORAGE_CONT_DETAILS','INSERT',56),(239,55,'CATISSUE_STORAGE_CONT_CAPACITY','INSERT',56),(240,57,'CATISSUE_STORAGE_CONT_CAPACITY','INSERT',56),(241,64,'CATISSUE_STORAGE_CONT_CAPACITY','INSERT',56),(242,53,'CATISSUE_STORAGE_CONT_DETAILS','INSERT',56),(243,62,'CATISSUE_STORAGE_CONT_CAPACITY','INSERT',56),(244,57,'CATISSUE_STORAGE_CONTAINER','INSERT',56),(245,49,'CATISSUE_STORAGE_CONTAINER','INSERT',56),(246,58,'CATISSUE_STORAGE_CONT_CAPACITY','INSERT',56),(247,43,'CATISSUE_STORAGE_CONT_DETAILS','INSERT',56),(248,59,'CATISSUE_STORAGE_CONT_DETAILS','INSERT',56),(249,59,'CATISSUE_STORAGE_CONT_CAPACITY','INSERT',56),(250,47,'CATISSUE_STORAGE_CONTAINER','INSERT',56),(251,56,'CATISSUE_STORAGE_CONTAINER','INSERT',56),(252,54,'CATISSUE_STORAGE_CONTAINER','INSERT',56),(253,53,'CATISSUE_STORAGE_CONTAINER','INSERT',56),(254,51,'CATISSUE_STORAGE_CONT_DETAILS','INSERT',56),(255,51,'CATISSUE_STORAGE_CONTAINER','INSERT',56),(256,60,'CATISSUE_STORAGE_CONT_CAPACITY','INSERT',56),(257,61,'CATISSUE_STORAGE_CONT_CAPACITY','INSERT',56),(258,48,'CATISSUE_STORAGE_CONT_DETAILS','INSERT',56),(259,48,'CATISSUE_STORAGE_CONT_CAPACITY','INSERT',56),(260,59,'CATISSUE_STORAGE_CONTAINER','INSERT',56),(261,56,'CATISSUE_STORAGE_CONT_DETAILS','INSERT',56),(262,56,'CATISSUE_STORAGE_CONT_CAPACITY','INSERT',56),(263,47,'CATISSUE_STORAGE_CONT_CAPACITY','INSERT',56),(264,49,'CATISSUE_STORAGE_CONT_CAPACITY','INSERT',56),(265,45,'CATISSUE_STORAGE_CONT_CAPACITY','INSERT',56),(266,51,'CATISSUE_STORAGE_CONT_CAPACITY','INSERT',56),(267,58,'CATISSUE_STORAGE_CONT_DETAILS','INSERT',56),(268,55,'CATISSUE_STORAGE_CONT_DETAILS','INSERT',56),(269,54,'CATISSUE_STORAGE_CONT_CAPACITY','INSERT',56),(270,4,'CATISSUE_COLLECTION_PROTOCOL','INSERT',57),(271,16,'CATISSUE_SPECIMEN_REQUIREMENT','INSERT',57),(272,12,'CATISSUE_COLL_PROT_EVENT','INSERT',57),(273,12,'CATISSUE_SPECIMEN_REQUIREMENT','INSERT',57),(274,11,'CATISSUE_COLL_PROT_EVENT','INSERT',57),(275,15,'CATISSUE_SPECIMEN_REQUIREMENT','INSERT',57),(276,13,'CATISSUE_SPECIMEN_REQUIREMENT','INSERT',57),(277,17,'CATISSUE_SPECIMEN_REQUIREMENT','INSERT',57),(278,14,'CATISSUE_SPECIMEN_REQUIREMENT','INSERT',57),(279,2,'CATISSUE_PART_MEDICAL_ID','INSERT',58),(280,2,'CATISSUE_PARTICIPANT','INSERT',58),(281,3,'CATISSUE_COLL_PROT_REG','INSERT',59),(282,3,'CATISSUE_PARTICIPANT','INSERT',60),(283,3,'CATISSUE_PART_MEDICAL_ID','INSERT',60),(284,4,'CATISSUE_COLL_PROT_REG','INSERT',60),(285,4,'CATISSUE_SITE','INSERT',61),(286,9,'CATISSUE_ADDRESS','INSERT',61),(287,2,'CATISSUE_CLINICAL_REPORT','INSERT',62),(288,2,'CATISSUE_SPECIMEN_COLL_GROUP','INSERT',62),(289,3,'CATISSUE_CLINICAL_REPORT','INSERT',63),(290,3,'CATISSUE_SPECIMEN_COLL_GROUP','INSERT',63),(291,5,'CATISSUE_SPECIMEN','INSERT',64),(292,5,'CATISSUE_EXTERNAL_IDENTIFIER','INSERT',64),(293,3,'CATISSUE_SPECIMEN_CHAR','INSERT',64),(294,6,'CATISSUE_EXTERNAL_IDENTIFIER','INSERT',65),(295,4,'CATISSUE_SPECIMEN_CHAR','INSERT',65),(296,6,'CATISSUE_SPECIMEN','INSERT',65),(297,2,'CATISSUE_TIS_SPE_EVENT_PARAM','INSERT',66),(298,3,'CATISSUE_THAW_EVENT_PARAMETERS','INSERT',67),(299,6,'CATISSUE_STORAGE_TYPE','INSERT',68),(300,65,'CATISSUE_STORAGE_CONT_CAPACITY','INSERT',68),(301,60,'CATISSUE_STORAGE_CONTAINER','INSERT',69),(302,66,'CATISSUE_STORAGE_CONT_CAPACITY','INSERT',69),(303,60,'CATISSUE_STORAGE_CONT_DETAILS','INSERT',69),(304,70,'CATISSUE_STORAGE_CONT_DETAILS','INSERT',70),(305,76,'CATISSUE_STORAGE_CONT_DETAILS','INSERT',70),(306,67,'CATISSUE_STORAGE_CONT_DETAILS','INSERT',70),(307,72,'CATISSUE_STORAGE_CONTAINER','INSERT',70),(308,70,'CATISSUE_STORAGE_CONT_CAPACITY','INSERT',70),(309,70,'CATISSUE_STORAGE_CONTAINER','INSERT',70),(310,69,'CATISSUE_STORAGE_CONTAINER','INSERT',70),(311,65,'CATISSUE_STORAGE_CONTAINER','INSERT',70),(312,67,'CATISSUE_STORAGE_CONTAINER','INSERT',70),(313,69,'CATISSUE_STORAGE_CONT_CAPACITY','INSERT',70),(314,76,'CATISSUE_STORAGE_CONT_CAPACITY','INSERT',70),(315,80,'CATISSUE_STORAGE_CONT_CAPACITY','INSERT',70),(316,78,'CATISSUE_STORAGE_CONTAINER','INSERT',70),(317,65,'CATISSUE_STORAGE_CONT_DETAILS','INSERT',70),(318,71,'CATISSUE_STORAGE_CONT_CAPACITY','INSERT',70),(319,79,'CATISSUE_STORAGE_CONT_DETAILS','INSERT',70),(320,61,'CATISSUE_STORAGE_CONTAINER','INSERT',70),(321,75,'CATISSUE_STORAGE_CONT_CAPACITY','INSERT',70),(322,71,'CATISSUE_STORAGE_CONTAINER','INSERT',70),(323,77,'CATISSUE_STORAGE_CONT_CAPACITY','INSERT',70),(324,68,'CATISSUE_STORAGE_CONTAINER','INSERT',70),(325,74,'CATISSUE_STORAGE_CONTAINER','INSERT',70),(326,68,'CATISSUE_STORAGE_CONT_CAPACITY','INSERT',70),(327,68,'CATISSUE_STORAGE_CONT_DETAILS','INSERT',70),(328,63,'CATISSUE_STORAGE_CONT_DETAILS','INSERT',70),(329,61,'CATISSUE_STORAGE_CONT_DETAILS','INSERT',70),(330,74,'CATISSUE_STORAGE_CONT_DETAILS','INSERT',70),(331,73,'CATISSUE_STORAGE_CONTAINER','INSERT',70),(332,79,'CATISSUE_STORAGE_CONT_CAPACITY','INSERT',70),(333,62,'CATISSUE_STORAGE_CONTAINER','INSERT',70),(334,74,'CATISSUE_STORAGE_CONT_CAPACITY','INSERT',70),(335,75,'CATISSUE_STORAGE_CONT_DETAILS','INSERT',70),(336,82,'CATISSUE_STORAGE_CONT_CAPACITY','INSERT',70),(337,78,'CATISSUE_STORAGE_CONT_DETAILS','INSERT',70),(338,63,'CATISSUE_STORAGE_CONTAINER','INSERT',70),(339,80,'CATISSUE_STORAGE_CONTAINER','INSERT',70),(340,86,'CATISSUE_STORAGE_CONT_CAPACITY','INSERT',70),(341,72,'CATISSUE_STORAGE_CONT_CAPACITY','INSERT',70),(342,77,'CATISSUE_STORAGE_CONTAINER','INSERT',70),(343,66,'CATISSUE_STORAGE_CONTAINER','INSERT',70),(344,75,'CATISSUE_STORAGE_CONTAINER','INSERT',70),(345,76,'CATISSUE_STORAGE_CONTAINER','INSERT',70),(346,79,'CATISSUE_STORAGE_CONTAINER','INSERT',70),(347,73,'CATISSUE_STORAGE_CONT_CAPACITY','INSERT',70),(348,77,'CATISSUE_STORAGE_CONT_DETAILS','INSERT',70),(349,71,'CATISSUE_STORAGE_CONT_DETAILS','INSERT',70),(350,84,'CATISSUE_STORAGE_CONT_CAPACITY','INSERT',70),(351,62,'CATISSUE_STORAGE_CONT_DETAILS','INSERT',70),(352,64,'CATISSUE_STORAGE_CONT_DETAILS','INSERT',70),(353,69,'CATISSUE_STORAGE_CONT_DETAILS','INSERT',70),(354,78,'CATISSUE_STORAGE_CONT_CAPACITY','INSERT',70),(355,64,'CATISSUE_STORAGE_CONTAINER','INSERT',70),(356,67,'CATISSUE_STORAGE_CONT_CAPACITY','INSERT',70),(357,73,'CATISSUE_STORAGE_CONT_DETAILS','INSERT',70),(358,81,'CATISSUE_STORAGE_CONT_CAPACITY','INSERT',70),(359,72,'CATISSUE_STORAGE_CONT_DETAILS','INSERT',70),(360,80,'CATISSUE_STORAGE_CONT_DETAILS','INSERT',70),(361,66,'CATISSUE_STORAGE_CONT_DETAILS','INSERT',70),(362,85,'CATISSUE_STORAGE_CONT_CAPACITY','INSERT',70),(363,83,'CATISSUE_STORAGE_CONT_CAPACITY','INSERT',70),(364,7,'CATISSUE_SPECIMEN','INSERT',71),(365,7,'CATISSUE_EXTERNAL_IDENTIFIER','INSERT',71),(366,4,'CATISSUE_MOL_SPE_REVIEW_PARAM','INSERT',72),(367,5,'CATISSUE_COLL_PROT_REG','INSERT',73),(368,4,'CATISSUE_CLINICAL_REPORT','INSERT',74),(369,4,'CATISSUE_SPECIMEN_COLL_GROUP','INSERT',74),(370,2,'CATISSUE_USER','UPDATE',75),(371,2,'CATISSUE_USER','UPDATE',76),(372,2,'CATISSUE_STORAGE_TYPE','UPDATE',77),(373,2,'CATISSUE_STORAGE_TYPE','UPDATE',78),(374,5,'CATISSUE_CLINICAL_REPORT','INSERT',79),(375,5,'CATISSUE_SPECIMEN_COLL_GROUP','INSERT',79),(376,8,'CATISSUE_EXTERNAL_IDENTIFIER','INSERT',80),(377,5,'CATISSUE_SPECIMEN_CHAR','INSERT',80),(378,8,'CATISSUE_SPECIMEN','INSERT',80),(379,10,'CATISSUE_ADDRESS','INSERT',81),(380,7,'CATISSUE_USER','INSERT',81),(381,4,'CATISSUE_INSTITUTION','INSERT',82),(382,4,'CATISSUE_DEPARTMENT','INSERT',83),(383,9,'CATISSUE_CANCER_RESEARCH_GROUP','INSERT',84),(384,8,'CATISSUE_USER','INSERT',85),(385,11,'CATISSUE_ADDRESS','INSERT',85),(386,1,'CATISSUE_DISTRIBUTED_ITEM','INSERT',86),(387,1,'CATISSUE_DISTRIBUTION','INSERT',86),(388,1,'CATISSUE_DISTRIBUTION','UPDATE',87),(389,6,'CATISSUE_SPECIMEN_CHAR','INSERT',88),(390,9,'CATISSUE_SPECIMEN','INSERT',88),(391,9,'CATISSUE_EXTERNAL_IDENTIFIER','INSERT',88),(392,5,'CATISSUE_THAW_EVENT_PARAMETERS','INSERT',89),(393,10,'CATISSUE_SPECIMEN','INSERT',90),(394,10,'CATISSUE_EXTERNAL_IDENTIFIER','INSERT',90),(395,10,'CATISSUE_EXTERNAL_IDENTIFIER','UPDATE',91),(396,11,'CATISSUE_EXTERNAL_IDENTIFIER','UPDATE',91),(397,81,'CATISSUE_STORAGE_CONT_DETAILS','INSERT',92),(398,81,'CATISSUE_STORAGE_CONTAINER','INSERT',92),(399,87,'CATISSUE_STORAGE_CONT_CAPACITY','INSERT',92),(400,19,'CATISSUE_STORAGE_CONT_CAPACITY','UPDATE',93),(401,81,'CATISSUE_STORAGE_CONTAINER','UPDATE',94),(402,82,'CATISSUE_STORAGE_CONTAINER','INSERT',95),(403,82,'CATISSUE_STORAGE_CONT_DETAILS','INSERT',95),(404,88,'CATISSUE_STORAGE_CONT_CAPACITY','INSERT',95),(405,83,'CATISSUE_STORAGE_CONT_DETAILS','INSERT',96),(406,83,'CATISSUE_STORAGE_CONTAINER','INSERT',96),(407,89,'CATISSUE_STORAGE_CONT_CAPACITY','INSERT',96),(408,4,'CATISSUE_PART_MEDICAL_ID','INSERT',97),(409,4,'CATISSUE_PARTICIPANT','INSERT',97),(410,6,'CATISSUE_COLL_PROT_REG','INSERT',98),(411,12,'CATISSUE_EXTERNAL_IDENTIFIER','INSERT',99),(412,7,'CATISSUE_SPECIMEN_CHAR','INSERT',99),(413,11,'CATISSUE_SPECIMEN','INSERT',99),(414,2,'CATISSUE_BIOHAZARD','INSERT',100),(415,2,'CATISSUE_BIOHAZARD','UPDATE',101),(416,2,'CATISSUE_BIOHAZARD','UPDATE',102),(417,3,'CATISSUE_BIOHAZARD','INSERT',103),(418,3,'CATISSUE_BIOHAZARD','UPDATE',104),(419,3,'CATISSUE_BIOHAZARD','UPDATE',105),(420,5,'CATISSUE_PART_MEDICAL_ID','INSERT',106),(421,5,'CATISSUE_PARTICIPANT','INSERT',106),(422,7,'CATISSUE_COLL_PROT_REG','INSERT',107),(423,13,'CATISSUE_EXTERNAL_IDENTIFIER','INSERT',108),(424,12,'CATISSUE_SPECIMEN','INSERT',108),(425,6,'CATISSUE_IN_OUT_EVENT_PARAM','INSERT',109),(426,7,'CATISSUE_IN_OUT_EVENT_PARAM','INSERT',110),(427,8,'CATISSUE_THAW_EVENT_PARAMETERS','INSERT',111),(428,9,'CATISSUE_TRANSFER_EVENT_PARAM','INSERT',112),(429,13,'CATISSUE_SPECIMEN','INSERT',113),(430,14,'CATISSUE_EXTERNAL_IDENTIFIER','INSERT',113),(431,8,'CATISSUE_SPECIMEN_CHAR','INSERT',113),(432,15,'CATISSUE_EXTERNAL_IDENTIFIER','INSERT',114),(433,14,'CATISSUE_SPECIMEN','INSERT',114),(434,5,'CATISSUE_COLLECTION_PROTOCOL','INSERT',115),(435,18,'CATISSUE_SPECIMEN_REQUIREMENT','INSERT',115),(436,13,'CATISSUE_COLL_PROT_EVENT','INSERT',115),(437,9,'CATISSUE_USER','INSERT',116),(438,12,'CATISSUE_ADDRESS','INSERT',116),(439,6,'CATISSUE_PARTICIPANT','INSERT',117),(440,6,'CATISSUE_PART_MEDICAL_ID','INSERT',117),(441,7,'CATISSUE_PARTICIPANT','INSERT',118),(442,7,'CATISSUE_PART_MEDICAL_ID','INSERT',118),(443,8,'CATISSUE_COLL_PROT_REG','INSERT',118),(444,6,'CATISSUE_SPECIMEN_COLL_GROUP','INSERT',119),(445,6,'CATISSUE_CLINICAL_REPORT','INSERT',119),(446,5,'CATISSUE_INSTITUTION','INSERT',120),(447,15,'CATISSUE_SPECIMEN','INSERT',121),(448,9,'CATISSUE_SPECIMEN_CHAR','INSERT',121),(449,16,'CATISSUE_EXTERNAL_IDENTIFIER','INSERT',121),(450,8,'CATISSUE_PART_MEDICAL_ID','INSERT',122),(451,8,'CATISSUE_PARTICIPANT','INSERT',122),(452,17,'CATISSUE_EXTERNAL_IDENTIFIER','INSERT',123),(453,16,'CATISSUE_SPECIMEN','INSERT',123),(454,10,'CATISSUE_IN_OUT_EVENT_PARAM','INSERT',124),(455,11,'CATISSUE_RECEIVED_EVENT_PARAM','INSERT',125),(456,9,'CATISSUE_PART_MEDICAL_ID','INSERT',126),(457,10,'CATISSUE_PARTICIPANT','INSERT',126),(458,9,'CATISSUE_COLL_PROT_REG','INSERT',127),(459,7,'CATISSUE_SPECIMEN_COLL_GROUP','INSERT',128),(460,7,'CATISSUE_CLINICAL_REPORT','INSERT',128),(461,2,'CATISSUE_DISTRIBUTION','INSERT',129),(462,2,'CATISSUE_DISTRIBUTED_ITEM','INSERT',129),(463,4,'CATISSUE_USER','UPDATE',130),(464,4,'CATISSUE_USER','UPDATE',131),(465,17,'CATISSUE_SPECIMEN','INSERT',132),(466,18,'CATISSUE_EXTERNAL_IDENTIFIER','INSERT',132),(467,12,'CATISSUE_COLL_EVENT_PARAM','INSERT',133),(468,6,'CATISSUE_INSTITUTION','INSERT',134),(469,5,'CATISSUE_DEPARTMENT','INSERT',135),(470,10,'CATISSUE_CANCER_RESEARCH_GROUP','INSERT',136),(471,5,'CATISSUE_SITE','INSERT',137),(472,13,'CATISSUE_ADDRESS','INSERT',137),(473,7,'CATISSUE_STORAGE_TYPE','INSERT',138),(474,90,'CATISSUE_STORAGE_CONT_CAPACITY','INSERT',138),(475,11,'CATISSUE_PARTICIPANT','INSERT',139),(476,10,'CATISSUE_PART_MEDICAL_ID','INSERT',139),(477,10,'CATISSUE_COLL_PROT_REG','INSERT',140),(478,8,'CATISSUE_SPECIMEN_COLL_GROUP','INSERT',141),(479,8,'CATISSUE_CLINICAL_REPORT','INSERT',141),(480,10,'CATISSUE_SPECIMEN_CHAR','INSERT',142),(481,19,'CATISSUE_EXTERNAL_IDENTIFIER','INSERT',142),(482,18,'CATISSUE_SPECIMEN','INSERT',142),(483,20,'CATISSUE_EXTERNAL_IDENTIFIER','INSERT',143),(484,19,'CATISSUE_SPECIMEN','INSERT',143),(485,13,'CATISSUE_IN_OUT_EVENT_PARAM','INSERT',144),(486,14,'CATISSUE_SPUN_EVENT_PARAMETERS','INSERT',145),(487,11,'CATISSUE_CANCER_RESEARCH_GROUP','INSERT',146),(488,8,'CATISSUE_STORAGE_TYPE','INSERT',147),(489,91,'CATISSUE_STORAGE_CONT_CAPACITY','INSERT',147),(490,12,'CATISSUE_PARTICIPANT','INSERT',148),(491,11,'CATISSUE_PART_MEDICAL_ID','INSERT',148),(492,14,'CATISSUE_ADDRESS','INSERT',149),(493,10,'CATISSUE_USER','INSERT',149),(494,7,'CATISSUE_INSTITUTION','INSERT',150),(495,6,'CATISSUE_DEPARTMENT','INSERT',151),(496,12,'CATISSUE_CANCER_RESEARCH_GROUP','INSERT',152),(497,6,'CATISSUE_SITE','INSERT',153),(498,15,'CATISSUE_ADDRESS','INSERT',153),(499,92,'CATISSUE_STORAGE_CONT_CAPACITY','INSERT',154),(500,9,'CATISSUE_STORAGE_TYPE','INSERT',154),(501,84,'CATISSUE_STORAGE_CONT_DETAILS','INSERT',155),(502,93,'CATISSUE_STORAGE_CONT_CAPACITY','INSERT',155),(503,84,'CATISSUE_STORAGE_CONTAINER','INSERT',155),(504,4,'CATISSUE_BIOHAZARD','INSERT',156),(505,19,'CATISSUE_SPECIMEN_REQUIREMENT','INSERT',157),(506,6,'CATISSUE_COLLECTION_PROTOCOL','INSERT',157),(507,14,'CATISSUE_COLL_PROT_EVENT','INSERT',157),(508,20,'CATISSUE_SPECIMEN_REQUIREMENT','INSERT',158),(509,7,'CATISSUE_DISTRIBUTION_PROTOCOL','INSERT',158),(510,11,'CATISSUE_SPECIMEN_CHAR','INSERT',159),(511,20,'CATISSUE_SPECIMEN','INSERT',159),(512,21,'CATISSUE_EXTERNAL_IDENTIFIER','INSERT',159),(513,22,'CATISSUE_EXTERNAL_IDENTIFIER','INSERT',160),(514,21,'CATISSUE_SPECIMEN','INSERT',160),(515,12,'CATISSUE_SPECIMEN_CHAR','INSERT',160),(516,23,'CATISSUE_EXTERNAL_IDENTIFIER','INSERT',161),(517,13,'CATISSUE_SPECIMEN_CHAR','INSERT',161),(518,22,'CATISSUE_SPECIMEN','INSERT',161),(519,23,'CATISSUE_SPECIMEN','INSERT',162),(520,14,'CATISSUE_SPECIMEN_CHAR','INSERT',162),(521,24,'CATISSUE_EXTERNAL_IDENTIFIER','INSERT',162),(522,24,'CATISSUE_EXTERNAL_IDENTIFIER','UPDATE',163),(523,27,'CATISSUE_SPECIMEN','INSERT',164),(524,18,'CATISSUE_SPECIMEN_CHAR','INSERT',164),(525,25,'CATISSUE_EXTERNAL_IDENTIFIER','INSERT',164),(526,28,'CATISSUE_SPECIMEN','INSERT',165),(527,19,'CATISSUE_SPECIMEN_CHAR','INSERT',165),(528,26,'CATISSUE_EXTERNAL_IDENTIFIER','INSERT',165),(529,20,'CATISSUE_SPECIMEN_CHAR','INSERT',166),(530,27,'CATISSUE_EXTERNAL_IDENTIFIER','INSERT',166),(531,29,'CATISSUE_SPECIMEN','INSERT',166),(532,28,'CATISSUE_EXTERNAL_IDENTIFIER','INSERT',167),(533,22,'CATISSUE_SPECIMEN_CHAR','INSERT',167),(534,31,'CATISSUE_SPECIMEN','INSERT',167),(535,29,'CATISSUE_EXTERNAL_IDENTIFIER','INSERT',168),(536,32,'CATISSUE_SPECIMEN','INSERT',168),(537,23,'CATISSUE_SPECIMEN_CHAR','INSERT',168),(538,5,'CATISSUE_BIOHAZARD','INSERT',169),(539,33,'CATISSUE_SPECIMEN','INSERT',170),(540,24,'CATISSUE_SPECIMEN_CHAR','INSERT',170),(541,30,'CATISSUE_EXTERNAL_IDENTIFIER','INSERT',170),(542,26,'CATISSUE_SPECIMEN_CHAR','INSERT',171),(543,35,'CATISSUE_SPECIMEN','INSERT',171),(544,31,'CATISSUE_EXTERNAL_IDENTIFIER','INSERT',171),(545,27,'CATISSUE_SPECIMEN_CHAR','INSERT',172),(546,32,'CATISSUE_EXTERNAL_IDENTIFIER','INSERT',172),(547,36,'CATISSUE_SPECIMEN','INSERT',172),(548,33,'CATISSUE_EXTERNAL_IDENTIFIER','INSERT',173),(549,38,'CATISSUE_SPECIMEN','INSERT',173),(550,29,'CATISSUE_SPECIMEN_CHAR','INSERT',173),(551,40,'CATISSUE_SPECIMEN','INSERT',174),(552,31,'CATISSUE_SPECIMEN_CHAR','INSERT',174),(553,34,'CATISSUE_EXTERNAL_IDENTIFIER','INSERT',174),(554,35,'CATISSUE_EXTERNAL_IDENTIFIER','INSERT',175),(555,32,'CATISSUE_SPECIMEN_CHAR','INSERT',175),(556,41,'CATISSUE_SPECIMEN','INSERT',175),(557,34,'CATISSUE_SPECIMEN_CHAR','INSERT',176),(558,43,'CATISSUE_SPECIMEN','INSERT',176),(559,36,'CATISSUE_EXTERNAL_IDENTIFIER','INSERT',176),(560,37,'CATISSUE_EXTERNAL_IDENTIFIER','INSERT',177),(561,45,'CATISSUE_SPECIMEN','INSERT',177),(562,36,'CATISSUE_SPECIMEN_CHAR','INSERT',177),(563,38,'CATISSUE_EXTERNAL_IDENTIFIER','INSERT',178),(564,46,'CATISSUE_SPECIMEN','INSERT',178),(565,37,'CATISSUE_SPECIMEN_CHAR','INSERT',178),(566,47,'CATISSUE_SPECIMEN','INSERT',179),(567,39,'CATISSUE_EXTERNAL_IDENTIFIER','INSERT',179),(568,38,'CATISSUE_SPECIMEN_CHAR','INSERT',179),(569,40,'CATISSUE_EXTERNAL_IDENTIFIER','INSERT',180),(570,48,'CATISSUE_SPECIMEN','INSERT',180),(571,39,'CATISSUE_SPECIMEN_CHAR','INSERT',180),(572,41,'CATISSUE_EXTERNAL_IDENTIFIER','INSERT',181),(573,40,'CATISSUE_SPECIMEN_CHAR','INSERT',181),(574,49,'CATISSUE_SPECIMEN','INSERT',181),(575,8,'CATISSUE_DISTRIBUTION_PROTOCOL','INSERT',182),(576,22,'CATISSUE_SPECIMEN_REQUIREMENT','INSERT',182),(577,21,'CATISSUE_SPECIMEN_REQUIREMENT','INSERT',182),(578,9,'CATISSUE_COLLECTION_PROTOCOL','INSERT',183),(579,15,'CATISSUE_COLL_PROT_EVENT','INSERT',183),(580,24,'CATISSUE_SPECIMEN_REQUIREMENT','INSERT',183),(581,23,'CATISSUE_SPECIMEN_REQUIREMENT','INSERT',183),(582,15,'CATISSUE_COLL_PROT_EVENT','UPDATE',184),(583,12,'CATISSUE_PART_MEDICAL_ID','INSERT',185),(584,13,'CATISSUE_PARTICIPANT','INSERT',185),(585,11,'CATISSUE_COLL_PROT_REG','INSERT',186),(586,9,'CATISSUE_SPECIMEN_COLL_GROUP','INSERT',187),(587,9,'CATISSUE_CLINICAL_REPORT','INSERT',187),(588,50,'CATISSUE_SPECIMEN','INSERT',188),(589,41,'CATISSUE_SPECIMEN_CHAR','INSERT',188),(590,42,'CATISSUE_EXTERNAL_IDENTIFIER','INSERT',188),(591,42,'CATISSUE_SPECIMEN_CHAR','INSERT',189),(592,51,'CATISSUE_SPECIMEN','INSERT',189),(593,43,'CATISSUE_EXTERNAL_IDENTIFIER','INSERT',189),(594,43,'CATISSUE_SPECIMEN_CHAR','INSERT',190),(595,52,'CATISSUE_SPECIMEN','INSERT',190),(596,44,'CATISSUE_EXTERNAL_IDENTIFIER','INSERT',190),(597,44,'CATISSUE_SPECIMEN_CHAR','INSERT',191),(598,53,'CATISSUE_SPECIMEN','INSERT',191),(599,45,'CATISSUE_EXTERNAL_IDENTIFIER','INSERT',191),(600,54,'CATISSUE_SPECIMEN','INSERT',192),(601,46,'CATISSUE_EXTERNAL_IDENTIFIER','INSERT',192),(602,16,'CATISSUE_ADDRESS','INSERT',193),(603,11,'CATISSUE_USER','INSERT',193),(604,14,'CATISSUE_PARTICIPANT','INSERT',194),(605,12,'CATISSUE_COLL_PROT_REG','INSERT',194),(606,13,'CATISSUE_PART_MEDICAL_ID','INSERT',194),(607,10,'CATISSUE_SPECIMEN_COLL_GROUP','INSERT',195),(608,10,'CATISSUE_CLINICAL_REPORT','INSERT',195),(609,47,'CATISSUE_EXTERNAL_IDENTIFIER','INSERT',196),(610,55,'CATISSUE_SPECIMEN','INSERT',196),(611,45,'CATISSUE_SPECIMEN_CHAR','INSERT',196),(612,14,'CATISSUE_PARTICIPANT','UPDATE',197),(613,56,'CATISSUE_SPECIMEN','INSERT',198),(614,48,'CATISSUE_EXTERNAL_IDENTIFIER','INSERT',198),(615,46,'CATISSUE_SPECIMEN_CHAR','INSERT',198),(616,15,'CATISSUE_COLL_EVENT_PARAM','INSERT',199),(617,16,'CATISSUE_COLL_EVENT_PARAM','INSERT',200),(618,8,'CATISSUE_INSTITUTION','INSERT',201),(619,49,'CATISSUE_EXTERNAL_IDENTIFIER','INSERT',202),(620,57,'CATISSUE_SPECIMEN','INSERT',202),(621,47,'CATISSUE_SPECIMEN_CHAR','INSERT',202),(622,50,'CATISSUE_EXTERNAL_IDENTIFIER','INSERT',203),(623,48,'CATISSUE_SPECIMEN_CHAR','INSERT',203),(624,58,'CATISSUE_SPECIMEN','INSERT',203),(625,17,'CATISSUE_TRANSFER_EVENT_PARAM','INSERT',204),(626,7,'CATISSUE_USER','UPDATE',205),(627,15,'CATISSUE_PARTICIPANT','INSERT',206),(628,14,'CATISSUE_PART_MEDICAL_ID','INSERT',206),(629,13,'CATISSUE_COLL_PROT_REG','INSERT',207),(630,11,'CATISSUE_CLINICAL_REPORT','INSERT',208),(631,11,'CATISSUE_SPECIMEN_COLL_GROUP','INSERT',208),(632,12,'CATISSUE_USER','INSERT',209),(633,17,'CATISSUE_ADDRESS','INSERT',209),(634,12,'CATISSUE_USER','UPDATE',210),(635,59,'CATISSUE_SPECIMEN','INSERT',211),(636,51,'CATISSUE_EXTERNAL_IDENTIFIER','INSERT',211),(637,14,'CATISSUE_COLL_PROT_REG','INSERT',212),(638,12,'CATISSUE_CLINICAL_REPORT','INSERT',213),(639,12,'CATISSUE_SPECIMEN_COLL_GROUP','INSERT',213),(640,15,'CATISSUE_COLL_PROT_REG','INSERT',214),(641,15,'CATISSUE_PART_MEDICAL_ID','INSERT',214),(642,16,'CATISSUE_PARTICIPANT','INSERT',214),(643,13,'CATISSUE_SPECIMEN_COLL_GROUP','INSERT',215),(644,13,'CATISSUE_CLINICAL_REPORT','INSERT',215),(645,14,'CATISSUE_SPECIMEN_COLL_GROUP','INSERT',216),(646,14,'CATISSUE_CLINICAL_REPORT','INSERT',216),(647,60,'CATISSUE_SPECIMEN','INSERT',217),(648,52,'CATISSUE_EXTERNAL_IDENTIFIER','INSERT',217),(649,61,'CATISSUE_SPECIMEN','INSERT',218),(650,53,'CATISSUE_EXTERNAL_IDENTIFIER','INSERT',218),(651,62,'CATISSUE_SPECIMEN','INSERT',219),(652,49,'CATISSUE_SPECIMEN_CHAR','INSERT',219),(653,54,'CATISSUE_EXTERNAL_IDENTIFIER','INSERT',219),(654,50,'CATISSUE_SPECIMEN_CHAR','INSERT',220),(655,63,'CATISSUE_SPECIMEN','INSERT',220),(656,55,'CATISSUE_EXTERNAL_IDENTIFIER','INSERT',220),(657,51,'CATISSUE_SPECIMEN_CHAR','INSERT',221),(658,64,'CATISSUE_SPECIMEN','INSERT',221),(659,56,'CATISSUE_EXTERNAL_IDENTIFIER','INSERT',221),(660,65,'CATISSUE_SPECIMEN','INSERT',222),(661,57,'CATISSUE_EXTERNAL_IDENTIFIER','INSERT',222),(662,52,'CATISSUE_SPECIMEN_CHAR','INSERT',222),(663,18,'CATISSUE_TRANSFER_EVENT_PARAM','INSERT',223),(664,66,'CATISSUE_SPECIMEN','INSERT',224),(665,58,'CATISSUE_EXTERNAL_IDENTIFIER','INSERT',224),(666,16,'CATISSUE_PART_MEDICAL_ID','INSERT',225),(667,17,'CATISSUE_PARTICIPANT','INSERT',225),(668,16,'CATISSUE_COLL_PROT_REG','INSERT',226),(669,15,'CATISSUE_CLINICAL_REPORT','INSERT',227),(670,15,'CATISSUE_SPECIMEN_COLL_GROUP','INSERT',227),(671,67,'CATISSUE_SPECIMEN','INSERT',228),(672,53,'CATISSUE_SPECIMEN_CHAR','INSERT',228),(673,59,'CATISSUE_EXTERNAL_IDENTIFIER','INSERT',228),(674,17,'CATISSUE_COLL_PROT_REG','INSERT',229),(675,16,'CATISSUE_CLINICAL_REPORT','INSERT',230),(676,16,'CATISSUE_SPECIMEN_COLL_GROUP','INSERT',230),(677,68,'CATISSUE_SPECIMEN','INSERT',231),(678,60,'CATISSUE_EXTERNAL_IDENTIFIER','INSERT',231),(679,54,'CATISSUE_SPECIMEN_CHAR','INSERT',231),(680,69,'CATISSUE_SPECIMEN','INSERT',232),(681,61,'CATISSUE_EXTERNAL_IDENTIFIER','INSERT',232),(682,19,'CATISSUE_COLL_EVENT_PARAM','INSERT',233),(683,20,'CATISSUE_TRANSFER_EVENT_PARAM','INSERT',234),(684,9,'CATISSUE_INSTITUTION','INSERT',235),(685,7,'CATISSUE_DEPARTMENT','INSERT',236),(686,9,'CATISSUE_INSTITUTION','UPDATE',237),(687,13,'CATISSUE_CANCER_RESEARCH_GROUP','INSERT',238),(688,55,'CATISSUE_SPECIMEN_CHAR','INSERT',239),(689,70,'CATISSUE_SPECIMEN','INSERT',239),(690,62,'CATISSUE_EXTERNAL_IDENTIFIER','INSERT',239),(691,17,'CATISSUE_PART_MEDICAL_ID','INSERT',240),(692,18,'CATISSUE_PARTICIPANT','INSERT',240),(693,18,'CATISSUE_COLL_PROT_REG','INSERT',241),(694,63,'CATISSUE_EXTERNAL_IDENTIFIER','INSERT',242),(695,56,'CATISSUE_SPECIMEN_CHAR','INSERT',242),(696,71,'CATISSUE_SPECIMEN','INSERT',242),(697,18,'CATISSUE_ADDRESS','INSERT',243),(698,13,'CATISSUE_USER','INSERT',243),(699,7,'CATISSUE_SITE','INSERT',244),(700,19,'CATISSUE_ADDRESS','INSERT',244),(701,17,'CATISSUE_SPECIMEN_COLL_GROUP','INSERT',245),(702,17,'CATISSUE_CLINICAL_REPORT','INSERT',245),(703,19,'CATISSUE_COLL_PROT_REG','INSERT',246),(704,20,'CATISSUE_ADDRESS','INSERT',247),(705,14,'CATISSUE_USER','INSERT',247),(706,21,'CATISSUE_ADDRESS','INSERT',248),(707,15,'CATISSUE_USER','INSERT',248),(708,20,'CATISSUE_COLL_PROT_REG','INSERT',249),(709,19,'CATISSUE_PARTICIPANT','INSERT',249),(710,18,'CATISSUE_PART_MEDICAL_ID','INSERT',249),(711,8,'CATISSUE_USER','UPDATE',250),(712,8,'CATISSUE_USER','UPDATE',251),(713,14,'CATISSUE_CANCER_RESEARCH_GROUP','INSERT',252),(714,22,'CATISSUE_ADDRESS','INSERT',253),(715,16,'CATISSUE_USER','INSERT',253),(716,14,'CATISSUE_USER','UPDATE',254),(717,16,'CATISSUE_USER','UPDATE',255),(718,11,'CATISSUE_USER','UPDATE',256),(719,2,'CATISSUE_STORAGE_CONT_CAPACITY','UPDATE',257),(720,23,'CATISSUE_ADDRESS','INSERT',258),(721,17,'CATISSUE_USER','INSERT',258),(722,18,'CATISSUE_CLINICAL_REPORT','INSERT',259),(723,18,'CATISSUE_SPECIMEN_COLL_GROUP','INSERT',259),(724,57,'CATISSUE_SPECIMEN_CHAR','INSERT',260),(725,72,'CATISSUE_SPECIMEN','INSERT',260),(726,64,'CATISSUE_EXTERNAL_IDENTIFIER','INSERT',260),(727,21,'CATISSUE_EMBEDDED_EVENT_PARAM','INSERT',261),(728,22,'CATISSUE_DISPOSAL_EVENT_PARAM','INSERT',262),(729,23,'CATISSUE_CELL_SPE_REVIEW_PARAM','INSERT',263),(730,24,'CATISSUE_FLUID_SPE_EVENT_PARAM','INSERT',264),(731,25,'CATISSUE_FLUID_SPE_EVENT_PARAM','INSERT',265),(732,26,'CATISSUE_EMBEDDED_EVENT_PARAM','INSERT',266),(733,27,'CATISSUE_IN_OUT_EVENT_PARAM','INSERT',267),(734,65,'CATISSUE_EXTERNAL_IDENTIFIER','INSERT',268),(735,73,'CATISSUE_SPECIMEN','INSERT',268),(736,58,'CATISSUE_SPECIMEN_CHAR','INSERT',268),(737,85,'CATISSUE_STORAGE_CONT_DETAILS','INSERT',269),(738,85,'CATISSUE_STORAGE_CONTAINER','INSERT',269),(739,94,'CATISSUE_STORAGE_CONT_CAPACITY','INSERT',269),(740,19,'CATISSUE_SPECIMEN_COLL_GROUP','INSERT',270),(741,19,'CATISSUE_CLINICAL_REPORT','INSERT',270),(742,10,'CATISSUE_INSTITUTION','INSERT',271),(743,20,'CATISSUE_CLINICAL_REPORT','INSERT',272),(744,20,'CATISSUE_SPECIMEN_COLL_GROUP','INSERT',272),(745,8,'CATISSUE_DEPARTMENT','INSERT',273),(746,18,'CATISSUE_USER','INSERT',274),(747,24,'CATISSUE_ADDRESS','INSERT',274),(748,11,'CATISSUE_INSTITUTION','INSERT',275),(749,12,'CATISSUE_INSTITUTION','INSERT',276),(750,13,'CATISSUE_INSTITUTION','INSERT',277),(751,14,'CATISSUE_INSTITUTION','INSERT',278),(752,15,'CATISSUE_INSTITUTION','INSERT',279),(753,16,'CATISSUE_INSTITUTION','INSERT',280),(754,17,'CATISSUE_INSTITUTION','INSERT',281),(755,18,'CATISSUE_INSTITUTION','INSERT',282),(756,19,'CATISSUE_INSTITUTION','INSERT',283),(757,20,'CATISSUE_INSTITUTION','INSERT',284),(758,21,'CATISSUE_INSTITUTION','INSERT',285),(759,9,'CATISSUE_DEPARTMENT','INSERT',286),(760,10,'CATISSUE_DEPARTMENT','INSERT',287),(761,11,'CATISSUE_DEPARTMENT','INSERT',288),(762,12,'CATISSUE_DEPARTMENT','INSERT',289),(763,15,'CATISSUE_CANCER_RESEARCH_GROUP','INSERT',290),(764,16,'CATISSUE_CANCER_RESEARCH_GROUP','INSERT',291),(765,17,'CATISSUE_CANCER_RESEARCH_GROUP','INSERT',292),(766,18,'CATISSUE_CANCER_RESEARCH_GROUP','INSERT',293),(767,19,'CATISSUE_CANCER_RESEARCH_GROUP','INSERT',294),(768,25,'CATISSUE_ADDRESS','INSERT',295),(769,8,'CATISSUE_SITE','INSERT',295),(770,9,'CATISSUE_SITE','INSERT',296),(771,26,'CATISSUE_ADDRESS','INSERT',296),(772,19,'CATISSUE_USER','INSERT',297),(773,27,'CATISSUE_ADDRESS','INSERT',297),(774,20,'CATISSUE_USER','INSERT',298),(775,28,'CATISSUE_ADDRESS','INSERT',298),(776,21,'CATISSUE_USER','INSERT',299),(777,29,'CATISSUE_ADDRESS','INSERT',299),(778,10,'CATISSUE_SITE','INSERT',300),(779,30,'CATISSUE_ADDRESS','INSERT',300),(780,31,'CATISSUE_ADDRESS','INSERT',301),(781,11,'CATISSUE_SITE','INSERT',301),(782,26,'CATISSUE_SPECIMEN_REQUIREMENT','INSERT',302),(783,17,'CATISSUE_COLL_PROT_EVENT','INSERT',302),(784,27,'CATISSUE_SPECIMEN_REQUIREMENT','INSERT',302),(785,10,'CATISSUE_COLLECTION_PROTOCOL','INSERT',302),(786,25,'CATISSUE_SPECIMEN_REQUIREMENT','INSERT',302),(787,16,'CATISSUE_COLL_PROT_EVENT','INSERT',302),(788,18,'CATISSUE_COLL_PROT_EVENT','INSERT',303),(789,29,'CATISSUE_SPECIMEN_REQUIREMENT','INSERT',303),(790,11,'CATISSUE_COLLECTION_PROTOCOL','INSERT',303),(791,28,'CATISSUE_SPECIMEN_REQUIREMENT','INSERT',303),(792,30,'CATISSUE_SPECIMEN_REQUIREMENT','INSERT',303),(793,32,'CATISSUE_SPECIMEN_REQUIREMENT','INSERT',304),(794,19,'CATISSUE_COLL_PROT_EVENT','INSERT',304),(795,31,'CATISSUE_SPECIMEN_REQUIREMENT','INSERT',304),(796,12,'CATISSUE_COLLECTION_PROTOCOL','INSERT',304),(797,20,'CATISSUE_COLL_PROT_EVENT','INSERT',304),(798,33,'CATISSUE_SPECIMEN_REQUIREMENT','INSERT',304),(799,10,'CATISSUE_STORAGE_TYPE','INSERT',305),(800,95,'CATISSUE_STORAGE_CONT_CAPACITY','INSERT',305),(801,11,'CATISSUE_STORAGE_TYPE','INSERT',306),(802,97,'CATISSUE_STORAGE_CONT_CAPACITY','INSERT',306),(803,12,'CATISSUE_STORAGE_TYPE','INSERT',307),(804,98,'CATISSUE_STORAGE_CONT_CAPACITY','INSERT',307),(805,13,'CATISSUE_STORAGE_TYPE','INSERT',308),(806,100,'CATISSUE_STORAGE_CONT_CAPACITY','INSERT',308),(807,101,'CATISSUE_STORAGE_CONT_CAPACITY','INSERT',309),(808,86,'CATISSUE_STORAGE_CONT_DETAILS','INSERT',309),(809,86,'CATISSUE_STORAGE_CONTAINER','INSERT',309),(810,99,'CATISSUE_STORAGE_CONTAINER','INSERT',310),(811,94,'CATISSUE_STORAGE_CONTAINER','INSERT',310),(812,100,'CATISSUE_STORAGE_CONTAINER','INSERT',310),(813,110,'CATISSUE_STORAGE_CONT_CAPACITY','INSERT',310),(814,87,'CATISSUE_STORAGE_CONTAINER','INSERT',310),(815,97,'CATISSUE_STORAGE_CONTAINER','INSERT',310),(816,93,'CATISSUE_STORAGE_CONT_DETAILS','INSERT',310),(817,95,'CATISSUE_STORAGE_CONTAINER','INSERT',310),(818,113,'CATISSUE_STORAGE_CONT_CAPACITY','INSERT',310),(819,99,'CATISSUE_STORAGE_CONT_DETAILS','INSERT',310),(820,98,'CATISSUE_STORAGE_CONT_DETAILS','INSERT',310),(821,112,'CATISSUE_STORAGE_CONT_CAPACITY','INSERT',310),(822,117,'CATISSUE_STORAGE_CONT_CAPACITY','INSERT',310),(823,88,'CATISSUE_STORAGE_CONTAINER','INSERT',310),(824,115,'CATISSUE_STORAGE_CONT_CAPACITY','INSERT',310),(825,104,'CATISSUE_STORAGE_CONT_CAPACITY','INSERT',310),(826,91,'CATISSUE_STORAGE_CONT_DETAILS','INSERT',310),(827,106,'CATISSUE_STORAGE_CONT_CAPACITY','INSERT',310),(828,90,'CATISSUE_STORAGE_CONTAINER','INSERT',310),(829,102,'CATISSUE_STORAGE_CONT_CAPACITY','INSERT',310),(830,114,'CATISSUE_STORAGE_CONT_CAPACITY','INSERT',310),(831,90,'CATISSUE_STORAGE_CONT_DETAILS','INSERT',310),(832,94,'CATISSUE_STORAGE_CONT_DETAILS','INSERT',310),(833,88,'CATISSUE_STORAGE_CONT_DETAILS','INSERT',310),(834,109,'CATISSUE_STORAGE_CONT_CAPACITY','INSERT',310),(835,87,'CATISSUE_STORAGE_CONT_DETAILS','INSERT',310),(836,101,'CATISSUE_STORAGE_CONTAINER','INSERT',310),(837,91,'CATISSUE_STORAGE_CONTAINER','INSERT',310),(838,98,'CATISSUE_STORAGE_CONTAINER','INSERT',310),(839,102,'CATISSUE_STORAGE_CONT_DETAILS','INSERT',310),(840,108,'CATISSUE_STORAGE_CONT_CAPACITY','INSERT',310),(841,93,'CATISSUE_STORAGE_CONTAINER','INSERT',310),(842,103,'CATISSUE_STORAGE_CONT_CAPACITY','INSERT',310),(843,96,'CATISSUE_STORAGE_CONT_DETAILS','INSERT',310),(844,95,'CATISSUE_STORAGE_CONT_DETAILS','INSERT',310),(845,107,'CATISSUE_STORAGE_CONT_CAPACITY','INSERT',310),(846,92,'CATISSUE_STORAGE_CONTAINER','INSERT',310),(847,102,'CATISSUE_STORAGE_CONTAINER','INSERT',310),(848,92,'CATISSUE_STORAGE_CONT_DETAILS','INSERT',310),(849,96,'CATISSUE_STORAGE_CONTAINER','INSERT',310),(850,89,'CATISSUE_STORAGE_CONTAINER','INSERT',310),(851,101,'CATISSUE_STORAGE_CONT_DETAILS','INSERT',310),(852,116,'CATISSUE_STORAGE_CONT_CAPACITY','INSERT',310),(853,105,'CATISSUE_STORAGE_CONT_CAPACITY','INSERT',310),(854,89,'CATISSUE_STORAGE_CONT_DETAILS','INSERT',310),(855,100,'CATISSUE_STORAGE_CONT_DETAILS','INSERT',310),(856,111,'CATISSUE_STORAGE_CONT_CAPACITY','INSERT',310),(857,97,'CATISSUE_STORAGE_CONT_DETAILS','INSERT',310),(858,109,'CATISSUE_STORAGE_CONT_DETAILS','INSERT',311),(859,118,'CATISSUE_STORAGE_CONTAINER','INSERT',311),(860,104,'CATISSUE_STORAGE_CONTAINER','INSERT',311),(861,140,'CATISSUE_STORAGE_CONT_CAPACITY','INSERT',311),(862,119,'CATISSUE_STORAGE_CONT_CAPACITY','INSERT',311),(863,137,'CATISSUE_STORAGE_CONT_CAPACITY','INSERT',311),(864,106,'CATISSUE_STORAGE_CONTAINER','INSERT',311),(865,112,'CATISSUE_STORAGE_CONT_DETAILS','INSERT',311),(866,128,'CATISSUE_STORAGE_CONT_CAPACITY','INSERT',311),(867,114,'CATISSUE_STORAGE_CONT_DETAILS','INSERT',311),(868,103,'CATISSUE_STORAGE_CONT_DETAILS','INSERT',311),(869,131,'CATISSUE_STORAGE_CONT_CAPACITY','INSERT',311),(870,133,'CATISSUE_STORAGE_CONT_CAPACITY','INSERT',311),(871,121,'CATISSUE_STORAGE_CONT_CAPACITY','INSERT',311),(872,122,'CATISSUE_STORAGE_CONT_CAPACITY','INSERT',311),(873,126,'CATISSUE_STORAGE_CONT_CAPACITY','INSERT',311),(874,122,'CATISSUE_STORAGE_CONT_DETAILS','INSERT',311),(875,126,'CATISSUE_STORAGE_CONT_DETAILS','INSERT',311),(876,138,'CATISSUE_STORAGE_CONT_CAPACITY','INSERT',311),(877,119,'CATISSUE_STORAGE_CONTAINER','INSERT',311),(878,116,'CATISSUE_STORAGE_CONTAINER','INSERT',311),(879,142,'CATISSUE_STORAGE_CONT_CAPACITY','INSERT',311),(880,111,'CATISSUE_STORAGE_CONT_DETAILS','INSERT',311),(881,135,'CATISSUE_STORAGE_CONT_CAPACITY','INSERT',311),(882,121,'CATISSUE_STORAGE_CONT_DETAILS','INSERT',311),(883,120,'CATISSUE_STORAGE_CONT_CAPACITY','INSERT',311),(884,124,'CATISSUE_STORAGE_CONTAINER','INSERT',311),(885,123,'CATISSUE_STORAGE_CONT_CAPACITY','INSERT',311),(886,117,'CATISSUE_STORAGE_CONTAINER','INSERT',311),(887,118,'CATISSUE_STORAGE_CONT_CAPACITY','INSERT',311),(888,124,'CATISSUE_STORAGE_CONT_DETAILS','INSERT',311),(889,127,'CATISSUE_STORAGE_CONT_DETAILS','INSERT',311),(890,125,'CATISSUE_STORAGE_CONT_DETAILS','INSERT',311),(891,127,'CATISSUE_STORAGE_CONTAINER','INSERT',311),(892,132,'CATISSUE_STORAGE_CONT_CAPACITY','INSERT',311),(893,117,'CATISSUE_STORAGE_CONT_DETAILS','INSERT',311),(894,119,'CATISSUE_STORAGE_CONT_DETAILS','INSERT',311),(895,112,'CATISSUE_STORAGE_CONTAINER','INSERT',311),(896,130,'CATISSUE_STORAGE_CONT_CAPACITY','INSERT',311),(897,104,'CATISSUE_STORAGE_CONT_DETAILS','INSERT',311),(898,114,'CATISSUE_STORAGE_CONTAINER','INSERT',311),(899,103,'CATISSUE_STORAGE_CONTAINER','INSERT',311),(900,141,'CATISSUE_STORAGE_CONT_CAPACITY','INSERT',311),(901,109,'CATISSUE_STORAGE_CONTAINER','INSERT',311),(902,125,'CATISSUE_STORAGE_CONTAINER','INSERT',311),(903,139,'CATISSUE_STORAGE_CONT_CAPACITY','INSERT',311),(904,113,'CATISSUE_STORAGE_CONT_DETAILS','INSERT',311),(905,125,'CATISSUE_STORAGE_CONT_CAPACITY','INSERT',311),(906,136,'CATISSUE_STORAGE_CONT_CAPACITY','INSERT',311),(907,108,'CATISSUE_STORAGE_CONT_DETAILS','INSERT',311),(908,108,'CATISSUE_STORAGE_CONTAINER','INSERT',311),(909,107,'CATISSUE_STORAGE_CONT_DETAILS','INSERT',311),(910,113,'CATISSUE_STORAGE_CONTAINER','INSERT',311),(911,120,'CATISSUE_STORAGE_CONT_DETAILS','INSERT',311),(912,134,'CATISSUE_STORAGE_CONT_CAPACITY','INSERT',311),(913,122,'CATISSUE_STORAGE_CONTAINER','INSERT',311),(914,115,'CATISSUE_STORAGE_CONT_DETAILS','INSERT',311),(915,129,'CATISSUE_STORAGE_CONT_CAPACITY','INSERT',311),(916,107,'CATISSUE_STORAGE_CONTAINER','INSERT',311),(917,123,'CATISSUE_STORAGE_CONT_DETAILS','INSERT',311),(918,116,'CATISSUE_STORAGE_CONT_DETAILS','INSERT',311),(919,123,'CATISSUE_STORAGE_CONTAINER','INSERT',311),(920,110,'CATISSUE_STORAGE_CONT_DETAILS','INSERT',311),(921,126,'CATISSUE_STORAGE_CONTAINER','INSERT',311),(922,115,'CATISSUE_STORAGE_CONTAINER','INSERT',311),(923,111,'CATISSUE_STORAGE_CONTAINER','INSERT',311),(924,121,'CATISSUE_STORAGE_CONTAINER','INSERT',311),(925,110,'CATISSUE_STORAGE_CONTAINER','INSERT',311),(926,105,'CATISSUE_STORAGE_CONT_DETAILS','INSERT',311),(927,127,'CATISSUE_STORAGE_CONT_CAPACITY','INSERT',311),(928,105,'CATISSUE_STORAGE_CONTAINER','INSERT',311),(929,120,'CATISSUE_STORAGE_CONTAINER','INSERT',311),(930,106,'CATISSUE_STORAGE_CONT_DETAILS','INSERT',311),(931,124,'CATISSUE_STORAGE_CONT_CAPACITY','INSERT',311),(932,118,'CATISSUE_STORAGE_CONT_DETAILS','INSERT',311),(933,140,'CATISSUE_STORAGE_CONTAINER','INSERT',312),(934,130,'CATISSUE_STORAGE_CONT_DETAILS','INSERT',312),(935,145,'CATISSUE_STORAGE_CONT_CAPACITY','INSERT',312),(936,154,'CATISSUE_STORAGE_CONT_CAPACITY','INSERT',312),(937,135,'CATISSUE_STORAGE_CONT_DETAILS','INSERT',312),(938,148,'CATISSUE_STORAGE_CONT_DETAILS','INSERT',312),(939,129,'CATISSUE_STORAGE_CONTAINER','INSERT',312),(940,141,'CATISSUE_STORAGE_CONT_DETAILS','INSERT',312),(941,143,'CATISSUE_STORAGE_CONTAINER','INSERT',312),(942,144,'CATISSUE_STORAGE_CONT_DETAILS','INSERT',312),(943,128,'CATISSUE_STORAGE_CONT_DETAILS','INSERT',312),(944,137,'CATISSUE_STORAGE_CONTAINER','INSERT',312),(945,161,'CATISSUE_STORAGE_CONT_CAPACITY','INSERT',312),(946,152,'CATISSUE_STORAGE_CONT_DETAILS','INSERT',312),(947,149,'CATISSUE_STORAGE_CONTAINER','INSERT',312),(948,145,'CATISSUE_STORAGE_CONTAINER','INSERT',312),(949,129,'CATISSUE_STORAGE_CONT_DETAILS','INSERT',312),(950,158,'CATISSUE_STORAGE_CONT_CAPACITY','INSERT',312),(951,145,'CATISSUE_STORAGE_CONT_DETAILS','INSERT',312),(952,155,'CATISSUE_STORAGE_CONT_CAPACITY','INSERT',312),(953,131,'CATISSUE_STORAGE_CONTAINER','INSERT',312),(954,137,'CATISSUE_STORAGE_CONT_DETAILS','INSERT',312),(955,142,'CATISSUE_STORAGE_CONT_DETAILS','INSERT',312),(956,167,'CATISSUE_STORAGE_CONT_CAPACITY','INSERT',312),(957,163,'CATISSUE_STORAGE_CONT_CAPACITY','INSERT',312),(958,143,'CATISSUE_STORAGE_CONT_DETAILS','INSERT',312),(959,151,'CATISSUE_STORAGE_CONTAINER','INSERT',312),(960,139,'CATISSUE_STORAGE_CONT_DETAILS','INSERT',312),(961,150,'CATISSUE_STORAGE_CONTAINER','INSERT',312),(962,136,'CATISSUE_STORAGE_CONT_DETAILS','INSERT',312),(963,149,'CATISSUE_STORAGE_CONT_DETAILS','INSERT',312),(964,160,'CATISSUE_STORAGE_CONT_CAPACITY','INSERT',312),(965,133,'CATISSUE_STORAGE_CONT_DETAILS','INSERT',312),(966,148,'CATISSUE_STORAGE_CONT_CAPACITY','INSERT',312),(967,164,'CATISSUE_STORAGE_CONT_CAPACITY','INSERT',312),(968,148,'CATISSUE_STORAGE_CONTAINER','INSERT',312),(969,132,'CATISSUE_STORAGE_CONT_DETAILS','INSERT',312),(970,143,'CATISSUE_STORAGE_CONT_CAPACITY','INSERT',312),(971,136,'CATISSUE_STORAGE_CONTAINER','INSERT',312),(972,140,'CATISSUE_STORAGE_CONT_DETAILS','INSERT',312),(973,147,'CATISSUE_STORAGE_CONT_DETAILS','INSERT',312),(974,134,'CATISSUE_STORAGE_CONTAINER','INSERT',312),(975,146,'CATISSUE_STORAGE_CONTAINER','INSERT',312),(976,156,'CATISSUE_STORAGE_CONT_CAPACITY','INSERT',312),(977,152,'CATISSUE_STORAGE_CONTAINER','INSERT',312),(978,139,'CATISSUE_STORAGE_CONTAINER','INSERT',312),(979,141,'CATISSUE_STORAGE_CONTAINER','INSERT',312),(980,149,'CATISSUE_STORAGE_CONT_CAPACITY','INSERT',312),(981,159,'CATISSUE_STORAGE_CONT_CAPACITY','INSERT',312),(982,130,'CATISSUE_STORAGE_CONTAINER','INSERT',312),(983,166,'CATISSUE_STORAGE_CONT_CAPACITY','INSERT',312),(984,162,'CATISSUE_STORAGE_CONT_CAPACITY','INSERT',312),(985,150,'CATISSUE_STORAGE_CONT_CAPACITY','INSERT',312),(986,152,'CATISSUE_STORAGE_CONT_CAPACITY','INSERT',312),(987,147,'CATISSUE_STORAGE_CONT_CAPACITY','INSERT',312),(988,157,'CATISSUE_STORAGE_CONT_CAPACITY','INSERT',312),(989,151,'CATISSUE_STORAGE_CONT_CAPACITY','INSERT',312),(990,134,'CATISSUE_STORAGE_CONT_DETAILS','INSERT',312),(991,138,'CATISSUE_STORAGE_CONTAINER','INSERT',312),(992,165,'CATISSUE_STORAGE_CONT_CAPACITY','INSERT',312),(993,147,'CATISSUE_STORAGE_CONTAINER','INSERT',312),(994,146,'CATISSUE_STORAGE_CONT_DETAILS','INSERT',312),(995,128,'CATISSUE_STORAGE_CONTAINER','INSERT',312),(996,144,'CATISSUE_STORAGE_CONTAINER','INSERT',312),(997,142,'CATISSUE_STORAGE_CONTAINER','INSERT',312),(998,151,'CATISSUE_STORAGE_CONT_DETAILS','INSERT',312),(999,133,'CATISSUE_STORAGE_CONTAINER','INSERT',312),(1000,131,'CATISSUE_STORAGE_CONT_DETAILS','INSERT',312),(1001,138,'CATISSUE_STORAGE_CONT_DETAILS','INSERT',312),(1002,150,'CATISSUE_STORAGE_CONT_DETAILS','INSERT',312),(1003,153,'CATISSUE_STORAGE_CONT_CAPACITY','INSERT',312),(1004,132,'CATISSUE_STORAGE_CONTAINER','INSERT',312),(1005,146,'CATISSUE_STORAGE_CONT_CAPACITY','INSERT',312),(1006,135,'CATISSUE_STORAGE_CONTAINER','INSERT',312),(1007,144,'CATISSUE_STORAGE_CONT_CAPACITY','INSERT',312),(1008,172,'CATISSUE_STORAGE_CONTAINER','INSERT',313),(1009,169,'CATISSUE_STORAGE_CONTAINER','INSERT',313),(1010,160,'CATISSUE_STORAGE_CONT_DETAILS','INSERT',313),(1011,174,'CATISSUE_STORAGE_CONTAINER','INSERT',313),(1012,166,'CATISSUE_STORAGE_CONT_DETAILS','INSERT',313),(1013,179,'CATISSUE_STORAGE_CONT_CAPACITY','INSERT',313),(1014,156,'CATISSUE_STORAGE_CONTAINER','INSERT',313),(1015,167,'CATISSUE_STORAGE_CONT_DETAILS','INSERT',313),(1016,190,'CATISSUE_STORAGE_CONT_CAPACITY','INSERT',313),(1017,169,'CATISSUE_STORAGE_CONT_CAPACITY','INSERT',313),(1018,177,'CATISSUE_STORAGE_CONT_DETAILS','INSERT',313),(1019,175,'CATISSUE_STORAGE_CONT_CAPACITY','INSERT',313),(1020,191,'CATISSUE_STORAGE_CONT_CAPACITY','INSERT',313),(1021,187,'CATISSUE_STORAGE_CONT_CAPACITY','INSERT',313),(1022,161,'CATISSUE_STORAGE_CONT_DETAILS','INSERT',313),(1023,181,'CATISSUE_STORAGE_CONT_CAPACITY','INSERT',313),(1024,173,'CATISSUE_STORAGE_CONT_DETAILS','INSERT',313),(1025,168,'CATISSUE_STORAGE_CONTAINER','INSERT',313),(1026,160,'CATISSUE_STORAGE_CONTAINER','INSERT',313),(1027,177,'CATISSUE_STORAGE_CONT_CAPACITY','INSERT',313),(1028,177,'CATISSUE_STORAGE_CONTAINER','INSERT',313),(1029,165,'CATISSUE_STORAGE_CONTAINER','INSERT',313),(1030,183,'CATISSUE_STORAGE_CONT_CAPACITY','INSERT',313),(1031,175,'CATISSUE_STORAGE_CONT_DETAILS','INSERT',313),(1032,189,'CATISSUE_STORAGE_CONT_CAPACITY','INSERT',313),(1033,164,'CATISSUE_STORAGE_CONTAINER','INSERT',313),(1034,155,'CATISSUE_STORAGE_CONT_DETAILS','INSERT',313),(1035,176,'CATISSUE_STORAGE_CONT_CAPACITY','INSERT',313),(1036,173,'CATISSUE_STORAGE_CONT_CAPACITY','INSERT',313),(1037,171,'CATISSUE_STORAGE_CONT_CAPACITY','INSERT',313),(1038,169,'CATISSUE_STORAGE_CONT_DETAILS','INSERT',313),(1039,170,'CATISSUE_STORAGE_CONTAINER','INSERT',313),(1040,166,'CATISSUE_STORAGE_CONTAINER','INSERT',313),(1041,170,'CATISSUE_STORAGE_CONT_CAPACITY','INSERT',313),(1042,161,'CATISSUE_STORAGE_CONTAINER','INSERT',313),(1043,162,'CATISSUE_STORAGE_CONT_DETAILS','INSERT',313),(1044,175,'CATISSUE_STORAGE_CONTAINER','INSERT',313),(1045,168,'CATISSUE_STORAGE_CONT_CAPACITY','INSERT',313),(1046,178,'CATISSUE_STORAGE_CONT_CAPACITY','INSERT',313),(1047,163,'CATISSUE_STORAGE_CONTAINER','INSERT',313),(1048,171,'CATISSUE_STORAGE_CONTAINER','INSERT',313),(1049,173,'CATISSUE_STORAGE_CONTAINER','INSERT',313),(1050,176,'CATISSUE_STORAGE_CONT_DETAILS','INSERT',313),(1051,155,'CATISSUE_STORAGE_CONTAINER','INSERT',313),(1052,158,'CATISSUE_STORAGE_CONT_DETAILS','INSERT',313),(1053,162,'CATISSUE_STORAGE_CONTAINER','INSERT',313),(1054,172,'CATISSUE_STORAGE_CONT_DETAILS','INSERT',313),(1055,186,'CATISSUE_STORAGE_CONT_CAPACITY','INSERT',313),(1056,172,'CATISSUE_STORAGE_CONT_CAPACITY','INSERT',313),(1057,165,'CATISSUE_STORAGE_CONT_DETAILS','INSERT',313),(1058,188,'CATISSUE_STORAGE_CONT_CAPACITY','INSERT',313),(1059,159,'CATISSUE_STORAGE_CONTAINER','INSERT',313),(1060,176,'CATISSUE_STORAGE_CONTAINER','INSERT',313),(1061,159,'CATISSUE_STORAGE_CONT_DETAILS','INSERT',313),(1062,164,'CATISSUE_STORAGE_CONT_DETAILS','INSERT',313),(1063,184,'CATISSUE_STORAGE_CONT_CAPACITY','INSERT',313),(1064,192,'CATISSUE_STORAGE_CONT_CAPACITY','INSERT',313),(1065,182,'CATISSUE_STORAGE_CONT_CAPACITY','INSERT',313),(1066,157,'CATISSUE_STORAGE_CONTAINER','INSERT',313),(1067,185,'CATISSUE_STORAGE_CONT_CAPACITY','INSERT',313),(1068,174,'CATISSUE_STORAGE_CONT_CAPACITY','INSERT',313),(1069,153,'CATISSUE_STORAGE_CONTAINER','INSERT',313),(1070,153,'CATISSUE_STORAGE_CONT_DETAILS','INSERT',313),(1071,171,'CATISSUE_STORAGE_CONT_DETAILS','INSERT',313),(1072,158,'CATISSUE_STORAGE_CONTAINER','INSERT',313),(1073,156,'CATISSUE_STORAGE_CONT_DETAILS','INSERT',313),(1074,174,'CATISSUE_STORAGE_CONT_DETAILS','INSERT',313),(1075,170,'CATISSUE_STORAGE_CONT_DETAILS','INSERT',313),(1076,154,'CATISSUE_STORAGE_CONT_DETAILS','INSERT',313),(1077,180,'CATISSUE_STORAGE_CONT_CAPACITY','INSERT',313),(1078,157,'CATISSUE_STORAGE_CONT_DETAILS','INSERT',313),(1079,154,'CATISSUE_STORAGE_CONTAINER','INSERT',313),(1080,168,'CATISSUE_STORAGE_CONT_DETAILS','INSERT',313),(1081,167,'CATISSUE_STORAGE_CONTAINER','INSERT',313),(1082,163,'CATISSUE_STORAGE_CONT_DETAILS','INSERT',313),(1083,20,'CATISSUE_PARTICIPANT','INSERT',314),(1084,19,'CATISSUE_PART_MEDICAL_ID','INSERT',314),(1085,20,'CATISSUE_PART_MEDICAL_ID','INSERT',315),(1086,21,'CATISSUE_PARTICIPANT','INSERT',315),(1087,22,'CATISSUE_PARTICIPANT','INSERT',316),(1088,21,'CATISSUE_PART_MEDICAL_ID','INSERT',316),(1089,23,'CATISSUE_PARTICIPANT','INSERT',317),(1090,22,'CATISSUE_PART_MEDICAL_ID','INSERT',317),(1091,23,'CATISSUE_PART_MEDICAL_ID','INSERT',318),(1092,24,'CATISSUE_PARTICIPANT','INSERT',318),(1093,25,'CATISSUE_PARTICIPANT','INSERT',319),(1094,24,'CATISSUE_PART_MEDICAL_ID','INSERT',319),(1095,21,'CATISSUE_COLL_PROT_REG','INSERT',320),(1096,22,'CATISSUE_COLL_PROT_REG','INSERT',321),(1097,23,'CATISSUE_COLL_PROT_REG','INSERT',322),(1098,24,'CATISSUE_COLL_PROT_REG','INSERT',323),(1099,25,'CATISSUE_COLL_PROT_REG','INSERT',324),(1100,26,'CATISSUE_COLL_PROT_REG','INSERT',325),(1101,27,'CATISSUE_COLL_PROT_REG','INSERT',326),(1102,28,'CATISSUE_COLL_PROT_REG','INSERT',327),(1103,26,'CATISSUE_PARTICIPANT','INSERT',327),(1104,25,'CATISSUE_PART_MEDICAL_ID','INSERT',327),(1105,29,'CATISSUE_COLL_PROT_REG','INSERT',328),(1106,26,'CATISSUE_PART_MEDICAL_ID','INSERT',329),(1107,30,'CATISSUE_COLL_PROT_REG','INSERT',329),(1108,27,'CATISSUE_PARTICIPANT','INSERT',329),(1109,31,'CATISSUE_COLL_PROT_REG','INSERT',330),(1110,21,'CATISSUE_CLINICAL_REPORT','INSERT',331),(1111,21,'CATISSUE_SPECIMEN_COLL_GROUP','INSERT',331),(1112,22,'CATISSUE_SPECIMEN_COLL_GROUP','INSERT',332),(1113,22,'CATISSUE_CLINICAL_REPORT','INSERT',332),(1114,23,'CATISSUE_SPECIMEN_COLL_GROUP','INSERT',333),(1115,23,'CATISSUE_CLINICAL_REPORT','INSERT',333),(1116,24,'CATISSUE_CLINICAL_REPORT','INSERT',334),(1117,24,'CATISSUE_SPECIMEN_COLL_GROUP','INSERT',334),(1118,25,'CATISSUE_SPECIMEN_COLL_GROUP','INSERT',335),(1119,25,'CATISSUE_CLINICAL_REPORT','INSERT',335),(1120,26,'CATISSUE_CLINICAL_REPORT','INSERT',336),(1121,26,'CATISSUE_SPECIMEN_COLL_GROUP','INSERT',336),(1122,27,'CATISSUE_SPECIMEN_COLL_GROUP','INSERT',337),(1123,27,'CATISSUE_CLINICAL_REPORT','INSERT',337),(1124,28,'CATISSUE_CLINICAL_REPORT','INSERT',338),(1125,28,'CATISSUE_SPECIMEN_COLL_GROUP','INSERT',338),(1126,29,'CATISSUE_CLINICAL_REPORT','INSERT',339),(1127,29,'CATISSUE_SPECIMEN_COLL_GROUP','INSERT',339),(1128,30,'CATISSUE_SPECIMEN_COLL_GROUP','INSERT',340),(1129,30,'CATISSUE_CLINICAL_REPORT','INSERT',340),(1130,31,'CATISSUE_SPECIMEN_COLL_GROUP','INSERT',341),(1131,31,'CATISSUE_CLINICAL_REPORT','INSERT',341),(1132,32,'CATISSUE_CLINICAL_REPORT','INSERT',342),(1133,32,'CATISSUE_SPECIMEN_COLL_GROUP','INSERT',342),(1134,66,'CATISSUE_EXTERNAL_IDENTIFIER','INSERT',343),(1135,59,'CATISSUE_SPECIMEN_CHAR','INSERT',343),(1136,74,'CATISSUE_SPECIMEN','INSERT',343),(1137,75,'CATISSUE_SPECIMEN','INSERT',344),(1138,67,'CATISSUE_EXTERNAL_IDENTIFIER','INSERT',344),(1139,60,'CATISSUE_SPECIMEN_CHAR','INSERT',344),(1140,61,'CATISSUE_SPECIMEN_CHAR','INSERT',345),(1141,68,'CATISSUE_EXTERNAL_IDENTIFIER','INSERT',345),(1142,76,'CATISSUE_SPECIMEN','INSERT',345),(1143,62,'CATISSUE_SPECIMEN_CHAR','INSERT',346),(1144,77,'CATISSUE_SPECIMEN','INSERT',346),(1145,69,'CATISSUE_EXTERNAL_IDENTIFIER','INSERT',346),(1146,63,'CATISSUE_SPECIMEN_CHAR','INSERT',347),(1147,70,'CATISSUE_EXTERNAL_IDENTIFIER','INSERT',347),(1148,78,'CATISSUE_SPECIMEN','INSERT',347),(1149,28,'CATISSUE_TIS_SPE_EVENT_PARAM','INSERT',348),(1150,27,'CATISSUE_PART_MEDICAL_ID','INSERT',349),(1151,28,'CATISSUE_PARTICIPANT','INSERT',349),(1152,29,'CATISSUE_PARTICIPANT','INSERT',350),(1153,28,'CATISSUE_PART_MEDICAL_ID','INSERT',350),(1154,30,'CATISSUE_PARTICIPANT','INSERT',351),(1155,29,'CATISSUE_PART_MEDICAL_ID','INSERT',351),(1156,31,'CATISSUE_PARTICIPANT','INSERT',352),(1157,30,'CATISSUE_PART_MEDICAL_ID','INSERT',352),(1158,32,'CATISSUE_PARTICIPANT','INSERT',353),(1159,31,'CATISSUE_PART_MEDICAL_ID','INSERT',353),(1160,33,'CATISSUE_PARTICIPANT','INSERT',354),(1161,32,'CATISSUE_PART_MEDICAL_ID','INSERT',354),(1162,34,'CATISSUE_PARTICIPANT','INSERT',355),(1163,33,'CATISSUE_PART_MEDICAL_ID','INSERT',355),(1164,35,'CATISSUE_PARTICIPANT','INSERT',356),(1165,34,'CATISSUE_PART_MEDICAL_ID','INSERT',356),(1166,35,'CATISSUE_PART_MEDICAL_ID','INSERT',357),(1167,36,'CATISSUE_PARTICIPANT','INSERT',357),(1168,37,'CATISSUE_PARTICIPANT','INSERT',358),(1169,36,'CATISSUE_PART_MEDICAL_ID','INSERT',358),(1170,37,'CATISSUE_PART_MEDICAL_ID','INSERT',359),(1171,38,'CATISSUE_PARTICIPANT','INSERT',359),(1172,39,'CATISSUE_PARTICIPANT','INSERT',360),(1173,38,'CATISSUE_PART_MEDICAL_ID','INSERT',360),(1174,40,'CATISSUE_PARTICIPANT','INSERT',361),(1175,39,'CATISSUE_PART_MEDICAL_ID','INSERT',361),(1176,41,'CATISSUE_PARTICIPANT','INSERT',362),(1177,40,'CATISSUE_PART_MEDICAL_ID','INSERT',362),(1178,42,'CATISSUE_PARTICIPANT','INSERT',363),(1179,41,'CATISSUE_PART_MEDICAL_ID','INSERT',363),(1180,43,'CATISSUE_PARTICIPANT','INSERT',364),(1181,42,'CATISSUE_PART_MEDICAL_ID','INSERT',364),(1182,44,'CATISSUE_PARTICIPANT','INSERT',365),(1183,43,'CATISSUE_PART_MEDICAL_ID','INSERT',365),(1184,44,'CATISSUE_PART_MEDICAL_ID','INSERT',366),(1185,45,'CATISSUE_PARTICIPANT','INSERT',366),(1186,45,'CATISSUE_PART_MEDICAL_ID','INSERT',367),(1187,46,'CATISSUE_PARTICIPANT','INSERT',367),(1188,46,'CATISSUE_PART_MEDICAL_ID','INSERT',368),(1189,47,'CATISSUE_PARTICIPANT','INSERT',368),(1190,48,'CATISSUE_PARTICIPANT','INSERT',369),(1191,47,'CATISSUE_PART_MEDICAL_ID','INSERT',369),(1192,48,'CATISSUE_PART_MEDICAL_ID','INSERT',370),(1193,49,'CATISSUE_PARTICIPANT','INSERT',370),(1194,50,'CATISSUE_PARTICIPANT','INSERT',371),(1195,49,'CATISSUE_PART_MEDICAL_ID','INSERT',371),(1196,50,'CATISSUE_PART_MEDICAL_ID','INSERT',372),(1197,51,'CATISSUE_PARTICIPANT','INSERT',372),(1198,52,'CATISSUE_PARTICIPANT','INSERT',373),(1199,51,'CATISSUE_PART_MEDICAL_ID','INSERT',373),(1200,32,'CATISSUE_COLL_PROT_REG','INSERT',374),(1201,33,'CATISSUE_COLL_PROT_REG','INSERT',375),(1202,34,'CATISSUE_COLL_PROT_REG','INSERT',376),(1203,35,'CATISSUE_COLL_PROT_REG','INSERT',377),(1204,36,'CATISSUE_COLL_PROT_REG','INSERT',378),(1205,37,'CATISSUE_COLL_PROT_REG','INSERT',379),(1206,38,'CATISSUE_COLL_PROT_REG','INSERT',380),(1207,39,'CATISSUE_COLL_PROT_REG','INSERT',381),(1208,40,'CATISSUE_COLL_PROT_REG','INSERT',382),(1209,41,'CATISSUE_COLL_PROT_REG','INSERT',383),(1210,42,'CATISSUE_COLL_PROT_REG','INSERT',384),(1211,43,'CATISSUE_COLL_PROT_REG','INSERT',385),(1212,44,'CATISSUE_COLL_PROT_REG','INSERT',386),(1213,45,'CATISSUE_COLL_PROT_REG','INSERT',387),(1214,46,'CATISSUE_COLL_PROT_REG','INSERT',388),(1215,47,'CATISSUE_COLL_PROT_REG','INSERT',389),(1216,48,'CATISSUE_COLL_PROT_REG','INSERT',390),(1217,49,'CATISSUE_COLL_PROT_REG','INSERT',391),(1218,50,'CATISSUE_COLL_PROT_REG','INSERT',392),(1219,34,'CATISSUE_SPECIMEN_REQUIREMENT','INSERT',393),(1220,35,'CATISSUE_SPECIMEN_REQUIREMENT','INSERT',393),(1221,21,'CATISSUE_COLL_PROT_EVENT','INSERT',393),(1222,13,'CATISSUE_COLLECTION_PROTOCOL','INSERT',393),(1223,51,'CATISSUE_COLL_PROT_REG','INSERT',394),(1224,52,'CATISSUE_COLL_PROT_REG','INSERT',395),(1225,33,'CATISSUE_CLINICAL_REPORT','INSERT',396),(1226,33,'CATISSUE_SPECIMEN_COLL_GROUP','INSERT',396),(1227,71,'CATISSUE_EXTERNAL_IDENTIFIER','INSERT',397),(1228,79,'CATISSUE_SPECIMEN','INSERT',397),(1229,64,'CATISSUE_SPECIMEN_CHAR','INSERT',397),(1230,34,'CATISSUE_SPECIMEN_COLL_GROUP','INSERT',398),(1231,34,'CATISSUE_CLINICAL_REPORT','INSERT',398),(1232,80,'CATISSUE_SPECIMEN','INSERT',399),(1233,72,'CATISSUE_EXTERNAL_IDENTIFIER','INSERT',399),(1234,65,'CATISSUE_SPECIMEN_CHAR','INSERT',399),(1235,35,'CATISSUE_CLINICAL_REPORT','INSERT',400),(1236,35,'CATISSUE_SPECIMEN_COLL_GROUP','INSERT',400),(1237,66,'CATISSUE_SPECIMEN_CHAR','INSERT',401),(1238,81,'CATISSUE_SPECIMEN','INSERT',401),(1239,73,'CATISSUE_EXTERNAL_IDENTIFIER','INSERT',401),(1240,36,'CATISSUE_SPECIMEN_COLL_GROUP','INSERT',402),(1241,36,'CATISSUE_CLINICAL_REPORT','INSERT',402),(1242,74,'CATISSUE_EXTERNAL_IDENTIFIER','INSERT',403),(1243,82,'CATISSUE_SPECIMEN','INSERT',403),(1244,67,'CATISSUE_SPECIMEN_CHAR','INSERT',403),(1245,37,'CATISSUE_SPECIMEN_COLL_GROUP','INSERT',404),(1246,37,'CATISSUE_CLINICAL_REPORT','INSERT',404),(1247,75,'CATISSUE_EXTERNAL_IDENTIFIER','INSERT',405),(1248,83,'CATISSUE_SPECIMEN','INSERT',405),(1249,68,'CATISSUE_SPECIMEN_CHAR','INSERT',405),(1250,38,'CATISSUE_CLINICAL_REPORT','INSERT',406),(1251,38,'CATISSUE_SPECIMEN_COLL_GROUP','INSERT',406),(1252,76,'CATISSUE_EXTERNAL_IDENTIFIER','INSERT',407),(1253,69,'CATISSUE_SPECIMEN_CHAR','INSERT',407),(1254,84,'CATISSUE_SPECIMEN','INSERT',407),(1255,39,'CATISSUE_CLINICAL_REPORT','INSERT',408),(1256,39,'CATISSUE_SPECIMEN_COLL_GROUP','INSERT',408),(1257,85,'CATISSUE_SPECIMEN','INSERT',409),(1258,77,'CATISSUE_EXTERNAL_IDENTIFIER','INSERT',409),(1259,70,'CATISSUE_SPECIMEN_CHAR','INSERT',409),(1260,40,'CATISSUE_SPECIMEN_COLL_GROUP','INSERT',410),(1261,40,'CATISSUE_CLINICAL_REPORT','INSERT',410),(1262,78,'CATISSUE_EXTERNAL_IDENTIFIER','INSERT',411),(1263,71,'CATISSUE_SPECIMEN_CHAR','INSERT',411),(1264,86,'CATISSUE_SPECIMEN','INSERT',411),(1265,87,'CATISSUE_SPECIMEN','INSERT',412),(1266,79,'CATISSUE_EXTERNAL_IDENTIFIER','INSERT',412),(1267,72,'CATISSUE_SPECIMEN_CHAR','INSERT',412),(1268,73,'CATISSUE_SPECIMEN_CHAR','INSERT',413),(1269,88,'CATISSUE_SPECIMEN','INSERT',413),(1270,80,'CATISSUE_EXTERNAL_IDENTIFIER','INSERT',413),(1271,41,'CATISSUE_CLINICAL_REPORT','INSERT',414),(1272,41,'CATISSUE_SPECIMEN_COLL_GROUP','INSERT',414),(1273,81,'CATISSUE_EXTERNAL_IDENTIFIER','INSERT',415),(1274,74,'CATISSUE_SPECIMEN_CHAR','INSERT',415),(1275,89,'CATISSUE_SPECIMEN','INSERT',415),(1276,75,'CATISSUE_SPECIMEN_CHAR','INSERT',416),(1277,90,'CATISSUE_SPECIMEN','INSERT',416),(1278,82,'CATISSUE_EXTERNAL_IDENTIFIER','INSERT',416),(1279,83,'CATISSUE_EXTERNAL_IDENTIFIER','INSERT',417),(1280,91,'CATISSUE_SPECIMEN','INSERT',417),(1281,76,'CATISSUE_SPECIMEN_CHAR','INSERT',417),(1282,42,'CATISSUE_CLINICAL_REPORT','INSERT',418),(1283,42,'CATISSUE_SPECIMEN_COLL_GROUP','INSERT',418),(1284,84,'CATISSUE_EXTERNAL_IDENTIFIER','INSERT',419),(1285,77,'CATISSUE_SPECIMEN_CHAR','INSERT',419),(1286,92,'CATISSUE_SPECIMEN','INSERT',419),(1287,78,'CATISSUE_SPECIMEN_CHAR','INSERT',420),(1288,85,'CATISSUE_EXTERNAL_IDENTIFIER','INSERT',420),(1289,93,'CATISSUE_SPECIMEN','INSERT',420),(1290,43,'CATISSUE_SPECIMEN_COLL_GROUP','INSERT',421),(1291,43,'CATISSUE_CLINICAL_REPORT','INSERT',421),(1292,86,'CATISSUE_EXTERNAL_IDENTIFIER','INSERT',422),(1293,94,'CATISSUE_SPECIMEN','INSERT',422),(1294,79,'CATISSUE_SPECIMEN_CHAR','INSERT',422),(1295,44,'CATISSUE_CLINICAL_REPORT','INSERT',423),(1296,44,'CATISSUE_SPECIMEN_COLL_GROUP','INSERT',423),(1297,87,'CATISSUE_EXTERNAL_IDENTIFIER','INSERT',424),(1298,95,'CATISSUE_SPECIMEN','INSERT',424),(1299,80,'CATISSUE_SPECIMEN_CHAR','INSERT',424),(1300,88,'CATISSUE_EXTERNAL_IDENTIFIER','INSERT',425),(1301,96,'CATISSUE_SPECIMEN','INSERT',425),(1302,81,'CATISSUE_SPECIMEN_CHAR','INSERT',425),(1303,45,'CATISSUE_CLINICAL_REPORT','INSERT',426),(1304,45,'CATISSUE_SPECIMEN_COLL_GROUP','INSERT',426),(1305,97,'CATISSUE_SPECIMEN','INSERT',427),(1306,89,'CATISSUE_EXTERNAL_IDENTIFIER','INSERT',427),(1307,82,'CATISSUE_SPECIMEN_CHAR','INSERT',427),(1308,46,'CATISSUE_CLINICAL_REPORT','INSERT',428),(1309,46,'CATISSUE_SPECIMEN_COLL_GROUP','INSERT',428),(1310,90,'CATISSUE_EXTERNAL_IDENTIFIER','INSERT',429),(1311,98,'CATISSUE_SPECIMEN','INSERT',429),(1312,83,'CATISSUE_SPECIMEN_CHAR','INSERT',429),(1313,91,'CATISSUE_EXTERNAL_IDENTIFIER','INSERT',430),(1314,99,'CATISSUE_SPECIMEN','INSERT',430),(1315,84,'CATISSUE_SPECIMEN_CHAR','INSERT',430),(1316,47,'CATISSUE_SPECIMEN_COLL_GROUP','INSERT',431),(1317,47,'CATISSUE_CLINICAL_REPORT','INSERT',431),(1318,92,'CATISSUE_EXTERNAL_IDENTIFIER','INSERT',432),(1319,85,'CATISSUE_SPECIMEN_CHAR','INSERT',432),(1320,100,'CATISSUE_SPECIMEN','INSERT',432),(1321,48,'CATISSUE_CLINICAL_REPORT','INSERT',433),(1322,48,'CATISSUE_SPECIMEN_COLL_GROUP','INSERT',433),(1323,93,'CATISSUE_EXTERNAL_IDENTIFIER','INSERT',434),(1324,86,'CATISSUE_SPECIMEN_CHAR','INSERT',434),(1325,101,'CATISSUE_SPECIMEN','INSERT',434),(1326,49,'CATISSUE_SPECIMEN_COLL_GROUP','INSERT',435),(1327,49,'CATISSUE_CLINICAL_REPORT','INSERT',435),(1328,102,'CATISSUE_SPECIMEN','INSERT',436),(1329,87,'CATISSUE_SPECIMEN_CHAR','INSERT',436),(1330,94,'CATISSUE_EXTERNAL_IDENTIFIER','INSERT',436),(1331,50,'CATISSUE_CLINICAL_REPORT','INSERT',437),(1332,50,'CATISSUE_SPECIMEN_COLL_GROUP','INSERT',437),(1333,103,'CATISSUE_SPECIMEN','INSERT',438),(1334,95,'CATISSUE_EXTERNAL_IDENTIFIER','INSERT',438),(1335,88,'CATISSUE_SPECIMEN_CHAR','INSERT',438),(1336,39,'CATISSUE_PARTICIPANT','UPDATE',439),(1337,96,'CATISSUE_EXTERNAL_IDENTIFIER','INSERT',440),(1338,104,'CATISSUE_SPECIMEN','INSERT',440),(1339,105,'CATISSUE_SPECIMEN','INSERT',441),(1340,97,'CATISSUE_EXTERNAL_IDENTIFIER','INSERT',441),(1341,106,'CATISSUE_SPECIMEN','INSERT',442),(1342,98,'CATISSUE_EXTERNAL_IDENTIFIER','INSERT',442),(1343,99,'CATISSUE_EXTERNAL_IDENTIFIER','INSERT',443),(1344,107,'CATISSUE_SPECIMEN','INSERT',443),(1345,29,'CATISSUE_TIS_SPE_EVENT_PARAM','INSERT',444),(1346,30,'CATISSUE_TIS_SPE_EVENT_PARAM','INSERT',445),(1347,100,'CATISSUE_EXTERNAL_IDENTIFIER','INSERT',446),(1348,108,'CATISSUE_SPECIMEN','INSERT',446),(1349,101,'CATISSUE_EXTERNAL_IDENTIFIER','INSERT',447),(1350,109,'CATISSUE_SPECIMEN','INSERT',447),(1351,102,'CATISSUE_EXTERNAL_IDENTIFIER','INSERT',448),(1352,110,'CATISSUE_SPECIMEN','INSERT',448),(1353,103,'CATISSUE_EXTERNAL_IDENTIFIER','INSERT',449),(1354,111,'CATISSUE_SPECIMEN','INSERT',449),(1355,12,'CATISSUE_SITE','INSERT',450),(1356,32,'CATISSUE_ADDRESS','INSERT',450),(1357,193,'CATISSUE_STORAGE_CONT_CAPACITY','INSERT',451),(1358,178,'CATISSUE_STORAGE_CONTAINER','INSERT',451),(1359,178,'CATISSUE_STORAGE_CONT_DETAILS','INSERT',451),(1360,36,'CATISSUE_SPECIMEN_REQUIREMENT','INSERT',452),(1361,22,'CATISSUE_COLL_PROT_EVENT','INSERT',452),(1362,14,'CATISSUE_COLLECTION_PROTOCOL','INSERT',452),(1363,53,'CATISSUE_PARTICIPANT','INSERT',453),(1364,52,'CATISSUE_PART_MEDICAL_ID','INSERT',453),(1365,53,'CATISSUE_COLL_PROT_REG','INSERT',454),(1366,51,'CATISSUE_CLINICAL_REPORT','INSERT',455),(1367,51,'CATISSUE_SPECIMEN_COLL_GROUP','INSERT',455),(1368,104,'CATISSUE_EXTERNAL_IDENTIFIER','INSERT',456),(1369,89,'CATISSUE_SPECIMEN_CHAR','INSERT',456),(1370,112,'CATISSUE_SPECIMEN','INSERT',456),(1371,51,'CATISSUE_SPECIMEN_COLL_GROUP','UPDATE',457),(1372,105,'CATISSUE_EXTERNAL_IDENTIFIER','INSERT',458),(1373,113,'CATISSUE_SPECIMEN','INSERT',458),(1374,90,'CATISSUE_SPECIMEN_CHAR','INSERT',458),(1375,52,'CATISSUE_SPECIMEN_COLL_GROUP','INSERT',459),(1376,52,'CATISSUE_CLINICAL_REPORT','INSERT',459),(1377,106,'CATISSUE_EXTERNAL_IDENTIFIER','INSERT',460),(1378,91,'CATISSUE_SPECIMEN_CHAR','INSERT',460),(1379,114,'CATISSUE_SPECIMEN','INSERT',460),(1380,92,'CATISSUE_SPECIMEN_CHAR','INSERT',461),(1381,107,'CATISSUE_EXTERNAL_IDENTIFIER','INSERT',461),(1382,115,'CATISSUE_SPECIMEN','INSERT',461),(1383,108,'CATISSUE_EXTERNAL_IDENTIFIER','INSERT',462),(1384,116,'CATISSUE_SPECIMEN','INSERT',462),(1385,109,'CATISSUE_EXTERNAL_IDENTIFIER','INSERT',463),(1386,117,'CATISSUE_SPECIMEN','INSERT',463),(1387,14,'CATISSUE_STORAGE_TYPE','INSERT',464),(1388,194,'CATISSUE_STORAGE_CONT_CAPACITY','INSERT',464),(1389,179,'CATISSUE_STORAGE_CONT_DETAILS','INSERT',465),(1390,195,'CATISSUE_STORAGE_CONT_CAPACITY','INSERT',465),(1391,179,'CATISSUE_STORAGE_CONTAINER','INSERT',465),(1392,180,'CATISSUE_STORAGE_CONT_DETAILS','INSERT',466),(1393,180,'CATISSUE_STORAGE_CONTAINER','INSERT',466),(1394,196,'CATISSUE_STORAGE_CONT_CAPACITY','INSERT',466),(1395,22,'CATISSUE_INSTITUTION','INSERT',467),(1396,13,'CATISSUE_DEPARTMENT','INSERT',468),(1397,20,'CATISSUE_CANCER_RESEARCH_GROUP','INSERT',469),(1398,33,'CATISSUE_ADDRESS','INSERT',470),(1399,22,'CATISSUE_USER','INSERT',470),(1400,23,'CATISSUE_INSTITUTION','INSERT',471),(1401,24,'CATISSUE_INSTITUTION','INSERT',472),(1402,14,'CATISSUE_DEPARTMENT','INSERT',473),(1403,25,'CATISSUE_INSTITUTION','INSERT',474),(1404,21,'CATISSUE_CANCER_RESEARCH_GROUP','INSERT',475),(1405,15,'CATISSUE_DEPARTMENT','INSERT',476),(1406,34,'CATISSUE_ADDRESS','INSERT',477),(1407,13,'CATISSUE_SITE','INSERT',477),(1408,22,'CATISSUE_CANCER_RESEARCH_GROUP','INSERT',478),(1409,35,'CATISSUE_ADDRESS','INSERT',479),(1410,23,'CATISSUE_USER','INSERT',479),(1411,36,'CATISSUE_ADDRESS','INSERT',480),(1412,24,'CATISSUE_USER','INSERT',480),(1413,181,'CATISSUE_STORAGE_CONT_DETAILS','INSERT',481),(1414,197,'CATISSUE_STORAGE_CONT_CAPACITY','INSERT',481),(1415,181,'CATISSUE_STORAGE_CONTAINER','INSERT',481),(1416,15,'CATISSUE_STORAGE_TYPE','INSERT',482),(1417,198,'CATISSUE_STORAGE_CONT_CAPACITY','INSERT',482),(1418,16,'CATISSUE_STORAGE_TYPE','INSERT',483),(1419,199,'CATISSUE_STORAGE_CONT_CAPACITY','INSERT',483),(1420,37,'CATISSUE_ADDRESS','INSERT',484),(1421,25,'CATISSUE_USER','INSERT',484),(1422,17,'CATISSUE_STORAGE_TYPE','INSERT',485),(1423,200,'CATISSUE_STORAGE_CONT_CAPACITY','INSERT',485),(1424,18,'CATISSUE_STORAGE_TYPE','INSERT',486),(1425,201,'CATISSUE_STORAGE_CONT_CAPACITY','INSERT',486),(1426,19,'CATISSUE_STORAGE_TYPE','INSERT',487),(1427,202,'CATISSUE_STORAGE_CONT_CAPACITY','INSERT',487),(1428,203,'CATISSUE_STORAGE_CONT_CAPACITY','INSERT',488),(1429,20,'CATISSUE_STORAGE_TYPE','INSERT',488),(1430,21,'CATISSUE_STORAGE_TYPE','INSERT',489),(1431,204,'CATISSUE_STORAGE_CONT_CAPACITY','INSERT',489),(1432,205,'CATISSUE_STORAGE_CONT_CAPACITY','INSERT',490),(1433,22,'CATISSUE_STORAGE_TYPE','INSERT',490),(1434,23,'CATISSUE_STORAGE_TYPE','INSERT',491),(1435,206,'CATISSUE_STORAGE_CONT_CAPACITY','INSERT',491),(1436,207,'CATISSUE_STORAGE_CONT_CAPACITY','INSERT',492),(1437,24,'CATISSUE_STORAGE_TYPE','INSERT',492),(1438,25,'CATISSUE_STORAGE_TYPE','INSERT',493),(1439,208,'CATISSUE_STORAGE_CONT_CAPACITY','INSERT',493),(1440,209,'CATISSUE_STORAGE_CONT_CAPACITY','INSERT',494),(1441,26,'CATISSUE_STORAGE_TYPE','INSERT',494),(1442,182,'CATISSUE_STORAGE_CONTAINER','INSERT',495),(1443,210,'CATISSUE_STORAGE_CONT_CAPACITY','INSERT',495),(1444,182,'CATISSUE_STORAGE_CONT_DETAILS','INSERT',495),(1445,27,'CATISSUE_STORAGE_TYPE','INSERT',496),(1446,211,'CATISSUE_STORAGE_CONT_CAPACITY','INSERT',496),(1447,28,'CATISSUE_STORAGE_TYPE','INSERT',497),(1448,212,'CATISSUE_STORAGE_CONT_CAPACITY','INSERT',497),(1449,183,'CATISSUE_STORAGE_CONTAINER','INSERT',498),(1450,213,'CATISSUE_STORAGE_CONT_CAPACITY','INSERT',498),(1451,183,'CATISSUE_STORAGE_CONT_DETAILS','INSERT',498),(1452,187,'CATISSUE_STORAGE_CONT_DETAILS','INSERT',499),(1453,186,'CATISSUE_STORAGE_CONTAINER','INSERT',499),(1454,215,'CATISSUE_STORAGE_CONT_CAPACITY','INSERT',499),(1455,188,'CATISSUE_STORAGE_CONTAINER','INSERT',499),(1456,214,'CATISSUE_STORAGE_CONT_CAPACITY','INSERT',499),(1457,185,'CATISSUE_STORAGE_CONT_DETAILS','INSERT',499),(1458,186,'CATISSUE_STORAGE_CONT_DETAILS','INSERT',499),(1459,217,'CATISSUE_STORAGE_CONT_CAPACITY','INSERT',499),(1460,185,'CATISSUE_STORAGE_CONTAINER','INSERT',499),(1461,184,'CATISSUE_STORAGE_CONT_DETAILS','INSERT',499),(1462,218,'CATISSUE_STORAGE_CONT_CAPACITY','INSERT',499),(1463,188,'CATISSUE_STORAGE_CONT_DETAILS','INSERT',499),(1464,184,'CATISSUE_STORAGE_CONTAINER','INSERT',499),(1465,216,'CATISSUE_STORAGE_CONT_CAPACITY','INSERT',499),(1466,187,'CATISSUE_STORAGE_CONTAINER','INSERT',499),(1467,189,'CATISSUE_STORAGE_CONTAINER','INSERT',500),(1468,219,'CATISSUE_STORAGE_CONT_CAPACITY','INSERT',500),(1469,189,'CATISSUE_STORAGE_CONT_DETAILS','INSERT',500),(1470,182,'CATISSUE_STORAGE_CONT_DETAILS','UPDATE',501),(1471,23,'CATISSUE_COLL_PROT_EVENT','INSERT',502),(1472,37,'CATISSUE_SPECIMEN_REQUIREMENT','INSERT',502),(1473,15,'CATISSUE_COLLECTION_PROTOCOL','INSERT',502),(1474,190,'CATISSUE_STORAGE_CONT_DETAILS','INSERT',503),(1475,190,'CATISSUE_STORAGE_CONTAINER','INSERT',503),(1476,220,'CATISSUE_STORAGE_CONT_CAPACITY','INSERT',503),(1477,22,'CATISSUE_STORAGE_TYPE','UPDATE',504),(1478,191,'CATISSUE_STORAGE_CONT_DETAILS','UPDATE',505),(1479,192,'CATISSUE_STORAGE_CONT_DETAILS','INSERT',506),(1480,221,'CATISSUE_STORAGE_CONT_CAPACITY','INSERT',506),(1481,191,'CATISSUE_STORAGE_CONTAINER','INSERT',506),(1482,24,'CATISSUE_COLL_PROT_EVENT','INSERT',507),(1483,16,'CATISSUE_COLLECTION_PROTOCOL','INSERT',507),(1484,39,'CATISSUE_SPECIMEN_REQUIREMENT','INSERT',507),(1485,40,'CATISSUE_SPECIMEN_REQUIREMENT','INSERT',508),(1486,17,'CATISSUE_COLLECTION_PROTOCOL','INSERT',508),(1487,25,'CATISSUE_COLL_PROT_EVENT','INSERT',508),(1488,53,'CATISSUE_SPECIMEN_COLL_GROUP','INSERT',509),(1489,53,'CATISSUE_CLINICAL_REPORT','INSERT',509),(1490,41,'CATISSUE_SPECIMEN_REQUIREMENT','INSERT',510),(1491,18,'CATISSUE_DISTRIBUTION_PROTOCOL','INSERT',510),(1492,54,'CATISSUE_PARTICIPANT','INSERT',511),(1493,53,'CATISSUE_PART_MEDICAL_ID','INSERT',511),(1494,55,'CATISSUE_PARTICIPANT','INSERT',512),(1495,54,'CATISSUE_PART_MEDICAL_ID','INSERT',512),(1496,54,'CATISSUE_COLL_PROT_REG','INSERT',513),(1497,56,'CATISSUE_PARTICIPANT','INSERT',514),(1498,55,'CATISSUE_PART_MEDICAL_ID','INSERT',514),(1499,56,'CATISSUE_PART_MEDICAL_ID','INSERT',515),(1500,57,'CATISSUE_PARTICIPANT','INSERT',515),(1501,55,'CATISSUE_COLL_PROT_REG','INSERT',516),(1502,57,'CATISSUE_PART_MEDICAL_ID','INSERT',517),(1503,58,'CATISSUE_PARTICIPANT','INSERT',517),(1504,56,'CATISSUE_COLL_PROT_REG','INSERT',517),(1505,57,'CATISSUE_COLL_PROT_REG','INSERT',518),(1506,110,'CATISSUE_EXTERNAL_IDENTIFIER','INSERT',519),(1507,93,'CATISSUE_SPECIMEN_CHAR','INSERT',519),(1508,118,'CATISSUE_SPECIMEN','INSERT',519),(1509,54,'CATISSUE_SPECIMEN_COLL_GROUP','INSERT',520),(1510,54,'CATISSUE_CLINICAL_REPORT','INSERT',520),(1511,55,'CATISSUE_CLINICAL_REPORT','INSERT',521),(1512,55,'CATISSUE_SPECIMEN_COLL_GROUP','INSERT',521),(1513,59,'CATISSUE_PARTICIPANT','INSERT',522),(1514,58,'CATISSUE_PART_MEDICAL_ID','INSERT',522),(1515,119,'CATISSUE_SPECIMEN','INSERT',523),(1516,94,'CATISSUE_SPECIMEN_CHAR','INSERT',523),(1517,111,'CATISSUE_EXTERNAL_IDENTIFIER','INSERT',523),(1518,58,'CATISSUE_COLL_PROT_REG','INSERT',524),(1519,56,'CATISSUE_CLINICAL_REPORT','INSERT',525),(1520,56,'CATISSUE_SPECIMEN_COLL_GROUP','INSERT',525),(1521,120,'CATISSUE_SPECIMEN','INSERT',526),(1522,95,'CATISSUE_SPECIMEN_CHAR','INSERT',526),(1523,112,'CATISSUE_EXTERNAL_IDENTIFIER','INSERT',526),(1524,31,'CATISSUE_COLL_EVENT_PARAM','INSERT',527),(1525,17,'CATISSUE_USER','UPDATE',528),(1526,29,'CATISSUE_STORAGE_TYPE','INSERT',529),(1527,222,'CATISSUE_STORAGE_CONT_CAPACITY','INSERT',529),(1528,193,'CATISSUE_STORAGE_CONT_DETAILS','INSERT',530),(1529,192,'CATISSUE_STORAGE_CONTAINER','INSERT',530),(1530,223,'CATISSUE_STORAGE_CONT_CAPACITY','INSERT',530),(1531,227,'CATISSUE_STORAGE_CONT_CAPACITY','INSERT',531),(1532,224,'CATISSUE_STORAGE_CONT_CAPACITY','INSERT',531),(1533,196,'CATISSUE_STORAGE_CONT_DETAILS','INSERT',531),(1534,195,'CATISSUE_STORAGE_CONTAINER','INSERT',531),(1535,194,'CATISSUE_STORAGE_CONTAINER','INSERT',531),(1536,193,'CATISSUE_STORAGE_CONTAINER','INSERT',531),(1537,196,'CATISSUE_STORAGE_CONTAINER','INSERT',531),(1538,195,'CATISSUE_STORAGE_CONT_DETAILS','INSERT',531),(1539,226,'CATISSUE_STORAGE_CONT_CAPACITY','INSERT',531),(1540,197,'CATISSUE_STORAGE_CONT_DETAILS','INSERT',531),(1541,225,'CATISSUE_STORAGE_CONT_CAPACITY','INSERT',531),(1542,194,'CATISSUE_STORAGE_CONT_DETAILS','INSERT',531),(1543,27,'CATISSUE_COLL_PROT_EVENT','INSERT',532),(1544,19,'CATISSUE_COLLECTION_PROTOCOL','INSERT',532),(1545,43,'CATISSUE_SPECIMEN_REQUIREMENT','INSERT',532),(1546,26,'CATISSUE_COLL_PROT_EVENT','INSERT',532),(1547,44,'CATISSUE_SPECIMEN_REQUIREMENT','INSERT',532),(1548,42,'CATISSUE_SPECIMEN_REQUIREMENT','INSERT',532),(1549,28,'CATISSUE_COLL_PROT_EVENT','INSERT',533),(1550,45,'CATISSUE_SPECIMEN_REQUIREMENT','INSERT',533),(1551,46,'CATISSUE_SPECIMEN_REQUIREMENT','INSERT',533),(1552,20,'CATISSUE_COLLECTION_PROTOCOL','INSERT',533),(1553,29,'CATISSUE_COLL_PROT_EVENT','INSERT',533),(1554,47,'CATISSUE_SPECIMEN_REQUIREMENT','INSERT',533),(1555,59,'CATISSUE_PART_MEDICAL_ID','INSERT',534),(1556,60,'CATISSUE_PARTICIPANT','INSERT',534),(1557,59,'CATISSUE_COLL_PROT_REG','INSERT',535),(1558,61,'CATISSUE_PARTICIPANT','INSERT',536),(1559,60,'CATISSUE_COLL_PROT_REG','INSERT',536),(1560,60,'CATISSUE_PART_MEDICAL_ID','INSERT',536),(1561,57,'CATISSUE_CLINICAL_REPORT','INSERT',537),(1562,57,'CATISSUE_SPECIMEN_COLL_GROUP','INSERT',537),(1563,96,'CATISSUE_SPECIMEN_CHAR','INSERT',538),(1564,121,'CATISSUE_SPECIMEN','INSERT',538),(1565,113,'CATISSUE_EXTERNAL_IDENTIFIER','INSERT',538),(1566,32,'CATISSUE_TIS_SPE_EVENT_PARAM','INSERT',539),(1567,6,'CATISSUE_DISTRIBUTION','INSERT',540),(1568,10,'CATISSUE_DISTRIBUTED_ITEM','INSERT',540),(1569,9,'CATISSUE_DISTRIBUTED_ITEM','INSERT',540),(1570,14,'CATISSUE_SITE','INSERT',541),(1571,38,'CATISSUE_ADDRESS','INSERT',541),(1572,228,'CATISSUE_STORAGE_CONT_CAPACITY','INSERT',542),(1573,30,'CATISSUE_STORAGE_TYPE','INSERT',542),(1574,206,'CATISSUE_STORAGE_CONT_DETAILS','INSERT',543),(1575,198,'CATISSUE_STORAGE_CONT_DETAILS','INSERT',543),(1576,237,'CATISSUE_STORAGE_CONT_CAPACITY','INSERT',543),(1577,202,'CATISSUE_STORAGE_CONTAINER','INSERT',543),(1578,199,'CATISSUE_STORAGE_CONTAINER','INSERT',543),(1579,200,'CATISSUE_STORAGE_CONTAINER','INSERT',543),(1580,230,'CATISSUE_STORAGE_CONT_CAPACITY','INSERT',543),(1581,205,'CATISSUE_STORAGE_CONTAINER','INSERT',543),(1582,205,'CATISSUE_STORAGE_CONT_DETAILS','INSERT',543),(1583,198,'CATISSUE_STORAGE_CONTAINER','INSERT',543),(1584,201,'CATISSUE_STORAGE_CONTAINER','INSERT',543),(1585,197,'CATISSUE_STORAGE_CONTAINER','INSERT',543),(1586,200,'CATISSUE_STORAGE_CONT_DETAILS','INSERT',543),(1587,203,'CATISSUE_STORAGE_CONTAINER','INSERT',543),(1588,204,'CATISSUE_STORAGE_CONT_DETAILS','INSERT',543),(1589,233,'CATISSUE_STORAGE_CONT_CAPACITY','INSERT',543),(1590,206,'CATISSUE_STORAGE_CONTAINER','INSERT',543),(1591,207,'CATISSUE_STORAGE_CONT_DETAILS','INSERT',543),(1592,229,'CATISSUE_STORAGE_CONT_CAPACITY','INSERT',543),(1593,201,'CATISSUE_STORAGE_CONT_DETAILS','INSERT',543),(1594,234,'CATISSUE_STORAGE_CONT_CAPACITY','INSERT',543),(1595,203,'CATISSUE_STORAGE_CONT_DETAILS','INSERT',543),(1596,236,'CATISSUE_STORAGE_CONT_CAPACITY','INSERT',543),(1597,232,'CATISSUE_STORAGE_CONT_CAPACITY','INSERT',543),(1598,238,'CATISSUE_STORAGE_CONT_CAPACITY','INSERT',543),(1599,199,'CATISSUE_STORAGE_CONT_DETAILS','INSERT',543),(1600,202,'CATISSUE_STORAGE_CONT_DETAILS','INSERT',543),(1601,204,'CATISSUE_STORAGE_CONTAINER','INSERT',543),(1602,235,'CATISSUE_STORAGE_CONT_CAPACITY','INSERT',543),(1603,231,'CATISSUE_STORAGE_CONT_CAPACITY','INSERT',543),(1604,197,'CATISSUE_STORAGE_CONTAINER','UPDATE',544),(1605,31,'CATISSUE_STORAGE_TYPE','INSERT',545),(1606,239,'CATISSUE_STORAGE_CONT_CAPACITY','INSERT',545),(1607,32,'CATISSUE_STORAGE_TYPE','INSERT',546),(1608,240,'CATISSUE_STORAGE_CONT_CAPACITY','INSERT',546),(1609,32,'CATISSUE_STORAGE_TYPE','UPDATE',547),(1610,32,'CATISSUE_STORAGE_TYPE','UPDATE',548),(1611,210,'CATISSUE_STORAGE_CONT_DETAILS','INSERT',549),(1612,211,'CATISSUE_STORAGE_CONT_DETAILS','INSERT',549),(1613,208,'CATISSUE_STORAGE_CONTAINER','INSERT',549),(1614,209,'CATISSUE_STORAGE_CONTAINER','INSERT',549),(1615,245,'CATISSUE_STORAGE_CONT_CAPACITY','INSERT',549),(1616,241,'CATISSUE_STORAGE_CONT_CAPACITY','INSERT',549),(1617,210,'CATISSUE_STORAGE_CONTAINER','INSERT',549),(1618,212,'CATISSUE_STORAGE_CONT_DETAILS','INSERT',549),(1619,211,'CATISSUE_STORAGE_CONTAINER','INSERT',549),(1620,209,'CATISSUE_STORAGE_CONT_DETAILS','INSERT',549),(1621,243,'CATISSUE_STORAGE_CONT_CAPACITY','INSERT',549),(1622,207,'CATISSUE_STORAGE_CONTAINER','INSERT',549),(1623,242,'CATISSUE_STORAGE_CONT_CAPACITY','INSERT',549),(1624,244,'CATISSUE_STORAGE_CONT_CAPACITY','INSERT',549),(1625,208,'CATISSUE_STORAGE_CONT_DETAILS','INSERT',549),(1626,33,'CATISSUE_STORAGE_TYPE','INSERT',550),(1627,246,'CATISSUE_STORAGE_CONT_CAPACITY','INSERT',550),(1628,245,'CATISSUE_STORAGE_CONT_CAPACITY','UPDATE',551),(1629,211,'CATISSUE_STORAGE_CONTAINER','UPDATE',551),(1630,211,'CATISSUE_STORAGE_CONTAINER','UPDATE',552),(1631,212,'CATISSUE_STORAGE_CONTAINER','INSERT',553),(1632,247,'CATISSUE_STORAGE_CONT_CAPACITY','INSERT',553),(1633,213,'CATISSUE_STORAGE_CONT_DETAILS','INSERT',553),(1634,248,'CATISSUE_STORAGE_CONT_CAPACITY','INSERT',554),(1635,34,'CATISSUE_STORAGE_TYPE','INSERT',554),(1636,249,'CATISSUE_STORAGE_CONT_CAPACITY','INSERT',555),(1637,250,'CATISSUE_STORAGE_CONT_CAPACITY','INSERT',555),(1638,214,'CATISSUE_STORAGE_CONT_DETAILS','INSERT',555),(1639,251,'CATISSUE_STORAGE_CONT_CAPACITY','INSERT',555),(1640,215,'CATISSUE_STORAGE_CONTAINER','INSERT',555),(1641,216,'CATISSUE_STORAGE_CONTAINER','INSERT',555),(1642,214,'CATISSUE_STORAGE_CONTAINER','INSERT',555),(1643,253,'CATISSUE_STORAGE_CONT_CAPACITY','INSERT',555),(1644,217,'CATISSUE_STORAGE_CONTAINER','INSERT',555),(1645,252,'CATISSUE_STORAGE_CONT_CAPACITY','INSERT',555),(1646,218,'CATISSUE_STORAGE_CONT_DETAILS','INSERT',555),(1647,215,'CATISSUE_STORAGE_CONT_DETAILS','INSERT',555),(1648,213,'CATISSUE_STORAGE_CONTAINER','INSERT',555),(1649,216,'CATISSUE_STORAGE_CONT_DETAILS','INSERT',555),(1650,217,'CATISSUE_STORAGE_CONT_DETAILS','INSERT',555),(1651,254,'CATISSUE_STORAGE_CONT_CAPACITY','INSERT',556),(1652,35,'CATISSUE_STORAGE_TYPE','INSERT',556),(1653,218,'CATISSUE_STORAGE_CONTAINER','INSERT',557),(1654,219,'CATISSUE_STORAGE_CONT_DETAILS','INSERT',557),(1655,255,'CATISSUE_STORAGE_CONT_CAPACITY','INSERT',557),(1656,257,'CATISSUE_STORAGE_CONT_CAPACITY','INSERT',558),(1657,36,'CATISSUE_STORAGE_TYPE','INSERT',558),(1658,221,'CATISSUE_STORAGE_CONT_DETAILS','INSERT',559),(1659,259,'CATISSUE_STORAGE_CONT_CAPACITY','INSERT',559),(1660,224,'CATISSUE_STORAGE_CONT_DETAILS','INSERT',559),(1661,221,'CATISSUE_STORAGE_CONTAINER','INSERT',559),(1662,262,'CATISSUE_STORAGE_CONT_CAPACITY','INSERT',559),(1663,219,'CATISSUE_STORAGE_CONTAINER','INSERT',559),(1664,260,'CATISSUE_STORAGE_CONT_CAPACITY','INSERT',559),(1665,222,'CATISSUE_STORAGE_CONT_DETAILS','INSERT',559),(1666,261,'CATISSUE_STORAGE_CONT_CAPACITY','INSERT',559),(1667,223,'CATISSUE_STORAGE_CONT_DETAILS','INSERT',559),(1668,220,'CATISSUE_STORAGE_CONTAINER','INSERT',559),(1669,258,'CATISSUE_STORAGE_CONT_CAPACITY','INSERT',559),(1670,223,'CATISSUE_STORAGE_CONTAINER','INSERT',559),(1671,220,'CATISSUE_STORAGE_CONT_DETAILS','INSERT',559),(1672,222,'CATISSUE_STORAGE_CONTAINER','INSERT',559),(1673,37,'CATISSUE_STORAGE_TYPE','INSERT',560),(1674,263,'CATISSUE_STORAGE_CONT_CAPACITY','INSERT',560),(1675,264,'CATISSUE_STORAGE_CONT_CAPACITY','INSERT',561),(1676,225,'CATISSUE_STORAGE_CONT_DETAILS','INSERT',561),(1677,224,'CATISSUE_STORAGE_CONTAINER','INSERT',561),(1678,264,'CATISSUE_STORAGE_CONT_CAPACITY','UPDATE',562),(1679,224,'CATISSUE_STORAGE_CONTAINER','UPDATE',562),(1680,265,'CATISSUE_STORAGE_CONT_CAPACITY','INSERT',563),(1681,228,'CATISSUE_STORAGE_CONT_DETAILS','INSERT',563),(1682,226,'CATISSUE_STORAGE_CONTAINER','INSERT',563),(1683,266,'CATISSUE_STORAGE_CONT_CAPACITY','INSERT',563),(1684,228,'CATISSUE_STORAGE_CONTAINER','INSERT',563),(1685,227,'CATISSUE_STORAGE_CONT_DETAILS','INSERT',563),(1686,225,'CATISSUE_STORAGE_CONTAINER','INSERT',563),(1687,226,'CATISSUE_STORAGE_CONT_DETAILS','INSERT',563),(1688,268,'CATISSUE_STORAGE_CONT_CAPACITY','INSERT',563),(1689,227,'CATISSUE_STORAGE_CONTAINER','INSERT',563),(1690,229,'CATISSUE_STORAGE_CONT_DETAILS','INSERT',563),(1691,267,'CATISSUE_STORAGE_CONT_CAPACITY','INSERT',563),(1692,228,'CATISSUE_STORAGE_CONTAINER','UPDATE',564),(1693,232,'CATISSUE_STORAGE_CONT_DETAILS','INSERT',565),(1694,230,'CATISSUE_STORAGE_CONT_DETAILS','INSERT',565),(1695,269,'CATISSUE_STORAGE_CONT_CAPACITY','INSERT',565),(1696,271,'CATISSUE_STORAGE_CONT_CAPACITY','INSERT',565),(1697,232,'CATISSUE_STORAGE_CONTAINER','INSERT',565),(1698,230,'CATISSUE_STORAGE_CONTAINER','INSERT',565),(1699,273,'CATISSUE_STORAGE_CONT_CAPACITY','INSERT',565),(1700,234,'CATISSUE_STORAGE_CONT_DETAILS','INSERT',565),(1701,270,'CATISSUE_STORAGE_CONT_CAPACITY','INSERT',565),(1702,231,'CATISSUE_STORAGE_CONT_DETAILS','INSERT',565),(1703,233,'CATISSUE_STORAGE_CONT_DETAILS','INSERT',565),(1704,231,'CATISSUE_STORAGE_CONTAINER','INSERT',565),(1705,229,'CATISSUE_STORAGE_CONTAINER','INSERT',565),(1706,272,'CATISSUE_STORAGE_CONT_CAPACITY','INSERT',565),(1707,233,'CATISSUE_STORAGE_CONTAINER','INSERT',565),(1708,61,'CATISSUE_COLL_PROT_REG','INSERT',566),(1709,61,'CATISSUE_PART_MEDICAL_ID','INSERT',566),(1710,62,'CATISSUE_PARTICIPANT','INSERT',566),(1711,122,'CATISSUE_SPECIMEN','INSERT',567),(1712,114,'CATISSUE_EXTERNAL_IDENTIFIER','INSERT',567),(1713,15,'CATISSUE_SITE','INSERT',568),(1714,39,'CATISSUE_ADDRESS','INSERT',568),(1715,38,'CATISSUE_STORAGE_TYPE','INSERT',569),(1716,274,'CATISSUE_STORAGE_CONT_CAPACITY','INSERT',569),(1717,278,'CATISSUE_STORAGE_CONT_CAPACITY','INSERT',570),(1718,277,'CATISSUE_STORAGE_CONT_CAPACITY','INSERT',570),(1719,238,'CATISSUE_STORAGE_CONTAINER','INSERT',570),(1720,235,'CATISSUE_STORAGE_CONTAINER','INSERT',570),(1721,279,'CATISSUE_STORAGE_CONT_CAPACITY','INSERT',570),(1722,238,'CATISSUE_STORAGE_CONT_DETAILS','INSERT',570),(1723,275,'CATISSUE_STORAGE_CONT_CAPACITY','INSERT',570),(1724,236,'CATISSUE_STORAGE_CONT_DETAILS','INSERT',570),(1725,235,'CATISSUE_STORAGE_CONT_DETAILS','INSERT',570),(1726,234,'CATISSUE_STORAGE_CONTAINER','INSERT',570),(1727,237,'CATISSUE_STORAGE_CONT_DETAILS','INSERT',570),(1728,239,'CATISSUE_STORAGE_CONT_DETAILS','INSERT',570),(1729,236,'CATISSUE_STORAGE_CONTAINER','INSERT',570),(1730,276,'CATISSUE_STORAGE_CONT_CAPACITY','INSERT',570),(1731,237,'CATISSUE_STORAGE_CONTAINER','INSERT',570),(1732,239,'CATISSUE_STORAGE_CONTAINER','INSERT',571),(1733,284,'CATISSUE_STORAGE_CONT_CAPACITY','INSERT',571),(1734,281,'CATISSUE_STORAGE_CONT_CAPACITY','INSERT',571),(1735,243,'CATISSUE_STORAGE_CONT_DETAILS','INSERT',571),(1736,244,'CATISSUE_STORAGE_CONT_DETAILS','INSERT',571),(1737,242,'CATISSUE_STORAGE_CONTAINER','INSERT',571),(1738,241,'CATISSUE_STORAGE_CONTAINER','INSERT',571),(1739,280,'CATISSUE_STORAGE_CONT_CAPACITY','INSERT',571),(1740,240,'CATISSUE_STORAGE_CONTAINER','INSERT',571),(1741,242,'CATISSUE_STORAGE_CONT_DETAILS','INSERT',571),(1742,283,'CATISSUE_STORAGE_CONT_CAPACITY','INSERT',571),(1743,243,'CATISSUE_STORAGE_CONTAINER','INSERT',571),(1744,240,'CATISSUE_STORAGE_CONT_DETAILS','INSERT',571),(1745,282,'CATISSUE_STORAGE_CONT_CAPACITY','INSERT',571),(1746,241,'CATISSUE_STORAGE_CONT_DETAILS','INSERT',571),(1747,286,'CATISSUE_STORAGE_CONT_CAPACITY','INSERT',572),(1748,247,'CATISSUE_STORAGE_CONT_DETAILS','INSERT',572),(1749,245,'CATISSUE_STORAGE_CONTAINER','INSERT',572),(1750,247,'CATISSUE_STORAGE_CONTAINER','INSERT',572),(1751,289,'CATISSUE_STORAGE_CONT_CAPACITY','INSERT',572),(1752,288,'CATISSUE_STORAGE_CONT_CAPACITY','INSERT',572),(1753,245,'CATISSUE_STORAGE_CONT_DETAILS','INSERT',572),(1754,246,'CATISSUE_STORAGE_CONT_DETAILS','INSERT',572),(1755,246,'CATISSUE_STORAGE_CONTAINER','INSERT',572),(1756,285,'CATISSUE_STORAGE_CONT_CAPACITY','INSERT',572),(1757,249,'CATISSUE_STORAGE_CONT_DETAILS','INSERT',572),(1758,248,'CATISSUE_STORAGE_CONT_DETAILS','INSERT',572),(1759,248,'CATISSUE_STORAGE_CONTAINER','INSERT',572),(1760,287,'CATISSUE_STORAGE_CONT_CAPACITY','INSERT',572),(1761,244,'CATISSUE_STORAGE_CONTAINER','INSERT',572),(1762,249,'CATISSUE_STORAGE_CONTAINER','INSERT',573),(1763,292,'CATISSUE_STORAGE_CONT_CAPACITY','INSERT',573),(1764,253,'CATISSUE_STORAGE_CONTAINER','INSERT',573),(1765,290,'CATISSUE_STORAGE_CONT_CAPACITY','INSERT',573),(1766,250,'CATISSUE_STORAGE_CONTAINER','INSERT',573),(1767,252,'CATISSUE_STORAGE_CONTAINER','INSERT',573),(1768,254,'CATISSUE_STORAGE_CONT_DETAILS','INSERT',573),(1769,251,'CATISSUE_STORAGE_CONTAINER','INSERT',573),(1770,250,'CATISSUE_STORAGE_CONT_DETAILS','INSERT',573),(1771,291,'CATISSUE_STORAGE_CONT_CAPACITY','INSERT',573),(1772,252,'CATISSUE_STORAGE_CONT_DETAILS','INSERT',573),(1773,253,'CATISSUE_STORAGE_CONT_DETAILS','INSERT',573),(1774,293,'CATISSUE_STORAGE_CONT_CAPACITY','INSERT',573),(1775,294,'CATISSUE_STORAGE_CONT_CAPACITY','INSERT',573),(1776,251,'CATISSUE_STORAGE_CONT_DETAILS','INSERT',573),(1777,295,'CATISSUE_STORAGE_CONT_CAPACITY','INSERT',574),(1778,39,'CATISSUE_STORAGE_TYPE','INSERT',574),(1779,254,'CATISSUE_STORAGE_CONTAINER','INSERT',575),(1780,255,'CATISSUE_STORAGE_CONT_DETAILS','INSERT',575),(1781,299,'CATISSUE_STORAGE_CONT_CAPACITY','INSERT',575),(1782,256,'CATISSUE_STORAGE_CONT_DETAILS','INSERT',575),(1783,257,'CATISSUE_STORAGE_CONT_DETAILS','INSERT',575),(1784,297,'CATISSUE_STORAGE_CONT_CAPACITY','INSERT',575),(1785,296,'CATISSUE_STORAGE_CONT_CAPACITY','INSERT',575),(1786,259,'CATISSUE_STORAGE_CONT_DETAILS','INSERT',575),(1787,255,'CATISSUE_STORAGE_CONTAINER','INSERT',575),(1788,300,'CATISSUE_STORAGE_CONT_CAPACITY','INSERT',575),(1789,256,'CATISSUE_STORAGE_CONTAINER','INSERT',575),(1790,257,'CATISSUE_STORAGE_CONTAINER','INSERT',575),(1791,258,'CATISSUE_STORAGE_CONTAINER','INSERT',575),(1792,258,'CATISSUE_STORAGE_CONT_DETAILS','INSERT',575),(1793,298,'CATISSUE_STORAGE_CONT_CAPACITY','INSERT',575),(1794,40,'CATISSUE_STORAGE_TYPE','INSERT',576),(1795,301,'CATISSUE_STORAGE_CONT_CAPACITY','INSERT',576),(1796,260,'CATISSUE_STORAGE_CONT_DETAILS','INSERT',577),(1797,261,'CATISSUE_STORAGE_CONT_DETAILS','INSERT',577),(1798,259,'CATISSUE_STORAGE_CONTAINER','INSERT',577),(1799,261,'CATISSUE_STORAGE_CONTAINER','INSERT',577),(1800,263,'CATISSUE_STORAGE_CONT_DETAILS','INSERT',577),(1801,263,'CATISSUE_STORAGE_CONTAINER','INSERT',577),(1802,305,'CATISSUE_STORAGE_CONT_CAPACITY','INSERT',577),(1803,303,'CATISSUE_STORAGE_CONT_CAPACITY','INSERT',577),(1804,264,'CATISSUE_STORAGE_CONT_DETAILS','INSERT',577),(1805,306,'CATISSUE_STORAGE_CONT_CAPACITY','INSERT',577),(1806,302,'CATISSUE_STORAGE_CONT_CAPACITY','INSERT',577),(1807,262,'CATISSUE_STORAGE_CONT_DETAILS','INSERT',577),(1808,260,'CATISSUE_STORAGE_CONTAINER','INSERT',577),(1809,262,'CATISSUE_STORAGE_CONTAINER','INSERT',577),(1810,304,'CATISSUE_STORAGE_CONT_CAPACITY','INSERT',577),(1811,308,'CATISSUE_STORAGE_CONT_CAPACITY','INSERT',578),(1812,307,'CATISSUE_STORAGE_CONT_CAPACITY','INSERT',578),(1813,310,'CATISSUE_STORAGE_CONT_CAPACITY','INSERT',578),(1814,268,'CATISSUE_STORAGE_CONT_DETAILS','INSERT',578),(1815,269,'CATISSUE_STORAGE_CONT_DETAILS','INSERT',578),(1816,267,'CATISSUE_STORAGE_CONT_DETAILS','INSERT',578),(1817,311,'CATISSUE_STORAGE_CONT_CAPACITY','INSERT',578),(1818,268,'CATISSUE_STORAGE_CONTAINER','INSERT',578),(1819,309,'CATISSUE_STORAGE_CONT_CAPACITY','INSERT',578),(1820,265,'CATISSUE_STORAGE_CONTAINER','INSERT',578),(1821,267,'CATISSUE_STORAGE_CONTAINER','INSERT',578),(1822,264,'CATISSUE_STORAGE_CONTAINER','INSERT',578),(1823,266,'CATISSUE_STORAGE_CONT_DETAILS','INSERT',578),(1824,265,'CATISSUE_STORAGE_CONT_DETAILS','INSERT',578),(1825,266,'CATISSUE_STORAGE_CONTAINER','INSERT',578),(1826,26,'CATISSUE_INSTITUTION','INSERT',579),(1827,27,'CATISSUE_INSTITUTION','INSERT',580),(1828,16,'CATISSUE_DEPARTMENT','INSERT',581),(1829,17,'CATISSUE_DEPARTMENT','INSERT',582),(1830,18,'CATISSUE_DEPARTMENT','INSERT',583),(1831,23,'CATISSUE_CANCER_RESEARCH_GROUP','INSERT',584),(1832,16,'CATISSUE_SITE','INSERT',585),(1833,40,'CATISSUE_ADDRESS','INSERT',585),(1834,62,'CATISSUE_PART_MEDICAL_ID','INSERT',586),(1835,63,'CATISSUE_PARTICIPANT','INSERT',586),(1836,62,'CATISSUE_COLL_PROT_REG','INSERT',587),(1837,58,'CATISSUE_CLINICAL_REPORT','INSERT',588),(1838,58,'CATISSUE_SPECIMEN_COLL_GROUP','INSERT',588),(1839,115,'CATISSUE_EXTERNAL_IDENTIFIER','INSERT',589),(1840,97,'CATISSUE_SPECIMEN_CHAR','INSERT',589),(1841,123,'CATISSUE_SPECIMEN','INSERT',589),(1842,116,'CATISSUE_EXTERNAL_IDENTIFIER','INSERT',590),(1843,124,'CATISSUE_SPECIMEN','INSERT',590),(1844,19,'CATISSUE_DEPARTMENT','INSERT',591),(1845,24,'CATISSUE_CANCER_RESEARCH_GROUP','INSERT',592),(1846,41,'CATISSUE_STORAGE_TYPE','INSERT',593),(1847,312,'CATISSUE_STORAGE_CONT_CAPACITY','INSERT',593),(1848,17,'CATISSUE_SITE','INSERT',594),(1849,41,'CATISSUE_ADDRESS','INSERT',594),(1850,269,'CATISSUE_STORAGE_CONTAINER','INSERT',595),(1851,313,'CATISSUE_STORAGE_CONT_CAPACITY','INSERT',595),(1852,270,'CATISSUE_STORAGE_CONT_DETAILS','INSERT',595),(1853,48,'CATISSUE_SPECIMEN_REQUIREMENT','INSERT',596),(1854,30,'CATISSUE_COLL_PROT_EVENT','INSERT',596),(1855,49,'CATISSUE_SPECIMEN_REQUIREMENT','INSERT',596),(1856,21,'CATISSUE_COLLECTION_PROTOCOL','INSERT',596),(1857,50,'CATISSUE_SPECIMEN_REQUIREMENT','INSERT',596),(1858,63,'CATISSUE_PART_MEDICAL_ID','INSERT',597),(1859,64,'CATISSUE_PARTICIPANT','INSERT',597),(1860,63,'CATISSUE_COLL_PROT_REG','INSERT',598),(1861,59,'CATISSUE_CLINICAL_REPORT','INSERT',599),(1862,59,'CATISSUE_SPECIMEN_COLL_GROUP','INSERT',599),(1863,125,'CATISSUE_SPECIMEN','INSERT',600),(1864,118,'CATISSUE_EXTERNAL_IDENTIFIER','INSERT',600),(1865,117,'CATISSUE_EXTERNAL_IDENTIFIER','INSERT',600),(1866,98,'CATISSUE_SPECIMEN_CHAR','INSERT',600),(1867,314,'CATISSUE_STORAGE_CONT_CAPACITY','INSERT',601),(1868,42,'CATISSUE_STORAGE_TYPE','INSERT',601),(1869,119,'CATISSUE_EXTERNAL_IDENTIFIER','INSERT',602),(1870,126,'CATISSUE_SPECIMEN','INSERT',602),(1871,127,'CATISSUE_SPECIMEN','INSERT',603),(1872,120,'CATISSUE_EXTERNAL_IDENTIFIER','INSERT',603),(1873,121,'CATISSUE_EXTERNAL_IDENTIFIER','INSERT',604),(1874,99,'CATISSUE_SPECIMEN_CHAR','INSERT',604),(1875,128,'CATISSUE_SPECIMEN','INSERT',604),(1876,122,'CATISSUE_EXTERNAL_IDENTIFIER','INSERT',605),(1877,129,'CATISSUE_SPECIMEN','INSERT',605),(1878,51,'CATISSUE_SPECIMEN_REQUIREMENT','INSERT',606),(1879,52,'CATISSUE_SPECIMEN_REQUIREMENT','INSERT',606),(1880,22,'CATISSUE_DISTRIBUTION_PROTOCOL','INSERT',606),(1881,11,'CATISSUE_DISTRIBUTED_ITEM','UPDATE',607),(1882,1,'CATISSUE_DISTRIBUTED_ITEM','UPDATE',607),(1883,125,'CATISSUE_SPECIMEN','UPDATE',607),(1884,1,'CATISSUE_DISTRIBUTION','UPDATE',607),(1885,130,'CATISSUE_SPECIMEN','INSERT',608),(1886,123,'CATISSUE_EXTERNAL_IDENTIFIER','INSERT',608),(1887,100,'CATISSUE_SPECIMEN_CHAR','INSERT',608),(1888,26,'CATISSUE_USER','INSERT',609),(1889,42,'CATISSUE_ADDRESS','INSERT',609),(1890,101,'CATISSUE_SPECIMEN_CHAR','INSERT',610),(1891,124,'CATISSUE_EXTERNAL_IDENTIFIER','INSERT',610),(1892,131,'CATISSUE_SPECIMEN','INSERT',610),(1893,33,'CATISSUE_IN_OUT_EVENT_PARAM','INSERT',611),(1894,43,'CATISSUE_STORAGE_TYPE','INSERT',612),(1895,315,'CATISSUE_STORAGE_CONT_CAPACITY','INSERT',612),(1896,125,'CATISSUE_EXTERNAL_IDENTIFIER','INSERT',613),(1897,102,'CATISSUE_SPECIMEN_CHAR','INSERT',613),(1898,132,'CATISSUE_SPECIMEN','INSERT',613),(1899,126,'CATISSUE_EXTERNAL_IDENTIFIER','INSERT',614),(1900,133,'CATISSUE_SPECIMEN','INSERT',614),(1901,34,'CATISSUE_THAW_EVENT_PARAMETERS','INSERT',615),(1902,35,'CATISSUE_FROZEN_EVENT_PARAM','INSERT',616),(1903,43,'CATISSUE_STORAGE_CONTAINER','UPDATE',617),(1904,42,'CATISSUE_STORAGE_CONTAINER','UPDATE',618),(1905,134,'CATISSUE_SPECIMEN','INSERT',619),(1906,127,'CATISSUE_EXTERNAL_IDENTIFIER','INSERT',619),(1907,103,'CATISSUE_SPECIMEN_CHAR','INSERT',619),(1908,128,'CATISSUE_EXTERNAL_IDENTIFIER','INSERT',620),(1909,135,'CATISSUE_SPECIMEN','INSERT',620),(1910,27,'CATISSUE_USER','INSERT',621),(1911,43,'CATISSUE_ADDRESS','INSERT',621),(1912,27,'CATISSUE_USER','UPDATE',622),(1913,27,'CATISSUE_USER','UPDATE',623),(1914,43,'CATISSUE_ADDRESS','UPDATE',623),(1915,27,'CATISSUE_USER','UPDATE',624),(1916,129,'CATISSUE_EXTERNAL_IDENTIFIER','INSERT',625),(1917,136,'CATISSUE_SPECIMEN','INSERT',625),(1918,104,'CATISSUE_SPECIMEN_CHAR','INSERT',625),(1919,28,'CATISSUE_USER','INSERT',626),(1920,44,'CATISSUE_ADDRESS','INSERT',626),(1921,65,'CATISSUE_PARTICIPANT','INSERT',627),(1922,65,'CATISSUE_PART_MEDICAL_ID','INSERT',627),(1923,64,'CATISSUE_PART_MEDICAL_ID','INSERT',627),(1924,66,'CATISSUE_PART_MEDICAL_ID','INSERT',628),(1925,64,'CATISSUE_COLL_PROT_REG','INSERT',628),(1926,66,'CATISSUE_PARTICIPANT','INSERT',628),(1927,60,'CATISSUE_CLINICAL_REPORT','INSERT',629),(1928,60,'CATISSUE_SPECIMEN_COLL_GROUP','INSERT',629),(1929,130,'CATISSUE_EXTERNAL_IDENTIFIER','INSERT',630),(1930,137,'CATISSUE_SPECIMEN','INSERT',630),(1931,105,'CATISSUE_SPECIMEN_CHAR','INSERT',630),(1932,271,'CATISSUE_STORAGE_CONT_DETAILS','INSERT',631),(1933,316,'CATISSUE_STORAGE_CONT_CAPACITY','INSERT',631),(1934,270,'CATISSUE_STORAGE_CONTAINER','INSERT',631),(1935,29,'CATISSUE_USER','INSERT',632),(1936,45,'CATISSUE_ADDRESS','INSERT',632),(1937,29,'CATISSUE_USER','UPDATE',633),(1938,29,'CATISSUE_USER','UPDATE',634),(1939,53,'CATISSUE_SPECIMEN_REQUIREMENT','INSERT',635),(1940,23,'CATISSUE_DISTRIBUTION_PROTOCOL','INSERT',635),(1941,31,'CATISSUE_COLL_PROT_EVENT','INSERT',636),(1942,24,'CATISSUE_COLLECTION_PROTOCOL','INSERT',636),(1943,54,'CATISSUE_SPECIMEN_REQUIREMENT','INSERT',636),(1944,138,'CATISSUE_SPECIMEN','INSERT',637),(1945,131,'CATISSUE_EXTERNAL_IDENTIFIER','INSERT',637),(1946,6,'CATISSUE_SPECIMEN_CHAR','UPDATE',638),(1947,67,'CATISSUE_PART_MEDICAL_ID','INSERT',639),(1948,67,'CATISSUE_PARTICIPANT','INSERT',639),(1949,65,'CATISSUE_COLL_PROT_REG','INSERT',639),(1950,61,'CATISSUE_CLINICAL_REPORT','INSERT',640),(1951,61,'CATISSUE_SPECIMEN_COLL_GROUP','INSERT',640),(1952,132,'CATISSUE_EXTERNAL_IDENTIFIER','INSERT',641),(1953,139,'CATISSUE_SPECIMEN','INSERT',641),(1954,106,'CATISSUE_SPECIMEN_CHAR','INSERT',641),(1955,271,'CATISSUE_STORAGE_CONTAINER','INSERT',642),(1956,317,'CATISSUE_STORAGE_CONT_CAPACITY','INSERT',642),(1957,272,'CATISSUE_STORAGE_CONT_DETAILS','INSERT',642),(1958,22,'CATISSUE_USER','UPDATE',643),(1959,68,'CATISSUE_PART_MEDICAL_ID','INSERT',644),(1960,68,'CATISSUE_PARTICIPANT','INSERT',644),(1961,133,'CATISSUE_EXTERNAL_IDENTIFIER','INSERT',645),(1962,140,'CATISSUE_SPECIMEN','INSERT',645),(1963,107,'CATISSUE_SPECIMEN_CHAR','INSERT',645),(1964,69,'CATISSUE_PARTICIPANT','INSERT',646),(1965,69,'CATISSUE_PART_MEDICAL_ID','INSERT',646),(1966,70,'CATISSUE_PARTICIPANT','INSERT',647),(1967,66,'CATISSUE_COLL_PROT_REG','INSERT',647),(1968,70,'CATISSUE_PART_MEDICAL_ID','INSERT',647),(1969,62,'CATISSUE_SPECIMEN_COLL_GROUP','INSERT',648),(1970,62,'CATISSUE_CLINICAL_REPORT','INSERT',648),(1971,20,'CATISSUE_DEPARTMENT','INSERT',649),(1972,12,'CATISSUE_DISTRIBUTED_ITEM','INSERT',650),(1973,7,'CATISSUE_DISTRIBUTION','INSERT',650),(1974,7,'CATISSUE_DISTRIBUTION','UPDATE',651),(1975,13,'CATISSUE_DISTRIBUTED_ITEM','UPDATE',651),(1976,71,'CATISSUE_PARTICIPANT','INSERT',652),(1977,71,'CATISSUE_PART_MEDICAL_ID','INSERT',652),(1978,32,'CATISSUE_COLL_PROT_EVENT','INSERT',653),(1979,55,'CATISSUE_SPECIMEN_REQUIREMENT','INSERT',653),(1980,56,'CATISSUE_SPECIMEN_REQUIREMENT','INSERT',653),(1981,25,'CATISSUE_COLLECTION_PROTOCOL','INSERT',653),(1982,67,'CATISSUE_COLL_PROT_REG','INSERT',654),(1983,63,'CATISSUE_SPECIMEN_COLL_GROUP','INSERT',655),(1984,63,'CATISSUE_CLINICAL_REPORT','INSERT',655),(1985,108,'CATISSUE_SPECIMEN_CHAR','INSERT',656),(1986,134,'CATISSUE_EXTERNAL_IDENTIFIER','INSERT',656),(1987,141,'CATISSUE_SPECIMEN','INSERT',656),(1988,8,'CATISSUE_DISTRIBUTION','INSERT',657),(1989,14,'CATISSUE_DISTRIBUTED_ITEM','INSERT',657),(1990,72,'CATISSUE_PART_MEDICAL_ID','INSERT',658),(1991,72,'CATISSUE_PARTICIPANT','INSERT',658),(1992,68,'CATISSUE_COLL_PROT_REG','INSERT',659),(1993,64,'CATISSUE_SPECIMEN_COLL_GROUP','INSERT',660),(1994,64,'CATISSUE_CLINICAL_REPORT','INSERT',660),(1995,109,'CATISSUE_SPECIMEN_CHAR','INSERT',661),(1996,142,'CATISSUE_SPECIMEN','INSERT',661),(1997,135,'CATISSUE_EXTERNAL_IDENTIFIER','INSERT',661),(1998,143,'CATISSUE_SPECIMEN','INSERT',662),(1999,136,'CATISSUE_EXTERNAL_IDENTIFIER','INSERT',662),(2000,110,'CATISSUE_SPECIMEN_CHAR','INSERT',662),(2001,8,'CATISSUE_DISTRIBUTION','UPDATE',663),(2002,15,'CATISSUE_DISTRIBUTED_ITEM','UPDATE',663),(2003,46,'CATISSUE_ADDRESS','INSERT',664),(2004,30,'CATISSUE_USER','INSERT',664),(2005,25,'CATISSUE_CANCER_RESEARCH_GROUP','INSERT',665),(2006,28,'CATISSUE_INSTITUTION','INSERT',666),(2007,144,'CATISSUE_SPECIMEN','INSERT',667),(2008,137,'CATISSUE_EXTERNAL_IDENTIFIER','INSERT',667),(2009,31,'CATISSUE_USER','INSERT',668),(2010,47,'CATISSUE_ADDRESS','INSERT',668),(2011,32,'CATISSUE_USER','INSERT',669),(2012,48,'CATISSUE_ADDRESS','INSERT',669),(2013,33,'CATISSUE_USER','INSERT',670),(2014,49,'CATISSUE_ADDRESS','INSERT',670),(2015,140,'CATISSUE_EXTERNAL_IDENTIFIER','INSERT',671),(2016,138,'CATISSUE_EXTERNAL_IDENTIFIER','INSERT',671),(2017,111,'CATISSUE_SPECIMEN_CHAR','INSERT',671),(2018,145,'CATISSUE_SPECIMEN','INSERT',671),(2019,139,'CATISSUE_EXTERNAL_IDENTIFIER','INSERT',671);
UNLOCK TABLES;
/*!40000 ALTER TABLE `catissue_audit_event_log` ENABLE KEYS */;

--
-- Table structure for table `catissue_biohazard`
--

DROP TABLE IF EXISTS `catissue_biohazard`;
CREATE TABLE `catissue_biohazard` (
  `IDENTIFIER` bigint(20) NOT NULL auto_increment,
  `NAME` varchar(50) NOT NULL default '',
  `COMMENTS` text,
  `TYPE` varchar(50) default NULL,
  PRIMARY KEY  (`IDENTIFIER`),
  UNIQUE KEY `NAME` (`NAME`)
) ENGINE=MyISAM DEFAULT CHARSET=latin1;

--
-- Dumping data for table `catissue_biohazard`
--


/*!40000 ALTER TABLE `catissue_biohazard` DISABLE KEYS */;
LOCK TABLES `catissue_biohazard` WRITE;
INSERT INTO `catissue_biohazard` VALUES (1,'HepC','','Infectious'),(2,'Unknown','','Infectious'),(3,'HIV','','Infectious'),(4,'blood','','Not Specified'),(5,'Bio1','','Carcinogen');
UNLOCK TABLES;
/*!40000 ALTER TABLE `catissue_biohazard` ENABLE KEYS */;

--
-- Table structure for table `catissue_cancer_research_group`
--

DROP TABLE IF EXISTS `catissue_cancer_research_group`;
CREATE TABLE `catissue_cancer_research_group` (
  `IDENTIFIER` bigint(20) NOT NULL auto_increment,
  `NAME` varchar(50) NOT NULL default '',
  PRIMARY KEY  (`IDENTIFIER`),
  UNIQUE KEY `NAME` (`NAME`)
) ENGINE=MyISAM DEFAULT CHARSET=latin1;

--
-- Dumping data for table `catissue_cancer_research_group`
--


/*!40000 ALTER TABLE `catissue_cancer_research_group` DISABLE KEYS */;
LOCK TABLES `catissue_cancer_research_group` WRITE;
INSERT INTO `catissue_cancer_research_group` VALUES (26,'ABMT Cancer Research Group'),(27,'ACOS Cancer Lab'),(28,'ACSOG Research Group'),(29,'AD Res. Group'),(30,'ADJ Research Group'),(31,'ADR Lab Res. Group'),(32,'ADV Research Group'),(33,'AMC Lab Res. Group'),(34,'ARFI Lab Research'),(35,'BAY Res. Group'),(36,'BCOG Research Group'),(37,'BEE Lab Res. Group'),(38,'BETA Lab Research'),(39,'BM Research Group'),(40,'BMS Cancer Lab Research'),(41,'BMT Cancer Research Group'),(42,'BRCA Research Group'),(43,'BRCA1 Lab Res. Group'),(44,'BW Research Group'),(45,'CA Lab Research'),(46,'CAIX Res. Group'),(47,'CAL Research Group'),(48,'CALGB Lab Res. Group'),(49,'CARP Lab Research'),(50,'CCSG Research Group'),(51,'CCSG Lab Research'),(52,'CEA Lab Res. Group'),(53,'CGN Research Group'),(54,'CI Res. Group'),(55,'CIS Cancer Lab'),(56,'CMV Res. Group'),(57,'CNS Cancer Lab Research'),(58,'COG Research Group'),(59,'CRC Lab Research'),(60,'CRIS Cancer Lab'),(61,'CST Cancer Research Group'),(62,'CT Lab Research'),(63,'CTC Research Group'),(64,'CTCL Lab Research'),(65,'CTSU Lab Res. Group'),(66,'CTX Res. Group'),(67,'DNA Research Group'),(68,'DOC Lab Research'),(69,'DOX Research Group'),(70,'ECOG Lab Research'),(71,'EF5 Lab Res. Group'),(72,'EFF Res. Group'),(73,'EMD Lab Research'),(74,'EVA Res. Group'),(75,'FAM Research Group'),(76,'FAM Lab Res. Group'),(77,'FAT Cancer Research Group'),(78,'FCR Lab Research'),(79,'FIGO Research Group'),(80,'FIL Lab Res. Group'),(81,'FUMA Research Group'),(82,'GBM Lab Research'),(83,'GEM Res. Group'),(84,'GEMS Cancer Lab'),(85,'GERI Research Group'),(86,'GI Lab Research'),(87,'GM Res. Group'),(88,'GOG Lab Res. Group'),(89,'GPI Research Group'),(90,'GVHD Lab Research'),(91,'GYN Research Group'),(92,'HAV Lab Res. Group'),(93,'HLA Lab Research'),(94,'ICA Research Group'),(95,'ICD Lab Research'),(96,'ID Lab Res. Group'),(97,'IFN Res. Group'),(98,'IP Research Group'),(99,'IT Lab Research'),(100,'IV Lab Res. Group'),(101,'IV Research Group'),(102,'KGF Lab Res. Group'),(103,'KGF Res. Group'),(104,'LAB Research Group'),(105,'LAD Lab Res. Group'),(106,'LMB Res. Group'),(107,'LN Research Group'),(108,'M4N Lab Res. Group'),(109,'MED Lab Research'),(110,'MEL Res. Group'),(111,'MEL Lab Res. Group'),(112,'MET Research Group'),(113,'MG Res. Group'),(114,'MGDF Lab Research'),(115,'MIBG Lab Research Grp.'),(116,'MPIF Lab Research'),(117,'MRI Research Group'),(118,'MVP Research Group'),(119,'NC Res. Group'),(120,'NCCN Lab Research Grp.'),(121,'NCIC Lab Research'),(122,'NHL Research Group'),(123,'NSABP Res. Group'),(124,'NSC Lab Research Grp.'),(125,'NY Lab Research'),(126,'PBMC Research Group'),(127,'PCNSL Lab Research'),(128,'PSC Lab Research Grp.'),(129,'PT Research Group'),(130,'PV Lab Research'),(131,'QOL Res. Group'),(132,'RAS Cancer Lab'),(133,'RPR Lab Research'),(134,'RPRNA Lab Research'),(135,'RT Research Group'),(136,'RTOG Res. Group'),(137,'SCH Lab Research Grp.'),(138,'SKB Lab Research'),(139,'SWOG Research Group'),(140,'SYMP Lab Research'),(141,'TRC Lab Research Grp.'),(142,'VDD Res. Group');
UNLOCK TABLES;
/*!40000 ALTER TABLE `catissue_cancer_research_group` ENABLE KEYS */;

--
-- Table structure for table `catissue_cde`
--

DROP TABLE IF EXISTS `catissue_cde`;
CREATE TABLE `catissue_cde` (
  `PUBLIC_ID` varchar(30) NOT NULL default '',
  `LONG_NAME` varchar(200) default NULL,
  `DEFINITION` text,
  `VERSION` varchar(50) default NULL,
  `LAST_UPDATED` date default NULL,
  PRIMARY KEY  (`PUBLIC_ID`)
) ENGINE=MyISAM DEFAULT CHARSET=latin1;

--
-- Dumping data for table `catissue_cde`
--


/*!40000 ALTER TABLE `catissue_cde` DISABLE KEYS */;
LOCK TABLES `catissue_cde` WRITE;
INSERT INTO `catissue_cde` VALUES ('2003991','Specimen','Specimen Class','1',NULL),('Specimen_Type_PID','Specimen Type','Specimen Type','1',NULL),('2003988','Clinical Status','Clinical status of the participant.','1',NULL),('2003989','Gender','Gender of the participant.','1',NULL),('2003990','Genotype','Genotype of the participant.','1',NULL),('2003992','Tissue Side','Tissue Side','1',NULL),('2003993','Pathological Status','Pathological Status','1',NULL),('2003994','Received Quality','Received Quality','1',NULL),('2003995','Fixation Type','Fixation Type','1',NULL),('2003996','Collection Procedure','Collection Procedure','1',NULL),('2003997','Container','Container','1',NULL),('2003998','Method','Method','1',NULL),('2003999','Embedding Medium','Embedding Medium','1',NULL),('2004000','Biohazard','Biohazard','1',NULL),('Hist_Quality','Histological Quality','Histological Quality','1',NULL),('Site_Type_PID','Site Type','Site Type','1',NULL),('Tissue_Site_PID','Tissue Site','Tissue Site','1',NULL),('Ethnicity_PID','Ethnicity','Ethnicity','1',NULL),('Race_PID','Race','Race','1',NULL),('2004100','Countries','List of Countries.','1',NULL),('2004200','States','List of States.','1',NULL),('Clinical_Diagnosis_PID','Clinical Diagnosis','Clinical Diagnosis','1',NULL);
UNLOCK TABLES;
/*!40000 ALTER TABLE `catissue_cde` ENABLE KEYS */;

--
-- Table structure for table `catissue_cell_spe_review_param`
--

DROP TABLE IF EXISTS `catissue_cell_spe_review_param`;
CREATE TABLE `catissue_cell_spe_review_param` (
  `IDENTIFIER` bigint(20) NOT NULL default '0',
  `NEOPLASTIC_CELLULARITY_PER` double default NULL,
  `VIABLE_CELL_PERCENTAGE` double default NULL,
  PRIMARY KEY  (`IDENTIFIER`),
  KEY `FK52F40EDEBC7298A9` (`IDENTIFIER`)
) ENGINE=MyISAM DEFAULT CHARSET=latin1;

--
-- Dumping data for table `catissue_cell_spe_review_param`
--


/*!40000 ALTER TABLE `catissue_cell_spe_review_param` DISABLE KEYS */;
LOCK TABLES `catissue_cell_spe_review_param` WRITE;
INSERT INTO `catissue_cell_spe_review_param` VALUES (23,NULL,NULL);
UNLOCK TABLES;
/*!40000 ALTER TABLE `catissue_cell_spe_review_param` ENABLE KEYS */;

--
-- Table structure for table `catissue_clinical_report`
--

DROP TABLE IF EXISTS `catissue_clinical_report`;
CREATE TABLE `catissue_clinical_report` (
  `IDENTIFIER` bigint(20) NOT NULL auto_increment,
  `SURGICAL_PATHOLOGICAL_NUMBER` varchar(50) default NULL,
  `PARTICIPENT_MEDI_IDENTIFIER_ID` bigint(20) default NULL,
  PRIMARY KEY  (`IDENTIFIER`),
  KEY `FK54A4264515246F7` (`PARTICIPENT_MEDI_IDENTIFIER_ID`)
) ENGINE=MyISAM DEFAULT CHARSET=latin1;

--
-- Dumping data for table `catissue_clinical_report`
--


/*!40000 ALTER TABLE `catissue_clinical_report` DISABLE KEYS */;
LOCK TABLES `catissue_clinical_report` WRITE;
INSERT INTO `catissue_clinical_report` VALUES (65,'ZS01-9410',73),(66,'ZX05-0117',74),(67,'ZP09-8941',75),(68,'ZS06-9714',76),(69,'ZV06-0854',77),(70,'ZS04-6752',78),(71,'ZW03-8331',79),(72,'ZS00-9779',80),(73,'ZW00-8290',81),(74,'ZX00-2641',82),(75,'ZW07-7375',83),(76,'ZX09-4103',84),(77,'ZZ05-Y872',85),(78,'ZP05-0881',86),(79,'ZS09-8635',87),(80,'ZV00-5586',88),(81,'ZW02-5672',89),(82,'ZM06-8383',90),(83,'ZW08-9766',91),(84,'ZP01-3193',92),(85,'ZW09-2280',93),(86,'ZV01-0525',94),(87,'ZX08-6318',95),(88,'ZS08-9098',96),(89,'ZT00-2975',97),(90,'ZT02-8017',98),(91,'ZW01-2245',99),(92,'ZT04-8105',100),(93,'ZW08-2481',101),(94,'ZV04-6244',102),(95,'ZT02-7718',103),(96,'ZV04-8574',104),(97,'ZW03-2146',105),(98,'ZW00-1012',106),(99,'ZZ07-X582',107),(100,'ZP06-6568',108),(101,'ZV05-5612',109),(102,'ZS05-0555',110),(103,'ZX08-6063',111),(104,'ZT01-5137',112),(105,'ZZ08-V248',113),(106,'ZT07-2300',114),(107,'ZW05-4425',115),(108,'ZY05-2525',116),(109,'ZT08-7471',117),(110,'ZP03-5385',118),(111,'ZS03-4443',119),(112,'ZV06-0098',120),(113,'ZP05-8564',121),(114,'ZS05-8407',122),(115,'ZM03-7225',123),(116,'ZX01-5760',124),(117,'ZT05-2231',125),(118,'ZW02-4112',126),(119,'ZW08-7621',127),(120,'ZS03-1223',128),(121,'ZW04-1525',129),(122,'ZP03-9187',130),(123,'ZW09-4483',131),(124,'ZY06-9962',132),(125,'ZM04-9582',133),(126,'ZX09-1559',134),(127,'ZM06-8365',135),(128,'ZP03-5486',136),(129,'ZP00-1840',137),(130,'ZW09-7221',138),(131,'ZT07-9996',139),(132,'ZP08-5714',140),(133,'ZZ04-X489',141),(134,'ZM03-0237',142),(135,'ZV01-0141',143),(136,'ZV08-8841',144),(137,'ZW09-2446',145),(138,'ZS04-6607',146),(139,'ZS09-7311',147),(140,'ZT02-9963',148),(141,'ZR06-7524',149),(142,'ZW08-3705',150),(143,'ZP00-6677',151),(144,'ZX09-V493',152),(145,'ZM08-2054',153),(146,'ZT08-1256',154),(147,'ZT04-3722',155),(148,'ZT07-8023',156),(149,'ZZ01-P837',157),(150,'ZV06-7851',158),(151,'ZY09-6502',159),(152,'ZS08-1798',160),(153,'ZX07-1904',161),(154,'ZX07-1591',162),(155,'ZX09-8032',163),(156,'ZY09-2851',164),(157,'ZW04-7276',165),(158,'ZX01-4638',166),(159,'ZR06-3570',167),(160,'ZW09-7371',168),(161,'ZW09-1054',169),(162,'ZZ02-Y372',170),(163,'ZS01-3684',171),(164,'ZW02-6333',172),(165,'ZP06-9763',173),(166,'ZZ09-Y963',174),(167,'ZW04-2213',175),(168,'ZY03-9097',176),(169,'ZY05-2536',177),(170,'ZZ01-W901',178),(171,'ZZ03-S840',179),(172,'ZY02-1528',180),(173,'ZX01-5923',181),(174,'ZV04-S212',182),(175,'ZM05-9224',183),(176,'ZZ02-T510',184),(177,'ZZ00-S919',185),(178,'ZM06-4002',186),(179,'ZQ04-8958',187),(180,'ZZ04-T152',188),(181,'ZW08-8824',189),(182,'ZX03-4371',190),(183,'ZV04-5269',191),(184,'ZV03-4549',192),(185,'ZZ07-Q856',193),(186,'ZZ09-P506',194),(187,'ZZ01-Q086',195),(188,'ZZ09-Q509',196),(189,'ZZ03-P174',197),(190,'ZW04-2531',198),(191,'ZW06-7083',199),(192,'ZW07-3211',200),(193,'ZW03-0806',201),(194,'ZP08-1448',202),(195,'ZS01-5004',203),(196,'ZS09-2431',204),(197,'ZX06-4186',205),(198,'ZP06-5124',206),(199,'ZY09-6464',207),(200,'ZZ09-Y354',208),(201,'ZY02-7918',209),(202,'ZQ07-6958',210),(203,'ZR06-3347',211),(204,'ZW01-5919',212),(205,'ZY03-Y999',213),(206,'ZZ05-W976',214),(207,'ZV02-7306',215),(208,'ZW05-7207',216),(209,'ZM04-3976',217),(210,'ZZ01-W904',218),(211,'ZX01-3096',219),(212,'ZY06-X298',220),(213,'ZZ05-W756',221),(214,'ZW04-3159',222),(215,'ZY05-Y896',223),(216,'ZQ07-9951',224),(217,'ZW09-3675',225),(218,'ZV08-6283',226),(219,'ZZ09-V831',227),(220,'ZZ08-X919',228),(221,'ZZ05-P680',229),(222,'ZT09-6289',230),(223,'ZT07-1531',231),(224,'ZZ06-P651',232),(225,'ZS07-5368',233),(226,'ZY05-Z066',234),(227,'ZV00-1577',235),(228,'ZY05-7547',236),(229,'ZY04-V245',237),(230,'ZR06-7045',238),(231,'ZY09-U159',239),(232,'ZP02-4939',240),(233,'ZY01-T246',241),(234,'ZY01-Y219',242),(235,'ZY03-8574',243),(236,'ZY05-P725',244),(237,'ZY04-M919',245),(238,'ZY04-6410',246),(239,'ZY07-M464',247),(240,'ZY05-V153',248),(241,'ZY00-P951',249),(242,'ZV09-2344',250),(243,'ZP07-7684',251),(244,'ZX04-5880',252),(245,'ZZ05-U602',253),(246,'ZM08-8365',254),(247,'ZY07-Y006',255),(248,'ZX01-W238',256),(249,'ZZ03-Q252',257),(250,'ZZ02-W210',258),(251,'ZZ09-W595',259),(252,'ZR09-7838',260),(253,'ZW07-7782',261),(254,'ZZ00-T348',262),(255,'ZY00-W929',263),(256,'ZX05-U391',264),(257,'ZY02-T088',265),(258,'ZP09-7005',266),(259,'Zw08-6972',267),(260,'ZP02-7686',268),(261,'ZX08-R353',269),(262,'ZY06-Y593',270),(263,'ZZ02-Z432',271),(264,'ZZ04-Y347',272),(265,'ZZ05-R904',273),(266,'ZX00-T482',274),(267,'ZW03-4799',275),(268,'ZT07-5053',276),(269,'ZY00-2505',277),(270,'ZZ08-Q973',278),(271,'ZU09-4975',279),(272,'ZZ02-R195',280),(273,'ZS04-4902',281),(274,'ZR08-7350',282),(275,'ZX04-X208',283),(276,'ZX04-W889',284),(277,'ZX06-V493',285),(278,'ZZ05-Y109',286),(279,'ZX02-Y681',287),(280,'ZX04-Z815',288),(281,'ZS05-4531',289),(282,'ZY05-Z152',290),(283,'ZY06-V467',291),(284,'ZX08-7903',292),(285,'ZW04-6678',293),(286,'ZY01-S380',294),(287,'ZY02-V145',295),(288,'ZX00-Q006',296),(289,'ZT08-8703',297),(290,'ZX01-Q637',298),(291,'ZY03-V206',299),(292,'ZY07-W569',300),(293,'ZW06-6534',301),(294,'ZX06-S940',302),(295,'ZM09-4175',303),(296,'ZX00-M612',304),(297,'ZX04-S007',305),(298,'ZW06-6705',306),(299,'ZY08-V649',307),(300,'ZY02-P993',308),(301,'ZX09-Y920',309),(302,'ZX00-V818',310),(303,'ZZ04-T338',311),(304,'ZW05-8540',312),(305,'ZR01-3818',313),(306,'ZX08-T756',314),(307,'ZX03-P869',315),(308,'ZQ06-1549',316),(309,'ZX04-S124',317),(310,'ZW01-X304',318),(311,'ZY05-P407',319),(312,'ZX06-2414',320),(313,'ZZ08-S418',321),(314,'ZS08-6597',322);
UNLOCK TABLES;
/*!40000 ALTER TABLE `catissue_clinical_report` ENABLE KEYS */;

--
-- Table structure for table `catissue_coll_coordinators`
--

DROP TABLE IF EXISTS `catissue_coll_coordinators`;
CREATE TABLE `catissue_coll_coordinators` (
  `COLLECTION_PROTOCOL_ID` bigint(20) NOT NULL default '0',
  `USER_ID` bigint(20) NOT NULL default '0',
  PRIMARY KEY  (`COLLECTION_PROTOCOL_ID`,`USER_ID`),
  KEY `FKE490E33A48304401` (`COLLECTION_PROTOCOL_ID`),
  KEY `FKE490E33A2206F20F` (`USER_ID`)
) ENGINE=MyISAM DEFAULT CHARSET=latin1;

--
-- Dumping data for table `catissue_coll_coordinators`
--


/*!40000 ALTER TABLE `catissue_coll_coordinators` DISABLE KEYS */;
LOCK TABLES `catissue_coll_coordinators` WRITE;
INSERT INTO `catissue_coll_coordinators` VALUES (1,1),(4,4),(4,5),(5,5),(9,1),(10,19),(10,20),(11,18),(11,19),(12,18),(12,20),(13,20),(13,21),(14,15),(15,18),(16,2),(17,15),(19,7),(19,12),(19,19),(19,23),(20,7),(20,12),(20,19),(20,23),(21,6),(24,1);
UNLOCK TABLES;
/*!40000 ALTER TABLE `catissue_coll_coordinators` ENABLE KEYS */;

--
-- Table structure for table `catissue_coll_distribution_rel`
--

DROP TABLE IF EXISTS `catissue_coll_distribution_rel`;
CREATE TABLE `catissue_coll_distribution_rel` (
  `COLLECTION_PROTOCOL_ID` bigint(20) NOT NULL default '0',
  `DISTRIBUTION_PROTOCOL_ID` bigint(20) NOT NULL default '0',
  PRIMARY KEY  (`COLLECTION_PROTOCOL_ID`,`DISTRIBUTION_PROTOCOL_ID`),
  KEY `FK1483BCB56B1F36E7` (`DISTRIBUTION_PROTOCOL_ID`),
  KEY `FK1483BCB548304401` (`COLLECTION_PROTOCOL_ID`)
) ENGINE=MyISAM DEFAULT CHARSET=latin1;

--
-- Dumping data for table `catissue_coll_distribution_rel`
--


/*!40000 ALTER TABLE `catissue_coll_distribution_rel` DISABLE KEYS */;
LOCK TABLES `catissue_coll_distribution_rel` WRITE;
UNLOCK TABLES;
/*!40000 ALTER TABLE `catissue_coll_distribution_rel` ENABLE KEYS */;

--
-- Table structure for table `catissue_coll_event_param`
--

DROP TABLE IF EXISTS `catissue_coll_event_param`;
CREATE TABLE `catissue_coll_event_param` (
  `IDENTIFIER` bigint(20) NOT NULL default '0',
  `COLLECTION_PROCEDURE` varchar(50) default NULL,
  `CONTAINER` varchar(50) default NULL,
  PRIMARY KEY  (`IDENTIFIER`),
  KEY `FKF9888F91BC7298A9` (`IDENTIFIER`)
) ENGINE=MyISAM DEFAULT CHARSET=latin1;

--
-- Dumping data for table `catissue_coll_event_param`
--


/*!40000 ALTER TABLE `catissue_coll_event_param` DISABLE KEYS */;
LOCK TABLES `catissue_coll_event_param` WRITE;
INSERT INTO `catissue_coll_event_param` VALUES (12,'Surgical Resection','Citrate Vacutainer'),(15,'Indwelling Catheter','Citrate Vacutainer'),(16,'Indwelling Catheter','EDTA Vacutainer'),(19,'Lavage','Heparin Vacutainer'),(31,'Lavage','ACD Vacutainer');
UNLOCK TABLES;
/*!40000 ALTER TABLE `catissue_coll_event_param` ENABLE KEYS */;

--
-- Table structure for table `catissue_coll_prot_event`
--

DROP TABLE IF EXISTS `catissue_coll_prot_event`;
CREATE TABLE `catissue_coll_prot_event` (
  `IDENTIFIER` bigint(20) NOT NULL auto_increment,
  `CLINICAL_STATUS` varchar(50) default NULL,
  `STUDY_CALENDAR_EVENT_POINT` double default NULL,
  `COLLECTION_PROTOCOL_ID` bigint(20) default NULL,
  PRIMARY KEY  (`IDENTIFIER`),
  KEY `FK7AE7715948304401` (`COLLECTION_PROTOCOL_ID`)
) ENGINE=MyISAM DEFAULT CHARSET=latin1;

--
-- Dumping data for table `catissue_coll_prot_event`
--


/*!40000 ALTER TABLE `catissue_coll_prot_event` DISABLE KEYS */;
LOCK TABLES `catissue_coll_prot_event` WRITE;
INSERT INTO `catissue_coll_prot_event` VALUES (284,'Post-Operative',20,NULL),(285,'Relapse, Distant Site',140,NULL),(286,'Relapse, Distant Site',85,NULL),(287,'Operative',30,NULL),(288,'Operative',65,NULL),(289,'Operative',165,NULL),(290,'Not Specified',60,NULL),(291,'Post-Operative',160,NULL),(292,'Post-Therapy',10,NULL),(293,'Post-Operative',15,NULL),(294,'Operative',115,NULL),(295,'Post-Operative',130,NULL),(296,'Pre-Therapy',95,NULL),(297,'Post-Operative',135,NULL),(298,'New Diagnosis',120,NULL),(299,'Relapse, Distant Site',10,NULL),(300,'Pre-Therapy',85,NULL),(301,'New Diagnosis',200,NULL),(302,'Post-Operative',95,NULL),(303,'New Diagnosis',145,NULL),(304,'Pre-Therapy',40,NULL),(305,'Not Specified',180,NULL),(306,'Not Specified',70,NULL),(307,'Not Specified',40,NULL),(308,'Not Specified',125,NULL),(309,'New Diagnosis',120,NULL),(310,'New Diagnosis',150,NULL),(311,'New Diagnosis',35,NULL),(312,'Relapse, Distant Site',145,NULL),(313,'Relapse, Distant Site',25,NULL),(314,'Not Specified',190,NULL),(315,'Post-Therapy',200,NULL),(316,'Post-Therapy',110,NULL),(317,'Post-Therapy',75,NULL),(318,'Post-Therapy',135,NULL),(319,'Post-Operative',10,NULL),(320,'Pre-Therapy',10,NULL),(321,'Post-Therapy',30,NULL),(322,'New Diagnosis',110,NULL),(323,'Pre-Therapy',135,NULL),(324,'Post-Therapy',125,NULL),(325,'Post-Operative',95,NULL),(326,'Relapse, Distant Site',110,NULL),(327,'Post-Operative',150,NULL),(328,'Relapse, Distant Site',130,NULL),(329,'Operative',55,NULL),(330,'Post-Operative',160,NULL),(331,'Relapse, Distant Site',15,NULL),(332,'Not Specified',170,NULL),(333,'Relapse, Distant Site',145,NULL),(334,'Operative',190,NULL),(335,'New Diagnosis',30,NULL),(336,'Operative',30,NULL),(337,'Not Specified',50,NULL),(338,'Pre-Therapy',50,NULL),(339,'Not Specified',135,NULL),(340,'Pre-Therapy',185,NULL),(341,'Operative',155,NULL),(342,'Pre-Therapy',140,NULL),(343,'Post-Operative',135,NULL),(344,'Not Specified',140,NULL),(345,'Not Specified',165,NULL),(346,'Not Specified',10,NULL),(347,'Post-Operative',165,NULL),(348,'Post-Operative',40,NULL),(349,'Post-Therapy',65,NULL),(350,'Post-Operative',95,NULL),(351,'Not Specified',20,NULL),(352,'Not Specified',25,NULL),(353,'Pre-Therapy',150,NULL),(354,'Operative',200,NULL),(355,'Pre-Therapy',165,NULL),(356,'Operative',140,NULL),(357,'Relapse, Distant Site',130,NULL),(358,'Operative',200,NULL),(359,'Relapse, Distant Site',130,NULL),(360,'Post-Operative',35,NULL),(361,'Operative',30,NULL),(362,'Post-Operative',115,NULL),(363,'Pre-Therapy',45,NULL),(364,'Relapse, Distant Site',145,NULL),(365,'Pre-Therapy',105,NULL),(366,'Operative',75,NULL),(367,'Pre-Therapy',20,NULL),(368,'Post-Operative',60,NULL),(369,'Relapse, Distant Site',140,NULL),(370,'Not Specified',185,NULL),(371,'Relapse, Distant Site',10,NULL),(372,'Not Specified',185,NULL),(373,'Post-Operative',110,NULL),(374,'Post-Therapy',25,NULL),(375,'New Diagnosis',40,NULL),(376,'Post-Therapy',50,NULL),(377,'Not Specified',200,NULL),(378,'Post-Therapy',80,NULL),(379,'Operative',35,NULL),(380,'Relapse, Distant Site',75,NULL),(381,'Post-Therapy',60,NULL),(382,'Operative',70,NULL),(383,'Post-Therapy',15,NULL),(384,'Operative',195,NULL),(385,'Pre-Therapy',25,NULL),(386,'New Diagnosis',70,NULL),(387,'Pre-Therapy',50,NULL),(388,'Relapse, Distant Site',120,NULL),(389,'Operative',80,NULL),(390,'Relapse, Distant Site',160,NULL),(391,'Post-Therapy',45,NULL),(392,'Operative',95,NULL),(393,'Not Specified',195,NULL),(394,'Pre-Therapy',50,NULL),(395,'Not Specified',90,NULL),(396,'Post-Therapy',80,NULL),(397,'New Diagnosis',130,NULL),(398,'Post-Operative',55,NULL),(399,'New Diagnosis',100,NULL),(400,'Relapse, Distant Site',105,NULL),(401,'New Diagnosis',155,NULL),(402,'Pre-Therapy',195,NULL),(403,'Post-Operative',105,NULL),(404,'Not Specified',110,NULL),(405,'Relapse, Distant Site',75,NULL),(406,'Not Specified',185,NULL),(407,'Pre-Therapy',155,NULL),(408,'Not Specified',100,NULL),(409,'Post-Operative',120,NULL),(410,'Relapse, Distant Site',125,NULL),(411,'Post-Operative',150,NULL),(412,'Relapse, Distant Site',100,NULL),(413,'Operative',45,NULL),(414,'Pre-Therapy',185,NULL),(415,'Operative',30,NULL),(416,'Post-Operative',125,NULL),(417,'Operative',115,NULL),(418,'Relapse, Distant Site',60,NULL),(419,'Pre-Therapy',200,NULL),(420,'Relapse, Distant Site',45,NULL),(421,'Not Specified',115,NULL),(422,'Operative',20,NULL),(423,'New Diagnosis',135,NULL),(424,'Not Specified',75,NULL),(425,'Post-Therapy',105,NULL),(426,'Operative',100,NULL),(427,'Relapse, Distant Site',95,NULL),(428,'New Diagnosis',120,NULL),(429,'Pre-Therapy',70,NULL),(430,'Post-Operative',155,NULL),(431,'Pre-Therapy',185,NULL),(432,'Operative',60,NULL),(433,'Post-Therapy',175,NULL),(434,'New Diagnosis',115,NULL),(435,'Post-Therapy',40,NULL),(436,'New Diagnosis',25,NULL),(437,'Pre-Therapy',145,NULL),(438,'New Diagnosis',165,NULL),(439,'Pre-Therapy',60,NULL),(440,'Relapse, Distant Site',50,NULL),(441,'Not Specified',130,NULL),(442,'Relapse, Distant Site',145,NULL),(443,'Not Specified',100,NULL),(444,'Post-Operative',160,NULL),(445,'Not Specified',140,NULL),(446,'Post-Therapy',85,NULL),(447,'Operative',160,NULL),(448,'Operative',170,NULL),(449,'Post-Operative',70,NULL),(450,'New Diagnosis',95,NULL),(451,'Not Specified',195,NULL),(452,'Operative',60,NULL),(453,'Operative',60,NULL),(454,'Operative',110,NULL),(455,'Relapse, Distant Site',145,NULL),(456,'Not Specified',120,NULL),(457,'New Diagnosis',10,NULL),(458,'Operative',160,NULL),(459,'Post-Operative',55,NULL),(460,'Operative',85,NULL),(461,'Post-Operative',110,NULL),(462,'New Diagnosis',55,NULL),(463,'Not Specified',190,NULL),(464,'Post-Therapy',200,NULL),(465,'New Diagnosis',170,NULL),(466,'New Diagnosis',190,NULL),(467,'Pre-Therapy',180,NULL),(468,'Operative',50,NULL),(469,'Not Specified',130,NULL),(470,'Operative',100,NULL),(471,'Relapse, Distant Site',105,NULL),(472,'Post-Operative',40,NULL),(473,'Post-Therapy',200,NULL),(474,'Not Specified',160,NULL),(475,'Pre-Therapy',200,NULL),(476,'Not Specified',75,NULL),(477,'Pre-Therapy',40,NULL),(478,'Relapse, Distant Site',135,NULL),(479,'Pre-Therapy',200,NULL),(480,'New Diagnosis',100,NULL),(481,'Post-Operative',105,NULL),(482,'Pre-Therapy',75,NULL),(483,'Operative',130,NULL),(484,'Pre-Therapy',50,NULL),(485,'Operative',35,NULL),(486,'Post-Operative',45,NULL),(487,'Post-Operative',65,NULL),(488,'Not Specified',20,NULL),(489,'Post-Therapy',65,NULL),(490,'Pre-Therapy',75,NULL),(491,'Post-Operative',85,NULL),(492,'Post-Operative',85,NULL),(493,'Post-Operative',110,NULL),(494,'New Diagnosis',125,NULL),(495,'Operative',120,NULL),(496,'Post-Therapy',125,NULL),(497,'Operative',130,NULL),(498,'Not Specified',80,NULL),(499,'New Diagnosis',15,NULL),(500,'Not Specified',45,NULL),(501,'Post-Therapy',180,NULL),(502,'Not Specified',75,NULL),(503,'Relapse, Distant Site',60,NULL),(504,'New Diagnosis',50,NULL),(505,'Pre-Therapy',50,NULL),(506,'Post-Therapy',50,NULL),(507,'Operative',145,NULL),(508,'Relapse, Distant Site',180,NULL),(509,'New Diagnosis',120,NULL),(510,'Pre-Therapy',75,NULL),(511,'Post-Operative',145,NULL),(512,'Operative',195,NULL),(513,'Relapse, Distant Site',185,NULL),(514,'New Diagnosis',185,NULL),(515,'Relapse, Distant Site',190,NULL),(516,'Post-Therapy',185,NULL),(517,'Post-Operative',100,NULL),(518,'Post-Therapy',135,NULL),(519,'Post-Operative',10,NULL),(520,'Pre-Therapy',165,NULL),(521,'New Diagnosis',35,NULL),(522,'Pre-Therapy',165,NULL),(523,'Relapse, Distant Site',150,NULL),(524,'New Diagnosis',200,NULL),(525,'Operative',115,NULL),(526,'Relapse, Distant Site',30,NULL),(527,'Operative',20,NULL),(528,'Pre-Therapy',160,NULL),(529,'Post-Therapy',135,NULL),(530,'New Diagnosis',105,NULL),(531,'Post-Therapy',125,NULL),(532,'New Diagnosis',90,NULL),(533,'Operative',90,NULL);
UNLOCK TABLES;
/*!40000 ALTER TABLE `catissue_coll_prot_event` ENABLE KEYS */;

--
-- Table structure for table `catissue_coll_prot_reg`
--

DROP TABLE IF EXISTS `catissue_coll_prot_reg`;
CREATE TABLE `catissue_coll_prot_reg` (
  `IDENTIFIER` bigint(20) NOT NULL auto_increment,
  `PROTOCOL_PARTICIPANT_ID` varchar(50) default NULL,
  `REGISTRATION_DATE` date default NULL,
  `PARTICIPANT_ID` bigint(20) default NULL,
  `COLLECTION_PROTOCOL_ID` bigint(20) default NULL,
  `ACTIVITY_STATUS` varchar(20) default NULL,
  PRIMARY KEY  (`IDENTIFIER`),
  UNIQUE KEY `PART_ID_TO_COLL_PROT_ID` (`PARTICIPANT_ID`,`COLLECTION_PROTOCOL_ID`),
  UNIQUE KEY `PROT_PART_ID_TO_COLL_PROT_ID` (`PROTOCOL_PARTICIPANT_ID`,`COLLECTION_PROTOCOL_ID`),
  KEY `FK5EB25F1387E5ADC7` (`PARTICIPANT_ID`),
  KEY `FK5EB25F1348304401` (`COLLECTION_PROTOCOL_ID`)
) ENGINE=MyISAM DEFAULT CHARSET=latin1;

--
-- Dumping data for table `catissue_coll_prot_reg`
--


/*!40000 ALTER TABLE `catissue_coll_prot_reg` DISABLE KEYS */;
LOCK TABLES `catissue_coll_prot_reg` WRITE;
INSERT INTO `catissue_coll_prot_reg` VALUES (320,'XZ4357','2003-01-14',73,NULL,'Active'),(321,'S76244','2003-03-21',74,NULL,'Active'),(322,'YZ5800','1997-11-06',75,NULL,'Active'),(323,'U34571','2002-11-26',76,NULL,'Active'),(324,'XQ3279','2002-11-26',77,NULL,'Active'),(325,'XM7130','2000-02-18',78,NULL,'Active'),(326,'YM2468','2004-04-22',79,NULL,'Active'),(327,'YZ0665','2000-02-14',80,NULL,'Active'),(328,'XT8938','2004-01-22',81,NULL,'Active'),(329,'XY6812','2002-11-14',82,NULL,'Active'),(330,'W24818','2006-03-15',83,NULL,'Active'),(331,'T43650','2001-02-28',84,NULL,'Active'),(332,'YM2341','2004-01-22',85,NULL,'Active'),(333,'YY2122','2003-03-21',86,NULL,'Active'),(334,'YY3996','2002-11-26',87,NULL,'Active'),(335,'T77182','2002-11-06',88,NULL,'Active'),(336,'XX7712','2003-03-21',89,NULL,'Active'),(337,'YP5903','2001-02-09',90,NULL,'Active'),(338,'XX1808','2002-03-05',91,NULL,'Active'),(339,'YT0513','2006-03-17',92,NULL,'Active'),(340,'YS0563','2004-04-22',93,NULL,'Active'),(341,'X58804','1999-04-08',94,NULL,'Active'),(342,'Y89020','2000-11-21',95,NULL,'Active'),(343,'M95824','1999-08-11',96,NULL,'Active'),(344,'P47722','2002-11-08',97,NULL,'Active'),(345,'W23983','2000-02-01',98,NULL,'Active'),(346,'V73062','1997-09-24',99,NULL,'Active'),(347,'YT1180','2006-04-12',100,NULL,'Active'),(348,'WZ0070','2000-02-14',101,NULL,'Active'),(349,'T48752','2003-09-02',102,NULL,'Active'),(350,'ZQ9052','2002-11-06',103,NULL,'Active'),(351,'ZT9141','2001-03-09',104,NULL,'Active'),(352,'Y64104','2003-10-15',105,NULL,'Active'),(353,'WW1525','2000-09-26',106,NULL,'Active'),(354,'YX2337','2001-10-04',107,NULL,'Active'),(355,'YU3143','2000-02-18',108,NULL,'Active'),(356,'U49759','2002-11-14',109,NULL,'Active'),(357,'XX9995','2004-01-22',110,NULL,'Active'),(358,'YM9167','2002-11-26',111,NULL,'Active'),(359,'P26532','2005-08-11',112,NULL,'Active'),(360,'M83836','2000-02-14',113,NULL,'Active'),(361,'ZT6231','1998-10-07',114,NULL,'Active'),(362,'XW0020','1998-09-15',115,NULL,'Active'),(363,'W71327','2000-08-02',116,NULL,'Active'),(364,'YU2527','2002-07-24',117,NULL,'Active'),(365,'YP3020','2001-06-26',118,NULL,'Active'),(366,'T93226','2006-03-15',119,NULL,'Active'),(367,'X46381','2000-09-08',120,NULL,'Active'),(368,'T22315','2005-09-23',121,NULL,'Active'),(369,'XV4808','2001-02-05',122,NULL,'Active'),(370,'XP3840','2004-08-12',123,NULL,'Active'),(371,'P58826','2006-01-19',124,NULL,'Active'),(372,'XM0178','2000-02-11',125,NULL,'Active'),(373,'ZR4686','2002-12-31',126,NULL,'Active'),(374,'ZU6038','2005-04-06',127,NULL,'Active'),(375,'M55129','2004-03-01',128,NULL,'Active'),(376,'Z37073','2003-06-15',129,NULL,'Active'),(377,'V85744','2003-03-21',130,NULL,'Active'),(378,'YV2638','2006-03-15',131,NULL,'Active'),(379,'ZT3480','2003-03-21',132,NULL,'Active'),(380,'YY8487','2005-07-12',133,NULL,'Active'),(381,'ZX5228','2001-10-11',134,NULL,'Active'),(382,'ZR6863','2005-04-06',135,NULL,'Active'),(383,'P60933','2002-11-26',136,NULL,'Active'),(384,'XR9815','2004-11-29',137,NULL,'Active'),(385,'XW2352','2005-02-28',138,NULL,'Active'),(386,'YX0345','2000-10-17',139,NULL,'Active'),(387,'R03926','2006-03-03',140,NULL,'Active'),(388,'V07181','2000-11-28',141,NULL,'Active'),(389,'XY3432','1997-04-21',142,NULL,'Active'),(390,'S82938','2003-03-21',143,NULL,'Active'),(391,'YV6057','2004-05-13',144,NULL,'Active'),(392,'W15254','2000-12-07',145,NULL,'Active'),(393,'Q59057','2002-11-26',146,NULL,'Active'),(394,'YP6654','2003-06-15',147,NULL,'Active'),(395,'S92777','1999-12-20',148,NULL,'Active'),(396,'YV8640','2002-11-26',149,NULL,'Active'),(397,'XP0705','2003-03-21',150,NULL,'Active'),(398,'ZR9045','2003-03-21',151,NULL,'Active'),(399,'XW2012','2002-07-31',152,NULL,'Active'),(400,'T80240','2001-05-31',153,NULL,'Active'),(401,'XW5529','2002-10-31',154,NULL,'Active'),(402,'YX9706','2001-01-17',155,NULL,'Active'),(403,'YP4229','1999-12-08',156,NULL,'Active'),(404,'YT8411','1998-12-03',157,NULL,'Active'),(405,'S55412','2002-11-26',158,NULL,'Active'),(406,'Y67333','2000-03-28',159,NULL,'Active'),(407,'ZP9221','1997-11-25',160,NULL,'Active'),(408,'M20548','2004-06-09',161,NULL,'Active'),(409,'WZ7339','1998-08-06',162,NULL,'Active'),(410,'XZ1515','2005-01-04',163,NULL,'Active'),(411,'R75246','2004-01-22',164,NULL,'Active'),(412,'YU2814','2002-11-26',165,NULL,'Active'),(413,'YY1190','2002-11-26',166,NULL,'Active'),(414,'XZ9833','1999-02-04',167,NULL,'Active'),(415,'YT0882','1999-12-02',168,NULL,'Active'),(416,'ZP2081','2002-11-26',169,NULL,'Active'),(417,'T23007','2000-08-14',170,NULL,'Active'),(418,'S49024','2002-11-26',171,NULL,'Active'),(419,'XW9614','1999-09-28',172,NULL,'Active'),(420,'ZW7389','1997-04-14',173,NULL,'Active'),(421,'T45381','2003-03-26',174,NULL,'Active'),(422,'ZM9291','2001-11-20',175,NULL,'Active'),(423,'X42192','2003-07-01',176,NULL,'Active'),(424,'XS5173','2000-02-14',177,NULL,'Active'),(425,'XZ8154','2002-07-09',178,NULL,'Active'),(426,'YX9884','2006-03-15',179,NULL,'Active'),(427,'Y09153','2002-07-31',180,NULL,'Active'),(428,'YU7934','2004-01-22',181,NULL,'Active'),(429,'ZM9348','2002-06-21',182,NULL,'Active'),(430,'YX1878','2002-07-31',183,NULL,'Active'),(431,'YW3365','2001-09-06',184,NULL,'Active'),(432,'M78898','2004-05-21',185,NULL,'Active'),(433,'M54232','2006-02-14',186,NULL,'Active'),(434,'W28480','2003-03-26',187,NULL,'Active'),(435,'ZR6317','2001-09-20',188,NULL,'Active'),(436,'YW2970','2003-01-22',189,NULL,'Active'),(437,'WR7850','2001-04-30',190,NULL,'Active'),(438,'ZT9199','2002-11-06',191,NULL,'Active'),(439,'R14857','2002-11-26',192,NULL,'Active'),(440,'XY9193','2001-01-17',193,NULL,'Active'),(441,'T87216','2003-07-10',194,NULL,'Active'),(442,'U51246','2003-09-04',195,NULL,'Active'),(443,'YM4647','2002-12-20',196,NULL,'Active'),(444,'W36770','2000-02-22',197,NULL,'Active'),(445,'ZQ5099','2003-09-03',198,NULL,'Active'),(446,'W61295','2002-11-06',199,NULL,'Active'),(447,'U75336','1997-06-26',200,NULL,'Active'),(448,'S76322','1999-04-29',201,NULL,'Active'),(449,'YR0923','1997-11-11',202,NULL,'Active'),(450,'YZ9826','2001-04-17',203,NULL,'Active'),(451,'ZP5069','2000-02-18',204,NULL,'Active'),(452,'YP1038','2001-05-23',205,NULL,'Active'),(453,'P70412','2002-11-26',206,NULL,'Active'),(454,'WP0825','2004-01-22',207,NULL,'Active'),(455,'P60381','2006-01-19',208,NULL,'Active'),(456,'T96316','2003-09-02',209,NULL,'Active'),(457,'YV9524','1997-06-12',210,NULL,'Active'),(458,'YV5263','2006-01-26',211,NULL,'Active'),(459,'X57601','2000-12-05',212,NULL,'Active'),(460,'ZT5947','2003-07-01',213,NULL,'Active'),(461,'T21901','2003-05-15',214,NULL,'Active'),(462,'U45456','2003-05-26',215,NULL,'Active'),(463,'T08461','2005-10-03',216,NULL,'Active'),(464,'XY1013','2002-10-11',217,NULL,'Active'),(465,'YZ0553','2002-11-26',218,NULL,'Active'),(466,'W67056','2002-07-24',219,NULL,'Active'),(467,'YM1946','2000-03-21',220,NULL,'Active'),(468,'P43484','2002-11-26',221,NULL,'Active'),(469,'M04988','2002-11-26',222,NULL,'Active'),(470,'W63332','1997-06-23',223,NULL,'Active'),(471,'U62089','2003-02-06',224,NULL,'Active'),(472,'25725','2001-05-01',225,NULL,'Active'),(473,'YX4353','2006-01-10',226,NULL,'Active'),(474,'T80453','2003-07-10',227,NULL,'Active'),(475,'XP2189','2002-11-26',228,NULL,'Active'),(476,'ZS0340','2002-11-06',229,NULL,'Active'),(477,'Y19684','2003-09-10',230,NULL,'Active'),(478,'Y25255','2006-01-19',231,NULL,'Active'),(479,'Q73894','2002-11-14',232,NULL,'Active'),(480,'YU4386','2002-11-14',233,NULL,'Active'),(481,'T94557','2005-10-03',234,NULL,'Active'),(482,'XY0079','2004-03-26',235,NULL,'Active'),(483,'XX3975','2004-10-20',236,NULL,'Active'),(484,'XX2954','2002-07-31',237,NULL,'Active'),(485,'XY8719','2002-12-20',238,NULL,'Active'),(486,'V32892','2001-05-14',239,NULL,'Active'),(487,'ZM6866','2004-10-20',240,NULL,'Active'),(488,'W82900','1999-10-07',241,NULL,'Active'),(489,'P44667','2002-07-31',242,NULL,'Active'),(490,'YM1044','2006-04-12',243,NULL,'Active'),(491,'XX1631','2001-01-17',244,NULL,'Active'),(492,'WP9977','1997-05-01',245,NULL,'Active'),(493,'YW0684','2006-01-19',246,NULL,'Active'),(494,'YY1705','2003-04-01',247,NULL,'Active'),(495,'W82086','2002-09-10',248,NULL,'Active'),(496,'WX0792','1999-08-11',249,NULL,'Active'),(497,'YY1520','2002-11-14',250,NULL,'Active'),(498,'W38853','2002-11-26',251,NULL,'Active'),(499,'ZU6025','2000-09-29',252,NULL,'Active'),(500,'ZV2206','2000-08-02',253,NULL,'Active'),(501,'W09686','2002-12-20',254,NULL,'Active'),(502,'X80552','2003-09-03',255,NULL,'Active'),(503,'YS5520','2000-05-18',256,NULL,'Active'),(504,'M39764','2001-06-26',257,NULL,'Active'),(505,'T82863','2005-10-26',258,NULL,'Active'),(506,'YQ3622','2002-03-19',259,NULL,'Active'),(507,'YT3820','1999-09-10',260,NULL,'Active'),(508,'YW8776','2000-12-04',261,NULL,'Active'),(509,'YX3575','1998-08-26',262,NULL,'Active'),(510,'XU7927','2002-11-06',263,NULL,'Active'),(511,'ZR1885','1999-07-29',264,NULL,'Active'),(512,'V52694','2003-07-25',265,NULL,'Active'),(513,'WT6120','2000-08-15',266,NULL,'Active'),(514,'YQ8997','2003-06-05',267,NULL,'Active'),(515,'YM0355','2004-01-22',268,NULL,'Active'),(516,'YM5461','2003-10-28',269,NULL,'Active'),(517,'W43834','2000-02-11',270,NULL,'Active'),(518,'XY9023','2001-09-06',271,NULL,'Active'),(519,'V23449','2002-10-28',272,NULL,'Active'),(520,'P49392','2003-02-12',273,NULL,'Active'),(521,'YW3114','2006-01-19',274,NULL,'Active'),(522,'YY8965','2000-08-15',275,NULL,'Active'),(523,'YM0200','2000-05-04',276,NULL,'Active'),(524,'ZP3652','2002-11-26',277,NULL,'Active'),(525,'X84933','2004-01-22',278,NULL,'Active'),(526,'P97636','2003-06-27',279,NULL,'Active'),(527,'XP5534','2003-09-22',280,NULL,'Active'),(528,'YX6859','2003-07-24',281,NULL,'Active'),(529,'YS7611','2001-12-04',282,NULL,'Active'),(530,'XM6120','2002-02-28',283,NULL,'Active'),(531,'ZT5102','1999-12-20',284,NULL,'Active'),(532,'ZT0390','1999-07-29',285,NULL,'Active'),(533,'XY8510','2002-11-08',286,NULL,'Active'),(534,'V65250','2000-02-21',287,NULL,'Active'),(535,'S81864','1997-08-11',288,NULL,'Active'),(536,'Y14987','2002-11-13',289,NULL,'Active'),(537,'XM0763','2002-11-26',290,NULL,'Active'),(538,'YZ8267','2004-05-21',291,NULL,'Active'),(539,'YM0350','2006-02-14',292,NULL,'Active'),(540,'YP5144','2004-03-01',293,NULL,'Active'),(541,'W22134','1998-09-22',294,NULL,'Active'),(542,'YT2086','2006-05-09',295,NULL,'Active'),(543,'YQ2646','2003-05-22',296,NULL,'Active'),(544,'P55863','2005-04-06',297,NULL,'Active'),(545,'R23549','2004-04-28',298,NULL,'Active'),(546,'X73321','1997-07-01',299,NULL,'Active'),(547,'YW4484','2000-07-24',300,NULL,'Active'),(548,'ZY6169','2003-09-03',301,NULL,'Active'),(549,'W59191','2003-02-18',302,NULL,'Active'),(550,'U29276','2003-09-19',303,NULL,'Active'),(551,'W05946','1997-10-07',304,NULL,'Active'),(552,'XQ0135','2006-04-12',305,NULL,'Active'),(553,'ZY1323','1999-07-29',306,NULL,'Active'),(554,'YT6522','2000-02-21',307,NULL,'Active'),(555,'V15770','2001-03-09',308,NULL,'Active'),(556,'ZP6516','2000-02-15',309,NULL,'Active'),(557,'Y45166','2000-07-18',310,NULL,'Active'),(558,'XT7840','1999-05-06',311,NULL,'Active'),(559,'YP6550','1999-09-28',312,NULL,'Active'),(560,'ZR1541','2005-05-30',313,NULL,'Active'),(561,'XY7632','2001-07-19',314,NULL,'Active'),(562,'M32544','1997-05-28',315,NULL,'Active'),(563,'ZR4070','1998-01-20',316,NULL,'Active'),(564,'XU2341','2005-07-12',317,NULL,'Active'),(565,'WZ0071','2000-12-07',318,NULL,'Active'),(566,'XT7600','2001-07-16',319,NULL,'Active'),(567,'YT4310','2002-10-10',320,NULL,'Active'),(568,'ZR6968','2002-03-13',321,NULL,'Active'),(569,'XR2046','2000-02-17',322,NULL,'Active');
UNLOCK TABLES;
/*!40000 ALTER TABLE `catissue_coll_prot_reg` ENABLE KEYS */;

--
-- Table structure for table `catissue_coll_specimen_req`
--

DROP TABLE IF EXISTS `catissue_coll_specimen_req`;
CREATE TABLE `catissue_coll_specimen_req` (
  `COLLECTION_PROTOCOL_EVENT_ID` bigint(20) NOT NULL default '0',
  `SPECIMEN_REQUIREMENT_ID` bigint(20) NOT NULL default '0',
  `IDENTIFIER` bigint(20) default NULL,
  PRIMARY KEY  (`COLLECTION_PROTOCOL_EVENT_ID`,`SPECIMEN_REQUIREMENT_ID`),
  KEY `FK860E6ABEBE10F0CE` (`SPECIMEN_REQUIREMENT_ID`),
  KEY `FK860E6ABE53B01F66` (`COLLECTION_PROTOCOL_EVENT_ID`)
) ENGINE=MyISAM DEFAULT CHARSET=latin1;

--
-- Dumping data for table `catissue_coll_specimen_req`
--


/*!40000 ALTER TABLE `catissue_coll_specimen_req` DISABLE KEYS */;
LOCK TABLES `catissue_coll_specimen_req` WRITE;
INSERT INTO `catissue_coll_specimen_req` VALUES (1,1,NULL),(2,2,NULL),(3,3,NULL),(4,4,NULL),(5,5,NULL),(6,6,NULL),(7,7,NULL),(8,8,NULL),(9,9,NULL),(10,10,NULL),(11,12,NULL),(11,13,NULL),(12,14,NULL),(12,15,NULL),(12,16,NULL),(12,17,NULL),(13,18,NULL),(14,19,NULL),(15,23,NULL),(15,24,NULL),(16,25,NULL),(17,26,NULL),(17,27,NULL),(18,28,NULL),(18,29,NULL),(18,30,NULL),(19,31,NULL),(20,32,NULL),(20,33,NULL),(21,34,NULL),(21,35,NULL),(22,36,NULL),(23,38,NULL),(23,37,NULL),(24,39,NULL),(25,40,NULL),(26,42,NULL),(27,43,NULL),(27,44,NULL),(28,45,NULL),(29,46,NULL),(29,47,NULL),(30,49,NULL),(30,50,NULL),(30,48,NULL),(31,54,NULL),(32,55,NULL),(32,56,NULL);
UNLOCK TABLES;
/*!40000 ALTER TABLE `catissue_coll_specimen_req` ENABLE KEYS */;

--
-- Table structure for table `catissue_collection_protocol`
--

DROP TABLE IF EXISTS `catissue_collection_protocol`;
CREATE TABLE `catissue_collection_protocol` (
  `IDENTIFIER` bigint(20) NOT NULL default '0',
  PRIMARY KEY  (`IDENTIFIER`),
  KEY `FK32DC439DBC7298A9` (`IDENTIFIER`)
) ENGINE=MyISAM DEFAULT CHARSET=latin1;

--
-- Dumping data for table `catissue_collection_protocol`
--


/*!40000 ALTER TABLE `catissue_collection_protocol` DISABLE KEYS */;
LOCK TABLES `catissue_collection_protocol` WRITE;
INSERT INTO `catissue_collection_protocol` VALUES (1),(2),(4),(5),(6),(9),(10),(11),(12),(13),(14),(15),(16),(17),(19),(20),(21),(24),(25);
UNLOCK TABLES;
/*!40000 ALTER TABLE `catissue_collection_protocol` ENABLE KEYS */;

--
-- Table structure for table `catissue_department`
--

DROP TABLE IF EXISTS `catissue_department`;
CREATE TABLE `catissue_department` (
  `IDENTIFIER` bigint(20) NOT NULL auto_increment,
  `NAME` varchar(50) NOT NULL default '',
  PRIMARY KEY  (`IDENTIFIER`),
  UNIQUE KEY `NAME` (`NAME`)
) ENGINE=MyISAM DEFAULT CHARSET=latin1;

--
-- Dumping data for table `catissue_department`
--


/*!40000 ALTER TABLE `catissue_department` DISABLE KEYS */;
LOCK TABLES `catissue_department` WRITE;
INSERT INTO `catissue_department` VALUES (21,'UAB Tumour Tissue Repository'),(22,'Arizona Pathology'),(23,'City of Hope Research Group'),(24,'Salk Tumour Tissue Repository'),(25,'Burnham Medical Oncology'),(26,'UCSD Pathology'),(27,'Jonsson Cancer Center'),(28,'USC/Norris Surgery'),(29,'UC Davis Brain'),(30,'UCSF Dept. of Pathology'),(31,'University of Colorado Internal Medicine'),(32,'Yale Path. Dept.'),(33,'Lombardi Tumor Center'),(34,'H. Lee Moffitt Cancer Research'),(35,'CRCH Oncology Dept.'),(36,'UC CRC'),(37,'Lurie Pathology Dept.'),(38,'Indiana Cancer Center'),(39,'Holden CCC Research Group'),(40,'Jackson Laboratory'),(41,'Sidney Kimmel Tissue Repository'),(42,'Dana-Farber CC'),(43,'MIT Surgery Dept.'),(44,'UMichigan Tumor Tissue Repository'),(45,'BAK Cancer Tumor Repository'),(46,'Minnesota Dept. of Pathology'),(47,'Mayo Clinic'),(48,'Nebraska Medical Center'),(49,'Norris Cotton Dept. of Pathology'),(50,'CINJ Research Group'),(51,'UNM Treatment Center'),(52,'Albert Einstein Internal Medicine'),(53,'Roswell Park CC'),(54,'CSH Laboratory'),(55,'Memorial Sloan-Kettering Dept. of Pathology'),(56,'Herbert Irving Tumor Repository'),(57,'UNC Lineberger Path. Dept.'),(58,'Duke Pathology Dept.'),(59,'Wake Forest Internal Medicine'),(60,'Case CCC'),(61,'Ohio Tumour Tissue Repository'),(62,'Abramson Research Group'),(63,'Wistar Surgery Dept'),(64,'Fox Chase Brain Center'),(65,'UPitt Cancer Institute'),(66,'Vanderbilt-Ingram Pathology'),(67,'M.D. Anderson CRC'),(68,'San Antonio Tumor Center'),(69,'Huntsman CCC'),(70,'Vermont Dept. of Pathology'),(71,'UofVirginia HSC'),(72,'Massey Research Center'),(73,'Virginia Commonwealth Dept. of Pathology'),(74,'Fred Hutchinson CRC'),(75,'UWisconsin Pathology'),(76,'OHSU Cancer Research Group');
UNLOCK TABLES;
/*!40000 ALTER TABLE `catissue_department` ENABLE KEYS */;

--
-- Table structure for table `catissue_disposal_event_param`
--

DROP TABLE IF EXISTS `catissue_disposal_event_param`;
CREATE TABLE `catissue_disposal_event_param` (
  `IDENTIFIER` bigint(20) NOT NULL default '0',
  `REASON` varchar(50) NOT NULL default '',
  PRIMARY KEY  (`IDENTIFIER`),
  KEY `FK1BC818D6BC7298A9` (`IDENTIFIER`)
) ENGINE=MyISAM DEFAULT CHARSET=latin1;

--
-- Dumping data for table `catissue_disposal_event_param`
--


/*!40000 ALTER TABLE `catissue_disposal_event_param` DISABLE KEYS */;
LOCK TABLES `catissue_disposal_event_param` WRITE;
INSERT INTO `catissue_disposal_event_param` VALUES (22,'?');
UNLOCK TABLES;
/*!40000 ALTER TABLE `catissue_disposal_event_param` ENABLE KEYS */;

--
-- Table structure for table `catissue_distributed_item`
--

DROP TABLE IF EXISTS `catissue_distributed_item`;
CREATE TABLE `catissue_distributed_item` (
  `IDENTIFIER` bigint(20) NOT NULL auto_increment,
  `QUANTITY` double default NULL,
  `SPECIMEN_ID` bigint(20) default NULL,
  `DISTRIBUTION_ID` bigint(20) default NULL,
  PRIMARY KEY  (`IDENTIFIER`),
  KEY `FKA7C3ED4B60773DB2` (`SPECIMEN_ID`),
  KEY `FKA7C3ED4BF8278B6` (`DISTRIBUTION_ID`)
) ENGINE=MyISAM DEFAULT CHARSET=latin1;

--
-- Dumping data for table `catissue_distributed_item`
--


/*!40000 ALTER TABLE `catissue_distributed_item` DISABLE KEYS */;
LOCK TABLES `catissue_distributed_item` WRITE;
INSERT INTO `catissue_distributed_item` VALUES (1,1,125,1),(2,5,10,2),(3,0.1,15,NULL),(4,34,117,NULL),(5,34,117,NULL),(6,0.05,15,NULL),(7,34,117,NULL),(8,0.01,15,NULL),(9,2,120,6),(10,0.05,12,6),(11,10,122,1),(12,0.2,102,7),(13,0.01,12,7),(14,1,141,8),(15,1,143,8);
UNLOCK TABLES;
/*!40000 ALTER TABLE `catissue_distributed_item` ENABLE KEYS */;

--
-- Table structure for table `catissue_distribution`
--

DROP TABLE IF EXISTS `catissue_distribution`;
CREATE TABLE `catissue_distribution` (
  `IDENTIFIER` bigint(20) NOT NULL auto_increment,
  `TO_SITE_ID` bigint(20) default NULL,
  `DISTRIBUTION_PROTOCOL_ID` bigint(20) default NULL,
  `ACTIVITY_STATUS` varchar(50) default NULL,
  `SPECIMEN_ID` bigint(20) default NULL,
  `EVENT_TIMESTAMP` datetime default NULL,
  `USER_ID` bigint(20) default NULL,
  `COMMENTS` text,
  PRIMARY KEY  (`IDENTIFIER`),
  KEY `FK542766802206F20F` (`USER_ID`),
  KEY `FK542766806B1F36E7` (`DISTRIBUTION_PROTOCOL_ID`),
  KEY `FK542766801DBE834F` (`TO_SITE_ID`),
  KEY `FK5427668060773DB2` (`SPECIMEN_ID`)
) ENGINE=MyISAM DEFAULT CHARSET=latin1;

--
-- Dumping data for table `catissue_distribution`
--


/*!40000 ALTER TABLE `catissue_distribution` DISABLE KEYS */;
LOCK TABLES `catissue_distribution` WRITE;
INSERT INTO `catissue_distribution` VALUES (1,1,3,'Closed',NULL,'2006-04-17 12:37:00',1,'test'),(2,1,3,'Active',NULL,'2006-04-25 12:16:00',1,''),(3,9,3,'Active',NULL,'2006-06-05 13:51:00',1,'jjhj'),(4,9,3,'Active',NULL,'2006-06-05 13:51:00',1,'jjhj'),(5,9,3,'Active',NULL,'2006-06-05 13:51:00',1,'jjhj'),(6,11,3,'Active',NULL,'2006-06-07 15:00:00',1,''),(7,5,23,'Active',NULL,'2006-07-10 19:30:00',22,''),(8,13,8,'Active',NULL,'2006-07-11 16:24:00',1,'Dr. Dude (test lab)');
UNLOCK TABLES;
/*!40000 ALTER TABLE `catissue_distribution` ENABLE KEYS */;

--
-- Table structure for table `catissue_distribution_protocol`
--

DROP TABLE IF EXISTS `catissue_distribution_protocol`;
CREATE TABLE `catissue_distribution_protocol` (
  `IDENTIFIER` bigint(20) NOT NULL default '0',
  PRIMARY KEY  (`IDENTIFIER`),
  KEY `FKC8999977BC7298A9` (`IDENTIFIER`)
) ENGINE=MyISAM DEFAULT CHARSET=latin1;

--
-- Dumping data for table `catissue_distribution_protocol`
--


/*!40000 ALTER TABLE `catissue_distribution_protocol` DISABLE KEYS */;
LOCK TABLES `catissue_distribution_protocol` WRITE;
INSERT INTO `catissue_distribution_protocol` VALUES (3),(7),(8),(18),(22),(23);
UNLOCK TABLES;
/*!40000 ALTER TABLE `catissue_distribution_protocol` ENABLE KEYS */;

--
-- Table structure for table `catissue_distribution_spe_req`
--

DROP TABLE IF EXISTS `catissue_distribution_spe_req`;
CREATE TABLE `catissue_distribution_spe_req` (
  `DISTRIBUTION_PROTOCOL_ID` bigint(20) NOT NULL default '0',
  `SPECIMEN_REQUIREMENT_ID` bigint(20) NOT NULL default '0',
  `IDENTIFIER` bigint(20) default NULL,
  PRIMARY KEY  (`DISTRIBUTION_PROTOCOL_ID`,`SPECIMEN_REQUIREMENT_ID`),
  KEY `FKE34A3688BE10F0CE` (`SPECIMEN_REQUIREMENT_ID`),
  KEY `FKE34A36886B1F36E7` (`DISTRIBUTION_PROTOCOL_ID`)
) ENGINE=MyISAM DEFAULT CHARSET=latin1;

--
-- Dumping data for table `catissue_distribution_spe_req`
--


/*!40000 ALTER TABLE `catissue_distribution_spe_req` DISABLE KEYS */;
LOCK TABLES `catissue_distribution_spe_req` WRITE;
INSERT INTO `catissue_distribution_spe_req` VALUES (3,11,NULL),(7,20,NULL),(8,21,NULL),(8,22,NULL),(18,41,NULL),(22,51,NULL),(22,52,NULL),(23,53,NULL);
UNLOCK TABLES;
/*!40000 ALTER TABLE `catissue_distribution_spe_req` ENABLE KEYS */;

--
-- Table structure for table `catissue_embedded_event_param`
--

DROP TABLE IF EXISTS `catissue_embedded_event_param`;
CREATE TABLE `catissue_embedded_event_param` (
  `IDENTIFIER` bigint(20) NOT NULL default '0',
  `EMBEDDING_MEDIUM` varchar(50) default NULL,
  PRIMARY KEY  (`IDENTIFIER`),
  KEY `FKD356182FBC7298A9` (`IDENTIFIER`)
) ENGINE=MyISAM DEFAULT CHARSET=latin1;

--
-- Dumping data for table `catissue_embedded_event_param`
--


/*!40000 ALTER TABLE `catissue_embedded_event_param` DISABLE KEYS */;
LOCK TABLES `catissue_embedded_event_param` WRITE;
INSERT INTO `catissue_embedded_event_param` VALUES (21,'Low Melting Point Paraffin'),(26,'Not Specified');
UNLOCK TABLES;
/*!40000 ALTER TABLE `catissue_embedded_event_param` ENABLE KEYS */;

--
-- Table structure for table `catissue_event_param`
--

DROP TABLE IF EXISTS `catissue_event_param`;
CREATE TABLE `catissue_event_param` (
  `IDENTIFIER` bigint(20) NOT NULL default '0',
  PRIMARY KEY  (`IDENTIFIER`),
  KEY `FK90C79AECBC7298A9` (`IDENTIFIER`)
) ENGINE=MyISAM DEFAULT CHARSET=latin1;

--
-- Dumping data for table `catissue_event_param`
--


/*!40000 ALTER TABLE `catissue_event_param` DISABLE KEYS */;
LOCK TABLES `catissue_event_param` WRITE;
INSERT INTO `catissue_event_param` VALUES (2),(4),(23),(24),(25),(28),(29),(30),(32);
UNLOCK TABLES;
/*!40000 ALTER TABLE `catissue_event_param` ENABLE KEYS */;

--
-- Table structure for table `catissue_external_identifier`
--

DROP TABLE IF EXISTS `catissue_external_identifier`;
CREATE TABLE `catissue_external_identifier` (
  `IDENTIFIER` bigint(20) NOT NULL auto_increment,
  `NAME` varchar(50) default NULL,
  `VALUE` varchar(50) default NULL,
  `SPECIMEN_ID` bigint(20) default NULL,
  PRIMARY KEY  (`IDENTIFIER`),
  KEY `FK5CF2FA2160773DB2` (`SPECIMEN_ID`)
) ENGINE=MyISAM DEFAULT CHARSET=latin1;

--
-- Dumping data for table `catissue_external_identifier`
--


/*!40000 ALTER TABLE `catissue_external_identifier` DISABLE KEYS */;
LOCK TABLES `catissue_external_identifier` WRITE;
INSERT INTO `catissue_external_identifier` VALUES (1,NULL,NULL,1),(2,NULL,NULL,2),(3,NULL,NULL,3),(4,'wewert','wer',4),(5,NULL,NULL,5),(6,NULL,NULL,6),(7,NULL,NULL,7),(8,NULL,NULL,8),(9,NULL,NULL,9),(10,'qc1','100',10),(11,'qc2','200',10),(12,NULL,NULL,11),(13,NULL,NULL,12),(14,NULL,NULL,13),(15,NULL,NULL,14),(16,NULL,NULL,15),(17,NULL,NULL,16),(18,NULL,NULL,17),(19,NULL,NULL,18),(20,NULL,NULL,19),(21,NULL,NULL,20),(22,NULL,NULL,21),(23,NULL,NULL,22),(24,'tmp','tmp',23),(25,'Ext1','Val1',27),(26,'Ext1','Val1',28),(27,'Ext1','Val1',29),(28,'Ext1','Val1',31),(29,'Ext1','Val1',32),(30,'Ext1','Val1',33),(31,'Ext1','Val1',35),(32,'Gautam','Shetty',36),(33,'EXT1','VAL1',38),(34,NULL,NULL,40),(35,'Ext1','Val1',41),(36,'Gautam','Shetty',43),(37,'Ext1','Val1',45),(38,'Ext1','Val1',46),(39,'Ext1','Val1',47),(40,'Ext1','Val1',48),(41,'Ext1','Val1',49),(42,NULL,NULL,50),(43,NULL,NULL,51),(44,NULL,NULL,52),(45,NULL,NULL,53),(46,NULL,NULL,54),(47,NULL,NULL,55),(48,NULL,NULL,56),(49,NULL,NULL,57),(50,NULL,NULL,58),(51,NULL,NULL,59),(52,NULL,NULL,60),(53,NULL,NULL,61),(54,NULL,NULL,62),(55,NULL,NULL,63),(56,NULL,NULL,64),(57,NULL,NULL,65),(58,NULL,NULL,66),(59,NULL,NULL,67),(60,NULL,NULL,68),(61,NULL,NULL,69),(62,NULL,NULL,70),(63,NULL,NULL,71),(64,NULL,NULL,72),(65,NULL,NULL,73),(66,NULL,NULL,74),(67,NULL,NULL,75),(68,NULL,NULL,76),(69,NULL,NULL,77),(70,NULL,NULL,78),(71,NULL,NULL,79),(72,NULL,NULL,80),(73,NULL,NULL,81),(74,NULL,NULL,82),(75,NULL,NULL,83),(76,NULL,NULL,84),(77,NULL,NULL,85),(78,NULL,NULL,86),(79,NULL,NULL,87),(80,NULL,NULL,88),(81,NULL,NULL,89),(82,NULL,NULL,90),(83,NULL,NULL,91),(84,NULL,NULL,92),(85,NULL,NULL,93),(86,NULL,NULL,94),(87,NULL,NULL,95),(88,NULL,NULL,96),(89,NULL,NULL,97),(90,NULL,NULL,98),(91,NULL,NULL,99),(92,NULL,NULL,100),(93,NULL,NULL,101),(94,NULL,NULL,102),(95,NULL,NULL,103),(96,NULL,NULL,104),(97,NULL,NULL,105),(98,NULL,NULL,106),(99,NULL,NULL,107),(100,NULL,NULL,108),(101,NULL,NULL,109),(102,NULL,NULL,110),(103,NULL,NULL,111),(104,NULL,NULL,112),(105,NULL,NULL,113),(106,NULL,NULL,114),(107,NULL,NULL,115),(108,NULL,NULL,116),(109,NULL,NULL,117),(110,NULL,NULL,118),(111,NULL,NULL,119),(112,NULL,NULL,120),(113,NULL,NULL,121),(114,NULL,NULL,122),(115,NULL,NULL,123),(116,NULL,NULL,124),(117,'Lab#','JBD-334994',125),(118,'MRN','U9999999',125),(119,NULL,NULL,126),(120,NULL,NULL,127),(121,NULL,NULL,128),(122,NULL,NULL,129),(123,'Name','Jane Bambi Doe',130),(124,'MRN','U2345678',131),(125,NULL,NULL,132),(126,NULL,NULL,133),(127,'MRN','U999999',134),(128,NULL,NULL,135),(129,NULL,NULL,136),(130,'patient initials','jkl',137),(131,NULL,NULL,138),(132,NULL,NULL,139),(133,'abcd','123',140),(134,'pr','00000',141),(135,'pr','0000A',142),(136,'pr','0000A',143),(137,NULL,NULL,144),(138,'Number of aliquots','7',145),(139,'PR#','3',145),(140,'Process date','7/17/2006',145);
UNLOCK TABLES;
/*!40000 ALTER TABLE `catissue_external_identifier` ENABLE KEYS */;

--
-- Table structure for table `catissue_fixed_event_param`
--

DROP TABLE IF EXISTS `catissue_fixed_event_param`;
CREATE TABLE `catissue_fixed_event_param` (
  `IDENTIFIER` bigint(20) NOT NULL default '0',
  `FIXATION_TYPE` varchar(50) NOT NULL default '',
  `DURATION_IN_MINUTES` int(11) default NULL,
  PRIMARY KEY  (`IDENTIFIER`),
  KEY `FKE0F1781BC7298A9` (`IDENTIFIER`)
) ENGINE=MyISAM DEFAULT CHARSET=latin1;

--
-- Dumping data for table `catissue_fixed_event_param`
--


/*!40000 ALTER TABLE `catissue_fixed_event_param` DISABLE KEYS */;
LOCK TABLES `catissue_fixed_event_param` WRITE;
UNLOCK TABLES;
/*!40000 ALTER TABLE `catissue_fixed_event_param` ENABLE KEYS */;

--
-- Table structure for table `catissue_fluid_spe_event_param`
--

DROP TABLE IF EXISTS `catissue_fluid_spe_event_param`;
CREATE TABLE `catissue_fluid_spe_event_param` (
  `IDENTIFIER` bigint(20) NOT NULL default '0',
  `CELL_COUNT` double default NULL,
  PRIMARY KEY  (`IDENTIFIER`),
  KEY `FK70565D20BC7298A9` (`IDENTIFIER`)
) ENGINE=MyISAM DEFAULT CHARSET=latin1;

--
-- Dumping data for table `catissue_fluid_spe_event_param`
--


/*!40000 ALTER TABLE `catissue_fluid_spe_event_param` DISABLE KEYS */;
LOCK TABLES `catissue_fluid_spe_event_param` WRITE;
INSERT INTO `catissue_fluid_spe_event_param` VALUES (24,NULL),(25,NULL);
UNLOCK TABLES;
/*!40000 ALTER TABLE `catissue_fluid_spe_event_param` ENABLE KEYS */;

--
-- Table structure for table `catissue_frozen_event_param`
--

DROP TABLE IF EXISTS `catissue_frozen_event_param`;
CREATE TABLE `catissue_frozen_event_param` (
  `IDENTIFIER` bigint(20) NOT NULL default '0',
  `METHOD` varchar(50) default NULL,
  PRIMARY KEY  (`IDENTIFIER`),
  KEY `FK52627245BC7298A9` (`IDENTIFIER`)
) ENGINE=MyISAM DEFAULT CHARSET=latin1;

--
-- Dumping data for table `catissue_frozen_event_param`
--


/*!40000 ALTER TABLE `catissue_frozen_event_param` DISABLE KEYS */;
LOCK TABLES `catissue_frozen_event_param` WRITE;
INSERT INTO `catissue_frozen_event_param` VALUES (1,'Liquid Nitrogen'),(35,'Liquid Nitrogen Vapor');
UNLOCK TABLES;
/*!40000 ALTER TABLE `catissue_frozen_event_param` ENABLE KEYS */;

--
-- Table structure for table `catissue_in_out_event_param`
--

DROP TABLE IF EXISTS `catissue_in_out_event_param`;
CREATE TABLE `catissue_in_out_event_param` (
  `IDENTIFIER` bigint(20) NOT NULL default '0',
  `STORAGE_STATUS` varchar(100) NOT NULL default '',
  PRIMARY KEY  (`IDENTIFIER`),
  KEY `FK4F0FAEB9BC7298A9` (`IDENTIFIER`)
) ENGINE=MyISAM DEFAULT CHARSET=latin1;

--
-- Dumping data for table `catissue_in_out_event_param`
--


/*!40000 ALTER TABLE `catissue_in_out_event_param` DISABLE KEYS */;
LOCK TABLES `catissue_in_out_event_param` WRITE;
INSERT INTO `catissue_in_out_event_param` VALUES (6,'CHECK IN'),(7,'CHECK OUT'),(10,'CHECK IN'),(13,'CHECK IN'),(27,'CHECK IN'),(33,'CHECK OUT');
UNLOCK TABLES;
/*!40000 ALTER TABLE `catissue_in_out_event_param` ENABLE KEYS */;

--
-- Table structure for table `catissue_institution`
--

DROP TABLE IF EXISTS `catissue_institution`;
CREATE TABLE `catissue_institution` (
  `IDENTIFIER` bigint(20) NOT NULL auto_increment,
  `NAME` varchar(50) NOT NULL default '',
  PRIMARY KEY  (`IDENTIFIER`),
  UNIQUE KEY `NAME` (`NAME`)
) ENGINE=MyISAM DEFAULT CHARSET=latin1;

--
-- Dumping data for table `catissue_institution`
--


/*!40000 ALTER TABLE `catissue_institution` DISABLE KEYS */;
LOCK TABLES `catissue_institution` WRITE;
INSERT INTO `catissue_institution` VALUES (29,'UAB Comprehensive Cancer Center'),(30,'Arizona Cancer Center'),(31,'City of Hope National Medical Center'),(32,'Salk Cancer Center'),(33,'Burnham Medical Center'),(34,'Rebecca and John Moores UCSD Cancer Center'),(35,'Jonsson Comprehensive Cancer Center'),(36,'USC/Norris Comprehensive Cancer Center'),(37,'UC Davis Cancer Center'),(38,'UCSF Comprehensive Cancer Center & Cancer Researc'),(39,'University of Colorado Cancer Center'),(40,'Yale Cancer Center'),(41,'Lombardi Cancer Research Center'),(42,'H. Lee Moffitt Cancer Center & Research Institute'),(43,'Cancer Research Center of Hawaii'),(44,'University of Chicago Cancer Research Center'),(45,'Robert H. Lurie Comprehensive Cancer Center'),(46,'Indiana University Cancer Center'),(47,'Holden Comprehensive Cancer Center'),(48,'The Jackson Comprehensive Cancer Center'),(49,'The Sidney Kimmel Comprehensive Cancer Center'),(50,'Dana-Farber/Harvard Cancer Center'),(51,'Massachusetts Institute of Technology'),(52,'University of Michigan'),(53,'The Barbara Ann Karmanos Cancer Institute'),(54,'University of Minnesota Cancer Center'),(55,'Mayo Clinic Cancer Center'),(56,'University of Nebraska Medical Center'),(57,'Norris Cotton Cancer Center'),(58,'The Cancer Institute of New Jersey'),(59,'UNM Cancer Research & Treatment Center'),(60,'Albert Einstein College of Medicine'),(61,'Roswell Park Cancer Institute'),(62,'Cold Spring Harbor Laboratory'),(63,'Memorial Sloan-Kettering Cancer Center'),(64,'Herbert Irving Comprehensive Cancer Center'),(65,'UNC Lineberger Comprehensive Cancer Center'),(66,'Duke Comprehensive Cancer Center'),(67,'Wake Forest University'),(68,'Case Comprehensive Cancer Center'),(69,'Ohio State University'),(70,'Abramson Cancer Center'),(71,'The Wistar Comprehensive Cancer Center'),(72,'Fox Chase Cancer Center'),(73,'University of Pittsburgh Cancer Institute'),(74,'Vanderbilt-Ingram Cancer Center'),(75,'M.D. Anderson Cancer Center'),(76,'San Antonio Cancer Institute'),(77,'Huntsman Comprehensive Cancer Center'),(78,'Vermont Cancer Center'),(79,'University of Virginia, Health Sciences Center'),(80,'Massey Cancer Center'),(81,'Virginia Commonwealth University'),(82,'Fred Hutchinson Cancer Research Center'),(83,'University of Wisconsin'),(84,'OHSU Cancer Research Group');
UNLOCK TABLES;
/*!40000 ALTER TABLE `catissue_institution` ENABLE KEYS */;

--
-- Table structure for table `catissue_interface_column_data`
--

DROP TABLE IF EXISTS `catissue_interface_column_data`;
CREATE TABLE `catissue_interface_column_data` (
  `IDENTIFIER` bigint(20) NOT NULL auto_increment,
  `TABLE_ID` bigint(20) NOT NULL default '0',
  `COLUMN_NAME` varchar(50) default NULL,
  `ATTRIBUTE_TYPE` varchar(30) default NULL,
  PRIMARY KEY  (`IDENTIFIER`)
) ENGINE=MyISAM DEFAULT CHARSET=latin1;

--
-- Dumping data for table `catissue_interface_column_data`
--


/*!40000 ALTER TABLE `catissue_interface_column_data` DISABLE KEYS */;
LOCK TABLES `catissue_interface_column_data` WRITE;
INSERT INTO `catissue_interface_column_data` VALUES (1,4,'IDENTIFIER','bigint'),(2,4,'STREET','varchar'),(3,4,'CITY','varchar'),(4,4,'STATE','varchar'),(5,4,'COUNTRY','varchar'),(6,4,'ZIPCODE','varchar'),(7,4,'PHONE_NUMBER','varchar'),(8,4,'FAX_NUMBER','varchar'),(9,39,'IDENTIFIER','bigint'),(10,39,'IP_ADDRESS','varchar'),(11,39,'EVENT_TIMESTAMP','timestamp'),(12,39,'USER_ID','bigint'),(13,39,'COMMENTS','text'),(14,40,'IDENTIFIER','bigint'),(15,40,'ELEMENT_NAME','varchar'),(16,40,'PREVIOUS_VALUE','varchar'),(17,40,'CURRENT_VALUE','varchar'),(18,40,'AUDIT_EVENT_LOG_ID','bigint'),(19,41,'IDENTIFIER','bigint'),(20,41,'OBJECT_IDENTIFIER','bigint'),(21,41,'OBJECT_NAME','varchar'),(22,41,'EVENT_TYPE','varchar'),(23,41,'AUDIT_EVENT_ID','bigint'),(24,8,'IDENTIFIER','bigint'),(25,8,'NAME','varchar'),(26,8,'COMMENTS','text'),(27,8,'TYPE','varchar'),(28,7,'IDENTIFIER','bigint'),(29,7,'NAME','varchar'),(30,42,'PUBLIC_ID','varchar'),(31,42,'LONG_NAME','varchar'),(32,42,'DEFINITION','text'),(33,42,'VERSION','varchar'),(39,43,'IDENTIFIER','bigint'),(40,43,'NEOPLASTIC_CELLULARITY_PER','double'),(41,43,'VIABLE_CELL_PERCENTAGE','double'),(42,44,'IDENTIFIER','bigint'),(43,44,'STORAGE_STATUS','varchar'),(44,26,'IDENTIFIER','bigint'),(45,26,'SURGICAL_PATHOLOGICAL_NUMBER','varchar'),(46,26,'PARTICIPENT_MEDI_IDENTIFIER_ID','bigint'),(47,17,'COLLECTION_PROTOCOL_ID','bigint'),(48,17,'USER_ID','bigint'),(49,45,'COLLECTION_PROTOCOL_ID','bigint'),(50,45,'DISTRIBUTION_PROTOCOL_ID','bigint'),(51,46,'IDENTIFIER','bigint'),(52,46,'COLLECTION_PROCEDURE','varchar'),(53,46,'CONTAINER','varchar'),(54,10,'IDENTIFIER','bigint'),(55,11,'IDENTIFIER','bigint'),(56,11,'CLINICAL_STATUS','varchar'),(57,11,'STUDY_CALENDAR_EVENT_POINT','double'),(58,11,'COLLECTION_PROTOCOL_ID','bigint'),(59,27,'IDENTIFIER','bigint'),(60,27,'PROTOCOL_PARTICIPANT_ID','varchar'),(61,27,'REGISTRATION_DATE','date'),(62,27,'PARTICIPANT_ID','bigint'),(63,27,'COLLECTION_PROTOCOL_ID','bigint'),(64,27,'ACTIVITY_STATUS','varchar'),(65,18,'COLLECTION_PROTOCOL_EVENT_ID','bigint'),(66,18,'SPECIMEN_REQUIREMENT_ID','bigint'),(67,5,'IDENTIFIER','bigint'),(68,5,'NAME','varchar'),(69,47,'IDENTIFIER','bigint'),(70,47,'REASON','varchar'),(71,37,'IDENTIFIER','bigint'),(72,37,'QUANTITY','double'),(73,37,'SPECIMEN_ID','bigint'),(74,37,'DISTRIBUTION_ID','bigint'),(75,38,'IDENTIFIER','bigint'),(76,38,'TO_SITE_ID','bigint'),(78,38,'DISTRIBUTION_PROTOCOL_ID','bigint'),(297,38,'ACTIVITY_STATUS','varchar'),(298,38,'EVENT_TIMESTAMP','timestampdate'),(299,38,'USER_ID','bigint'),(300,38,'COMMENTS','varchar'),(301,38,'SPECIMEN_ID','bigint'),(302,38,'EVENT_TIMESTAMP','timestamptime'),(79,19,'IDENTIFIER','bigint'),(80,20,'DISTRIBUTION_PROTOCOL_ID','bigint'),(81,20,'SPECIMEN_REQUIREMENT_ID','bigint'),(82,48,'IDENTIFIER','bigint'),(83,48,'EMBEDDING_MEDIUM','varchar'),(84,28,'IDENTIFIER','bigint'),(85,28,'NAME','varchar'),(86,28,'VALUE','varchar'),(87,28,'SPECIMEN_ID','bigint'),(88,49,'IDENTIFIER','bigint'),(89,49,'FIXATION_TYPE','varchar'),(90,49,'DURATION_IN_MINUTES','integer'),(96,50,'IDENTIFIER','bigint'),(97,50,'CELL_COUNT','double'),(98,51,'IDENTIFIER','bigint'),(99,51,'METHOD','varchar'),(100,6,'IDENTIFIER','bigint'),(101,6,'NAME','varchar'),(108,52,'IDENTIFIER','bigint'),(109,52,'GEL_IMAGE_URL','varchar'),(110,52,'QUALITY_INDEX','varchar'),(111,52,'LANE_NUMBER','varchar'),(112,52,'GEL_NUMBER','integer'),(113,52,'ABSORBANCE_AT_260','double'),(114,52,'ABSORBANCE_AT_280','double'),(115,52,'RATIO_28S_TO_18S','double'),(116,31,'IDENTIFIER','bigint'),(117,31,'LAST_NAME','varchar'),(118,31,'FIRST_NAME','varchar'),(119,31,'MIDDLE_NAME','varchar'),(120,31,'BIRTH_DATE','date'),(121,31,'GENDER','varchar'),(122,31,'GENOTYPE','varchar'),(123,31,'RACE','varchar'),(124,31,'ETHNICITY','varchar'),(125,31,'SOCIAL_SECURITY_NUMBER','varchar'),(126,31,'ACTIVITY_STATUS','varchar'),(127,32,'IDENTIFIER','bigint'),(128,32,'MEDICAL_RECORD_NUMBER','varchar'),(129,32,'SITE_ID','bigint'),(130,32,'PARTICIPANT_ID','bigint'),(131,53,'IDENTIFIER','varchar'),(132,53,'CONCEPT_CODE','varchar'),(133,53,'DEFINITION','text'),(134,53,'EVS_CODE','text'),(135,53,'PARENT_IDENTIFIER','varchar'),(136,53,'VALUE','varchar'),(137,53,'PUBLIC_ID','varchar'),(138,54,'IDENTIFIER','bigint'),(139,54,'URL','varchar'),(140,54,'NAME','varchar'),(141,55,'IDENTIFIER','bigint'),(142,55,'TABLE_ID','bigint'),(143,55,'COLUMN_NAME','varchar'),(144,55,'DISPLAY_NAME','varchar'),(145,55,'ATTRIBUTE_TYPE','varchar'),(146,56,'TABLE_ID','bigint'),(147,56,'DISPLAY_NAME','varchar'),(148,56,'TABLE_NAME','varchar'),(149,56,'ALIAS_NAME','varchar'),(150,57,'IDENTIFIER','bigint'),(151,57,'RECEIVED_QUALITY','varchar'),(152,58,'FIRST_TABLE_ID','bigint'),(153,58,'SECOND_TABLE_ID','bigint'),(154,58,'FIRST_TABLE_JOIN_COLUMN','varchar'),(155,58,'SECOND_TABLE_JOIN_COLUMN','varchar'),(156,59,'IDENTIFIER','bigint'),(157,59,'AFFILIATION','varchar'),(158,59,'NAME_OF_REPORTER','varchar'),(159,59,'REPORTERS_EMAIL_ID','varchar'),(160,59,'MESSAGE_BODY','varchar'),(161,59,'SUBJECT','varchar'),(162,59,'REPORTED_DATE','date'),(163,59,'ACTIVITY_STATUS','varchar'),(164,59,'COMMENTS','text'),(165,60,'IDENTIFIER','bigint'),(166,61,'IDENTIFIER','bigint'),(167,61,'FIRST_NAME','varchar'),(168,61,'LAST_NAME','varchar'),(169,61,'LOGIN_NAME','varchar'),(170,61,'EMAIL_ADDRESS','varchar'),(171,61,'START_DATE','date'),(172,61,'ACTIVITY_STATUS','varchar'),(173,61,'DEPARTMENT_ID','bigint'),(174,61,'STREET','varchar'),(175,61,'CITY','varchar'),(176,61,'STATE','varchar'),(177,61,'COUNTRY','varchar'),(178,61,'ZIPCODE','varchar'),(179,61,'PHONE_NUMBER','varchar'),(180,61,'FAX_NUMBER','varchar'),(181,61,'CANCER_RESEARCH_GROUP_ID','bigint'),(182,61,'INSTITUTION_ID','bigint'),(183,61,'STATUS_COMMENT','text'),(184,3,'IDENTIFIER','bigint'),(185,3,'NAME','varchar'),(186,3,'TYPE','varchar'),(187,3,'EMAIL_ADDRESS','varchar'),(188,3,'USER_ID','bigint'),(189,3,'ACTIVITY_STATUS','varchar'),(190,3,'ADDRESS_ID','bigint'),(191,33,'IDENTIFIER','bigint'),(192,33,'TYPE','varchar'),(193,33,'AVAILABLE','tinyint'),(194,33,'POSITION_DIMENSION_ONE','integer'),(195,33,'POSITION_DIMENSION_TWO','integer'),(196,33,'BARCODE','varchar'),(197,33,'COMMENTS','varchar'),(198,33,'ACTIVITY_STATUS','varchar'),(199,33,'PARENT_SPECIMEN_ID','bigint'),(200,33,'STORAGE_CONTAINER_IDENTIFIER','bigint'),(201,33,'SPECIMEN_COLLECTION_GROUP_ID','bigint'),(202,33,'SPECIMEN_CHARACTERISTICS_ID','bigint'),(102,33,'SPECIMEN_CLASS','varchar'),(103,33,'QUANTITY','double'),(104,33,'AVAILABLE_QUANTITY','double'),(105,33,'CONCENTRATION','double'),(203,62,'BIOHAZARD_ID','bigint'),(204,62,'SPECIMEN_ID','bigint'),(205,34,'IDENTIFIER','bigint'),(206,34,'TISSUE_SITE','varchar'),(207,34,'TISSUE_SIDE','varchar'),(208,34,'PATHOLOGICAL_STATUS','varchar'),(209,35,'IDENTIFIER','bigint'),(210,35,'CLINICAL_DIAGNOSIS','varchar'),(211,35,'CLINICAL_STATUS','varchar'),(212,35,'ACTIVITY_STATUS','varchar'),(213,35,'SITE_ID','bigint'),(214,35,'COLLECTION_PROTOCOL_EVENT_ID','bigint'),(215,35,'CLINICAL_REPORT_ID','bigint'),(216,35,'COLLECTION_PROTOCOL_REG_ID','bigint'),(217,63,'IDENTIFIER','bigint'),(218,63,'SPECIMEN_ID','bigint'),(219,63,'EVENT_TIMESTAMP','timestamptime'),(220,63,'USER_ID','bigint'),(221,63,'COMMENTS','text'),(296,63,'EVENT_TIMESTAMP','timestampdate'),(222,9,'IDENTIFIER','bigint'),(223,9,'PRINCIPAL_INVESTIGATOR_ID','bigint'),(224,9,'TITLE','varchar'),(225,9,'SHORT_TITLE','varchar'),(226,9,'IRB_IDENTIFIER','varchar'),(227,9,'START_DATE','date'),(228,9,'END_DATE','date'),(229,9,'ENROLLMENT','integer'),(230,9,'DESCRIPTION_URL','varchar'),(231,9,'ACTIVITY_STATUS','varchar'),(232,12,'IDENTIFIER','bigint'),(233,12,'SPECIMEN_TYPE','varchar'),(234,12,'TISSUE_SITE','varchar'),(235,12,'PATHOLOGY_STATUS','varchar'),(37,12,'QUANTITY','double'),(38,12,'SPECIMEN_CLASS','varchar'),(236,64,'IDENTIFIER','bigint'),(237,64,'GFORCE','double'),(238,64,'DURATION_IN_MINUTES','integer'),(239,21,'IDENTIFIER','bigint'),(240,21,'CONTAINER_NUMBER','integer'),(241,21,'TEMPERATURE','double'),(242,21,'IS_CONTAINER_FULL','tinyint'),(243,21,'BARCODE','varchar'),(244,21,'ACTIVITY_STATUS','varchar'),(245,21,'STORAGE_TYPE_ID','bigint'),(246,21,'SITE_ID','bigint'),(247,21,'PARENT_CONTAINER_ID','bigint'),(248,21,'STORAGE_CONTAINER_CAPACITY_ID','bigint'),(249,21,'POSITION_DIMENSION_ONE','integer'),(250,21,'POSITION_DIMENSION_TWO','integer'),(251,2,'IDENTIFIER','bigint'),(252,2,'ONE_DIMENSION_CAPACITY','integer'),(253,2,'TWO_DIMENSION_CAPACITY','integer'),(254,22,'IDENTIFIER','bigint'),(255,22,'PARAMETER_NAME','varchar'),(256,22,'VALUE','varchar'),(257,22,'STORAGE_CONTAINER_ID','bigint'),(258,1,'IDENTIFIER','bigint'),(259,1,'TYPE','varchar'),(260,1,'DEFAULT_TEMP_IN_CENTIGRADE','double'),(261,1,'ONE_DIMENSION_LABEL','varchar'),(262,1,'TWO_DIMENSION_LABEL','varchar'),(263,1,'STORAGE_CONTAINER_CAPACITY_ID','bigint'),(264,65,'PARENT_TABLE_ID','bigint'),(265,65,'CHILD_TABLE_ID','bigint'),(266,66,'IDENTIFIER','bigint'),(272,67,'IDENTIFIER','bigint'),(273,67,'NEOPLASTIC_CELLULARITY_PER','double'),(274,67,'NECROSIS_PERCENTAGE','double'),(275,67,'LYMPHOCYTIC_PERCENTAGE','double'),(276,67,'TOTAL_CELLULARITY_PERCENTAGE','double'),(277,67,'HISTOLOGICAL_QUALITY','varchar'),(278,68,'IDENTIFIER','bigint'),(279,68,'FROM_POSITION_DIMENSION_ONE','integer'),(280,68,'FROM_POSITION_DIMENSION_TWO','integer'),(281,68,'TO_POSITION_DIMENSION_ONE','integer'),(282,68,'TO_POSITION_DIMENSION_TWO','integer'),(283,68,'TO_STORAGE_CONTAINER_ID','bigint'),(284,68,'FROM_STORAGE_CONTAINER_ID','bigint'),(285,23,'IDENTIFIER','bigint'),(286,23,'ACTIVITY_STATUS','varchar'),(287,23,'DEPARTMENT_ID','bigint'),(288,23,'CANCER_RESEARCH_GROUP_ID','bigint'),(289,23,'INSTITUTION_ID','bigint'),(290,23,'ADDRESS_ID','bigint'),(291,23,'STATUS_COMMENT','text'),(292,23,'LAST_NAME','varchar'),(293,23,'FIRST_NAME','varchar'),(294,23,'LOGIN_NAME','varchar'),(295,23,'START_DATE','date');
UNLOCK TABLES;
/*!40000 ALTER TABLE `catissue_interface_column_data` ENABLE KEYS */;

--
-- Table structure for table `catissue_mol_spe_review_param`
--

DROP TABLE IF EXISTS `catissue_mol_spe_review_param`;
CREATE TABLE `catissue_mol_spe_review_param` (
  `IDENTIFIER` bigint(20) NOT NULL default '0',
  `GEL_IMAGE_URL` varchar(200) default NULL,
  `QUALITY_INDEX` varchar(50) default NULL,
  `LANE_NUMBER` varchar(50) default NULL,
  `GEL_NUMBER` int(11) default NULL,
  `ABSORBANCE_AT_260` double default NULL,
  `ABSORBANCE_AT_280` double default NULL,
  `RATIO_28S_TO_18S` double default NULL,
  PRIMARY KEY  (`IDENTIFIER`),
  KEY `FK5280ECEBC7298A9` (`IDENTIFIER`)
) ENGINE=MyISAM DEFAULT CHARSET=latin1;

--
-- Dumping data for table `catissue_mol_spe_review_param`
--


/*!40000 ALTER TABLE `catissue_mol_spe_review_param` DISABLE KEYS */;
LOCK TABLES `catissue_mol_spe_review_param` WRITE;
INSERT INTO `catissue_mol_spe_review_param` VALUES (4,'','90','6',123,0.8,0.4,1.8);
UNLOCK TABLES;
/*!40000 ALTER TABLE `catissue_mol_spe_review_param` ENABLE KEYS */;

--
-- Table structure for table `catissue_part_medical_id`
--

DROP TABLE IF EXISTS `catissue_part_medical_id`;
CREATE TABLE `catissue_part_medical_id` (
  `IDENTIFIER` bigint(20) NOT NULL auto_increment,
  `MEDICAL_RECORD_NUMBER` varchar(50) default NULL,
  `SITE_ID` bigint(20) default NULL,
  `PARTICIPANT_ID` bigint(20) default NULL,
  PRIMARY KEY  (`IDENTIFIER`),
  UNIQUE KEY `mrn_site_unique` (`MEDICAL_RECORD_NUMBER`,`SITE_ID`),
  KEY `FK349E77F9A7F77D13` (`SITE_ID`),
  KEY `FK349E77F987E5ADC7` (`PARTICIPANT_ID`)
) ENGINE=MyISAM DEFAULT CHARSET=latin1;

--
-- Dumping data for table `catissue_part_medical_id`
--


/*!40000 ALTER TABLE `catissue_part_medical_id` DISABLE KEYS */;
LOCK TABLES `catissue_part_medical_id` WRITE;
INSERT INTO `catissue_part_medical_id` VALUES (73,'S94101',18,73),(74,'X01175',19,74),(75,'P89419',20,75),(76,'S97146',21,76),(77,'V08546',22,77),(78,'S67524',23,78),(79,'W83313',24,79),(80,'S97790',25,80),(81,'W82900',26,81),(82,'X26410',27,82),(83,'W73757',28,83),(84,'X41039',29,84),(85,'ZY8725',30,85),(86,'P08815',18,86),(87,'S86359',19,87),(88,'V55860',20,88),(89,'W56722',21,89),(90,'M83836',22,90),(91,'W97668',23,91),(92,'P31931',24,92),(93,'W22809',25,93),(94,'V05251',26,94),(95,'X63188',27,95),(96,'S90988',28,96),(97,'T29750',29,97),(98,'T80172',30,98),(99,'W22451',18,99),(100,'T81054',19,100),(101,'W24818',20,101),(102,'V62444',21,102),(103,'T77182',22,103),(104,'V85744',23,104),(105,'W21463',24,105),(106,'W10120',25,106),(107,'ZX5827',26,107),(108,'P65686',27,108),(109,'V56125',28,109),(110,'S05555',29,110),(111,'X60638',30,111),(112,'T51371',18,112),(113,'ZV2488',19,113),(114,'T23007',20,114),(115,'W44255',21,115),(116,'Y25255',22,116),(117,'T74718',23,117),(118,'P53853',24,118),(119,'S44433',25,119),(120,'V00986',26,120),(121,'P85645',27,121),(122,'S84075',28,122),(123,'M72253',29,123),(124,'X57601',30,124),(125,'T22315',18,125),(126,'W41122',19,126),(127,'W76218',20,127),(128,'S12233',21,128),(129,'W15254',22,129),(130,'P91873',23,130),(131,'W44839',24,131),(132,'Y99626',25,132),(133,'M95824',26,133),(134,'X15599',27,134),(135,'M83656',28,135),(136,'P54863',29,136),(137,'P18400',30,137),(138,'W72219',18,138),(139,'T99967',19,139),(140,'P57148',20,140),(141,'ZX4894',21,141),(142,'M02373',22,142),(143,'V01411',23,143),(144,'V88418',24,144),(145,'W24469',25,145),(146,'S66074',26,146),(147,'S73119',27,147),(148,'T99632',28,148),(149,'R75246',29,149),(150,'W37058',30,150),(151,'P66770',18,151),(152,'XV4939',19,152),(153,'M20548',20,153),(154,'T12568',21,154),(155,'T37224',22,155),(156,'T80237',23,156),(157,'ZP8371',24,157),(158,'V78516',25,158),(159,'Y65029',26,159),(160,'S17988',27,160),(161,'X19047',28,161),(162,'X15917',29,162),(163,'X80329',30,163),(164,'Y28519',18,164),(165,'W72764',19,165),(166,'X46381',20,166),(167,'R35706',21,167),(168,'W73719',22,168),(169,'W10549',23,169),(170,'ZY3722',24,170),(171,'S36841',25,171),(172,'W63332',26,172),(173,'P97636',27,173),(174,'ZY9639',28,174),(175,'W22134',29,175),(176,'Y90973',30,176),(177,'Y25365',18,177),(178,'ZW9011',19,178),(179,'ZS8403',20,179),(180,'Y15282',21,180),(181,'X59231',22,181),(182,'VS2124',23,182),(183,'M92245',24,183),(184,'ZT5102',25,184),(185,'ZS9190',26,185),(186,'M40026',27,186),(187,'Q89584',28,187),(188,'ZT1524',29,188),(189,'W88248',30,189),(190,'X43713',18,190),(191,'V52694',19,191),(192,'V45493',20,192),(193,'ZQ8567',21,193),(194,'ZP5069',22,194),(195,'ZQ0861',23,195),(196,'ZQ5099',24,196),(197,'ZP1743',25,197),(198,'W25314',26,198),(199,'W70836',27,199),(200,'W32117',28,200),(201,'W08063',29,201),(202,'P14488',30,202),(203,'S50041',18,203),(204,'S24319',19,204),(205,'X41866',20,205),(206,'P51246',21,206),(207,'Y64649',22,207),(208,'ZY3549',23,208),(209,'Y79182',24,209),(210,'Q69587',25,210),(211,'R33476',26,211),(212,'W59191',27,212),(213,'YY9993',28,213),(214,'ZW9765',29,214),(215,'V73062',30,215),(216,'W72075',18,216),(217,'M39764',19,217),(218,'ZW9041',20,218),(219,'X30961',21,219),(220,'YX2986',22,220),(221,'ZW7565',23,221),(222,'W31594',24,222),(223,'YY8965',25,223),(224,'Q99517',26,224),(225,'W36759',27,225),(226,'V62838',28,226),(227,'ZV8319',29,227),(228,'ZX9198',30,228),(229,'ZP6805',18,229),(230,'T62899',19,230),(231,'T15317',20,231),(232,'ZP6516',21,232),(233,'S53687',22,233),(234,'YZ0665',23,234),(235,'V15770',24,235),(236,'Y75475',25,236),(237,'YV2454',26,237),(238,'R70456',27,238),(239,'YU1599',28,239),(240,'P49392',29,240),(241,'YT2461',30,241),(242,'YY2191',18,242),(243,'Y85743',19,243),(244,'YP7255',20,244),(245,'YM9194',21,245),(246,'Y64104',22,246),(247,'YM4647',23,247),(248,'YV1535',24,248),(249,'YP9510',25,249),(250,'V23449',26,250),(251,'P76847',27,251),(252,'X58804',28,252),(253,'ZU6025',29,253),(254,'M83658',30,254),(255,'YY0067',18,255),(256,'XW2381',19,256),(257,'ZQ2523',20,257),(258,'ZW2102',21,258),(259,'ZW5959',22,259),(260,'R78389',23,260),(261,'W77827',24,261),(262,'ZT3480',25,262),(263,'YW9290',26,263),(264,'XU3915',27,264),(265,'YT0882',28,265),(266,'P70059',29,266),(267,'w69728',30,267),(268,'P76862',18,268),(269,'XR3538',19,269),(270,'YY5936',20,270),(271,'ZZ4322',21,271),(272,'ZY3474',22,272),(273,'ZR9045',23,273),(274,'XT4820',24,274),(275,'W47993',25,275),(276,'T50537',26,276),(277,'Y25050',27,277),(278,'ZQ9738',28,278),(279,'U49759',29,279),(280,'ZR1952',30,280),(281,'S49024',18,281),(282,'R73508',19,282),(283,'XX2084',20,283),(284,'XW8894',21,284),(285,'XV4936',22,285),(286,'ZY1095',23,286),(287,'XY6812',24,287),(288,'XZ8154',25,288),(289,'S45315',26,289),(290,'YZ1525',27,290),(291,'YV4676',28,291),(292,'X79038',29,292),(293,'W66784',30,293),(294,'YS3801',18,294),(295,'YV1452',19,295),(296,'XQ0060',20,296),(297,'T87038',21,297),(298,'XQ6371',22,298),(299,'YV2063',23,299),(300,'YW5697',24,300),(301,'W65346',25,301),(302,'XS9406',26,302),(303,'M41759',27,303),(304,'XM6120',28,304),(305,'XS0074',29,305),(306,'W67056',30,306),(307,'YV6498',18,307),(308,'YP9932',19,308),(309,'XY9209',20,309),(310,'XV8180',21,310),(311,'ZT3384',22,311),(312,'W85405',23,312),(313,'R38181',24,313),(314,'XT7568',25,314),(315,'XP8693',26,315),(316,'Q15496',27,316),(317,'XS1244',28,317),(318,'WX3041',29,318),(319,'YP4075',30,319),(320,'X24146',18,320),(321,'ZS4188',19,321),(322,'S65978',20,322);
UNLOCK TABLES;
/*!40000 ALTER TABLE `catissue_part_medical_id` ENABLE KEYS */;

--
-- Table structure for table `catissue_participant`
--

DROP TABLE IF EXISTS `catissue_participant`;
CREATE TABLE `catissue_participant` (
  `IDENTIFIER` bigint(20) NOT NULL auto_increment,
  `LAST_NAME` varchar(50) default NULL,
  `FIRST_NAME` varchar(50) default NULL,
  `MIDDLE_NAME` varchar(50) default NULL,
  `BIRTH_DATE` date default NULL,
  `GENDER` varchar(20) default NULL,
  `GENOTYPE` varchar(50) default NULL,
  `RACE` varchar(50) default NULL,
  `ETHNICITY` varchar(50) default NULL,
  `SOCIAL_SECURITY_NUMBER` varchar(50) default NULL,
  `ACTIVITY_STATUS` varchar(20) default NULL,
  PRIMARY KEY  (`IDENTIFIER`),
  UNIQUE KEY `SOCIAL_SECURITY_NUMBER` (`SOCIAL_SECURITY_NUMBER`)
) ENGINE=MyISAM DEFAULT CHARSET=latin1;

--
-- Dumping data for table `catissue_participant`
--


/*!40000 ALTER TABLE `catissue_participant` DISABLE KEYS */;
LOCK TABLES `catissue_participant` WRITE;
INSERT INTO `catissue_participant` VALUES (73,'SMITH','MARY','CINDY','1974-03-16','Female',NULL,'White','White','551-46-9458','Active'),(74,'JOHNSON','PATRICIA','DIANE','1960-02-09','Female',NULL,'White','White','133-81-4245','Active'),(75,'WILLIAMS','LINDA','REBECCA','1945-01-01','Female',NULL,'Unknown','White','993-66-6948','Active'),(76,'JONES','BARBARA','MEGAN','1951-01-19','Female',NULL,'White','African-American','114-76-7114','Active'),(77,'BROWN','ELIZABETH','LORETTA','1955-11-16','Female',NULL,'White','White','614-77-6191','Active'),(78,'DAVIS','JENNIFER','JUDITH','1942-07-14','Female',NULL,'White','White','369-47-7711','Active'),(79,'MILLER','MARIA','LISA','1944-02-18','Female',NULL,'White','White','469-39-3251','Active'),(80,'WILSON','SUSAN','EDITH','1948-07-28','Female',NULL,'White','White','479-26-5889','Active'),(81,'MOORE','MARGARET','LINDA','1942-02-14','Female',NULL,'White','African-American','326-84-6697','Active'),(82,'TAYLOR','DOROTHY','TERESA','1942-08-12','Female',NULL,'White','White','947-69-3718','Active'),(83,'ANDERSON','LISA','LORETTA','1951-07-20','Female',NULL,'Unknown','White','147-61-1481','Active'),(84,'THOMAS','NANCY','BEVERLY','1938-12-15','Female',NULL,'White','Other','336-88-2536','Active'),(85,'JACKSON','KAREN','PAULA','1926-04-21','Female',NULL,'White','White','826-82-2565','Active'),(86,'WHITE','BETTY','MARIE','1948-07-04','Female',NULL,'White','White','814-77-1568','Active'),(87,'HARRIS','HELEN','MONICA','1959-01-03','Female',NULL,'White','African-American','225-71-9115','Active'),(88,'MARTIN','SANDRA','JULIA','1944-04-02','Female',NULL,'White','White','695-71-4255','Active'),(89,'THOMPSON','DONNA','LUCY','1952-03-02','Female',NULL,'African-American','White','993-66-6947','Active'),(90,'GARCIA','CAROL','ELAINE','1941-07-15','Female',NULL,'African-American','White','943-59-9833','Active'),(91,'MARTINEZ','RUTH','SHERRY','1960-11-12','Female',NULL,'White','White','882-43-8259','Active'),(92,'ROBINSON','SHARON','SHERRY','1961-08-04','Female',NULL,'White','White','247-58-2125','Active'),(93,'CLARK','MICHELLE','CHRISTINE','1957-05-18','Female',NULL,'African-American','White','191-58-2235','Active'),(94,'RODRIGUEZ','LAURA','NATALIE','1946-06-19','Female',NULL,'White','Unknown','112-45-7258','Active'),(95,'LEWIS','SARAH','MONICA','1947-08-26','Female',NULL,'African-American','Unknown','734-67-9934','Active'),(96,'LEE','KIMBERLY','TERESA','1943-05-27','Female',NULL,'White','White','898-25-8366','Active'),(97,'WALKER','DEBORAH','ANDREA','1942-09-20','Female',NULL,'White','White','122-47-1344','Active'),(98,'HALL','JESSICA','NANCY','1968-06-03','Female',NULL,'White','White','588-26-8366','Active'),(99,'ALLEN','SHIRLEY','JOANNE','1955-07-12','Female',NULL,'White','White','822-47-1142','Active'),(100,'YOUNG','CYNTHIA','JANE','1968-10-24','Female',NULL,'White','White','882-55-7364','Active'),(101,'HERNANDEZ','ANGELA','CLARA','1941-12-15','Female',NULL,'White','AsianIndian,Pakistani','825-48-2122','Active'),(102,'KING','MELISSA','CARLA','1956-03-04','Female',NULL,'White','White','892-55-8445','Active'),(103,'WRIGHT','BRENDA','VERONICA','1953-02-06','Female',NULL,'African-American','White','822-88-1459','Active'),(104,'LOPEZ','AMY','LOIS','1955-12-19','Female',NULL,'Unknown','White','148-93-6692','Active'),(105,'HILL','ANNA','LUCY','1945-06-25','Female',NULL,'White','African-American','599-33-6882','Active'),(106,'SCOTT','REBECCA','TAMARA','1937-05-30','Female',NULL,'White','African-American','568-22-4772','Active'),(107,'GREEN','VIRGINIA','PAMELA','1937-10-26','Female',NULL,'White','AmericanIndian,Aleut,Eskimo','268-83-5933','Active'),(108,'ADAMS','KATHLEEN','HEATHER','1949-07-05','Female',NULL,'White','African-American','588-25-7111','Active'),(109,'BAKER','PAMELA','LISA','1962-10-08','Female',NULL,'African-American','African-American','571-44-6981','Active'),(110,'GONZALEZ','MARTHA','TRACY','1971-06-27','Female',NULL,'African-American','White','588-94-6122','Active'),(111,'NELSON','DEBRA','GLENDA','1958-05-20','Female',NULL,'White','White','472-47-9114','Active'),(112,'CARTER','AMANDA','SARA','1950-02-02','Female',NULL,'White','White','822-48-8814','Active'),(113,'MITCHELL','STEPHANIE','TERESA','1942-05-21','Female',NULL,'White','White','724-45-7716','Active'),(114,'PEREZ','CAROLYN','ANNETTE','1962-11-07','Female',NULL,'White','White','714-44-7258','Active'),(115,'ROBERTS','CHRISTINE','KATHY','1956-06-27','Female',NULL,'White','White','715-59-8255','Active'),(116,'TURNER','MARIE','JULIE','1935-06-06','Female',NULL,'African-American','White','255-58-1147','Active'),(117,'PHILLIPS','JANET','CHRISTINA','1958-04-30','Female',NULL,'African-American','White','244-71-4472','Active'),(118,'CAMPBELL','CATHERINE','CLAUDIA','1952-07-20','Female',NULL,'White','White','244-71-5827','Active'),(119,'PARKER','FRANCES','MARIA','1953-11-15','Female',NULL,'White','Other','937-93-6676','Active'),(120,'EVANS','ANN','GAIL','1951-07-15','Female',NULL,'White','White','466-93-6466','Active'),(121,'EDWARDS','JOYCE','JEANNE','1922-08-15','Female',NULL,'African-American','African-American','376-92-3361','Active'),(122,'COLLINS','DIANE','SHEILA','1931-02-23','Female',NULL,'White','White','366-81-3711','Active'),(123,'STEWART','ALICE','MINNIE','1942-01-19','Female',NULL,'White','White','372-82-4833','Active'),(124,'SANCHEZ','JULIE','TARA','1938-11-17','Female',NULL,'White','White','367-15-7215','Active'),(125,'MORRIS','HEATHER','SARAH','1940-10-27','Female',NULL,'White','White','512-54-7711','Active'),(126,'ROGERS','TERESA','LILLIE','1935-03-03','Female',NULL,'White','African-American','171-37-6134','Active'),(127,'REED','DORIS','SUSAN','1948-06-16','Female',NULL,'White','Asian','793-36-9847','Active'),(128,'COOK','GLORIA','DIANA','1957-09-28','Female',NULL,'White','White','699-26-1949','Active'),(129,'MORGAN','EVELYN','LUCILLE','1935-08-22','Female',NULL,'White','White','365-99-1278','Active'),(130,'BELL','JEAN','THERESA','1942-10-26','Female',NULL,'White','White','156-78-8455','Active'),(131,'MURPHY','CHERYL','DONNA','1945-04-18','Female',NULL,'White','White','475-67-3428','Active'),(132,'BAILEY','MILDRED','EVA','1924-12-04','Female',NULL,'White','White','917-55-5123','Active'),(133,'RIVERA','KATHERINE','CONSTANCE','1960-08-18','Female',NULL,'Unknown','White','912-95-6771','Active'),(134,'COOPER','JOAN','JUANITA','1958-04-23','Female',NULL,'African-American','White','568-27-3456','Active'),(135,'RICHARDSON','ASHLEY','WILMA','1946-07-01','Female',NULL,'White','White','346-98-5231','Active'),(136,'COX','JUDITH','ESTHER','1945-09-06','Female',NULL,'White','African-American','912-27-8491','Active'),(137,'HOWARD','ROSE','ELLEN','1950-03-16','Female',NULL,'White','African-American','278-81-5757','Active'),(138,'WARD','JANICE','LINDA','1944-01-17','Female',NULL,'White','AmericanIndian,Aleut,Eskimo','234-99-1276','Active'),(139,'TORRES','KELLY','GEORGIA','1951-12-15','Female',NULL,'White','African-American','734-57-8934','Active'),(140,'PETERSON','NICOLE','YVONNE','1950-01-12','Female',NULL,'Unknown','White','662-34-4188','Active'),(141,'GRAY','JUDY','CATHY','1949-08-09','Female',NULL,'White','White','667-74-4568','Active'),(142,'RAMIREZ','CHRISTINA','LUCILLE','1928-09-23','Female',NULL,'African-American','White','126-78-9535','Active'),(143,'JAMES','KATHY','TAMARA','1940-03-11','Female',NULL,'White','White','988-56-6735','Active'),(144,'WATSON','THERESA','AMBER','1939-04-08','Female',NULL,'White','White','519-31-6781','Active'),(145,'BROOKS','BEVERLY','THERESA','1952-03-21','Female',NULL,'White','White','884-81-4289','Active'),(146,'KELLY','DENISE','EMMA','1937-09-06','Female',NULL,'White','White','346-75-1316','Active'),(147,'SANDERS','TAMMY','BERNICE','1944-07-09','Female',NULL,'White','White','212-68-3165','Active'),(148,'PRICE','IRENE','COURTNEY','1934-06-23','Female',NULL,'African-American','White','623-34-9295','Active'),(149,'BENNETT','JANE','JO','1931-12-25','Female',NULL,'African-American','White','459-12-2817','Active'),(150,'WOOD','LORI','MARJORIE','1945-06-12','Female',NULL,'White','Other','556-63-3478','Active'),(151,'BARNES','RACHEL','BETH','1946-12-29','Female',NULL,'African-American','Unknown','913-67-8134','Active'),(152,'ROSS','MARILYN','WANDA','1946-11-02','Female',NULL,'White','White','989-46-6845','Active'),(153,'HENDERSON','ANDREA','JACKIE','1953-03-09','Female',NULL,'AsianIndian,Pakistani','White','621-12-7862','Active'),(154,'COLEMAN','KATHRYN','RENEE','1931-10-27','Female',NULL,'African-American','Unknown','676-12-3496','Active'),(155,'JENKINS','LOUISE','ANNETTE','1962-09-24','Female',NULL,'White','White','277-56-2346','Active'),(156,'PERRY','SARA','ROSE','1938-07-10','Female',NULL,'African-American','White','123-77-7842','Active'),(157,'POWELL','ANNE','DORIS','1939-10-12','Female',NULL,'White','White','512-31-5779','Active'),(158,'LONG','JACQUELINE','ANITA','1961-11-17','Female',NULL,'AmericanIndian,Aleut,Eskimo','Unknown','799-16-4389','Active'),(159,'PATTERSON','WANDA','CINDY','1956-07-24','Female',NULL,'Unknown','White','167-78-4346','Active'),(160,'HUGHES','BONNIE','ANN','1940-01-13','Female',NULL,'African-American','White','912-78-8834','Active'),(161,'FLORES','JULIA','BEATRICE','1946-06-11','Female',NULL,'White','White','892-53-8199','Active'),(162,'WASHINGTON','RUBY','AMANDA','1957-11-18','Female',NULL,'African-American','White','792-66-6629','Active'),(163,'BUTLER','LOIS','BERNICE','1962-10-21','Female',NULL,'White','Other','563-34-5767','Active'),(164,'SIMMONS','TINA','DORIS','1948-09-14','Female',NULL,'White','White','456-73-4577','Active'),(165,'FOSTER','PHYLLIS','NATALIE','1919-04-26','Female',NULL,'White','African-American','316-97-8454','Active'),(166,'GONZALES','NORMA','RUBY','1953-02-05','Female',NULL,'White','White','734-46-5895','Active'),(167,'BRYANT','PAULA','CATHERINE','1945-03-10','Female',NULL,'White','White','567-23-4628','Active'),(168,'ALEXANDER','DIANA','DENISE','1947-03-21','Female',NULL,'White','White','235-97-1446','Active'),(169,'RUSSELL','ANNIE','GEORGIA','1955-05-21','Female',NULL,'White','African-American','123-39-1137','Active'),(170,'GRIFFIN','LILLIAN','REBECCA','1959-05-11','Female',NULL,'White','White','889-56-6735','Active'),(171,'DIAZ','EMILY','ALMA','1945-08-20','Female',NULL,'White','White','552-23-3918','Active'),(172,'HAYES','ROBIN','KRISTEN','1952-05-23','Female',NULL,'African-American','White','379-91-6751','Active'),(173,'MYERS','PEGGY','WANDA','1954-12-05','Female',NULL,'AsianIndian,Pakistani','White','656-62-3468','Active'),(174,'FORD','CRYSTAL','JEANNE','1942-09-06','Female',NULL,'White','African-American','423-89-9345','Active'),(175,'HAMILTON','GLADYS','JEANNE','1954-05-15','Female',NULL,'White','White','842-34-9185','Active'),(176,'GRAHAM','RITA','HEATHER','1938-09-16','Female',NULL,'White','Unknown','787-34-4699','Active'),(177,'SULLIVAN','DAWN','LAUREN','1959-10-22','Female',NULL,'White','White','345-91-2356','Active'),(178,'WALLACE','CONNIE','LESLIE','1940-06-09','Female',NULL,'White','White','896-68-8424','Active'),(179,'WOODS','FLORENCE','FRANCES','1950-02-12','Female',NULL,'African-American','White','629-46-9896','Active'),(180,'COLE','TRACY','DELORES','1955-05-09','Female',NULL,'White','White','867-95-6792','Active'),(181,'WEST','EDNA','NICOLE','1966-12-23','Female',NULL,'White','White','456-13-4412','Active'),(182,'JORDAN','TIFFANY','JOYCE','1941-03-21','Female',NULL,'White','Unknown','456-12-2389','Active'),(183,'OWENS','CARMEN','SUSAN','1950-04-09','Female',NULL,'African-American','White','345-18-8457','Active'),(184,'REYNOLDS','ROSA','EDNA','1954-08-29','Female',NULL,'African-American','White','224-56-2327','Active'),(185,'FISHER','CINDY','DANIELLE','1948-11-23','Female',NULL,'White','White','313-38-8927','Active'),(186,'ELLIS','GRACE','JOY','1941-09-24','Female',NULL,'White','White','733-45-1896','Active'),(187,'HARRISON','WENDY','LORI','1936-06-27','Female',NULL,'African-American','White','189-16-7813','Active'),(188,'GIBSON','VICTORIA','SARA','1949-09-11','Female',NULL,'Unknown','White','767-96-6791','Active'),(189,'MCDONALD','EDITH','DOROTHY','1951-05-21','Female',NULL,'White','White','655-12-3498','Active'),(190,'CRUZ','KIM','ELSIE','1951-08-31','Female',NULL,'White','White','545-91-2467','Active'),(191,'MARSHALL','SHERRY','FRANCES','1966-01-11','Female',NULL,'White','White','295-91-1656','Active'),(192,'ORTIZ','SYLVIA','STEPHANIE','1947-03-04','Female',NULL,'African-American','White','855-67-3355','Active'),(193,'GOMEZ','JOSEPHINE','DEBORAH','1948-10-12','Female',NULL,'White','White','745-68-9124','Active'),(194,'MURRAY','THELMA','VANESSA','1955-03-22','Female',NULL,'White','African-American','318-35-6732','Active'),(195,'FREEMAN','SHANNON','SHEILA','1959-08-25','Female',NULL,'White','White','878-35-6681','Active'),(196,'WELLS','SHEILA','FRANCES','1939-11-04','Female',NULL,'Other','AmericanIndian,Aleut,Eskimo','549-92-3781','Active'),(197,'WEBB','ETHEL','CONSTANCE','1935-05-02','Female',NULL,'African-American','White','549-89-1778','Active'),(198,'SIMPSON','ELLEN','KIM','1953-05-23','Female',NULL,'Unknown','White','327-89-1356','Active'),(199,'STEVENS','ELAINE','JOANN','1945-04-17','Female',NULL,'Unknown','White','953-46-1317','Active'),(200,'TUCKER','MARJORIE','MARGARET','1957-08-07','Female',NULL,'White','White','953-44-9785','Active'),(201,'PORTER','CARRIE','VERA','1950-02-07','Female',NULL,'African-American','White','918-94-5684','Active'),(202,'HUNTER','CHARLOTTE','DAWN','1960-06-21','Female',NULL,'White','White','787-74-5679','Active'),(203,'HICKS','MONICA','JILL','1931-06-04','Female',NULL,'White','White','518-99-5641','Active'),(204,'CRAWFORD','ESTHER','GLORIA','1947-04-20','Female',NULL,'African-American','Unknown','388-89-5349','Active'),(205,'HENRY','PAULINE','ARLENE','1961-10-08','Female',NULL,'White','White','376-61-1675','Active'),(206,'BOYD','EMMA','THELMA','1940-09-15','Female',NULL,'White','White','216-89-4667','Active'),(207,'MASON','JUANITA','PAMELA','1947-11-23','Female',NULL,'African-American','White','347-32-2289','Active'),(208,'MORALES','ANITA','LORRAINE','1938-02-25','Female',NULL,'White','White','677-52-3349','Active'),(209,'KENNEDY','RHONDA','DIANE','1932-10-06','Female',NULL,'White','White','389-78-3527','Active'),(210,'WARREN','HAZEL','HELEN','1926-10-08','Female',NULL,'White','African-American','956-86-9235','Active'),(211,'DIXON','AMBER','VIVIAN','1952-11-13','Female',NULL,'White','Unknown','238-69-9289','Active'),(212,'RAMOS','EVA','ROBIN','1964-03-15','Female',NULL,'White','White','365-58-8225','Active'),(213,'REYES','DEBBIE','RUTH','1937-12-18','Female',NULL,'African-American','African-American','282-43-7691','Active'),(214,'BURNS','APRIL','JULIE','1948-07-27','Female',NULL,'White','White','598-27-9943','Active'),(215,'GORDON','LESLIE','GINA','1951-03-31','Female',NULL,'Other','White','323-48-6971','Active'),(216,'SHAW','CLARA','BEVERLY','1944-07-25','Female',NULL,'White','White','265-87-1144','Active'),(217,'HOLMES','LUCILLE','JO','1939-10-22','Female',NULL,'White','White','711-43-5877','Active'),(218,'RICE','JAMIE','DANIELLE','1949-12-11','Female',NULL,'African-American','Other','737-59-8225','Active'),(219,'ROBERTSON','JOANNE','ELAINE','1943-04-18','Female',NULL,'White','White','699-62-5587','Active'),(220,'HUNT','ELEANOR','PAMELA','1939-12-20','Female',NULL,'African-American','White','436-45-8728','Active'),(221,'BLACK','VALERIE','DORIS','1950-08-05','Female',NULL,'White','African-American','255-11-4375','Active'),(222,'DANIELS','DANIELLE','ERICA','1938-10-30','Female',NULL,'Other','African-American','799-26-4871','Active'),(223,'PALMER','MEGAN','EMMA','1947-08-11','Female',NULL,'White','White','861-97-1943','Active'),(224,'MILLS','ALICIA','DEBRA','1955-11-10','Female',NULL,'White','White','315-47-4761','Active'),(225,'NICHOLS','SUZANNE','ALMA','1959-08-30','Female',NULL,'White','White','569-15-3769','Active'),(226,'GRANT','MICHELE','PAULA','1947-05-19','Female',NULL,'White','White','658-17-1132','Active'),(227,'KNIGHT','GAIL','DORA','1953-12-30','Female',NULL,'White','White','812-47-6967','Active'),(228,'FERGUSON','BERTHA','NANCY','1950-03-20','Female',NULL,'White','White','669-72-1437','Active'),(229,'ROSE','DARLENE','DANIELLE','1956-07-08','Female',NULL,'White','Unknown','719-33-6587','Active'),(230,'STONE','VERONICA','KAREN','1937-08-02','Female',NULL,'White','White','771-14-3459','Active'),(231,'HAWKINS','JILL','SARAH','1939-09-22','Female',NULL,'White','Unknown','876-87-2226','Active'),(232,'DUNN','ERIN','MARGARET','1937-03-31','Female',NULL,'White','White','559-99-4945','Active'),(233,'PERKINS','GERALDINE','KIMBERLY','1969-02-27','Female',NULL,'White','White','556-67-1122','Active'),(234,'HUDSON','LAUREN','JAMIE','1932-12-29','Female',NULL,'White','African-American','667-61-2128','Active'),(235,'SPENCER','CATHY','JOAN','1951-09-02','Female',NULL,'Other','White','337-48-7838','Active'),(236,'GARDNER','JOANN','LORI','1945-09-07','Female',NULL,'White','Unknown','348-78-7239','Active'),(237,'STEPHENS','LORRAINE','REGINA','1953-02-22','Female',NULL,'White','White','363-78-7283','Active'),(238,'PAYNE','LYNN','NELLIE','1957-02-06','Female',NULL,'White','White','266-76-1856','Active'),(239,'PIERCE','SALLY','YVONNE','1951-01-22','Female',NULL,'Unknown','White','812-33-8679','Active'),(240,'BERRY','REGINA','ASHLEY','1952-12-18','Female',NULL,'White','Unknown','452-35-6781','Active'),(241,'MATTHEWS','ERICA','LAURIE','1938-05-23','Female',NULL,'White','African-American','239-23-5568','Active'),(242,'ARNOLD','BEATRICE','VIVIAN','1937-07-06','Female',NULL,'African-American','White','785-68-9794','Active'),(243,'WAGNER','DOLORES','FRANCES','1957-04-26','Female',NULL,'White','White','463-46-6792','Active'),(244,'WILLIS','BERNICE','ANNA','1951-11-28','Female',NULL,'Unknown','African-American','281-24-2352','Active'),(245,'RAY','AUDREY','DANA','1957-10-04','Female',NULL,'White','Other','568-96-8312','Active'),(246,'WATKINS','YVONNE','RACHEL','1956-05-04','Female',NULL,'White','White','567-57-8978','Active'),(247,'OLSON','ANNETTE','SHARON','1957-03-02','Female',NULL,'White','White','813-35-6356','Active'),(248,'CARROLL','JUNE','NELLIE','1944-12-21','Female',NULL,'African-American','White','918-92-2346','Active'),(249,'DUNCAN','SAMANTHA','LAURA','1927-11-26','Female',NULL,'White','White','857-37-8928','Active'),(250,'SNYDER','MARION','TINA','1959-06-28','Female',NULL,'White','African-American','235-57-8168','Active'),(251,'HART','DANA','TONYA','1954-11-05','Female',NULL,'African-American','White','134-56-8579','Active'),(252,'CUNNINGHAM','STACY','EVA','1961-10-07','Female',NULL,'African-American','AsianIndian,Pakistani','918-91-2357','Active'),(253,'BRADLEY','ANA','NATALIE','1945-05-22','Female',NULL,'White','White','867-91-2352','Active'),(254,'LANE','RENEE','THERESA','1941-11-03','Female',NULL,'White','African-American','467-84-5978','Active'),(255,'ANDREWS','IDA','ANNA','1950-07-07','Female',NULL,'African-American','White','234-23-8579','Active'),(256,'RUIZ','VIVIAN','LAURIE','1956-10-23','Female',NULL,'Other','White','231-23-3278','Active'),(257,'HARPER','ROBERTA','CATHERINE','1947-04-05','Female',NULL,'African-American','White','867-81-7341','Active'),(258,'FOX','HOLLY','TERRI','1952-08-22','Female',NULL,'White','African-American','456-85-1292','Active'),(259,'RILEY','BRITTANY','CHERYL','1946-01-27','Female',NULL,'White','White','456-13-8578','Active'),(260,'ARMSTRONG','MELANIE','SUZANNE','1949-05-04','Female',NULL,'White','White','312-45-2357','Active'),(261,'CARPENTER','LORETTA','ANNA','1947-12-22','Female',NULL,'Unknown','White','792-39-2652','Active'),(262,'WEAVER','YOLANDA','KATIE','1943-09-11','Female',NULL,'African-American','White','457-46-1792','Active'),(263,'GREENE','JEANETTE','DORIS','1939-04-01','Female',NULL,'White','African-American','342-78-5681','Active'),(264,'LAWRENCE','LAURIE','JESSICA','1937-09-18','Female',NULL,'White','African-American','813-41-2453','Active'),(265,'ELLIOTT','KATIE','VANESSA','1942-10-24','Female',NULL,'White','White','792-81-2313','Active'),(266,'CHAVEZ','KRISTEN','IDA','1948-08-12','Female',NULL,'White','White','896-79-7912','Active'),(267,'SIMS','VANESSA','JEAN','1954-05-04','Female',NULL,'White','White','413-85-6817','Active'),(268,'AUSTIN','ALMA','ELAINE','1952-06-05','Female',NULL,'White','White','913-35-6857','Active'),(269,'PETERS','SUE','HEIDI','1939-12-16','Female',NULL,'White','African-American','818-94-2356','Active'),(270,'KELLEY','ELSIE','ANNE','1957-03-19','Female',NULL,'African-American','White','681-29-1242','Active'),(271,'FRANKLIN','BETH','MARJORIE','1958-07-12','Female',NULL,'White','White','681-56-8968','Active'),(272,'LAWSON','JEANNE','ROBERTA','1955-03-01','Female',NULL,'White','White','453-56-7792','Active'),(273,'FIELDS','VICKI','ELAINE','1950-02-15','Female',NULL,'White','African-American','392-64-5684','Active'),(274,'GUTIERREZ','CARLA','MARY','1909-01-14','Female',NULL,'White','Unknown','812-81-2413','Active'),(275,'RYAN','TARA','EVA','1960-03-08','Female',NULL,'White','White','796-89-4137','Active'),(276,'SCHMIDT','ROSEMARY','MARGARET','1952-08-10','Female',NULL,'Unknown','White','564-61-7913','Active'),(277,'CARR','EILEEN','JUNE','1941-11-03','Female',NULL,'White','White','635-68-4689','Active'),(278,'VASQUEZ','TERRI','PATRICIA','1946-06-25','Female',NULL,'African-American','Unknown','413-45-3564','Active'),(279,'CASTILLO','GERTRUDE','STELLA','1960-08-05','Female',NULL,'White','White','681-28-1224','Active'),(280,'WHEELER','LUCY','ELAINE','1950-01-23','Female',NULL,'White','White','357-78-9281','Active'),(281,'CHAPMAN','TONYA','GLORIA','1948-11-11','Female',NULL,'Asian','White','235-24-8578','Active'),(282,'OLIVER','ELLA','CARMEN','1948-08-05','Female',NULL,'African-American','White','241-34-5346','Active'),(283,'MONTGOMERY','STACEY','THERESA','1939-04-11','Female',NULL,'White','White','818-92-8134','Active'),(284,'RICHARDS','WILMA','LORETTA','1948-10-26','Female',NULL,'African-American','White','446-78-6791','Active'),(285,'WILLIAMSON','GINA','ROBERTA','1950-10-27','Female',NULL,'White','White','423-55-6897','Active'),(286,'JOHNSTON','KRISTIN','GRACE','1946-02-02','Female',NULL,'White','White','792-39-2342','Active'),(287,'BANKS','JESSIE','DORA','1947-03-11','Female',NULL,'White','White','567-81-2492','Active'),(288,'MEYER','NATALIE','JULIE','1967-01-30','Female',NULL,'African-American','White','578-56-2679','Active'),(289,'BISHOP','AGNES','BERNICE','1954-05-31','Female',NULL,'White','White','342-34-6359','Active'),(290,'MCCOY','VERA','KELLY','1931-09-15','Female',NULL,'White','White','392-34-2355','Active'),(291,'HOWELL','WILLIE','MARIA','1913-01-30','Female',NULL,'White','White','948-17-8139','Active'),(292,'ALVAREZ','CHARLENE','JANET','1945-01-13','Female',NULL,'White','White','356-75-9289','Active'),(293,'MORRISON','BESSIE','SALLY','1965-01-21','Female',NULL,'Unknown','African-American','346-35-6437','Active'),(294,'HANSEN','DELORES','HELEN','1963-03-25','Female',NULL,'White','African-American','128-12-4467','Active'),(295,'FERNANDEZ','MELINDA','APRIL','1943-01-06','Female',NULL,'Unknown','White','799-13-9224','Active'),(296,'GARZA','PEARL','JENNIFER','1954-05-25','Female',NULL,'White','Unknown','726-84-6787','Active'),(297,'HARVEY','ARLENE','TRACY','1946-12-22','Female',NULL,'White','White','946-35-6857','Active'),(298,'LITTLE','MAUREEN','TANYA','1949-01-03','Female',NULL,'White','White','922-35-6124','Active'),(299,'BURTON','COLLEEN','VERA','1969-08-23','Female',NULL,'African-American','White','688-92-8124','Active'),(300,'STANLEY','ALLISON','CATHERINE','1966-03-21','Female',NULL,'White','African-American','645-17-8129','Active'),(301,'NGUYEN','TAMARA','KATHERINE','1941-05-08','Female',NULL,'White','White','134-46-8978','Active'),(302,'GEORGE','JOY','ANITA','1949-06-25','Female',NULL,'White','White','234-23-7568','Active'),(303,'JACOBS','GEORGIA','ETHEL','1963-05-18','Female',NULL,'White','White','129-16-9245','Active'),(304,'REID','CONSTANCE','BRITTANY','1956-07-03','Female',NULL,'African-American','Asian','846-28-9241','Active'),(305,'KIM','LILLIE','BEVERLY','1946-03-03','Female',NULL,'African-American','White','346-67-9289','Active'),(306,'FULLER','CLAUDIA','KATHY','1965-03-31','Female',NULL,'White','White','124-46-7467','Active'),(307,'LYNCH','JACKIE','THELMA','1958-06-25','Female',NULL,'White','White','922-35-2356','Active'),(308,'DEAN','MARCIA','MILDRED','1937-05-06','Female',NULL,'White','White','891-37-8123','Active'),(309,'GILBERT','TANYA','HEIDI','1962-08-06','Female',NULL,'White','White','568-56-2892','Active'),(310,'GARRETT','NELLIE','KIMBERLY','1956-11-15','Female',NULL,'African-American','White','453-59-6892','Active'),(311,'ROMERO','MINNIE','ALMA','1933-07-20','Female',NULL,'Unknown','White','281-52-4574','Active'),(312,'WELCH','MARLENE','TIFFANY','1976-07-29','Female',NULL,'White','African-American','689-56-1812','Active'),(313,'LARSON','HEIDI','KRISTEN','1969-04-02','Female',NULL,'White','White','353-79-5781','Active'),(314,'FRAZIER','GLENDA','JUDY','1935-10-25','Female',NULL,'White','White','135-63-8946','Active'),(315,'BURKE','LYDIA','ELLA','1953-01-09','Female',NULL,'White','White','892-83-5345','Active'),(316,'HANSON','VIOLA','MARIE','1955-04-24','Female',NULL,'Unknown','White','796-23-9235','Active'),(317,'DAY','COURTNEY','REGINA','1930-02-17','Female',NULL,'White','White','357-85-6817','Active'),(318,'MENDOZA','MARIAN','APRIL','1955-03-06','Female',NULL,'White','White','346-35-6689','Active'),(319,'MORENO','STELLA','WILMA','1938-08-19','Female',NULL,'African-American','African-American','231-56-2457','Active'),(320,'BOWMAN','CAROLINE','AGNES','1954-03-05','Female',NULL,'African-American','White','781-28-4634','Active'),(321,'MEDINA','DORA','SHERRY','1949-07-09','Female',NULL,'White','African-American','679-92-3124','Active'),(322,'FOWLER','JO','JOY','1942-11-17','Female',NULL,'White','AmericanIndian,Aleut,Eskimo','355-78-5781','Active');
UNLOCK TABLES;
/*!40000 ALTER TABLE `catissue_participant` ENABLE KEYS */;

--
-- Table structure for table `catissue_permissible_value`
--

DROP TABLE IF EXISTS `catissue_permissible_value`;
CREATE TABLE `catissue_permissible_value` (
  `IDENTIFIER` bigint(20) NOT NULL auto_increment,
  `CONCEPT_CODE` varchar(40) default NULL,
  `DEFINITION` text,
  `PARENT_IDENTIFIER` bigint(20) default NULL,
  `VALUE` varchar(100) default NULL,
  `PUBLIC_ID` varchar(30) default NULL,
  PRIMARY KEY  (`IDENTIFIER`),
  KEY `FK57DDCE153B5435E` (`PARENT_IDENTIFIER`),
  KEY `FK57DDCE1FC56C2B1` (`PUBLIC_ID`)
) ENGINE=MyISAM DEFAULT CHARSET=latin1;

--
-- Dumping data for table `catissue_permissible_value`
--


/*!40000 ALTER TABLE `catissue_permissible_value` DISABLE KEYS */;
LOCK TABLES `catissue_permissible_value` WRITE;
INSERT INTO `catissue_permissible_value` VALUES (1,NULL,NULL,NULL,'Molecular','2003991'),(2,NULL,NULL,NULL,'Cell','2003991'),(3,NULL,NULL,NULL,'Fluid','2003991'),(4,NULL,NULL,NULL,'Tissue','2003991'),(5,NULL,NULL,1,'RNA, poly-A enriched',NULL),(6,NULL,NULL,1,'RNA, nuclear',NULL),(7,NULL,NULL,1,'Not Specified',NULL),(8,NULL,NULL,1,'protein',NULL),(9,NULL,NULL,1,'cDNA',NULL),(10,NULL,NULL,1,'RNA',NULL),(11,NULL,NULL,1,'DNA',NULL),(12,NULL,NULL,1,'RNA, cytoplasmic',NULL),(13,NULL,NULL,2,'Frozen Cell Pellet',NULL),(14,NULL,NULL,2,'Fixed Cell Block',NULL),(15,NULL,NULL,2,'Frozen Cell Block',NULL),(16,NULL,NULL,2,'Not Specified',NULL),(17,NULL,NULL,2,'Cryopreserved Cells',NULL),(18,NULL,NULL,3,'Whole Bone Marrow',NULL),(19,NULL,NULL,3,'Saliva',NULL),(20,NULL,NULL,3,'Plasma',NULL),(21,NULL,NULL,3,'Body Cavity Fluid',NULL),(22,NULL,NULL,3,'Milk',NULL),(23,NULL,NULL,3,'Pericardial Fluid',NULL),(24,NULL,NULL,3,'Lavage',NULL),(25,NULL,NULL,3,'Whole Blood',NULL),(26,NULL,NULL,3,'Vitreous Fluid',NULL),(27,NULL,NULL,3,'Gastric Fluid',NULL),(28,NULL,NULL,3,'Not Specified',NULL),(29,NULL,NULL,3,'Bone Marrow Plasma',NULL),(30,NULL,NULL,3,'Urine',NULL),(31,NULL,NULL,3,'Serum',NULL),(32,NULL,NULL,3,'Amniotic Fluid',NULL),(33,NULL,NULL,3,'Cerebrospinal Fluid',NULL),(34,NULL,NULL,3,'Bile',NULL),(35,NULL,NULL,3,'Synovial Fluid',NULL),(36,NULL,NULL,3,'Sweat',NULL),(37,NULL,NULL,3,'Feces',NULL),(38,NULL,NULL,4,'Fixed Tissue',NULL),(39,NULL,NULL,4,'Fixed Tissue Block',NULL),(40,NULL,NULL,4,'Frozen Tissue Block',NULL),(41,NULL,NULL,4,'Fixed Tissue Slide',NULL),(42,NULL,NULL,4,'Frozen Tissue Slide',NULL),(43,NULL,NULL,4,'Fresh Tissue',NULL),(44,NULL,NULL,4,'Microdissected',NULL),(45,NULL,NULL,4,'Frozen Tissue',NULL),(46,NULL,NULL,4,'Not Specified',NULL),(47,NULL,NULL,NULL,'Relapse, Not Specified','2003988'),(48,NULL,NULL,NULL,'Post-Operative','2003988'),(49,NULL,NULL,NULL,'Not Specified','2003988'),(50,NULL,NULL,NULL,'Operative','2003988'),(51,NULL,NULL,NULL,'Remission','2003988'),(52,NULL,NULL,NULL,'Pre-Operative','2003988'),(53,NULL,NULL,NULL,'Pre-Therapy','2003988'),(54,NULL,NULL,NULL,'Relapse, Distant Site','2003988'),(55,NULL,NULL,NULL,'No Diagnosis / Control','2003988'),(56,NULL,NULL,NULL,'Post-Therapy','2003988'),(57,NULL,NULL,NULL,'New Diagnosis','2003988'),(58,NULL,NULL,NULL,'Relapse, Primary Site','2003988'),(59,NULL,NULL,NULL,'Male','2003989'),(60,NULL,NULL,NULL,'Unspecified','2003989'),(61,NULL,NULL,NULL,'Female','2003989'),(2636,NULL,NULL,NULL,'Unknown','2003989'),(62,NULL,NULL,NULL,'Unknown','2003990'),(63,NULL,NULL,NULL,'XXXY Syndrome','2003990'),(64,NULL,NULL,NULL,'Penta X Syndrome','2003990'),(65,NULL,NULL,NULL,'Mosaic including XXXXY','2003990'),(66,NULL,NULL,NULL,'XY','2003990'),(67,NULL,NULL,NULL,'Klinefelter\'s Syndrome','2003990'),(68,NULL,NULL,NULL,'XX','2003990'),(69,NULL,NULL,NULL,'XXX','2003990'),(70,NULL,NULL,NULL,'XXYY Syndrome','2003990'),(71,NULL,NULL,NULL,'Not Applicable','2003992'),(72,NULL,NULL,NULL,'Right','2003992'),(73,NULL,NULL,NULL,'Left','2003992'),(74,NULL,NULL,NULL,'Not Specified','2003992'),(75,NULL,NULL,NULL,'Malignant, Invasive','2003993'),(76,NULL,NULL,NULL,'Malignant, Pre-Invasive','2003993'),(77,NULL,NULL,NULL,'Non-Malignant','2003993'),(78,NULL,NULL,NULL,'Non-Malignant, Diseased','2003993'),(79,NULL,NULL,NULL,'Pre-Malignant','2003993'),(80,NULL,NULL,NULL,'Not Specified','2003993'),(81,NULL,NULL,NULL,'Malignant','2003993'),(82,NULL,NULL,NULL,'Metastatic','2003993'),(83,NULL,NULL,NULL,'Quantity Not Sufficient','2003994'),(84,NULL,NULL,NULL,'Cauterized','2003994'),(85,NULL,NULL,NULL,'Unacceptable, Not Specified','2003994'),(86,NULL,NULL,NULL,'Hemorrhagic','2003994'),(87,NULL,NULL,NULL,'Lipemic','2003994'),(88,NULL,NULL,NULL,'Frozen','2003994'),(89,NULL,NULL,NULL,'Not Specified','2003994'),(90,NULL,NULL,NULL,'Damaged','2003994'),(91,NULL,NULL,NULL,'Thawed','2003994'),(92,NULL,NULL,NULL,'Clotted','2003994'),(93,NULL,NULL,NULL,'Hemolyzed','2003994'),(94,NULL,NULL,NULL,'Acceptable','2003994'),(95,NULL,NULL,NULL,'Neutral Buffered Formalin','2003995'),(96,NULL,NULL,NULL,'Not Specified','2003995'),(97,NULL,NULL,NULL,'Formaldehyde','2003995'),(98,NULL,NULL,NULL,'Ethanol, 70%','2003995'),(99,NULL,NULL,NULL,'Methacarn','2003995'),(100,NULL,NULL,NULL,'Bouin\'s','2003995'),(101,NULL,NULL,NULL,'RNALater','2003995'),(102,NULL,NULL,NULL,'Methanol','2003995'),(103,NULL,NULL,NULL,'UM-Fix','2003995'),(104,NULL,NULL,NULL,'Surgical Resection','2003996'),(105,NULL,NULL,NULL,'Lavage','2003996'),(106,NULL,NULL,NULL,'Needle Core Biopsy','2003996'),(107,NULL,NULL,NULL,'Needle Aspirate','2003996'),(108,NULL,NULL,NULL,'Indwelling Catheter','2003996'),(109,NULL,NULL,NULL,'Venipuncture','2003996'),(110,NULL,NULL,NULL,'Not Specified','2003996'),(111,NULL,NULL,NULL,'ACD Vacutainer','2003997'),(112,NULL,NULL,NULL,'Heparin Vacutainer','2003997'),(113,NULL,NULL,NULL,'EDTA Vacutainer','2003997'),(114,NULL,NULL,NULL,'Serum Separator Vacutainer','2003997'),(115,NULL,NULL,NULL,'Sterile Specimen Container','2003997'),(116,NULL,NULL,NULL,'No Additive Vacutainer','2003997'),(117,NULL,NULL,NULL,'Citrate Vacutainer','2003997'),(118,NULL,NULL,NULL,'Not Specified','2003997'),(119,NULL,NULL,NULL,'Liquid Nitrogen Vapor','2003998'),(120,NULL,NULL,NULL,'Liquid Notrogen / Isopentane','2003998'),(121,NULL,NULL,NULL,'Liquid Nitrogen','2003998'),(122,NULL,NULL,NULL,'Dry Ice / Hydrocarbon Slurry','2003998'),(123,NULL,NULL,NULL,'Not Specified','2003998'),(124,NULL,NULL,NULL,'Aerosol Spray','2003998'),(125,NULL,NULL,NULL,'Cryostat','2003998'),(126,NULL,NULL,NULL,'Dry Ice','2003998'),(127,NULL,NULL,NULL,'Cryobath','2003998'),(128,NULL,NULL,NULL,'Freezing Media, Not Specified','2003999'),(129,NULL,NULL,NULL,'Paraffin','2003999'),(130,NULL,NULL,NULL,'Low Melting Point Paraffin','2003999'),(131,NULL,NULL,NULL,'Optimal Cutting Temperature Media','2003999'),(132,NULL,NULL,NULL,'Plastic','2003999'),(133,NULL,NULL,NULL,'Not Specified','2003999'),(134,NULL,NULL,NULL,'Toxic','2004000'),(135,NULL,NULL,NULL,'Carcinogen','2004000'),(136,NULL,NULL,NULL,'Infectious','2004000'),(137,NULL,NULL,NULL,'Radioactive','2004000'),(138,NULL,NULL,NULL,'Not Specified','2004000'),(139,NULL,NULL,NULL,'Mutagen','2004000'),(140,NULL,NULL,NULL,'Fair- Definable Tissue Architecture','Hist_Quality'),(141,NULL,NULL,NULL,'Not Specified','Hist_Quality'),(142,NULL,NULL,NULL,'Good- Definable Cellular Detail','Hist_Quality'),(143,NULL,NULL,NULL,'Excellent- Definable Nuclear Detail','Hist_Quality'),(144,NULL,NULL,NULL,'Poor- No Definable Features','Hist_Quality'),(145,NULL,NULL,NULL,'Laboratory','Site_Type_PID'),(146,NULL,NULL,NULL,'Repository','Site_Type_PID'),(147,NULL,NULL,NULL,'Not Specified','Site_Type_PID'),(148,NULL,NULL,NULL,'Collection Site','Site_Type_PID'),(149,NULL,NULL,NULL,'DIGESTIVE ORGANS','Tissue_Site_PID'),(150,NULL,NULL,149,'RECTUM',NULL),(151,NULL,NULL,150,'Rectum, NOS',NULL),(152,NULL,NULL,149,'ESOPHAGUS',NULL),(153,NULL,NULL,152,'Esophagus, NOS',NULL),(154,NULL,NULL,152,'Middle third of esophagus',NULL),(155,NULL,NULL,152,'Lower third of esophagus',NULL),(156,NULL,NULL,152,'Abdominal esophagus',NULL),(157,NULL,NULL,152,'Upper third of esophagus',NULL),(158,NULL,NULL,152,'Thoracic esophagus',NULL),(159,NULL,NULL,152,'Cervical esophagus',NULL),(160,NULL,NULL,152,'Overlapping lesion of esophagus',NULL),(161,NULL,NULL,149,'COLON',NULL),(162,NULL,NULL,161,'Hepatic flexure of colon',NULL),(163,NULL,NULL,161,'Colon, NOS',NULL),(164,NULL,NULL,161,'Descending colon',NULL),(165,NULL,NULL,161,'Cecum',NULL),(166,NULL,NULL,161,'Sigmoid colon',NULL),(167,NULL,NULL,161,'Splenic flexure of colon',NULL),(168,NULL,NULL,161,'Ascending colon',NULL),(169,NULL,NULL,161,'Transverse colon',NULL),(170,NULL,NULL,161,'Overlapping lesion of colon',NULL),(171,NULL,NULL,161,'Appendix',NULL),(172,NULL,NULL,149,'GALLBLADDER',NULL),(173,NULL,NULL,172,'Gallbladder',NULL),(174,NULL,NULL,149,'OTHER AND UNSPECIFIED PARTS OF BILIARY TRACT',NULL),(175,NULL,NULL,174,'Ampulla of Vater',NULL),(176,NULL,NULL,174,'Biliary tract, NOS',NULL),(177,NULL,NULL,174,'Overlapping lesion of biliary tract',NULL),(178,NULL,NULL,174,'Extrahepatic bile duct',NULL),(179,NULL,NULL,149,'LIVER AND INTRAHEPATIC BILE DUCTS',NULL),(180,NULL,NULL,179,'Intrahepatic bile duct',NULL),(181,NULL,NULL,179,'Liver',NULL),(182,NULL,NULL,149,'RECTOSIGMOID JUNCTION',NULL),(183,NULL,NULL,182,'Rectosigmoid junction',NULL),(184,NULL,NULL,149,'PANCREAS',NULL),(185,NULL,NULL,184,'Pancreatic duct',NULL),(186,NULL,NULL,184,'Tail of pancreas',NULL),(187,NULL,NULL,184,'Pancreas, NOS',NULL),(188,NULL,NULL,184,'Other specified parts of pancreas',NULL),(189,NULL,NULL,184,'Islets of Langerhans',NULL),(190,NULL,NULL,184,'Overlapping lesion of pancreas',NULL),(191,NULL,NULL,184,'Body of pancreas',NULL),(192,NULL,NULL,184,'Head of pancreas',NULL),(193,NULL,NULL,149,'OTHER AND ILL-DEFINED DIGESTIVE ORGANS',NULL),(194,NULL,NULL,193,'Gastrointestinal tract, NOS',NULL),(195,NULL,NULL,193,'Overlapping lesion of digestive system',NULL),(196,NULL,NULL,193,'Intestinal tract, NOS',NULL),(197,NULL,NULL,149,'SMALL INTESTINE',NULL),(198,NULL,NULL,197,'Small intestine, NOS',NULL),(199,NULL,NULL,197,'Duodenum',NULL),(200,NULL,NULL,197,'Meckel\'s diverticulum',NULL),(201,NULL,NULL,197,'Jejunum',NULL),(202,NULL,NULL,197,'Overlapping lesion of small intestine',NULL),(203,NULL,NULL,197,'Ileum',NULL),(204,NULL,NULL,149,'ANUS AND ANAL CANAL',NULL),(205,NULL,NULL,204,'Anus, NOS',NULL),(206,NULL,NULL,204,'Anal canal',NULL),(207,NULL,NULL,204,'Cloacogenic zone',NULL),(208,NULL,NULL,204,'Overlapping lesion of rectum, anus and anal canal',NULL),(209,NULL,NULL,149,'STOMACH',NULL),(210,NULL,NULL,209,'Stomach, NOS',NULL),(211,NULL,NULL,209,'Greater curvature of stomach, NOS',NULL),(212,NULL,NULL,209,'Fundus of stomach',NULL),(213,NULL,NULL,209,'Pylorus',NULL),(214,NULL,NULL,209,'Cardia, NOS',NULL),(215,NULL,NULL,209,'Overlapping lesion of stomach',NULL),(216,NULL,NULL,209,'Lesser curvature of stomach, NOS',NULL),(217,NULL,NULL,209,'Gastric antrum',NULL),(218,NULL,NULL,209,'Body of stomach',NULL),(219,NULL,NULL,NULL,'SKIN','Tissue_Site_PID'),(220,NULL,NULL,219,'Skin of other and unspecified parts of face',NULL),(221,NULL,NULL,219,'Skin, NOS',NULL),(222,NULL,NULL,219,'Skin of upper limb and shoulder',NULL),(223,NULL,NULL,219,'Overlapping lesion of skin',NULL),(224,NULL,NULL,219,'Skin of lower limb and hip',NULL),(225,NULL,NULL,219,'External ear',NULL),(226,NULL,NULL,219,'Eyelid',NULL),(227,NULL,NULL,219,'Skin of lip, NOS',NULL),(228,NULL,NULL,219,'Skin of trunk',NULL),(229,NULL,NULL,219,'Skin of scalp and neck',NULL),(230,NULL,NULL,NULL,'MALE GENITAL ORGANS','Tissue_Site_PID'),(231,NULL,NULL,230,'OTHER AND UNSPECIFIED MALE GENITAL ORGANS',NULL),(232,NULL,NULL,231,'Scrotum, NOS',NULL),(233,NULL,NULL,231,'Male genital organs, NOS',NULL),(234,NULL,NULL,231,'Overlapping lesion of male genital organs',NULL),(235,NULL,NULL,231,'Epididymis',NULL),(236,NULL,NULL,231,'Spermatic cord',NULL),(237,NULL,NULL,231,'Other specified parts of male genital organs',NULL),(238,NULL,NULL,230,'TESTIS',NULL),(239,NULL,NULL,238,'Testis, NOS',NULL),(240,NULL,NULL,238,'Undescended testis',NULL),(241,NULL,NULL,238,'Descended testis',NULL),(242,NULL,NULL,230,'PROSTATE GLAND',NULL),(243,NULL,NULL,242,'Prostate gland',NULL),(244,NULL,NULL,230,'PENIS',NULL),(245,NULL,NULL,244,'Body of penis',NULL),(246,NULL,NULL,244,'Penis, NOS',NULL),(247,NULL,NULL,244,'Prepuce',NULL),(248,NULL,NULL,244,'Glans penis',NULL),(249,NULL,NULL,244,'Overlapping lesion of penis',NULL),(250,NULL,NULL,NULL,'UNKNOWN PRIMARY SITE','Tissue_Site_PID'),(251,NULL,NULL,250,'Unknown primary site',NULL),(252,NULL,NULL,NULL,'PERIPHERAL NERVES AND AUTONOMIC NERVOUS SYSTEM','Tissue_Site_PID'),(253,NULL,NULL,252,'Peripheral nerves and Autonomic nervous system of upper limb and shoulder',NULL),(254,NULL,NULL,252,'Autonomic nervous system, NOS',NULL),(255,NULL,NULL,252,'Overlapping lesion of peripheral nerves and autonomic nervous system',NULL),(256,NULL,NULL,252,'Peripheral nerves and Autonomic nervous system of thorax',NULL),(257,NULL,NULL,252,'Peripheral nerves and Autonomic nervous system of trunk, NOS',NULL),(258,NULL,NULL,252,'Peripheral nerves and Autonomic nervous system of lower limb and hip',NULL),(259,NULL,NULL,252,'Peripheral nerves and Autonomic nervous system of head, face, and neck',NULL),(260,NULL,NULL,252,'Peripheral nerves and Autonomic nervous system of abdomen',NULL),(261,NULL,NULL,252,'Peripheral nerves and Autonomic nervous system of pelvis',NULL),(262,NULL,NULL,NULL,'FEMALE GENITAL ORGANS','Tissue_Site_PID'),(263,NULL,NULL,262,'CORPUS UTERI',NULL),(264,NULL,NULL,263,'Corpus uteri',NULL),(265,NULL,NULL,263,'Overlapping lesion of corpus uteri',NULL),(266,NULL,NULL,263,'Myometrium',NULL),(267,NULL,NULL,263,'Endometrium',NULL),(268,NULL,NULL,263,'Fundus uteri',NULL),(269,NULL,NULL,263,'Isthmus uteri',NULL),(270,NULL,NULL,262,'VULVA',NULL),(271,NULL,NULL,270,'Labium majus',NULL),(272,NULL,NULL,270,'Overlapping lesion of vulva',NULL),(273,NULL,NULL,270,'Labium minus',NULL),(274,NULL,NULL,270,'Clitoris',NULL),(275,NULL,NULL,270,'Vulva, NOS',NULL),(276,NULL,NULL,262,'OVARY',NULL),(277,NULL,NULL,276,'Ovary',NULL),(278,NULL,NULL,262,'UTERUS, NOS',NULL),(279,NULL,NULL,278,'Uterus, NOS',NULL),(280,NULL,NULL,262,'CERVIX UTERI',NULL),(281,NULL,NULL,280,'Exocervix',NULL),(282,NULL,NULL,280,'Endocervix',NULL),(283,NULL,NULL,280,'Cervix uteri',NULL),(284,NULL,NULL,280,'Overlapping lesion of cervix uteri',NULL),(285,NULL,NULL,262,'OTHER AND UNSPECIFIED FEMALE GENITAL ORGANS',NULL),(286,NULL,NULL,285,'Overlapping lesion of female genital organs',NULL),(287,NULL,NULL,285,'Fallopian tube',NULL),(288,NULL,NULL,285,'Broad ligament',NULL),(289,NULL,NULL,285,'Parametrium',NULL),(290,NULL,NULL,285,'Round ligament',NULL),(291,NULL,NULL,285,'Uterine adnexa',NULL),(292,NULL,NULL,285,'Female genital tract, NOS',NULL),(293,NULL,NULL,285,'Other specified parts of female genital organs',NULL),(294,NULL,NULL,262,'VAGINA',NULL),(295,NULL,NULL,294,'Vagina, NOS',NULL),(296,NULL,NULL,262,'PLACENTA',NULL),(297,NULL,NULL,296,'Placenta',NULL),(298,NULL,NULL,NULL,'OTHER AND ILL-DEFINED SITES','Tissue_Site_PID'),(299,NULL,NULL,298,'Overlapping lesion of ill-defined sites',NULL),(300,NULL,NULL,298,'Other ill-defined sites',NULL),(301,NULL,NULL,298,'Lower limb, NOS',NULL),(302,NULL,NULL,298,'Head, face or neck, NOS',NULL),(303,NULL,NULL,298,'Abdomen, NOS',NULL),(304,NULL,NULL,298,'Upper limb, NOS',NULL),(305,NULL,NULL,298,'Pelvis, NOS',NULL),(306,NULL,NULL,298,'Thorax, NOS',NULL),(307,NULL,NULL,NULL,'HEMATOPOIETIC AND RETICULOENDOTHELIAL SYSTEMS','Tissue_Site_PID'),(308,NULL,NULL,307,'Spleen',NULL),(309,NULL,NULL,307,'Bone marrow',NULL),(310,NULL,NULL,307,'Blood',NULL),(311,NULL,NULL,307,'Reticuloendothelial system, NOS',NULL),(312,NULL,NULL,307,'Hematopoietic system, NOS',NULL),(313,NULL,NULL,NULL,'RETROPERITONEUM AND PERITONEUM','Tissue_Site_PID'),(314,NULL,NULL,313,'Specified parts of peritoneum',NULL),(315,NULL,NULL,313,'Retroperitoneum',NULL),(316,NULL,NULL,313,'Peritoneum, NOS',NULL),(317,NULL,NULL,313,'Overlapping lesion of retroperitoneum and peritoneum',NULL),(318,NULL,NULL,NULL,'RESPIRATORY SYSTEM AND INTRATHORACIC ORGANS','Tissue_Site_PID'),(319,NULL,NULL,318,'TRACHEA',NULL),(320,NULL,NULL,319,'Trachea',NULL),(321,NULL,NULL,318,'ACCESSORY SINUSES',NULL),(322,NULL,NULL,321,'Maxillary sinus',NULL),(323,NULL,NULL,321,'Accessory sinus, NOS',NULL),(324,NULL,NULL,321,'Overlapping lesion of accessory sinuses',NULL),(325,NULL,NULL,321,'Frontal sinus',NULL),(326,NULL,NULL,321,'Ethmoid sinus',NULL),(327,NULL,NULL,321,'Sphenoid sinus',NULL),(328,NULL,NULL,318,'LARYNX',NULL),(329,NULL,NULL,328,'Overlapping lesion of larynx',NULL),(330,NULL,NULL,328,'Subglottis',NULL),(331,NULL,NULL,328,'Larynx, NOS',NULL),(332,NULL,NULL,328,'Glottis',NULL),(333,NULL,NULL,328,'Supraglottis',NULL),(334,NULL,NULL,328,'Laryngeal cartilage',NULL),(335,NULL,NULL,318,'NASAL CAVITY AND MIDDLE EAR',NULL),(336,NULL,NULL,335,'Middle ear',NULL),(337,NULL,NULL,335,'Nasal cavity',NULL),(338,NULL,NULL,318,'HEART, MEDIASTINUM, AND PLEURA',NULL),(339,NULL,NULL,338,'Pleura, NOS',NULL),(340,NULL,NULL,338,'Anterior mediastinum',NULL),(341,NULL,NULL,338,'Heart',NULL),(342,NULL,NULL,338,'Posterior mediastinum',NULL),(343,NULL,NULL,338,'Overlapping lesion of heart, mediastinum and pleura',NULL),(344,NULL,NULL,338,'Mediastinum, NOS',NULL),(345,NULL,NULL,318,'BRONCHUS AND LUNG',NULL),(346,NULL,NULL,345,'Lower lobe, lung',NULL),(347,NULL,NULL,345,'Main bronchus',NULL),(348,NULL,NULL,345,'Middle lobe, lung',NULL),(349,NULL,NULL,345,'Upper lobe, lung',NULL),(350,NULL,NULL,345,'Lung, NOS',NULL),(351,NULL,NULL,345,'Overlapping lesion of lung',NULL),(352,NULL,NULL,318,'THYMUS',NULL),(353,NULL,NULL,352,'Thymus',NULL),(354,NULL,NULL,318,'OTHER AND ILL-DEFINED SITES WITHIN RESPIRATORY SYSTEM AND INTRATHORACIC ORGANS',NULL),(355,NULL,NULL,354,'Overlapping lesion of respiratory system and intrathoracic organs',NULL),(356,NULL,NULL,354,'Ill-defined sites within respiratory system',NULL),(357,NULL,NULL,354,'Upper respiratory tract, NOS',NULL),(358,NULL,NULL,NULL,'BONES, JOINTS AND ARTICULAR CARTILAGE','Tissue_Site_PID'),(359,NULL,NULL,358,'BONES, JOINTS AND ARTICULAR CARTILAGE OF LIMBS',NULL),(360,NULL,NULL,359,'Long bones of upper limb, scapula and associated joints',NULL),(361,NULL,NULL,359,'Short bones of upper limb and associated joints',NULL),(362,NULL,NULL,359,'Bone of limb, NOS',NULL),(363,NULL,NULL,359,'Short bones of lower limb and associated joints',NULL),(364,NULL,NULL,359,'Long bones of lower limb and associated joints',NULL),(365,NULL,NULL,359,'Overlapping lesion of bones, joints and articular cartilage of limbs',NULL),(366,NULL,NULL,358,'BONES, JOINTS AND ARTICULAR CARTILAGE OF OTHER AND UNSPECIFIED SITES',NULL),(367,NULL,NULL,366,'Bones of skull and face and associated joints',NULL),(368,NULL,NULL,366,'Pelvic bones, Sacrum, Coccyx and associated joints',NULL),(369,NULL,NULL,366,'Mandible',NULL),(370,NULL,NULL,366,'Rib, Sternum, Clavicle and associated joints',NULL),(371,NULL,NULL,366,'Overlapping lesion of bones, joints and articular cartilage',NULL),(372,NULL,NULL,366,'Bone, NOS',NULL),(373,NULL,NULL,366,'Vertebral column',NULL),(374,NULL,NULL,NULL,'THYROID AND OTHER ENDOCRINE GLANDS','Tissue_Site_PID'),(375,NULL,NULL,374,'OTHER ENDOCRINE GLANDS AND RELATED STRUCTURES',NULL),(376,NULL,NULL,375,'Aortic body and other paraganglia',NULL),(377,NULL,NULL,375,'Pineal gland',NULL),(378,NULL,NULL,375,'Pituitary gland',NULL),(379,NULL,NULL,375,'Endocrine gland, NOS',NULL),(380,NULL,NULL,375,'Parathyroid gland',NULL),(381,NULL,NULL,375,'Craniopharyngeal duct',NULL),(382,NULL,NULL,375,'Overlapping lesion of endocrine glands and related structures',NULL),(383,NULL,NULL,375,'Carotid body',NULL),(384,NULL,NULL,374,'ADRENAL GLAND',NULL),(385,NULL,NULL,384,'Medulla of adrenal gland',NULL),(386,NULL,NULL,384,'Adrenal gland, NOS',NULL),(387,NULL,NULL,384,'Cortex of adrenal gland',NULL),(388,NULL,NULL,374,'THYROID GLAND',NULL),(389,NULL,NULL,388,'Thyroid gland',NULL),(390,NULL,NULL,NULL,'MENINGES','Tissue_Site_PID'),(391,NULL,NULL,390,'Cerebral meninges',NULL),(392,NULL,NULL,390,'Spinal meninges',NULL),(393,NULL,NULL,390,'Meninges, NOS',NULL),(394,NULL,NULL,NULL,'CONNECTIVE, SUBCUTANEOUS AND OTHER SOFT TISSUES','Tissue_Site_PID'),(395,NULL,NULL,394,'Connective, Subcutaneous and other Soft tissues of thorax',NULL),(396,NULL,NULL,394,'Connective, Subcutaneous and other Soft tissues of upper limb and shoulder',NULL),(397,NULL,NULL,394,'Connective, Subcutaneous and other Soft tissues, NOS',NULL),(398,NULL,NULL,394,'Connective, Subcutaneous and other Soft tissues of lower limb and hip',NULL),(399,NULL,NULL,394,'Connective, Subcutaneous and other Soft tissues of trunk, NOS',NULL),(400,NULL,NULL,394,'Connective, Subcutaneous and other Soft tissues of abdomen',NULL),(401,NULL,NULL,394,'Connective, Subcutaneous and other Soft tissues of head, face, and neck',NULL),(402,NULL,NULL,394,'Overlapping lesion of connective, subcutaneous and other soft tissues',NULL),(403,NULL,NULL,394,'Connective, Subcutaneous and other Soft tissues of pelvis',NULL),(404,NULL,NULL,NULL,'BREAST','Tissue_Site_PID'),(405,NULL,NULL,404,'Upper-outer quadrant of breast',NULL),(406,NULL,NULL,404,'Central portion of breast',NULL),(407,NULL,NULL,404,'Axillary tail of breast',NULL),(408,NULL,NULL,404,'Lower-outer quadrant of breast',NULL),(409,NULL,NULL,404,'Breast, NOS',NULL),(410,NULL,NULL,404,'Overlapping lesion of breast',NULL),(411,NULL,NULL,404,'Lower-inner quadrant of breast',NULL),(412,NULL,NULL,404,'Upper-inner quadrant of breast',NULL),(413,NULL,NULL,404,'Nipple',NULL),(414,NULL,NULL,NULL,'LIP, ORAL CAVITY AND PHARYNX','Tissue_Site_PID'),(415,NULL,NULL,414,'OTHER AND ILL-DEFINED SITES IN LIP, ORAL CAVITY AND PHARYNX',NULL),(416,NULL,NULL,415,'Waldeyer\'s ring',NULL),(417,NULL,NULL,415,'Laryngopharynx',NULL),(418,NULL,NULL,415,'Pharynx, NOS',NULL),(419,NULL,NULL,415,'Overlapping lesion of lip, oral cavity and pharynx',NULL),(420,NULL,NULL,414,'TONSIL',NULL),(421,NULL,NULL,420,'Tonsil, NOS',NULL),(422,NULL,NULL,420,'Tonsillar pillar',NULL),(423,NULL,NULL,420,'Overlapping lesion of tonsil',NULL),(424,NULL,NULL,420,'Tonsillar fossa',NULL),(425,NULL,NULL,414,'PYRIFORM SINUS',NULL),(426,NULL,NULL,425,'Pyriform sinus',NULL),(427,NULL,NULL,414,'GUM',NULL),(428,NULL,NULL,427,'Gum, NOS',NULL),(429,NULL,NULL,427,'Upper gum',NULL),(430,NULL,NULL,427,'Lower gum',NULL),(431,NULL,NULL,414,'OTHER AND UNSPECIFIED PARTS OF TONGUE',NULL),(432,NULL,NULL,431,'Dorsal surface of tongue, NOS',NULL),(433,NULL,NULL,431,'Ventral surface of tongue, NOS',NULL),(434,NULL,NULL,431,'Overlapping lesion of tongue',NULL),(435,NULL,NULL,431,'Tongue, NOS',NULL),(436,NULL,NULL,431,'Border of tongue',NULL),(437,NULL,NULL,431,'Lingual tonsil',NULL),(438,NULL,NULL,431,'Anterior 2/3 of tongue, NOS',NULL),(439,NULL,NULL,414,'PALATE',NULL),(440,NULL,NULL,439,'Palate, NOS',NULL),(441,NULL,NULL,439,'Overlapping lesion of palate',NULL),(442,NULL,NULL,439,'Soft palate, NOS',NULL),(443,NULL,NULL,439,'Uvula',NULL),(444,NULL,NULL,439,'Hard palate',NULL),(445,NULL,NULL,414,'OTHER AND UNSPECIFIED MAJOR SALIVARY GLANDS',NULL),(446,NULL,NULL,445,'Submandibular gland',NULL),(447,NULL,NULL,445,'Overlapping lesion of major salivary glands',NULL),(448,NULL,NULL,445,'Major salivary gland, NOS',NULL),(449,NULL,NULL,445,'Sublingual gland',NULL),(450,NULL,NULL,414,'HYPOPHARYNX',NULL),(451,NULL,NULL,450,'Overlapping lesion of hypopharynx',NULL),(452,NULL,NULL,450,'Posterior wall of hypopharynx',NULL),(453,NULL,NULL,450,'Hypopharynx, NOS',NULL),(454,NULL,NULL,450,'Postcricoid region',NULL),(455,NULL,NULL,450,'Hypopharyngeal aspect of aryepiglottic fold',NULL),(456,NULL,NULL,414,'OROPHARYNX',NULL),(457,NULL,NULL,456,'Overlapping lesion of oropharynx',NULL),(458,NULL,NULL,456,'Branchial cleft',NULL),(459,NULL,NULL,456,'Posterior wall of oropharynx',NULL),(460,NULL,NULL,456,'Anterior surface of epiglottis',NULL),(461,NULL,NULL,456,'Oropharynx, NOS',NULL),(462,NULL,NULL,456,'Vallecula',NULL),(463,NULL,NULL,456,'Lateral wall of oropharynx',NULL),(464,NULL,NULL,414,'LIP',NULL),(465,NULL,NULL,464,'Lip, NOS',NULL),(466,NULL,NULL,464,'Mucosa of upper lip',NULL),(467,NULL,NULL,464,'Mucosa of lower lip',NULL),(468,NULL,NULL,464,'Commissure of lip',NULL),(469,NULL,NULL,464,'External upper lip',NULL),(470,NULL,NULL,464,'Mucosa of lip, NOS',NULL),(471,NULL,NULL,464,'Overlapping lesion of lip',NULL),(472,NULL,NULL,464,'External lip, NOS',NULL),(473,NULL,NULL,464,'External lower lip',NULL),(474,NULL,NULL,414,'PAROTID GLAND',NULL),(475,NULL,NULL,474,'Parotid gland',NULL),(476,NULL,NULL,414,'BASE OF TONGUE',NULL),(477,NULL,NULL,476,'Base of tongue, NOS',NULL),(478,NULL,NULL,414,'FLOOR OF MOUTH',NULL),(479,NULL,NULL,478,'Lateral floor of mouth',NULL),(480,NULL,NULL,478,'Anterior floor of mouth',NULL),(481,NULL,NULL,478,'Overlapping lesion of floor of mouth',NULL),(482,NULL,NULL,478,'Floor of mouth, NOS',NULL),(483,NULL,NULL,414,'NASOPHARYNX',NULL),(484,NULL,NULL,483,'Posterior wall of nasopharynx',NULL),(485,NULL,NULL,483,'Superior wall of nasopharynx',NULL),(486,NULL,NULL,483,'Nasopharynx, NOS',NULL),(487,NULL,NULL,483,'Lateral wall of nasopharynx',NULL),(488,NULL,NULL,483,'Overlapping lesion of nasopharynx',NULL),(489,NULL,NULL,483,'Anterior wall of nasopharynx',NULL),(490,NULL,NULL,414,'OTHER AND UNSPECIFIED PARTS OF MOUTH',NULL),(491,NULL,NULL,490,'Vestibule of mouth',NULL),(492,NULL,NULL,490,'Retromolar area',NULL),(493,NULL,NULL,490,'Cheek mucosa',NULL),(494,NULL,NULL,490,'Mouth, NOS',NULL),(495,NULL,NULL,490,'Overlapping lesion of other and unspecified parts of mouth',NULL),(496,NULL,NULL,NULL,'LYMPH NODES','Tissue_Site_PID'),(497,NULL,NULL,496,'Lymph nodes of head, face and neck',NULL),(498,NULL,NULL,496,'Lymph nodes of axilla or arm',NULL),(499,NULL,NULL,496,'Intrathoracic lymph nodes',NULL),(500,NULL,NULL,496,'Lymph nodes of inguinal region or leg',NULL),(501,NULL,NULL,496,'Pelvic lymph nodes',NULL),(502,NULL,NULL,496,'Lymph node, NOS',NULL),(503,NULL,NULL,496,'Lymph nodes of multiple regions',NULL),(504,NULL,NULL,496,'Intra-abdominal lymph nodes',NULL),(505,NULL,NULL,NULL,'URINARY TRACT','Tissue_Site_PID'),(506,NULL,NULL,505,'URETER',NULL),(507,NULL,NULL,506,'Ureter',NULL),(508,NULL,NULL,505,'RENAL PELVIS',NULL),(509,NULL,NULL,508,'Renal pelvis',NULL),(510,NULL,NULL,505,'KIDNEY',NULL),(511,NULL,NULL,510,'Kidney, NOS',NULL),(512,NULL,NULL,505,'OTHER AND UNSPECIFIED URINARY ORGANS',NULL),(513,NULL,NULL,512,'Urinary system, NOS',NULL),(514,NULL,NULL,512,'Overlapping lesion of urinary organs',NULL),(515,NULL,NULL,512,'Paraurethral gland',NULL),(516,NULL,NULL,512,'Urethra',NULL),(517,NULL,NULL,505,'BLADDER',NULL),(518,NULL,NULL,517,'Lateral wall of bladder',NULL),(519,NULL,NULL,517,'Bladder, NOS',NULL),(520,NULL,NULL,517,'Dome of bladder',NULL),(521,NULL,NULL,517,'Anterior wall of bladder',NULL),(522,NULL,NULL,517,'Ureteric orifice',NULL),(523,NULL,NULL,517,'Posterior wall of bladder',NULL),(524,NULL,NULL,517,'Overlapping lesion of bladder',NULL),(525,NULL,NULL,517,'Bladder neck',NULL),(526,NULL,NULL,517,'Trigone of bladder',NULL),(527,NULL,NULL,517,'Urachus',NULL),(528,NULL,NULL,NULL,'BRAIN','Tissue_Site_PID'),(529,NULL,NULL,528,'Brain, NOS',NULL),(530,NULL,NULL,528,'Brain stem',NULL),(531,NULL,NULL,528,'Occipital lobe',NULL),(532,NULL,NULL,528,'Cerebrum',NULL),(533,NULL,NULL,528,'Parietal lobe',NULL),(534,NULL,NULL,528,'Cerebellum, NOS',NULL),(535,NULL,NULL,528,'Ventricle, NOS',NULL),(536,NULL,NULL,528,'Frontal lobe',NULL),(537,NULL,NULL,528,'Overlapping lesion of brain',NULL),(538,NULL,NULL,528,'Temporal lobe',NULL),(539,NULL,NULL,NULL,'SPINAL CORD, CRANIAL NERVES, AND OTHER PARTS OF CENTRAL NERVOUS SYSTEM','Tissue_Site_PID'),(540,NULL,NULL,539,'Nervous system, NOS',NULL),(541,NULL,NULL,539,'Acoustic nerve',NULL),(542,NULL,NULL,539,'Cranial nerve, NOS',NULL),(543,NULL,NULL,539,'Cauda equina',NULL),(544,NULL,NULL,539,'Spinal cord',NULL),(545,NULL,NULL,539,'Optic nerve',NULL),(546,NULL,NULL,539,'Olfactory nerve',NULL),(547,NULL,NULL,539,'Overlapping lesion of brain and central nervous system',NULL),(548,NULL,NULL,NULL,'EYE, BRAIN AND OTHER PARTS OF CENTRAL NERVOUS SYSTEM','Tissue_Site_PID'),(549,NULL,NULL,548,'Conjunctiva',NULL),(550,NULL,NULL,548,'Eye, NOS',NULL),(551,NULL,NULL,548,'Overlapping lesion of eye and adnexa',NULL),(552,NULL,NULL,548,'Choroid',NULL),(553,NULL,NULL,548,'Retina',NULL),(554,NULL,NULL,548,'Cornea, NOS',NULL),(555,NULL,NULL,548,'Ciliary body',NULL),(556,NULL,NULL,548,'Lacrimal gland',NULL),(557,NULL,NULL,548,'EYE AND ADNEXA',NULL),(558,NULL,NULL,548,'Orbit, NOS',NULL),(559,NULL,NULL,NULL,'Not Hispanic or Latino','Ethnicity_PID'),(560,NULL,NULL,NULL,'Hispanic or Latino','Ethnicity_PID'),(561,NULL,NULL,560,'Latin American',NULL),(562,NULL,NULL,560,'Mexican',NULL),(563,NULL,NULL,562,'La Raza',NULL),(564,NULL,NULL,562,'Mexican American',NULL),(565,NULL,NULL,562,'Chicano',NULL),(566,NULL,NULL,562,'Mexican American Indian',NULL),(567,NULL,NULL,562,'Mexicano',NULL),(568,NULL,NULL,560,'Cuban',NULL),(569,NULL,NULL,560,'Puerto Rican',NULL),(570,NULL,NULL,560,'South American',NULL),(571,NULL,NULL,570,'Chilean',NULL),(572,NULL,NULL,570,'Peruvian',NULL),(573,NULL,NULL,570,'Uruguayan',NULL),(574,NULL,NULL,570,'Bolivian',NULL),(575,NULL,NULL,570,'Paraguayan',NULL),(576,NULL,NULL,570,'Argentinean',NULL),(577,NULL,NULL,570,'South American Indian',NULL),(578,NULL,NULL,570,'Venezuelan',NULL),(579,NULL,NULL,570,'Colombian',NULL),(580,NULL,NULL,570,'Criollo',NULL),(581,NULL,NULL,570,'Ecuadorian',NULL),(582,NULL,NULL,560,'Spaniard',NULL),(583,NULL,NULL,582,'Spanish Basque',NULL),(584,NULL,NULL,582,'Gallego',NULL),(585,NULL,NULL,582,'Castillian',NULL),(586,NULL,NULL,582,'Valencian',NULL),(587,NULL,NULL,582,'Belearic Islander',NULL),(588,NULL,NULL,582,'Canarian',NULL),(589,NULL,NULL,582,'Andalusian',NULL),(590,NULL,NULL,582,'Catalonian',NULL),(591,NULL,NULL,582,'Asturian',NULL),(592,NULL,NULL,560,'Central American',NULL),(593,NULL,NULL,592,'Honduran',NULL),(594,NULL,NULL,592,'Panamanian',NULL),(595,NULL,NULL,592,'Salvadoran',NULL),(596,NULL,NULL,592,'Costa Rican',NULL),(597,NULL,NULL,592,'Nicaraguan',NULL),(598,NULL,NULL,592,'Canal Zone',NULL),(599,NULL,NULL,592,'Central American Indian',NULL),(600,NULL,NULL,592,'Guatemalan',NULL),(601,NULL,NULL,560,'Dominican',NULL),(602,NULL,NULL,NULL,'Black or African American','Race_PID'),(603,NULL,NULL,602,'Black',NULL),(604,NULL,NULL,602,'African',NULL),(605,NULL,NULL,604,'Nigerian',NULL),(606,NULL,NULL,604,'Ethiopian',NULL),(607,NULL,NULL,604,'Namibian',NULL),(608,NULL,NULL,604,'Botswanan',NULL),(609,NULL,NULL,604,'Liberian',NULL),(610,NULL,NULL,604,'Zairean',NULL),(611,NULL,NULL,602,'Jamaican',NULL),(612,NULL,NULL,602,'Tobagoan',NULL),(613,NULL,NULL,602,'Barbadian',NULL),(614,NULL,NULL,602,'Bahamian',NULL),(615,NULL,NULL,602,'African American',NULL),(616,NULL,NULL,602,'Dominican',NULL),(617,NULL,NULL,602,'West Indian',NULL),(618,NULL,NULL,602,'Dominica Islander',NULL),(619,NULL,NULL,602,'Haitian',NULL),(620,NULL,NULL,602,'Trinidadian',NULL),(621,NULL,NULL,NULL,'Other Race','Race_PID'),(622,NULL,NULL,NULL,'Asian','Race_PID'),(623,NULL,NULL,622,'Madagascar',NULL),(624,NULL,NULL,622,'Pakistani',NULL),(625,NULL,NULL,622,'Laotian',NULL),(626,NULL,NULL,622,'Vietnamese',NULL),(627,NULL,NULL,622,'Thai',NULL),(628,NULL,NULL,622,'Okinawan',NULL),(629,NULL,NULL,622,'Taiwanese',NULL),(630,NULL,NULL,622,'Filipino',NULL),(631,NULL,NULL,622,'Japanese',NULL),(632,NULL,NULL,622,'Maldivian',NULL),(633,NULL,NULL,622,'Sri Lankan',NULL),(634,NULL,NULL,622,'Indonesian',NULL),(635,NULL,NULL,622,'Nepalese',NULL),(636,NULL,NULL,622,'Iwo Jiman',NULL),(637,NULL,NULL,622,'Singaporean',NULL),(638,NULL,NULL,622,'Asian Indian',NULL),(639,NULL,NULL,622,'Bangladeshi',NULL),(640,NULL,NULL,622,'Hmong',NULL),(641,NULL,NULL,622,'Cambodian',NULL),(642,NULL,NULL,622,'Korean',NULL),(643,NULL,NULL,622,'Malaysian',NULL),(644,NULL,NULL,622,'Chinese',NULL),(645,NULL,NULL,622,'Bhutanese',NULL),(646,NULL,NULL,622,'Burmese',NULL),(647,NULL,NULL,NULL,'American Indian or Alaska Native','Race_PID'),(648,NULL,NULL,647,'Alaska Native',NULL),(649,NULL,NULL,648,'Eskimo',NULL),(650,NULL,NULL,649,'Greenland Eskimo',NULL),(651,NULL,NULL,649,'Siberian Eskimo',NULL),(652,NULL,NULL,651,'Gambell',NULL),(653,NULL,NULL,651,'Savoonga',NULL),(654,NULL,NULL,651,'Siberian Yupik',NULL),(655,NULL,NULL,649,'Yupik Eskimo',NULL),(656,NULL,NULL,655,'Aleknagik',NULL),(657,NULL,NULL,655,'Georgetown',NULL),(658,NULL,NULL,655,'Red Devil',NULL),(659,NULL,NULL,655,'Ekwok',NULL),(660,NULL,NULL,655,'Togiak',NULL),(661,NULL,NULL,655,'Iqurmuit (Russian Mission)',NULL),(662,NULL,NULL,655,'Stebbins',NULL),(663,NULL,NULL,655,'Atmautluak',NULL),(664,NULL,NULL,655,'Pilot Station',NULL),(665,NULL,NULL,655,'Chuathbaluk',NULL),(666,NULL,NULL,655,'Manokotak',NULL),(667,NULL,NULL,655,'Kipnuk',NULL),(668,NULL,NULL,655,'Sleetmute',NULL),(669,NULL,NULL,655,'Oscarville',NULL),(670,NULL,NULL,655,'Hooper Bay',NULL),(671,NULL,NULL,655,'Emmonak',NULL),(672,NULL,NULL,655,'New Stuyahok',NULL),(673,NULL,NULL,655,'Dillingham',NULL),(674,NULL,NULL,655,'Kongiganak',NULL),(675,NULL,NULL,655,'Mountain Village',NULL),(676,NULL,NULL,655,'Bethel',NULL),(677,NULL,NULL,655,'Chefornak',NULL),(678,NULL,NULL,655,'Alakanuk',NULL),(679,NULL,NULL,655,'Tuntutuliak',NULL),(680,NULL,NULL,655,'Kalskag',NULL),(681,NULL,NULL,655,'Calista Yupik',NULL),(682,NULL,NULL,655,'Kasigluk',NULL),(683,NULL,NULL,655,'Aniak',NULL),(684,NULL,NULL,655,'Akiak',NULL),(685,NULL,NULL,655,'Chevak',NULL),(686,NULL,NULL,655,'Goodnews Bay',NULL),(687,NULL,NULL,655,'Akiachak',NULL),(688,NULL,NULL,655,'Napakiak',NULL),(689,NULL,NULL,655,'Kwigillingok',NULL),(690,NULL,NULL,655,'St. Mary\'s',NULL),(691,NULL,NULL,655,'Newtok',NULL),(692,NULL,NULL,655,'Quinhagak',NULL),(693,NULL,NULL,655,'Crooked Creek',NULL),(694,NULL,NULL,655,'Pitkas Point',NULL),(695,NULL,NULL,655,'Andreafsky',NULL),(696,NULL,NULL,655,'Bill Moore\'s Slough',NULL),(697,NULL,NULL,655,'Platinum',NULL),(698,NULL,NULL,655,'Bristol Bay Yupik',NULL),(699,NULL,NULL,655,'Naknek',NULL),(700,NULL,NULL,655,'Napaumute',NULL),(701,NULL,NULL,655,'Kotlik',NULL),(702,NULL,NULL,655,'Tulukskak',NULL),(703,NULL,NULL,655,'Portage Creek',NULL),(704,NULL,NULL,655,'Newhalen',NULL),(705,NULL,NULL,655,'Scammon Bay',NULL),(706,NULL,NULL,655,'Koliganek',NULL),(707,NULL,NULL,655,'Nightmute',NULL),(708,NULL,NULL,655,'Kwethluk',NULL),(709,NULL,NULL,655,'Toksook',NULL),(710,NULL,NULL,655,'Tununak',NULL),(711,NULL,NULL,655,'Mekoryuk',NULL),(712,NULL,NULL,655,'Nunapitchukv',NULL),(713,NULL,NULL,655,'Ekuk',NULL),(714,NULL,NULL,655,'Levelock',NULL),(715,NULL,NULL,655,'Eek',NULL),(716,NULL,NULL,655,'Marshall',NULL),(717,NULL,NULL,655,'Umkumiate',NULL),(718,NULL,NULL,655,'Twin Hills',NULL),(719,NULL,NULL,655,'Sheldon\'s Point',NULL),(720,NULL,NULL,655,'Clark\'s Point',NULL),(721,NULL,NULL,655,'Lower Kalskag',NULL),(722,NULL,NULL,655,'St. Michael',NULL),(723,NULL,NULL,655,'Napaskiak',NULL),(724,NULL,NULL,649,'Inupiat Eskimo',NULL),(725,NULL,NULL,724,'Koyuk',NULL),(726,NULL,NULL,724,'White Mountain',NULL),(727,NULL,NULL,724,'Barrow',NULL),(728,NULL,NULL,724,'Kobuk',NULL),(729,NULL,NULL,724,'Wainwright',NULL),(730,NULL,NULL,724,'Unalakleet',NULL),(731,NULL,NULL,724,'Selawik',NULL),(732,NULL,NULL,724,'Solomon',NULL),(733,NULL,NULL,724,'Brevig Mission',NULL),(734,NULL,NULL,724,'Kotzebue',NULL),(735,NULL,NULL,724,'Ambler',NULL),(736,NULL,NULL,724,'Point Lay',NULL),(737,NULL,NULL,724,'Shishmaref',NULL),(738,NULL,NULL,724,'Kaktovik',NULL),(739,NULL,NULL,724,'Nome',NULL),(740,NULL,NULL,724,'Arctic Slope Corporation',NULL),(741,NULL,NULL,724,'Noorvik',NULL),(742,NULL,NULL,724,'Kawerak',NULL),(743,NULL,NULL,724,'Anaktuvuk',NULL),(744,NULL,NULL,724,'Inalik Diomede',NULL),(745,NULL,NULL,724,'Teller',NULL),(746,NULL,NULL,724,'Shungnak',NULL),(747,NULL,NULL,724,'Mauneluk Inupiat',NULL),(748,NULL,NULL,724,'Council',NULL),(749,NULL,NULL,724,'Kiana',NULL),(750,NULL,NULL,724,'Mary\'s Igloo',NULL),(751,NULL,NULL,724,'Buckland',NULL),(752,NULL,NULL,724,'Nuiqsut',NULL),(753,NULL,NULL,724,'Nana Inupiat',NULL),(754,NULL,NULL,724,'Shaktoolik',NULL),(755,NULL,NULL,724,'Wales',NULL),(756,NULL,NULL,724,'Noatak',NULL),(757,NULL,NULL,724,'Point Hope',NULL),(758,NULL,NULL,724,'Elim',NULL),(759,NULL,NULL,724,'Anaktuvuk Pass',NULL),(760,NULL,NULL,724,'Arctic Slope Inupiat',NULL),(761,NULL,NULL,724,'White Mountain Inupiat',NULL),(762,NULL,NULL,724,'Deering',NULL),(763,NULL,NULL,724,'Inupiaq',NULL),(764,NULL,NULL,724,'Bering Straits Inupiat',NULL),(765,NULL,NULL,724,'Chinik',NULL),(766,NULL,NULL,724,'Atqasuk',NULL),(767,NULL,NULL,724,'Golovin',NULL),(768,NULL,NULL,724,'Kwiguk',NULL),(769,NULL,NULL,724,'Kivalina',NULL),(770,NULL,NULL,648,'Aleut',NULL),(771,NULL,NULL,770,'Sugpiaq',NULL),(772,NULL,NULL,770,'Chugach Aleut',NULL),(773,NULL,NULL,772,'English Bay',NULL),(774,NULL,NULL,772,'Chenega',NULL),(775,NULL,NULL,772,'Port Graham',NULL),(776,NULL,NULL,772,'Chugach Corporation',NULL),(777,NULL,NULL,770,'Bristol Bay Aleut',NULL),(778,NULL,NULL,777,'Pilot Point',NULL),(779,NULL,NULL,777,'Perryville',NULL),(780,NULL,NULL,777,'Port Heiden',NULL),(781,NULL,NULL,777,'Kokhanok',NULL),(782,NULL,NULL,777,'King Salmon',NULL),(783,NULL,NULL,777,'Chignik',NULL),(784,NULL,NULL,777,'Igiugig',NULL),(785,NULL,NULL,777,'Chignik Lake',NULL),(786,NULL,NULL,777,'Ivanof Bay',NULL),(787,NULL,NULL,777,'Egegik',NULL),(788,NULL,NULL,770,'Alutiiq Aleut',NULL),(789,NULL,NULL,788,'Tatitlek',NULL),(790,NULL,NULL,788,'Ugashik',NULL),(791,NULL,NULL,770,'Suqpigaq',NULL),(792,NULL,NULL,770,'Eyak',NULL),(793,NULL,NULL,770,'Unangan Aleut',NULL),(794,NULL,NULL,793,'Chignik Lagoon',NULL),(795,NULL,NULL,793,'King Cove',NULL),(796,NULL,NULL,793,'Nikolski',NULL),(797,NULL,NULL,793,'Aleut Corporation',NULL),(798,NULL,NULL,793,'Pauloff Harbor',NULL),(799,NULL,NULL,793,'Qagan Toyagungin',NULL),(800,NULL,NULL,793,'Aleutian',NULL),(801,NULL,NULL,793,'False Pass',NULL),(802,NULL,NULL,793,'Unalaska',NULL),(803,NULL,NULL,793,'Akutan',NULL),(804,NULL,NULL,793,'Belkofski',NULL),(805,NULL,NULL,793,'Qawalangin',NULL),(806,NULL,NULL,793,'Aleutian Islander',NULL),(807,NULL,NULL,793,'Unga',NULL),(808,NULL,NULL,793,'Atka',NULL),(809,NULL,NULL,793,'Nelson Lagoon',NULL),(810,NULL,NULL,793,'St. Paul',NULL),(811,NULL,NULL,793,'Sand Point',NULL),(812,NULL,NULL,793,'South Naknek',NULL),(813,NULL,NULL,793,'St. George',NULL),(814,NULL,NULL,770,'Koniag Aleut',NULL),(815,NULL,NULL,814,'Karluk',NULL),(816,NULL,NULL,814,'Port Lions',NULL),(817,NULL,NULL,814,'Akhiok',NULL),(818,NULL,NULL,814,'Old Harbor',NULL),(819,NULL,NULL,814,'Kodiak',NULL),(820,NULL,NULL,814,'Ouzinkie',NULL),(821,NULL,NULL,814,'Larsen Bay',NULL),(822,NULL,NULL,814,'Agdaagux',NULL),(823,NULL,NULL,648,'Alaska Indian',NULL),(824,NULL,NULL,823,'Southeast Alaska',NULL),(825,NULL,NULL,824,'Tsimshian',NULL),(826,NULL,NULL,825,'Metlakatla',NULL),(827,NULL,NULL,824,'Tlingit-Haida',NULL),(828,NULL,NULL,827,'Petersburg',NULL),(829,NULL,NULL,827,'Hoonah',NULL),(830,NULL,NULL,827,'Kake',NULL),(831,NULL,NULL,827,'Kenaitze',NULL),(832,NULL,NULL,827,'Wrangell',NULL),(833,NULL,NULL,827,'Tenakee Springs',NULL),(834,NULL,NULL,827,'Yakutat',NULL),(835,NULL,NULL,827,'Haida',NULL),(836,NULL,NULL,827,'Ketchikan',NULL),(837,NULL,NULL,827,'Angoon',NULL),(838,NULL,NULL,827,'Saxman',NULL),(839,NULL,NULL,827,'Douglas',NULL),(840,NULL,NULL,827,'Chilkoot',NULL),(841,NULL,NULL,827,'Pelican',NULL),(842,NULL,NULL,827,'Hydaburg',NULL),(843,NULL,NULL,827,'Sitka',NULL),(844,NULL,NULL,827,'Craig',NULL),(845,NULL,NULL,827,'Tlingit',NULL),(846,NULL,NULL,827,'Chilkat',NULL),(847,NULL,NULL,827,'Kasaan',NULL),(848,NULL,NULL,827,'Central Council of Tlingit and Haida Tribes',NULL),(849,NULL,NULL,827,'Klawock',NULL),(850,NULL,NULL,823,'Alaskan Athabascan',NULL),(851,NULL,NULL,850,'Cantwell',NULL),(852,NULL,NULL,850,'Huslia',NULL),(853,NULL,NULL,850,'Kluti Kaah',NULL),(854,NULL,NULL,850,'Shageluk',NULL),(855,NULL,NULL,850,'Stevens',NULL),(856,NULL,NULL,850,'Grayling',NULL),(857,NULL,NULL,850,'Northway',NULL),(858,NULL,NULL,850,'Arctic',NULL),(859,NULL,NULL,850,'Chalkyitsik',NULL),(860,NULL,NULL,850,'Tanana Chiefs',NULL),(861,NULL,NULL,850,'Slana',NULL),(862,NULL,NULL,850,'Fort Yukon',NULL),(863,NULL,NULL,850,'Birch Creek',NULL),(864,NULL,NULL,850,'Tetlin',NULL),(865,NULL,NULL,850,'Tanaina',NULL),(866,NULL,NULL,850,'Copper Center',NULL),(867,NULL,NULL,850,'Venetie',NULL),(868,NULL,NULL,850,'Takotna',NULL),(869,NULL,NULL,850,'Eklutna',NULL),(870,NULL,NULL,850,'Gulkana',NULL),(871,NULL,NULL,850,'Koyukuk',NULL),(872,NULL,NULL,850,'Circle',NULL),(873,NULL,NULL,850,'Seldovia',NULL),(874,NULL,NULL,850,'Alatna',NULL),(875,NULL,NULL,850,'Mcgrath',NULL),(876,NULL,NULL,850,'Cook Inlet',NULL),(877,NULL,NULL,850,'Gakona',NULL),(878,NULL,NULL,850,'Iliamna',NULL),(879,NULL,NULL,850,'Healy Lake',NULL),(880,NULL,NULL,850,'Minto',NULL),(881,NULL,NULL,850,'Doyon',NULL),(882,NULL,NULL,850,'Eagle',NULL),(883,NULL,NULL,850,'Mentasta Lake',NULL),(884,NULL,NULL,850,'Knik',NULL),(885,NULL,NULL,850,'Ninilchik',NULL),(886,NULL,NULL,850,'Wiseman',NULL),(887,NULL,NULL,850,'Galena',NULL),(888,NULL,NULL,850,'Copper River',NULL),(889,NULL,NULL,850,'Beaver',NULL),(890,NULL,NULL,850,'Rampart',NULL),(891,NULL,NULL,850,'Salamatof',NULL),(892,NULL,NULL,850,'Stony River',NULL),(893,NULL,NULL,850,'Tanana',NULL),(894,NULL,NULL,850,'Hughes',NULL),(895,NULL,NULL,850,'Tanacross',NULL),(896,NULL,NULL,850,'Chistochina',NULL),(897,NULL,NULL,850,'Lime',NULL),(898,NULL,NULL,850,'Nenana',NULL),(899,NULL,NULL,850,'Alanvik',NULL),(900,NULL,NULL,850,'Nulato',NULL),(901,NULL,NULL,850,'Anvik',NULL),(902,NULL,NULL,850,'Tazlina',NULL),(903,NULL,NULL,850,'Allakaket',NULL),(904,NULL,NULL,850,'Ruby',NULL),(905,NULL,NULL,850,'Chickaloon',NULL),(906,NULL,NULL,850,'Ahtna',NULL),(907,NULL,NULL,850,'Alexander',NULL),(908,NULL,NULL,850,'Tok',NULL),(909,NULL,NULL,850,'Evansville',NULL),(910,NULL,NULL,850,'Lake Minchumina',NULL),(911,NULL,NULL,850,'Kaltag',NULL),(912,NULL,NULL,850,'Telida',NULL),(913,NULL,NULL,850,'Manley Hot Springs',NULL),(914,NULL,NULL,850,'Chitina',NULL),(915,NULL,NULL,850,'Nikolai',NULL),(916,NULL,NULL,850,'Nondalton',NULL),(917,NULL,NULL,850,'Tyonek',NULL),(918,NULL,NULL,850,'Pedro Bay',NULL),(919,NULL,NULL,850,'Dot Lake',NULL),(920,NULL,NULL,850,'Holy Cross',NULL),(921,NULL,NULL,647,'American Indian',NULL),(922,NULL,NULL,921,'Chickasaw',NULL),(923,NULL,NULL,921,'Pamunkey',NULL),(924,NULL,NULL,921,'Reno-Sparks',NULL),(925,NULL,NULL,921,'Navajo',NULL),(926,NULL,NULL,925,'Alamo Navajo',NULL),(927,NULL,NULL,925,'Canoncito Navajo',NULL),(928,NULL,NULL,925,'Ramah Navajo',NULL),(929,NULL,NULL,921,'Klallam',NULL),(930,NULL,NULL,929,'Port Gamble Klallam',NULL),(931,NULL,NULL,929,'Lower Elwha',NULL),(932,NULL,NULL,929,'Jamestown',NULL),(933,NULL,NULL,921,'Yaqui',NULL),(934,NULL,NULL,933,'Barrio Libre',NULL),(935,NULL,NULL,933,'Pascua Yaqui',NULL),(936,NULL,NULL,921,'Juaneno',NULL),(937,NULL,NULL,921,'Wascopum',NULL),(938,NULL,NULL,921,'Colorado River',NULL),(939,NULL,NULL,921,'Cheyenne',NULL),(940,NULL,NULL,939,'Southern Cheyenne',NULL),(941,NULL,NULL,939,'Northern Cheyenne',NULL),(942,NULL,NULL,921,'Scott Valley',NULL),(943,NULL,NULL,921,'Chippewa',NULL),(944,NULL,NULL,943,'Fond du Lac',NULL),(945,NULL,NULL,943,'Mille Lacs',NULL),(946,NULL,NULL,943,'Little Shell Chippewa',NULL),(947,NULL,NULL,943,'Minnesota Chippewa',NULL),(948,NULL,NULL,943,'Lac Vieux Desert Chippewa',NULL),(949,NULL,NULL,943,'White Earth',NULL),(950,NULL,NULL,943,'Grand Portage',NULL),(951,NULL,NULL,943,'Sault Ste. Marie Chippewa',NULL),(952,NULL,NULL,943,'Leech Lake',NULL),(953,NULL,NULL,943,'Lac du Flambeau',NULL),(954,NULL,NULL,943,'Burt Lake Chippewa',NULL),(955,NULL,NULL,943,'Saginaw Chippewa',NULL),(956,NULL,NULL,943,'Lake Superior',NULL),(957,NULL,NULL,943,'Ontonagon',NULL),(958,NULL,NULL,943,'St. Croix Chippewa',NULL),(959,NULL,NULL,943,'Turtle Mountain',NULL),(960,NULL,NULL,943,'Bad River',NULL),(961,NULL,NULL,943,'Grand Traverse Band of Ottawa/Chippewa',NULL),(962,NULL,NULL,943,'Bois Forte',NULL),(963,NULL,NULL,943,'Lac Courte Oreilles',NULL),(964,NULL,NULL,943,'Sokoagon Chippewa',NULL),(965,NULL,NULL,943,'Red Cliff Chippewa',NULL),(966,NULL,NULL,943,'Keweenaw',NULL),(967,NULL,NULL,943,'Bay Mills Chippewa',NULL),(968,NULL,NULL,943,'Red Lake Chippewa',NULL),(969,NULL,NULL,921,'Mattaponi',NULL),(970,NULL,NULL,921,'Stockbridge',NULL),(971,NULL,NULL,921,'Puget Sound Salish',NULL),(972,NULL,NULL,971,'Kikiallus',NULL),(973,NULL,NULL,971,'Nisqually',NULL),(974,NULL,NULL,971,'Snoqualmie',NULL),(975,NULL,NULL,971,'Tulalip',NULL),(976,NULL,NULL,971,'Suquamish',NULL),(977,NULL,NULL,971,'Lower Skagit',NULL),(978,NULL,NULL,971,'Duwamish',NULL),(979,NULL,NULL,971,'Skykomish',NULL),(980,NULL,NULL,971,'Stillaguamish',NULL),(981,NULL,NULL,971,'Port Madison',NULL),(982,NULL,NULL,971,'Swinomish',NULL),(983,NULL,NULL,971,'Upper Skagit',NULL),(984,NULL,NULL,971,'Squaxin Island',NULL),(985,NULL,NULL,971,'Muckleshoot',NULL),(986,NULL,NULL,971,'Samish',NULL),(987,NULL,NULL,971,'Sauk-Suiattle',NULL),(988,NULL,NULL,971,'Steilacoom',NULL),(989,NULL,NULL,971,'Skokomish',NULL),(990,NULL,NULL,971,'Snohomish',NULL),(991,NULL,NULL,971,'Nooksack',NULL),(992,NULL,NULL,971,'Puyallup',NULL),(993,NULL,NULL,921,'Cowlitz',NULL),(994,NULL,NULL,921,'Gros Ventres',NULL),(995,NULL,NULL,994,'Atsina',NULL),(996,NULL,NULL,921,'Round Valley',NULL),(997,NULL,NULL,921,'Sioux',NULL),(998,NULL,NULL,997,'Two Kettle Sioux',NULL),(999,NULL,NULL,997,'Upper Sioux',NULL),(1000,NULL,NULL,997,'Flandreau Santee',NULL),(1001,NULL,NULL,997,'Blackfoot Sioux',NULL),(1002,NULL,NULL,997,'Sans Arc Sioux',NULL),(1003,NULL,NULL,997,'Cheyenne River Sioux',NULL),(1004,NULL,NULL,997,'Pipestone Sioux',NULL),(1005,NULL,NULL,997,'Yankton Sioux',NULL),(1006,NULL,NULL,997,'Standing Rock Sioux',NULL),(1007,NULL,NULL,997,'Santee Sioux',NULL),(1008,NULL,NULL,997,'Wazhaza Sioux',NULL),(1009,NULL,NULL,997,'Lake Traverse Sioux',NULL),(1010,NULL,NULL,997,'Brule Sioux',NULL),(1011,NULL,NULL,997,'Sisseton-Wahpeton',NULL),(1012,NULL,NULL,997,'Dakota Sioux',NULL),(1013,NULL,NULL,997,'Wahpeton Sioux',NULL),(1014,NULL,NULL,997,'Mdewakanton Sioux',NULL),(1015,NULL,NULL,997,'Rosebud Sioux',NULL),(1016,NULL,NULL,997,'Prairie Island Sioux',NULL),(1017,NULL,NULL,997,'Lower Brule Sioux',NULL),(1018,NULL,NULL,997,'Wahpekute Sioux',NULL),(1019,NULL,NULL,997,'Yanktonai Sioux',NULL),(1020,NULL,NULL,997,'Spirit Lake Sioux',NULL),(1021,NULL,NULL,997,'Prior Lake Sioux',NULL),(1022,NULL,NULL,997,'Pine Ridge Sioux',NULL),(1023,NULL,NULL,997,'Sisseton Sioux',NULL),(1024,NULL,NULL,997,'Miniconjou',NULL),(1025,NULL,NULL,997,'Crow Creek Sioux',NULL),(1026,NULL,NULL,997,'Teton Sioux',NULL),(1027,NULL,NULL,997,'Lower Sioux',NULL),(1028,NULL,NULL,997,'Fort Peck',NULL),(1029,NULL,NULL,997,'Oglala Sioux',NULL),(1030,NULL,NULL,921,'Hidatsa',NULL),(1031,NULL,NULL,921,'Nez Perce',NULL),(1032,NULL,NULL,921,'Chippewa Cree',NULL),(1033,NULL,NULL,1032,'Rocky Boy\'s Chippewa Cree',NULL),(1034,NULL,NULL,921,'Apache',NULL),(1035,NULL,NULL,1034,'Mescalero Apache',NULL),(1036,NULL,NULL,1034,'Jicarilla Apache',NULL),(1037,NULL,NULL,1034,'Fort Sill Apache',NULL),(1038,NULL,NULL,1034,'Payson Apache',NULL),(1039,NULL,NULL,1034,'Chiricahua',NULL),(1040,NULL,NULL,1034,'White Mountain Apache',NULL),(1041,NULL,NULL,1034,'Lipan Apache',NULL),(1042,NULL,NULL,1034,'Oklahoma Apache',NULL),(1043,NULL,NULL,1034,'San Carlos Apache',NULL),(1044,NULL,NULL,921,'Spokane',NULL),(1045,NULL,NULL,921,'Piscataway',NULL),(1046,NULL,NULL,921,'Pomo',NULL),(1047,NULL,NULL,1046,'Scotts Valley',NULL),(1048,NULL,NULL,1046,'Kashia',NULL),(1049,NULL,NULL,1046,'Sulphur Bank',NULL),(1050,NULL,NULL,1046,'Eastern Pomo',NULL),(1051,NULL,NULL,1046,'Dry Creek',NULL),(1052,NULL,NULL,1046,'Northern Pomo',NULL),(1053,NULL,NULL,1046,'Central Pomo',NULL),(1054,NULL,NULL,1046,'Stonyford',NULL),(1055,NULL,NULL,921,'Cree',NULL),(1056,NULL,NULL,921,'Yuman',NULL),(1057,NULL,NULL,1056,'Mohave',NULL),(1058,NULL,NULL,1056,'Havasupai',NULL),(1059,NULL,NULL,1056,'Cocopah',NULL),(1060,NULL,NULL,1056,'Hualapai',NULL),(1061,NULL,NULL,1056,'Quechan',NULL),(1062,NULL,NULL,1056,'Yavapai',NULL),(1063,NULL,NULL,1056,'Maricopa',NULL),(1064,NULL,NULL,921,'Pima',NULL),(1065,NULL,NULL,1064,'Salt River Pima-Maricopa',NULL),(1066,NULL,NULL,1064,'Gila River Pima-Maricopa',NULL),(1067,NULL,NULL,921,'Peoria',NULL),(1068,NULL,NULL,1067,'Oklahoma Peoria',NULL),(1069,NULL,NULL,921,'California Tribes',NULL),(1070,NULL,NULL,1069,'Yuki',NULL),(1071,NULL,NULL,1069,'Kern River',NULL),(1072,NULL,NULL,1069,'Kawaiisu',NULL),(1073,NULL,NULL,1069,'Mattole',NULL),(1074,NULL,NULL,1069,'Cahto',NULL),(1075,NULL,NULL,1069,'Takelma',NULL),(1076,NULL,NULL,1069,'Red Wood',NULL),(1077,NULL,NULL,1069,'Chimariko',NULL),(1078,NULL,NULL,1069,'Santa Rosa',NULL),(1079,NULL,NULL,1069,'Wappo',NULL),(1080,NULL,NULL,1069,'Digger',NULL),(1081,NULL,NULL,1069,'Yana',NULL),(1082,NULL,NULL,1069,'Coast Miwok',NULL),(1083,NULL,NULL,921,'Narragansett',NULL),(1084,NULL,NULL,921,'Potawatomi',NULL),(1085,NULL,NULL,1084,'Wisconsin Potawatomi',NULL),(1086,NULL,NULL,1084,'Huron Potawatomi',NULL),(1087,NULL,NULL,1084,'Prairie Band',NULL),(1088,NULL,NULL,1084,'Pokagon Potawatomi',NULL),(1089,NULL,NULL,1084,'Forest County',NULL),(1090,NULL,NULL,1084,'Citizen Band Potawatomi',NULL),(1091,NULL,NULL,1084,'Hannahville',NULL),(1092,NULL,NULL,921,'Penobscot',NULL),(1093,NULL,NULL,921,'Paiute',NULL),(1094,NULL,NULL,1093,'Burns Paiute',NULL),(1095,NULL,NULL,1093,'Fort Independence',NULL),(1096,NULL,NULL,1093,'Pyramid Lake',NULL),(1097,NULL,NULL,1093,'Utu Utu Gwaitu Paiute',NULL),(1098,NULL,NULL,1093,'Fort Bidwell',NULL),(1099,NULL,NULL,1093,'Southern Paiute',NULL),(1100,NULL,NULL,1093,'San Juan Southern Paiute',NULL),(1101,NULL,NULL,1093,'Bishop',NULL),(1102,NULL,NULL,1093,'Owens Valley',NULL),(1103,NULL,NULL,1093,'Yerington Paiute',NULL),(1104,NULL,NULL,1093,'Malheur Paiute',NULL),(1105,NULL,NULL,1093,'Walker River',NULL),(1106,NULL,NULL,1093,'Kaibab',NULL),(1107,NULL,NULL,1093,'Bridgeport',NULL),(1108,NULL,NULL,1093,'Moapa',NULL),(1109,NULL,NULL,1093,'Northern Paiute',NULL),(1110,NULL,NULL,1093,'Summit Lake',NULL),(1111,NULL,NULL,1093,'Lone Pine',NULL),(1112,NULL,NULL,1093,'Cedarville',NULL),(1113,NULL,NULL,1093,'Lovelock',NULL),(1114,NULL,NULL,1093,'Las Vegas',NULL),(1115,NULL,NULL,921,'Kalispel',NULL),(1116,NULL,NULL,921,'Miami',NULL),(1117,NULL,NULL,1116,'Illinois Miami',NULL),(1118,NULL,NULL,1116,'Oklahoma Miami',NULL),(1119,NULL,NULL,1116,'Indiana Miami',NULL),(1120,NULL,NULL,921,'Northwest Tribes',NULL),(1121,NULL,NULL,1120,'Columbia',NULL),(1122,NULL,NULL,1120,'Wenatchee',NULL),(1123,NULL,NULL,1120,'Tenino',NULL),(1124,NULL,NULL,1120,'Alsea',NULL),(1125,NULL,NULL,1120,'Celilo',NULL),(1126,NULL,NULL,1120,'Molala',NULL),(1127,NULL,NULL,1120,'Tillamook',NULL),(1128,NULL,NULL,1120,'Kalapuya',NULL),(1129,NULL,NULL,1120,'Yahooskin',NULL),(1130,NULL,NULL,1120,'Talakamish',NULL),(1131,NULL,NULL,921,'Umatilla',NULL),(1132,NULL,NULL,921,'Algonquian',NULL),(1133,NULL,NULL,921,'Shoshone Paiute',NULL),(1134,NULL,NULL,1133,'Fort McDermitt',NULL),(1135,NULL,NULL,1133,'Duck Valley',NULL),(1136,NULL,NULL,1133,'Fallon',NULL),(1137,NULL,NULL,921,'Susanville',NULL),(1138,NULL,NULL,921,'Pequot',NULL),(1139,NULL,NULL,1138,'Marshantucket Pequot',NULL),(1140,NULL,NULL,921,'Quapaw',NULL),(1141,NULL,NULL,921,'Maliseet',NULL),(1142,NULL,NULL,921,'Shoshone',NULL),(1143,NULL,NULL,1142,'Battle Mountain',NULL),(1144,NULL,NULL,1142,'Te-Moak Western Shoshone',NULL),(1145,NULL,NULL,1142,'South Fork Shoshone',NULL),(1146,NULL,NULL,1142,'Skull Valley',NULL),(1147,NULL,NULL,1142,'Yomba',NULL),(1148,NULL,NULL,1142,'Ely',NULL),(1149,NULL,NULL,1142,'Ruby Valley',NULL),(1150,NULL,NULL,1142,'Wind River Shoshone',NULL),(1151,NULL,NULL,1142,'Goshute',NULL),(1152,NULL,NULL,1142,'Panamint',NULL),(1153,NULL,NULL,1142,'Elko',NULL),(1154,NULL,NULL,1142,'Duckwater',NULL),(1155,NULL,NULL,1142,'Timbi-Sha Shoshone',NULL),(1156,NULL,NULL,1142,'Washakie',NULL),(1157,NULL,NULL,921,'Winnebago',NULL),(1158,NULL,NULL,1157,'Nebraska Winnebago',NULL),(1159,NULL,NULL,1157,'Ho-chunk',NULL),(1160,NULL,NULL,921,'Abenaki',NULL),(1161,NULL,NULL,921,'Rappahannock',NULL),(1162,NULL,NULL,921,'Shinnecock',NULL),(1163,NULL,NULL,921,'Omaha',NULL),(1164,NULL,NULL,921,'Clear Lake',NULL),(1165,NULL,NULL,921,'Tygh',NULL),(1166,NULL,NULL,921,'Yuchi',NULL),(1167,NULL,NULL,921,'Choctaw',NULL),(1168,NULL,NULL,1167,'Jena Choctaw',NULL),(1169,NULL,NULL,1167,'Clifton Choctaw',NULL),(1170,NULL,NULL,1167,'Oklahoma Choctaw',NULL),(1171,NULL,NULL,1167,'Mowa Band of Choctaw',NULL),(1172,NULL,NULL,1167,'Mississippi Choctaw',NULL),(1173,NULL,NULL,921,'Kaw',NULL),(1174,NULL,NULL,921,'Fort Hall',NULL),(1175,NULL,NULL,921,'Karuk',NULL),(1176,NULL,NULL,921,'Siletz',NULL),(1177,NULL,NULL,921,'Yokuts',NULL),(1178,NULL,NULL,1177,'Tule River',NULL),(1179,NULL,NULL,1177,'Tachi',NULL),(1180,NULL,NULL,1177,'Chukchansi',NULL),(1181,NULL,NULL,921,'Fort Berthold',NULL),(1182,NULL,NULL,921,'Konkow',NULL),(1183,NULL,NULL,921,'Tohono O\'Odham',NULL),(1184,NULL,NULL,1183,'Gila Bend',NULL),(1185,NULL,NULL,1183,'San Xavier',NULL),(1186,NULL,NULL,1183,'Sells',NULL),(1187,NULL,NULL,1183,'Ak-Chin',NULL),(1188,NULL,NULL,921,'Arapaho',NULL),(1189,NULL,NULL,1188,'Wind River Arapaho',NULL),(1190,NULL,NULL,1188,'Northern Arapaho',NULL),(1191,NULL,NULL,1188,'Southern Arapaho',NULL),(1192,NULL,NULL,921,'Chumash',NULL),(1193,NULL,NULL,1192,'Santa Ynez',NULL),(1194,NULL,NULL,921,'Caddo',NULL),(1195,NULL,NULL,1194,'Oklahoma Cado',NULL),(1196,NULL,NULL,921,'Cheyenne-Arapaho',NULL),(1197,NULL,NULL,921,'Fort Belknap',NULL),(1198,NULL,NULL,921,'Chinook',NULL),(1199,NULL,NULL,1198,'Wishram',NULL),(1200,NULL,NULL,1198,'Clatsop',NULL),(1201,NULL,NULL,1198,'Wakiakum Chinook',NULL),(1202,NULL,NULL,1198,'Willapa Chinook',NULL),(1203,NULL,NULL,1198,'Columbia River Chinook',NULL),(1204,NULL,NULL,1198,'Kathlamet',NULL),(1205,NULL,NULL,1198,'Upper Chinook',NULL),(1206,NULL,NULL,921,'Kickapoo',NULL),(1207,NULL,NULL,1206,'Oklahoma Kickapoo',NULL),(1208,NULL,NULL,1206,'Texas Kickapoo',NULL),(1209,NULL,NULL,921,'Ute',NULL),(1210,NULL,NULL,1209,'Ute Mountain Ute',NULL),(1211,NULL,NULL,1209,'Uintah Ute',NULL),(1212,NULL,NULL,1209,'Allen Canyon',NULL),(1213,NULL,NULL,921,'Passamaquoddy',NULL),(1214,NULL,NULL,1213,'Indian Township',NULL),(1215,NULL,NULL,1213,'Pleasant Point Passamaquoddy',NULL),(1216,NULL,NULL,921,'Chickahominy',NULL),(1217,NULL,NULL,1216,'Eastern Chickahominy',NULL),(1218,NULL,NULL,1216,'Western Chickahominy',NULL),(1219,NULL,NULL,921,'Fort Mcdowell',NULL),(1220,NULL,NULL,921,'Wailaki',NULL),(1221,NULL,NULL,921,'Oregon Athabaskan',NULL),(1222,NULL,NULL,921,'Pit River',NULL),(1223,NULL,NULL,921,'Chemakuan',NULL),(1224,NULL,NULL,1223,'Hoh',NULL),(1225,NULL,NULL,1223,'Quileute',NULL),(1226,NULL,NULL,921,'Crow',NULL),(1227,NULL,NULL,921,'Cupeno',NULL),(1228,NULL,NULL,1227,'Agua Caliente',NULL),(1229,NULL,NULL,921,'Pawnee',NULL),(1230,NULL,NULL,1229,'Oklahoma Pawnee',NULL),(1231,NULL,NULL,921,'Hoopa Extension',NULL),(1232,NULL,NULL,921,'Makah',NULL),(1233,NULL,NULL,921,'Arikara',NULL),(1234,NULL,NULL,921,'Lummi',NULL),(1235,NULL,NULL,921,'Tolowa',NULL),(1236,NULL,NULL,921,'Chehalis',NULL),(1237,NULL,NULL,921,'Chemehuevi',NULL),(1238,NULL,NULL,921,'Mono',NULL),(1239,NULL,NULL,921,'Nomalaki',NULL),(1240,NULL,NULL,921,'Seminole',NULL),(1241,NULL,NULL,1240,'Hollywood Seminole',NULL),(1242,NULL,NULL,1240,'Brighton',NULL),(1243,NULL,NULL,1240,'Big Cypress',NULL),(1244,NULL,NULL,1240,'Florida Seminole',NULL),(1245,NULL,NULL,1240,'Oklahoma Seminole',NULL),(1246,NULL,NULL,921,'Cahuilla',NULL),(1247,NULL,NULL,1246,'Cabazon',NULL),(1248,NULL,NULL,1246,'Torres-Martinez',NULL),(1249,NULL,NULL,1246,'Augustine',NULL),(1250,NULL,NULL,1246,'Los Coyotes',NULL),(1251,NULL,NULL,1246,'Agua Caliente Cahuilla',NULL),(1252,NULL,NULL,1246,'Santa Rosa Cahuilla',NULL),(1253,NULL,NULL,1246,'Morongo',NULL),(1254,NULL,NULL,921,'Walla-Walla',NULL),(1255,NULL,NULL,921,'Ponca',NULL),(1256,NULL,NULL,1255,'Oklahoma Ponca',NULL),(1257,NULL,NULL,1255,'Nebraska Ponca',NULL),(1258,NULL,NULL,921,'Burt Lake Band',NULL),(1259,NULL,NULL,921,'Salinan',NULL),(1260,NULL,NULL,921,'Shasta',NULL),(1261,NULL,NULL,921,'Micmac',NULL),(1262,NULL,NULL,1261,'Aroostook',NULL),(1263,NULL,NULL,921,'Ottawa',NULL),(1264,NULL,NULL,1263,'Burt Lake Ottawa',NULL),(1265,NULL,NULL,1263,'Michigan Ottawa',NULL),(1266,NULL,NULL,1263,'Oklahoma Ottawa',NULL),(1267,NULL,NULL,921,'Coquilles',NULL),(1268,NULL,NULL,921,'Coushatta',NULL),(1269,NULL,NULL,1268,'Alabama Coushatta',NULL),(1270,NULL,NULL,921,'Warm Springs',NULL),(1271,NULL,NULL,921,'Mohegan',NULL),(1272,NULL,NULL,921,'Wiyot',NULL),(1273,NULL,NULL,1272,'Table Bluff',NULL),(1274,NULL,NULL,921,'Pueblo',NULL),(1275,NULL,NULL,1274,'Taos',NULL),(1276,NULL,NULL,1274,'San Juan De',NULL),(1277,NULL,NULL,1274,'San Felipe',NULL),(1278,NULL,NULL,1274,'Picuris',NULL),(1279,NULL,NULL,1274,'Zia',NULL),(1280,NULL,NULL,1274,'Tigua',NULL),(1281,NULL,NULL,1274,'Jemez',NULL),(1282,NULL,NULL,1274,'Santa Ana',NULL),(1283,NULL,NULL,1274,'San Ildefonso',NULL),(1284,NULL,NULL,1274,'Santo Domingo',NULL),(1285,NULL,NULL,1274,'Nambe',NULL),(1286,NULL,NULL,1274,'Tesuque',NULL),(1287,NULL,NULL,1274,'Keres',NULL),(1288,NULL,NULL,1274,'Cochiti',NULL),(1289,NULL,NULL,1274,'Acoma',NULL),(1290,NULL,NULL,1274,'Santa Clara',NULL),(1291,NULL,NULL,1274,'Hopi',NULL),(1292,NULL,NULL,1274,'Piro',NULL),(1293,NULL,NULL,1274,'San Juan',NULL),(1294,NULL,NULL,1274,'Isleta',NULL),(1295,NULL,NULL,1274,'Laguna',NULL),(1296,NULL,NULL,1274,'San Juan Pueblo',NULL),(1297,NULL,NULL,1274,'Pojoaque',NULL),(1298,NULL,NULL,1274,'Sandia',NULL),(1299,NULL,NULL,1274,'Zuni',NULL),(1300,NULL,NULL,1274,'Tewa',NULL),(1301,NULL,NULL,1274,'Arizona Tewa',NULL),(1302,NULL,NULL,921,'Wind River',NULL),(1303,NULL,NULL,921,'Salish',NULL),(1304,NULL,NULL,921,'Hoopa',NULL),(1305,NULL,NULL,1304,'Trinity',NULL),(1306,NULL,NULL,1304,'Whilkut',NULL),(1307,NULL,NULL,921,'Kootenai',NULL),(1308,NULL,NULL,921,'Mandan',NULL),(1309,NULL,NULL,921,'Yakama',NULL),(1310,NULL,NULL,921,'Washoe',NULL),(1311,NULL,NULL,1310,'Carson',NULL),(1312,NULL,NULL,1310,'Dresslerville',NULL),(1313,NULL,NULL,1310,'Alpine',NULL),(1314,NULL,NULL,921,'Yavapai Apache',NULL),(1315,NULL,NULL,921,'Mission Indians',NULL),(1316,NULL,NULL,921,'Tonkawa',NULL),(1317,NULL,NULL,921,'Creek',NULL),(1318,NULL,NULL,1317,'Principal Creek Indian Nation',NULL),(1319,NULL,NULL,1317,'Eastern Creek',NULL),(1320,NULL,NULL,1317,'Alabama Creek',NULL),(1321,NULL,NULL,1317,'Star Clan of Muscogee Creeks',NULL),(1322,NULL,NULL,1317,'Thlopthlocco',NULL),(1323,NULL,NULL,1317,'Lower Muscogee',NULL),(1324,NULL,NULL,1317,'Tuckabachee',NULL),(1325,NULL,NULL,1317,'Machis Lower Creek Indian',NULL),(1326,NULL,NULL,1317,'Kialegee',NULL),(1327,NULL,NULL,1317,'Poarch Band',NULL),(1328,NULL,NULL,1317,'Eastern Muscogee',NULL),(1329,NULL,NULL,1317,'Alabama Quassarte',NULL),(1330,NULL,NULL,921,'Colville',NULL),(1331,NULL,NULL,921,'Schaghticoke',NULL),(1332,NULL,NULL,921,'Osage',NULL),(1333,NULL,NULL,921,'Cherokee Shawnee',NULL),(1334,NULL,NULL,921,'Maidu',NULL),(1335,NULL,NULL,1334,'Nishinam',NULL),(1336,NULL,NULL,1334,'Mountain Maidu',NULL),(1337,NULL,NULL,921,'Siuslaw',NULL),(1338,NULL,NULL,921,'Cayuse',NULL),(1339,NULL,NULL,921,'Miwok',NULL),(1340,NULL,NULL,921,'Powhatan',NULL),(1341,NULL,NULL,921,'Comanche',NULL),(1342,NULL,NULL,1341,'Oklahoma Comanche',NULL),(1343,NULL,NULL,921,'Chitimacha',NULL),(1344,NULL,NULL,921,'Salish and Kootenai',NULL),(1345,NULL,NULL,921,'Otoe-Missouria',NULL),(1346,NULL,NULL,921,'Lassik',NULL),(1347,NULL,NULL,921,'Klamath',NULL),(1348,NULL,NULL,921,'Lumbee',NULL),(1349,NULL,NULL,921,'Luiseno',NULL),(1350,NULL,NULL,1349,'Temecula',NULL),(1351,NULL,NULL,1349,'Pechanga',NULL),(1352,NULL,NULL,1349,'Twenty-Nine Palms',NULL),(1353,NULL,NULL,1349,'Pauma',NULL),(1354,NULL,NULL,1349,'Soboba',NULL),(1355,NULL,NULL,1349,'Pala',NULL),(1356,NULL,NULL,1349,'La Jolla',NULL),(1357,NULL,NULL,921,'Iroquois',NULL),(1358,NULL,NULL,1357,'Onondaga',NULL),(1359,NULL,NULL,1357,'Cayuga',NULL),(1360,NULL,NULL,1357,'Oneida',NULL),(1361,NULL,NULL,1357,'Seneca',NULL),(1362,NULL,NULL,1357,'Tonawanda Seneca',NULL),(1363,NULL,NULL,1357,'Wyandotte',NULL),(1364,NULL,NULL,1357,'Mohawk',NULL),(1365,NULL,NULL,1357,'Seneca-Cayuga',NULL),(1366,NULL,NULL,1357,'Seneca Nation',NULL),(1367,NULL,NULL,1357,'Tuscarora',NULL),(1368,NULL,NULL,921,'Assiniboine Sioux',NULL),(1369,NULL,NULL,1368,'Fort Peck Assiniboine Sioux',NULL),(1370,NULL,NULL,921,'Serrano',NULL),(1371,NULL,NULL,1370,'San Manual',NULL),(1372,NULL,NULL,921,'Miccosukee',NULL),(1373,NULL,NULL,921,'Bannock',NULL),(1374,NULL,NULL,921,'Grand Ronde',NULL),(1375,NULL,NULL,921,'Wintun',NULL),(1376,NULL,NULL,921,'Stewart',NULL),(1377,NULL,NULL,921,'Inaja-Cosmit',NULL),(1378,NULL,NULL,921,'Catawba',NULL),(1379,NULL,NULL,921,'Menominee',NULL),(1380,NULL,NULL,921,'Coos',NULL),(1381,NULL,NULL,921,'Canadian and Latin American Indian',NULL),(1382,NULL,NULL,1381,'French American Indian',NULL),(1383,NULL,NULL,1381,'Canadian Indian',NULL),(1384,NULL,NULL,1381,'Spanish American Indian',NULL),(1385,NULL,NULL,1381,'South American Indian',NULL),(1386,NULL,NULL,1381,'Mexican American Indian',NULL),(1387,NULL,NULL,1381,'Central American Indian',NULL),(1388,NULL,NULL,921,'Modoc',NULL),(1389,NULL,NULL,921,'Coeur D\'Alene',NULL),(1390,NULL,NULL,921,'Coharie',NULL),(1391,NULL,NULL,921,'Yurok',NULL),(1392,NULL,NULL,1391,'Coast Yurok',NULL),(1393,NULL,NULL,921,'Iowa',NULL),(1394,NULL,NULL,1393,'Iowa of Kansas-Nebraska',NULL),(1395,NULL,NULL,1393,'Iowa of Oklahoma',NULL),(1396,NULL,NULL,921,'Haliwa',NULL),(1397,NULL,NULL,921,'Umpqua',NULL),(1398,NULL,NULL,1397,'Cow Creek Umpqua',NULL),(1399,NULL,NULL,921,'Wichita',NULL),(1400,NULL,NULL,921,'Shawnee',NULL),(1401,NULL,NULL,1400,'Absentee Shawnee',NULL),(1402,NULL,NULL,1400,'Eastern Shawnee',NULL),(1403,NULL,NULL,921,'Sac and Fox',NULL),(1404,NULL,NULL,1403,'Oklahoma Sac and Fox',NULL),(1405,NULL,NULL,1403,'Missouri Sac and Fox',NULL),(1406,NULL,NULL,1403,'Iowa Sac and Fox',NULL),(1407,NULL,NULL,921,'Blackfeet',NULL),(1408,NULL,NULL,921,'Cherokee',NULL),(1409,NULL,NULL,1408,'Eastern Cherokee',NULL),(1410,NULL,NULL,1408,'Etowah Cherokee',NULL),(1411,NULL,NULL,1408,'Echota Cherokee',NULL),(1412,NULL,NULL,1408,'United Keetowah Band of Cherokee',NULL),(1413,NULL,NULL,1408,'Northern Cherokee',NULL),(1414,NULL,NULL,1408,'Cherokees of Northeast Alabama',NULL),(1415,NULL,NULL,1408,'Cherokee Alabama',NULL),(1416,NULL,NULL,1408,'Tuscola',NULL),(1417,NULL,NULL,1408,'Cherokees of Southeast Alabama',NULL),(1418,NULL,NULL,1408,'Western Cherokee',NULL),(1419,NULL,NULL,921,'Gabrieleno',NULL),(1420,NULL,NULL,921,'Yakama Cowlitz',NULL),(1421,NULL,NULL,921,'Costanoan',NULL),(1422,NULL,NULL,921,'Eastern Tribes',NULL),(1423,NULL,NULL,1422,'Susquehanock',NULL),(1424,NULL,NULL,1422,'Moor',NULL),(1425,NULL,NULL,1422,'Pocomoke Acohonock',NULL),(1426,NULL,NULL,1422,'Southeastern Indians',NULL),(1427,NULL,NULL,1422,'Waccamaw-Siousan',NULL),(1428,NULL,NULL,1422,'Wicomico',NULL),(1429,NULL,NULL,1422,'Biloxi',NULL),(1430,NULL,NULL,1422,'Paugussett',NULL),(1431,NULL,NULL,1422,'Attacapa',NULL),(1432,NULL,NULL,1422,'Georgetown',NULL),(1433,NULL,NULL,1422,'Nipmuc',NULL),(1434,NULL,NULL,1422,'Nansemond',NULL),(1435,NULL,NULL,1422,'Nausu Waiwash',NULL),(1436,NULL,NULL,1422,'Natchez',NULL),(1437,NULL,NULL,1422,'Tunica Biloxi',NULL),(1438,NULL,NULL,921,'Diegueno',NULL),(1439,NULL,NULL,1438,'La Posta',NULL),(1440,NULL,NULL,1438,'Cuyapaipe',NULL),(1441,NULL,NULL,1438,'Santa Ysabel',NULL),(1442,NULL,NULL,1438,'Campo',NULL),(1443,NULL,NULL,1438,'Manzanita',NULL),(1444,NULL,NULL,1438,'Sycuan',NULL),(1445,NULL,NULL,1438,'Mesa Grande',NULL),(1446,NULL,NULL,1438,'Capitan Grande',NULL),(1447,NULL,NULL,1438,'San Pasqual',NULL),(1448,NULL,NULL,921,'Esselen',NULL),(1449,NULL,NULL,921,'Winnemucca',NULL),(1450,NULL,NULL,921,'Coos, Lower Umpqua, Siuslaw',NULL),(1451,NULL,NULL,921,'Brotherton',NULL),(1452,NULL,NULL,921,'Quinault',NULL),(1453,NULL,NULL,921,'Kiowa',NULL),(1454,NULL,NULL,1453,'Oklahoma Kiowa',NULL),(1455,NULL,NULL,921,'Wampanoag',NULL),(1456,NULL,NULL,1455,'Mashpee Wampanoag',NULL),(1457,NULL,NULL,1455,'Gay Head Wampanoag',NULL),(1458,NULL,NULL,921,'Nanticoke',NULL),(1459,NULL,NULL,921,'Houma',NULL),(1460,NULL,NULL,921,'Long Island',NULL),(1461,NULL,NULL,1460,'Montauk',NULL),(1462,NULL,NULL,1460,'Setauket',NULL),(1463,NULL,NULL,1460,'Poospatuck',NULL),(1464,NULL,NULL,1460,'Matinecock',NULL),(1465,NULL,NULL,921,'Shoalwater Bay',NULL),(1466,NULL,NULL,921,'Delaware',NULL),(1467,NULL,NULL,1466,'Munsee',NULL),(1468,NULL,NULL,1466,'Lenni-Lenape',NULL),(1469,NULL,NULL,1466,'Rampough Mountain',NULL),(1470,NULL,NULL,1466,'Oklahoma Delaware',NULL),(1471,NULL,NULL,1466,'Sand Hill',NULL),(1472,NULL,NULL,1466,'Eastern Delaware',NULL),(1473,NULL,NULL,921,'Croatan',NULL),(1474,NULL,NULL,921,'Assiniboine',NULL),(1475,NULL,NULL,NULL,'White','Race_PID'),(1476,NULL,NULL,1475,'European',NULL),(1477,NULL,NULL,1476,'Polish',NULL),(1478,NULL,NULL,1476,'English',NULL),(1479,NULL,NULL,1476,'Irish',NULL),(1480,NULL,NULL,1476,'German',NULL),(1481,NULL,NULL,1476,'French',NULL),(1482,NULL,NULL,1476,'Armenian',NULL),(1483,NULL,NULL,1476,'Scottish',NULL),(1484,NULL,NULL,1476,'Italian',NULL),(1485,NULL,NULL,1475,'Arab',NULL),(1486,NULL,NULL,1475,'Middle Eastern or North African',NULL),(1487,NULL,NULL,1486,'Iranian',NULL),(1488,NULL,NULL,1486,'Iraqi',NULL),(1489,NULL,NULL,1486,'Israeili',NULL),(1490,NULL,NULL,1486,'Egyptian',NULL),(1491,NULL,NULL,1486,'Syrian',NULL),(1492,NULL,NULL,1486,'Lebanese',NULL),(1493,NULL,NULL,1486,'Assyrian',NULL),(1494,NULL,NULL,1486,'Afghanistani',NULL),(1495,NULL,NULL,1486,'Palestinian',NULL),(1496,NULL,NULL,NULL,'Native Hawaiian or Other Pacific Islander','Race_PID'),(1497,NULL,NULL,1496,'Melanesian',NULL),(1498,NULL,NULL,1497,'Solomon Islander',NULL),(1499,NULL,NULL,1497,'Fijian',NULL),(1500,NULL,NULL,1497,'Papua New Guinean',NULL),(1501,NULL,NULL,1497,'New Hebrides',NULL),(1502,NULL,NULL,1496,'Polynesian',NULL),(1503,NULL,NULL,1502,'Tahitian',NULL),(1504,NULL,NULL,1502,'Samoan',NULL),(1505,NULL,NULL,1502,'Native Hawaiian',NULL),(1506,NULL,NULL,1502,'Tokelauan',NULL),(1507,NULL,NULL,1502,'Tongan',NULL),(1508,NULL,NULL,1496,'Micronesian',NULL),(1509,NULL,NULL,1508,'Guamanian or Chamorro',NULL),(1510,NULL,NULL,1508,'Saipanese',NULL),(1511,NULL,NULL,1508,'Guamanian',NULL),(1512,NULL,NULL,1508,'Mariana Islander',NULL),(1513,NULL,NULL,1508,'Kiribati',NULL),(1514,NULL,NULL,1508,'Carolinian',NULL),(1515,NULL,NULL,1508,'Pohnpeian',NULL),(1516,NULL,NULL,1508,'Marshallese',NULL),(1517,NULL,NULL,1508,'Palauan',NULL),(1518,NULL,NULL,1508,'Chuukese',NULL),(1519,NULL,NULL,1508,'Kosraean',NULL),(1520,NULL,NULL,1508,'Yapese',NULL),(1521,NULL,NULL,1508,'Chamorro',NULL),(1522,NULL,NULL,1496,'Other Pacific Islander',NULL),(1523,NULL,NULL,NULL,'Tunisia','2004100'),(1524,NULL,NULL,NULL,'Kuwait','2004100'),(1525,NULL,NULL,NULL,'Iran','2004100'),(1526,NULL,NULL,NULL,'United Kingdom','2004100'),(1527,NULL,NULL,NULL,'Romania','2004100'),(1528,NULL,NULL,NULL,'Slovakia','2004100'),(1529,NULL,NULL,NULL,'Turks and Caicos Islands','2004100'),(1530,NULL,NULL,NULL,'Western Sahara','2004100'),(1531,NULL,NULL,NULL,'Haiti','2004100'),(1532,NULL,NULL,NULL,'Seychelles','2004100'),(1533,NULL,NULL,NULL,'Saint Lucia','2004100'),(1534,NULL,NULL,NULL,'Mauritania','2004100'),(1535,NULL,NULL,NULL,'Gabon','2004100'),(1536,NULL,NULL,NULL,'Tuvalu','2004100'),(1537,NULL,NULL,NULL,'Norfolk Island','2004100'),(1538,NULL,NULL,NULL,'Lebanon','2004100'),(1539,NULL,NULL,NULL,'Saint Helena','2004100'),(1540,NULL,NULL,NULL,'Papua New Guinea','2004100'),(1541,NULL,NULL,NULL,'Reunion','2004100'),(1542,NULL,NULL,NULL,'Christmas Island','2004100'),(1543,NULL,NULL,NULL,'Vietnam','2004100'),(1544,NULL,NULL,NULL,'Gibraltar','2004100'),(1545,NULL,NULL,NULL,'Switzerland','2004100'),(1546,NULL,NULL,NULL,'Zambia','2004100'),(1547,NULL,NULL,NULL,'Singapore','2004100'),(1548,NULL,NULL,NULL,'Macau','2004100'),(1549,NULL,NULL,NULL,'Somalia','2004100'),(1550,NULL,NULL,NULL,'American Samoa','2004100'),(1551,NULL,NULL,NULL,'Chile','2004100'),(1552,NULL,NULL,NULL,'Nauru','2004100'),(1553,NULL,NULL,NULL,'Guyana','2004100'),(1554,NULL,NULL,NULL,'Fiji','2004100'),(1555,NULL,NULL,NULL,'Congo','2004100'),(1556,NULL,NULL,NULL,'Croatia','2004100'),(1557,NULL,NULL,NULL,'Guinea-Bissau','2004100'),(1558,NULL,NULL,NULL,'Australia','2004100'),(1559,NULL,NULL,NULL,'Swaziland','2004100'),(1560,NULL,NULL,NULL,'Czech Republic','2004100'),(1561,NULL,NULL,NULL,'Cocos Islands','2004100'),(1562,NULL,NULL,NULL,'New Caledonia','2004100'),(1563,NULL,NULL,NULL,'Malawi','2004100'),(1564,NULL,NULL,NULL,'Dominica','2004100'),(1565,NULL,NULL,NULL,'Ethiopia','2004100'),(1566,NULL,NULL,NULL,'Belarus','2004100'),(1567,NULL,NULL,NULL,'Saint Pierre','2004100'),(1568,NULL,NULL,NULL,'Mozambique','2004100'),(1569,NULL,NULL,NULL,'Belgium','2004100'),(1570,NULL,NULL,NULL,'Liechtenstein','2004100'),(1571,NULL,NULL,NULL,'South Africa','2004100'),(1572,NULL,NULL,NULL,'Barbados','2004100'),(1573,NULL,NULL,NULL,'San Marino','2004100'),(1574,NULL,NULL,NULL,'Colombia','2004100'),(1575,NULL,NULL,NULL,'Palau','2004100'),(1576,NULL,NULL,NULL,'Burkina Faso','2004100'),(1577,NULL,NULL,NULL,'Nigeria','2004100'),(1578,NULL,NULL,NULL,'Peru','2004100'),(1579,NULL,NULL,NULL,'Japan','2004100'),(1580,NULL,NULL,NULL,'Cambodia','2004100'),(1581,NULL,NULL,NULL,'Netherlands Antilles','2004100'),(1582,NULL,NULL,NULL,'Qatar','2004100'),(1583,NULL,NULL,NULL,'Trinidad and Tobago','2004100'),(1584,NULL,NULL,NULL,'Saudi Arabia','2004100'),(1585,NULL,NULL,NULL,'Venezuela','2004100'),(1586,NULL,NULL,NULL,'Pakistan','2004100'),(1587,NULL,NULL,NULL,'Egypt','2004100'),(1588,NULL,NULL,NULL,'Jordan','2004100'),(1589,NULL,NULL,NULL,'Zaire','2004100'),(1590,NULL,NULL,NULL,'Aruba','2004100'),(1591,NULL,NULL,NULL,'French Guiana','2004100'),(1592,NULL,NULL,NULL,'France','2004100'),(1593,NULL,NULL,NULL,'Niue','2004100'),(1594,NULL,NULL,NULL,'Guinea','2004100'),(1595,NULL,NULL,NULL,'Costa Rica','2004100'),(1596,NULL,NULL,NULL,'Guadeloupe','2004100'),(1597,NULL,NULL,NULL,'Tajikistan','2004100'),(1598,NULL,NULL,NULL,'Bosnia and Herzegovina','2004100'),(1599,NULL,NULL,NULL,'Cayman Islands','2004100'),(1600,NULL,NULL,NULL,'Macedonia','2004100'),(1601,NULL,NULL,NULL,'Cook Islands','2004100'),(1602,NULL,NULL,NULL,'Guatemala','2004100'),(1603,NULL,NULL,NULL,'Afghanistan','2004100'),(1604,NULL,NULL,NULL,'Netherlands','2004100'),(1605,NULL,NULL,NULL,'Bouvet Island','2004100'),(1606,NULL,NULL,NULL,'El Salvador','2004100'),(1607,NULL,NULL,NULL,'Sudan','2004100'),(1608,NULL,NULL,NULL,'Kiribati','2004100'),(1609,NULL,NULL,NULL,'Armenia','2004100'),(1610,NULL,NULL,NULL,'Rwanda','2004100'),(1611,NULL,NULL,NULL,'Kenya','2004100'),(1612,NULL,NULL,NULL,'Iceland','2004100'),(1613,NULL,NULL,NULL,'Hong Kong','2004100'),(1614,NULL,NULL,NULL,'Samoa','2004100'),(1615,NULL,NULL,NULL,'Turkey','2004100'),(1616,NULL,NULL,NULL,'Saint Vincent','2004100'),(1617,NULL,NULL,NULL,'Mauritius','2004100'),(1618,NULL,NULL,NULL,'Monaco','2004100'),(1619,NULL,NULL,NULL,'Faroe Islands','2004100'),(1620,NULL,NULL,NULL,'Kyrgyzstan','2004100'),(1621,NULL,NULL,NULL,'Indonesia','2004100'),(1622,NULL,NULL,NULL,'Namibia','2004100'),(1623,NULL,NULL,NULL,'Mongolia','2004100'),(1624,NULL,NULL,NULL,'Tanzania','2004100'),(1625,NULL,NULL,NULL,'Philippines','2004100'),(1626,NULL,NULL,NULL,'Azerbaijan','2004100'),(1627,NULL,NULL,NULL,'Martinique','2004100'),(1628,NULL,NULL,NULL,'Paraguay','2004100'),(1629,NULL,NULL,NULL,'Latvia','2004100'),(1630,NULL,NULL,NULL,'Turkmenistan','2004100'),(1631,NULL,NULL,NULL,'Norway','2004100'),(1632,NULL,NULL,NULL,'Angola','2004100'),(1633,NULL,NULL,NULL,'Nepal','2004100'),(1634,NULL,NULL,NULL,'Mexico','2004100'),(1635,NULL,NULL,NULL,'Finland','2004100'),(1636,NULL,NULL,NULL,'Senegal','2004100'),(1637,NULL,NULL,NULL,'Bhutan','2004100'),(1638,NULL,NULL,NULL,'Cape Verde','2004100'),(1639,NULL,NULL,NULL,'Marshall Islands','2004100'),(1640,NULL,NULL,NULL,'Grenada','2004100'),(1641,NULL,NULL,NULL,'Russian Federation','2004100'),(1642,NULL,NULL,NULL,'Myanmar','2004100'),(1643,NULL,NULL,NULL,'Algeria','2004100'),(1644,NULL,NULL,NULL,'Kazakhstan','2004100'),(1645,NULL,NULL,NULL,'Pitcairn','2004100'),(1646,NULL,NULL,NULL,'Bolivia','2004100'),(1647,NULL,NULL,NULL,'Mali','2004100'),(1648,NULL,NULL,NULL,'Belize','2004100'),(1649,NULL,NULL,NULL,'Micronesia','2004100'),(1650,NULL,NULL,NULL,'Taiwan','2004100'),(1651,NULL,NULL,NULL,'Israel','2004100'),(1652,NULL,NULL,NULL,'East Timor','2004100'),(1653,NULL,NULL,NULL,'Moldova','2004100'),(1654,NULL,NULL,NULL,'Puerto Rico','2004100'),(1655,NULL,NULL,NULL,'Vanuatu','2004100'),(1656,NULL,NULL,NULL,'Austria','2004100'),(1657,NULL,NULL,NULL,'Togo','2004100'),(1658,NULL,NULL,NULL,'Bermuda','2004100'),(1659,NULL,NULL,NULL,'Dominican Republic','2004100'),(1660,NULL,NULL,NULL,'Bulgaria','2004100'),(1661,NULL,NULL,NULL,'Virgin Islands','2004100'),(1662,NULL,NULL,NULL,'Antarctica','2004100'),(1663,NULL,NULL,NULL,'Cyprus','2004100'),(1664,NULL,NULL,NULL,'Cameroon','2004100'),(1665,NULL,NULL,NULL,'Malaysia','2004100'),(1666,NULL,NULL,NULL,'Solomon Islands','2004100'),(1667,NULL,NULL,NULL,'Nicaragua','2004100'),(1668,NULL,NULL,NULL,'Sierra Leone','2004100'),(1669,NULL,NULL,NULL,'Lesotho','2004100'),(1670,NULL,NULL,NULL,'Andorra','2004100'),(1671,NULL,NULL,NULL,'Greece','2004100'),(1672,NULL,NULL,NULL,'Central African Republic','2004100'),(1673,NULL,NULL,NULL,'Jamaica','2004100'),(1674,NULL,NULL,NULL,'Sao Tome and Principe','2004100'),(1675,NULL,NULL,NULL,'Bahamas','2004100'),(1676,NULL,NULL,NULL,'Ghana','2004100'),(1677,NULL,NULL,NULL,'Bangladesh','2004100'),(1678,NULL,NULL,NULL,'French S. Territories','2004100'),(1679,NULL,NULL,NULL,'Bahrain','2004100'),(1680,NULL,NULL,NULL,'Uganda','2004100'),(1681,NULL,NULL,NULL,'Montserrat','2004100'),(1682,NULL,NULL,NULL,'Luxembourg','2004100'),(1683,NULL,NULL,NULL,'Botswana','2004100'),(1684,NULL,NULL,NULL,'New Zealand','2004100'),(1685,NULL,NULL,NULL,'Germany','2004100'),(1686,NULL,NULL,NULL,'Portugal','2004100'),(1687,NULL,NULL,NULL,'Saint Kitts and Nevis','2004100'),(1688,NULL,NULL,NULL,'Ecuador','2004100'),(1689,NULL,NULL,NULL,'Greenland','2004100'),(1690,NULL,NULL,NULL,'United Arab Emirates','2004100'),(1691,NULL,NULL,NULL,'Tonga','2004100'),(1692,NULL,NULL,NULL,'India','2004100'),(1693,NULL,NULL,NULL,'Albania','2004100'),(1694,NULL,NULL,NULL,'Anguilla','2004100'),(1695,NULL,NULL,NULL,'Liberia','2004100'),(1696,NULL,NULL,NULL,'Maldives','2004100'),(1697,NULL,NULL,NULL,'Sweden','2004100'),(1698,NULL,NULL,NULL,'Uruguay','2004100'),(1699,NULL,NULL,NULL,'Vatican City State','2004100'),(1700,NULL,NULL,NULL,'Antigua and Barbuda','2004100'),(1701,NULL,NULL,NULL,'Thailand','2004100'),(1702,NULL,NULL,NULL,'Estonia','2004100'),(1703,NULL,NULL,NULL,'Tokelau','2004100'),(1704,NULL,NULL,NULL,'Ukraine','2004100'),(1705,NULL,NULL,NULL,'Laos','2004100'),(1706,NULL,NULL,NULL,'Chad','2004100'),(1707,NULL,NULL,NULL,'Syrian Arab Republic','2004100'),(1708,NULL,NULL,NULL,'Burundi','2004100'),(1709,NULL,NULL,NULL,'Uzbekistan','2004100'),(1710,NULL,NULL,NULL,'Yemen','2004100'),(1711,NULL,NULL,NULL,'Argentina','2004100'),(1712,NULL,NULL,NULL,'Hungary','2004100'),(1713,NULL,NULL,NULL,'Yugoslavia','2004100'),(1714,NULL,NULL,NULL,'Eritrea','2004100'),(1715,NULL,NULL,NULL,'Mayotte','2004100'),(1716,NULL,NULL,NULL,'Suriname','2004100'),(1717,NULL,NULL,NULL,'Ireland','2004100'),(1718,NULL,NULL,NULL,'Guam','2004100'),(1719,NULL,NULL,NULL,'Wallis And Futuna Islands','2004100'),(1720,NULL,NULL,NULL,'Morocco','2004100'),(1721,NULL,NULL,NULL,'Benin','2004100'),(1722,NULL,NULL,NULL,'Poland','2004100'),(1723,NULL,NULL,NULL,'Panama','2004100'),(1724,NULL,NULL,NULL,'Spain','2004100'),(1725,NULL,NULL,NULL,'French Polynesia','2004100'),(1726,NULL,NULL,NULL,'Korea','2004100'),(1727,NULL,NULL,NULL,'China','2004100'),(1728,NULL,NULL,NULL,'Iraq','2004100'),(1729,NULL,NULL,NULL,'Oman','2004100'),(1730,NULL,NULL,NULL,'Sri Lanka','2004100'),(1731,NULL,NULL,NULL,'Gambia','2004100'),(1732,NULL,NULL,NULL,'Brunei Darussalam','2004100'),(1733,NULL,NULL,NULL,'Cote D ivoire','2004100'),(1734,NULL,NULL,NULL,'Italy','2004100'),(1735,NULL,NULL,NULL,'Madagascar','2004100'),(1736,NULL,NULL,NULL,'Slovenia','2004100'),(1737,NULL,NULL,NULL,'Equatorial Guinea','2004100'),(1738,NULL,NULL,NULL,'Falkland Islands','2004100'),(1739,NULL,NULL,NULL,'Comoros','2004100'),(1740,NULL,NULL,NULL,'Honduras','2004100'),(1741,NULL,NULL,NULL,'Canada','2004100'),(1742,NULL,NULL,NULL,'United States','2004100'),(1743,NULL,NULL,NULL,'Brazil','2004100'),(1744,NULL,NULL,NULL,'Zimbabwe','2004100'),(1745,NULL,NULL,NULL,'Niger','2004100'),(1746,NULL,NULL,NULL,'Denmark','2004100'),(1747,NULL,NULL,NULL,'Georgia','2004100'),(1748,NULL,NULL,NULL,'Djibouti','2004100'),(1749,NULL,NULL,NULL,'Lithuania','2004100'),(1750,NULL,NULL,NULL,'Malta','2004100'),(1751,NULL,NULL,NULL,'New Mexico','2004200'),(1752,NULL,NULL,NULL,'Ohio','2004200'),(1753,NULL,NULL,NULL,'D.C.','2004200'),(1754,NULL,NULL,NULL,'Georgia','2004200'),(1755,NULL,NULL,NULL,'Idaho','2004200'),(1756,NULL,NULL,NULL,'Nebraska','2004200'),(1757,NULL,NULL,NULL,'Minnesota','2004200'),(1758,NULL,NULL,NULL,'Oklahoma','2004200'),(1759,NULL,NULL,NULL,'West Virginia','2004200'),(1760,NULL,NULL,NULL,'Maryland','2004200'),(1761,NULL,NULL,NULL,'Kansas','2004200'),(1762,NULL,NULL,NULL,'New Jersey','2004200'),(1763,NULL,NULL,NULL,'Vermont','2004200'),(1764,NULL,NULL,NULL,'Maine','2004200'),(1765,NULL,NULL,NULL,'Mississippi','2004200'),(1766,NULL,NULL,NULL,'Arkansas','2004200'),(1767,NULL,NULL,NULL,'Pennsylvania','2004200'),(1768,NULL,NULL,NULL,'Louisiana','2004200'),(1769,NULL,NULL,NULL,'Washington','2004200'),(1770,NULL,NULL,NULL,'Hawaii','2004200'),(1771,NULL,NULL,NULL,'Illinois','2004200'),(1772,NULL,NULL,NULL,'North Carolina','2004200'),(1773,NULL,NULL,NULL,'New Hampshire','2004200'),(1774,NULL,NULL,NULL,'Montana','2004200'),(1775,NULL,NULL,NULL,'Arizona','2004200'),(1776,NULL,NULL,NULL,'Connecticut','2004200'),(1777,NULL,NULL,NULL,'Other','2004200'),(1778,NULL,NULL,NULL,'Colorado','2004200'),(1779,NULL,NULL,NULL,'California','2004200'),(1780,NULL,NULL,NULL,'Florida','2004200'),(1781,NULL,NULL,NULL,'Virginia','2004200'),(1782,NULL,NULL,NULL,'Alaska','2004200'),(1783,NULL,NULL,NULL,'Wisconsin','2004200'),(1784,NULL,NULL,NULL,'Tennessee','2004200'),(1785,NULL,NULL,NULL,'Texas','2004200'),(1786,NULL,NULL,NULL,'Wyoming','2004200'),(1787,NULL,NULL,NULL,'Utah','2004200'),(1788,NULL,NULL,NULL,'Michigan','2004200'),(1789,NULL,NULL,NULL,'Nevada','2004200'),(1790,NULL,NULL,NULL,'Missouri','2004200'),(1791,NULL,NULL,NULL,'South Carolina','2004200'),(1792,NULL,NULL,NULL,'South Dakota','2004200'),(1793,NULL,NULL,NULL,'Massachusetts','2004200'),(1794,NULL,NULL,NULL,'Indiana','2004200'),(1795,NULL,NULL,NULL,'Iowa','2004200'),(1796,NULL,NULL,NULL,'Kentucky','2004200'),(1797,NULL,NULL,NULL,'Alabama','2004200'),(1798,NULL,NULL,NULL,'Delaware','2004200'),(1799,NULL,NULL,NULL,'Oregon','2004200'),(1800,NULL,NULL,NULL,'Rhode Island','2004200'),(1801,NULL,NULL,NULL,'North Dakota','2004200'),(1802,NULL,NULL,NULL,'New York','2004200'),(1803,NULL,NULL,NULL,'GERM CELL NEOPLASMS','Clinical_Diagnosis_PID'),(1804,NULL,NULL,1803,'Seminoma, NOS',NULL),(1805,NULL,NULL,1803,'Endodermal sinus tumor',NULL),(1806,NULL,NULL,1803,'Gonadoblastoma',NULL),(1807,NULL,NULL,1803,'Dysgerminoma',NULL),(1808,NULL,NULL,1803,'Mixed germ cell tumor',NULL),(1809,NULL,NULL,1803,'Malignant teratoma, intermediate',NULL),(1810,NULL,NULL,1803,'Teratoma, malignant, NOS',NULL),(1811,NULL,NULL,1803,'Struma ovarii, malignant',NULL),(1812,NULL,NULL,1803,'Struma ovarii, NOS',NULL),(1813,NULL,NULL,1803,'Teratoma with malignant transformation',NULL),(1814,NULL,NULL,1803,'Teratoma, benign',NULL),(1815,NULL,NULL,1803,'Polyembryoma',NULL),(1816,NULL,NULL,1803,'Dermoid cyst, NOS',NULL),(1817,NULL,NULL,1803,'Germinoma',NULL),(1818,NULL,NULL,1803,'Embryonal carcinoma, NOS',NULL),(1819,NULL,NULL,1803,'Malignant teratoma, undifferentiated',NULL),(1820,NULL,NULL,1803,'Seminoma, anaplastic',NULL),(1821,NULL,NULL,1803,'Spermatocytic seminoma',NULL),(1822,NULL,NULL,1803,'Teratoma, NOS',NULL),(1823,NULL,NULL,1803,'Strumal carcinoid',NULL),(1824,NULL,NULL,1803,'Teratocarcinoma',NULL),(1825,NULL,NULL,NULL,'LYMPHOSARCOMA CELL LEUKEMIA','Clinical_Diagnosis_PID'),(1826,NULL,NULL,NULL,'MONOCYTIC LEUKEMIAS','Clinical_Diagnosis_PID'),(1827,NULL,NULL,1826,'Acute monocytic leukemia',NULL),(1828,NULL,NULL,NULL,'FIBROMATOUS NEOPLASMS','Clinical_Diagnosis_PID'),(1829,NULL,NULL,1828,'Dermatofibroma, NOS',NULL),(1830,NULL,NULL,1828,'Dermatofibrosarcoma, NOS',NULL),(1831,NULL,NULL,1828,'Pigmented dermatofibrosarcoma protuberans',NULL),(1832,NULL,NULL,1828,'Periosteal fibrosarcoma',NULL),(1833,NULL,NULL,1828,'Fascial fibroma',NULL),(1834,NULL,NULL,1828,'Fibrous histiocytoma, NOS',NULL),(1835,NULL,NULL,1828,'Fibrosarcoma, NOS',NULL),(1836,NULL,NULL,1828,'Desmoplastic fibroma',NULL),(1837,NULL,NULL,1828,'Fibromyxoma',NULL),(1838,NULL,NULL,1828,'Aggressive fibromatosis',NULL),(1839,NULL,NULL,1828,'Myofibromatosis',NULL),(1840,NULL,NULL,1828,'Atypical fibrous histiocytoma',NULL),(1841,NULL,NULL,1828,'Fibromyxosarcoma',NULL),(1842,NULL,NULL,1828,'Infantile fibrosarcoma',NULL),(1843,NULL,NULL,1828,'Fascial fibrosarcoma',NULL),(1844,NULL,NULL,1828,'Elastofibroma',NULL),(1845,NULL,NULL,1828,'Fibrous histiocytoma, malignant',NULL),(1846,NULL,NULL,1828,'Periosteal fibroma',NULL),(1847,NULL,NULL,1828,'Fibroma, NOS',NULL),(1848,NULL,NULL,1828,'Abdominal fibromatosis',NULL),(1849,NULL,NULL,NULL,'PLASMA CELL TUMORS','Clinical_Diagnosis_PID'),(1850,NULL,NULL,1849,'Multiple myeloma',NULL),(1851,NULL,NULL,1849,'Plasmacytoma, NOS',NULL),(1852,NULL,NULL,NULL,'ODONTOGENIC TUMORS','Clinical_Diagnosis_PID'),(1853,NULL,NULL,1852,'Odontogenic tumor, malignant',NULL),(1854,NULL,NULL,1852,'Compound odontoma',NULL),(1855,NULL,NULL,1852,'Gigantiform cementoma',NULL),(1856,NULL,NULL,1852,'Ameloblastic fibrosarcoma',NULL),(1857,NULL,NULL,1852,'Ameloblastic fibro-odontoma',NULL),(1858,NULL,NULL,1852,'Odontoma, NOS',NULL),(1859,NULL,NULL,1852,'Central odontogenic fibroma',NULL),(1860,NULL,NULL,1852,'Ameloblastoma, malignant',NULL),(1861,NULL,NULL,1852,'Odontogenic tumor, benign',NULL),(1862,NULL,NULL,1852,'Odontogenic myxoma',NULL),(1863,NULL,NULL,1852,'Cementoma, NOS',NULL),(1864,NULL,NULL,1852,'Odontogenic tumor, NOS',NULL),(1865,NULL,NULL,1852,'Odontoameloblastoma',NULL),(1866,NULL,NULL,1852,'Cementifying fibroma',NULL),(1867,NULL,NULL,1852,'Cementoblastoma, benign',NULL),(1868,NULL,NULL,1852,'Odontogenic ghost cell tumor',NULL),(1869,NULL,NULL,1852,'Squamous odontogenic tumor',NULL),(1870,NULL,NULL,1852,'Adenomatoid odontogenic tumor',NULL),(1871,NULL,NULL,1852,'Ameloblastoma, NOS',NULL),(1872,NULL,NULL,1852,'Peripheral odontogenic fibroma',NULL),(1873,NULL,NULL,1852,'Calcifying odontogenic cyst',NULL),(1874,NULL,NULL,1852,'Ameloblastic fibroma',NULL),(1875,NULL,NULL,1852,'Complex odontoma',NULL),(1876,NULL,NULL,1852,'Calcifying epithelial odontogenic tumor',NULL),(1877,NULL,NULL,1852,'Dentinoma',NULL),(1878,NULL,NULL,1852,'Ameloblastic odontosarcoma',NULL),(1879,NULL,NULL,NULL,'ADNEXAL AND SKIN APPENDAGE NEOPLASMS','Clinical_Diagnosis_PID'),(1880,NULL,NULL,1879,'Skin appendage adenoma',NULL),(1881,NULL,NULL,1879,'Apocrine adenoma',NULL),(1882,NULL,NULL,1879,'Papillary hidradenoma',NULL),(1883,NULL,NULL,1879,'Eccrine acrospiroma',NULL),(1884,NULL,NULL,1879,'Eccrine spiradenoma',NULL),(1885,NULL,NULL,1879,'Sweat gland tumor, NOS',NULL),(1886,NULL,NULL,1879,'Papillary syringadenoma',NULL),(1887,NULL,NULL,1879,'Sweat gland adenocarcinoma',NULL),(1888,NULL,NULL,1879,'Sweat gland adenoma',NULL),(1889,NULL,NULL,1879,'Sebaceous adenocarcinoma',NULL),(1890,NULL,NULL,1879,'Sebaceous adenoma',NULL),(1891,NULL,NULL,1879,'Apocrine adenocarcinoma',NULL),(1892,NULL,NULL,1879,'Skin appendage carcinoma',NULL),(1893,NULL,NULL,1879,'Ceruminous adenoma',NULL),(1894,NULL,NULL,1879,'Hidrocystoma',NULL),(1895,NULL,NULL,1879,'Ceruminous adenocarcinoma',NULL),(1896,NULL,NULL,1879,'Syringoma, NOS',NULL),(1897,NULL,NULL,1879,'Eccrine papillary adenoma',NULL),(1898,NULL,NULL,NULL,'COMPLEX MIXED AND STROMAL NEOPLASMS','Clinical_Diagnosis_PID'),(1899,NULL,NULL,1898,'Carcinosarcoma, embryonal',NULL),(1900,NULL,NULL,1898,'Endometrial stromal nodule',NULL),(1901,NULL,NULL,1898,'Adenosarcoma',NULL),(1902,NULL,NULL,1898,'Mesodermal mixed tumor',NULL),(1903,NULL,NULL,1898,'Mesenchymoma, benign',NULL),(1904,NULL,NULL,1898,'Clear cell sarcoma of kidney',NULL),(1905,NULL,NULL,1898,'Embryonal sarcoma',NULL),(1906,NULL,NULL,1898,'Nephroblastoma, NOS',NULL),(1907,NULL,NULL,1898,'Mesenchymoma, NOS',NULL),(1908,NULL,NULL,1898,'Carcinoma in pleomorphic adenoma',NULL),(1909,NULL,NULL,1898,'Adenomyoma',NULL),(1910,NULL,NULL,1898,'Myoepithelioma',NULL),(1911,NULL,NULL,1898,'Endolymphatic stromal myosis',NULL),(1912,NULL,NULL,1898,'Mullerian mixed tumor',NULL),(1913,NULL,NULL,1898,'Carcinosarcoma, NOS',NULL),(1914,NULL,NULL,1898,'Mixed tumor, malignant, NOS',NULL),(1915,NULL,NULL,1898,'Mesoblastic nephroma',NULL),(1916,NULL,NULL,1898,'Mesenchymoma, malignant',NULL),(1917,NULL,NULL,1898,'Pleomorphic adenoma',NULL),(1918,NULL,NULL,1898,'Rhabdoid sarcoma',NULL),(1919,NULL,NULL,1898,'Hepatoblastoma',NULL),(1920,NULL,NULL,1898,'Pancreatoblastoma',NULL),(1921,NULL,NULL,1898,'Endometrial stromal sarcoma',NULL),(1922,NULL,NULL,1898,'Pulmonary blastoma',NULL),(1923,NULL,NULL,NULL,'NEVI AND MELANOMAS','Clinical_Diagnosis_PID'),(1924,NULL,NULL,1923,'Epithelioid and spindle cell nevus',NULL),(1925,NULL,NULL,1923,'Melanoma in situ',NULL),(1926,NULL,NULL,1923,'Dysplastic nevus',NULL),(1927,NULL,NULL,1923,'Spindle cell melanoma, NOS',NULL),(1928,NULL,NULL,1923,'Junctional nevus, NOS',NULL),(1929,NULL,NULL,1923,'Epithelioid cell nevus',NULL),(1930,NULL,NULL,1923,'Cellular blue nevus',NULL),(1931,NULL,NULL,1923,'Nonpigmented nevus',NULL),(1932,NULL,NULL,1923,'Giant pigmented nevus, NOS',NULL),(1933,NULL,NULL,1923,'Balloon cell melanoma',NULL),(1934,NULL,NULL,1923,'Fibrous papule of nose',NULL),(1935,NULL,NULL,1923,'Desmoplastic melanoma, malignant',NULL),(1936,NULL,NULL,1923,'Spindle cell nevus',NULL),(1937,NULL,NULL,1923,'Spindle cell melanoma, type A',NULL),(1938,NULL,NULL,1923,'Neuronevus',NULL),(1939,NULL,NULL,1923,'Acral lentiginous melanoma, malignant',NULL),(1940,NULL,NULL,1923,'Malignant melanoma, regressing',NULL),(1941,NULL,NULL,1923,'Nodular melanoma',NULL),(1942,NULL,NULL,1923,'Compound nevus',NULL),(1943,NULL,NULL,1923,'Spindle cell melanoma, type B',NULL),(1944,NULL,NULL,1923,'Pigmented nevus, NOS',NULL),(1945,NULL,NULL,1923,'Intradermal nevus',NULL),(1946,NULL,NULL,1923,'Mixed epithelioid and spindle cell melanoma',NULL),(1947,NULL,NULL,1923,'Epithelioid cell melanoma',NULL),(1948,NULL,NULL,1923,'Superficial spreading melanoma',NULL),(1949,NULL,NULL,1923,'Blue nevus, malignant',NULL),(1950,NULL,NULL,1923,'Amelanotic melanoma',NULL),(1951,NULL,NULL,1923,'Malignant melanoma in junctional nevus',NULL),(1952,NULL,NULL,1923,'Malignant melanoma in precancerous melanosis',NULL),(1953,NULL,NULL,1923,'Balloon cell nevus',NULL),(1954,NULL,NULL,1923,'Malignant melanoma, NOS',NULL),(1955,NULL,NULL,1923,'Blue nevus, NOS',NULL),(1956,NULL,NULL,1923,'Precancerous melanosis, NOS',NULL),(1957,NULL,NULL,1923,'Hutchinson\'s melanotic freckle, NOS',NULL),(1958,NULL,NULL,1923,'Malignant melanoma in giant pigmented nevus',NULL),(1959,NULL,NULL,1923,'Magnocellular nevus',NULL),(1960,NULL,NULL,1923,'Halo nevus',NULL),(1961,NULL,NULL,1923,'Malignant melanoma in Hutchinson\'s melanotic freckle',NULL),(1962,NULL,NULL,NULL,'SPECIFIED CUTANEOUS AND PERIPHERAL T-CELL LYMPHOMAS','Clinical_Diagnosis_PID'),(1963,NULL,NULL,1962,'Peripheral T-cell lymphoma, AILD (Angioimmunoblastic Lymphadenopathy with',NULL),(1964,NULL,NULL,1962,'Sezary\'s disease',NULL),(1965,NULL,NULL,1962,'Mycosis fungoides',NULL),(1966,NULL,NULL,1962,'Peripheral T-cell lymphoma, NOS',NULL),(1967,NULL,NULL,1962,'Cutaneous lymphoma',NULL),(1968,NULL,NULL,NULL,'BLOOD VESSEL TUMORS','Clinical_Diagnosis_PID'),(1969,NULL,NULL,1968,'Hemangiosarcoma',NULL),(1970,NULL,NULL,1968,'Hemangioblastoma',NULL),(1971,NULL,NULL,1968,'Intramuscular hemangioma',NULL),(1972,NULL,NULL,1968,'Epithelioid hemangioendothelioma, malignant',NULL),(1973,NULL,NULL,1968,'Racemose hemangioma',NULL),(1974,NULL,NULL,1968,'Hemangiopericytoma, NOS',NULL),(1975,NULL,NULL,1968,'Hemangioma, NOS',NULL),(1976,NULL,NULL,1968,'Kupffer cell sarcoma',NULL),(1977,NULL,NULL,1968,'Verrucous keratotic hemangioma',NULL),(1978,NULL,NULL,1968,'Hemangiopericytoma, benign',NULL),(1979,NULL,NULL,1968,'Angiokeratoma',NULL),(1980,NULL,NULL,1968,'Kaposi\'s sarcoma',NULL),(1981,NULL,NULL,1968,'Epithelioid hemangioma',NULL),(1982,NULL,NULL,1968,'Hemangiopericytoma, malignant',NULL),(1983,NULL,NULL,1968,'Hemangioendothelioma, NOS',NULL),(1984,NULL,NULL,1968,'Capillary hemangioma',NULL),(1985,NULL,NULL,1968,'Venous hemangioma',NULL),(1986,NULL,NULL,1968,'Hemangioendothelioma, malignant',NULL),(1987,NULL,NULL,1968,'Cavernous hemangioma',NULL),(1988,NULL,NULL,1968,'Hemangioendothelioma, benign',NULL),(1989,NULL,NULL,1968,'Epithelioid hemangioendothelioma, NOS',NULL),(1990,NULL,NULL,NULL,'MYELOID (GRANULOCYTIC) LEUKEMIAS','Clinical_Diagnosis_PID'),(1991,NULL,NULL,1990,'Chronic myelomonocytic leukemia',NULL),(1992,NULL,NULL,1990,'Acute myelomonocytic leukemia',NULL),(1993,NULL,NULL,1990,'Chronic myeloid leukemia',NULL),(1994,NULL,NULL,1990,'Acute promyelocytic leukemia',NULL),(1995,NULL,NULL,1990,'Acute myeloid leukemia',NULL),(1996,NULL,NULL,1990,'Myeloid leukemia, NOS',NULL),(1997,NULL,NULL,NULL,'LEUKEMIAS, NOS','Clinical_Diagnosis_PID'),(1998,NULL,NULL,1997,'Leukemia, NOS',NULL),(1999,NULL,NULL,1997,'Acute leukemia, NOS',NULL),(2000,NULL,NULL,1997,'Chronic leukemia, NOS',NULL),(2001,NULL,NULL,NULL,'ACINAR CELL NEOPLASMS','Clinical_Diagnosis_PID'),(2002,NULL,NULL,2001,'Acinar cell tumor',NULL),(2003,NULL,NULL,2001,'Acinar cell adenoma',NULL),(2004,NULL,NULL,2001,'Acinar cell carcinoma',NULL),(2005,NULL,NULL,NULL,'OTHER SPECIFIED NON-HODGKIN\'S LYMPHOMAS','Clinical_Diagnosis_PID'),(2006,NULL,NULL,2005,'Angiocentric T-cell lymphoma',NULL),(2007,NULL,NULL,2005,'Monocytoid B-cell lymphoma',NULL),(2008,NULL,NULL,2005,'Large cell (Ki-1+) lymphoma',NULL),(2009,NULL,NULL,NULL,'HODGKIN\'S DISEASE','Clinical_Diagnosis_PID'),(2010,NULL,NULL,2009,'Hodgkin\'s granuloma',NULL),(2011,NULL,NULL,2009,'Hodgkin\'s disease, nodular sclerosis, cellular phase',NULL),(2012,NULL,NULL,2009,'Hodgkin\'s disease, lymphocytic predominance, nodular',NULL),(2013,NULL,NULL,2009,'Hodgkin\'s disease, lymphocytic depletion, reticular',NULL),(2014,NULL,NULL,2009,'Hodgkin\'s disease, lymphocytic depletion, NOS',NULL),(2015,NULL,NULL,2009,'Hodgkin\'s disease, mixed cellularity, NOS',NULL),(2016,NULL,NULL,2009,'Hodgkin\'s sarcoma',NULL),(2017,NULL,NULL,2009,'Hodgkin\'s disease, nodular sclerosis, lymphocytic predominance',NULL),(2018,NULL,NULL,2009,'Hodgkin\'s disease, nodular sclerosis, lymphocytic depletion',NULL),(2019,NULL,NULL,2009,'Hodgkin\'s disease, NOS',NULL),(2020,NULL,NULL,2009,'Hodgkin\'s disease, lymphocytic depletion, diffuse fibrosis',NULL),(2021,NULL,NULL,2009,'Hodgkin\'s disease, lymphocytic predominance, NOS',NULL),(2022,NULL,NULL,2009,'Hodgkin\'s disease, nodular sclerosis, NOS',NULL),(2023,NULL,NULL,NULL,'SQUAMOUS CELL NEOPLASMS','Clinical_Diagnosis_PID'),(2024,NULL,NULL,2023,'Adenoid squamous cell carcinoma',NULL),(2025,NULL,NULL,2023,'Papilloma, NOS (except Papilloma of bladder M-8120/1)',NULL),(2026,NULL,NULL,2023,'Lymphoepithelial carcinoma',NULL),(2027,NULL,NULL,2023,'Papillary squamous cell carcinoma',NULL),(2028,NULL,NULL,2023,'Inverted papilloma',NULL),(2029,NULL,NULL,2023,'Squamous cell papilloma',NULL),(2030,NULL,NULL,2023,'Squamous cell carcinoma, large cell, nonkeratinizing',NULL),(2031,NULL,NULL,2023,'Papillary carcinoma in situ',NULL),(2032,NULL,NULL,2023,'Verrucous papilloma',NULL),(2033,NULL,NULL,2023,'Bowen\'s disease',NULL),(2034,NULL,NULL,2023,'Squamous cell carcinoma, NOS',NULL),(2035,NULL,NULL,2023,'Intraepithelial neoplasia, grade III, of cervix, vulva and vagina (See Introduction, page xxix)',NULL),(2036,NULL,NULL,2023,'Verrucous carcinoma, NOS',NULL),(2037,NULL,NULL,2023,'Papillary carcinoma, NOS',NULL),(2038,NULL,NULL,2023,'Squamous cell carcinoma in situ, NOS',NULL),(2039,NULL,NULL,2023,'Squamous cell carcinoma in situ with questionable stromal invasion',NULL),(2040,NULL,NULL,2023,'Squamous cell carcinoma, spindle cell',NULL),(2041,NULL,NULL,2023,'Squamous cell carcinoma, small cell, nonkeratinizing',NULL),(2042,NULL,NULL,2023,'Squamous cell carcinoma, metastatic, NOS',NULL),(2043,NULL,NULL,2023,'Papillomatosis, NOS',NULL),(2044,NULL,NULL,2023,'Queyrat\'s erythroplasia',NULL),(2045,NULL,NULL,2023,'Squamous cell carcinoma, keratinizing, NOS',NULL),(2046,NULL,NULL,2023,'Squamous cell carcinoma, microinvasive',NULL),(2047,NULL,NULL,NULL,'MALIGNANT LYMPHOMA, NOS, OR DIFFUSE','Clinical_Diagnosis_PID'),(2048,NULL,NULL,2047,'Malignant lymphoma, non-Hodgkin\'s, NOS',NULL),(2049,NULL,NULL,2047,'Malignant lymphoma, NOS',NULL),(2050,NULL,NULL,NULL,'IMMUNOPROLIFERATIVE DISEASES','Clinical_Diagnosis_PID'),(2051,NULL,NULL,2050,'Angiocentric immunoproliferative lesion',NULL),(2052,NULL,NULL,2050,'Monoclonal gammopathy',NULL),(2053,NULL,NULL,2050,'Waldenstrom\'s macroglobulinemia',NULL),(2054,NULL,NULL,2050,'T-gamma lymphoproliferative disease',NULL),(2055,NULL,NULL,2050,'Angioimmunoblastic lymphadenopathy',NULL),(2056,NULL,NULL,2050,'Immunoproliferative small intestinal disease',NULL),(2057,NULL,NULL,2050,'Immunoproliferative disease, NOS',NULL),(2058,NULL,NULL,2050,'Alpha heavy chain disease',NULL),(2059,NULL,NULL,NULL,'SYNOVIAL-LIKE NEOPLASMS','Clinical_Diagnosis_PID'),(2060,NULL,NULL,2059,'Synovial sarcoma, epithelioid cell',NULL),(2061,NULL,NULL,2059,'Clear cell sarcoma (except of Kidney M-8964/3)',NULL),(2062,NULL,NULL,2059,'Synovial sarcoma, NOS',NULL),(2063,NULL,NULL,2059,'Synovial sarcoma, biphasic',NULL),(2064,NULL,NULL,2059,'Synovial sarcoma, spindle cell',NULL),(2065,NULL,NULL,2059,'Synovioma, benign',NULL),(2066,NULL,NULL,NULL,'CYSTIC, MUCINOUS AND SEROUS NEOPLASMS','Clinical_Diagnosis_PID'),(2067,NULL,NULL,2066,'Papillary serous cystadenocarcinoma',NULL),(2068,NULL,NULL,2066,'Mucinous cystadenoma, borderline malignancy',NULL),(2069,NULL,NULL,2066,'Papillary serous cystadenoma, borderline malignancy',NULL),(2070,NULL,NULL,2066,'Papillary mucinous cystadenoma, NOS',NULL),(2071,NULL,NULL,2066,'Serous surface papillary carcinoma',NULL),(2072,NULL,NULL,2066,'Cystadenoma, NOS',NULL),(2073,NULL,NULL,2066,'Papillary mucinous cystadenoma, borderline malignancy',NULL),(2074,NULL,NULL,2066,'Mucinous cystadenocarcinoma, NOS',NULL),(2075,NULL,NULL,2066,'Signet ring cell carcinoma',NULL),(2076,NULL,NULL,2066,'Pseudomyxoma peritonei',NULL),(2077,NULL,NULL,2066,'Mucinous cystadenoma, NOS',NULL),(2078,NULL,NULL,2066,'Serous cystadenoma, borderline malignancy',NULL),(2079,NULL,NULL,2066,'Metastatic signet ring cell carcinoma',NULL),(2080,NULL,NULL,2066,'Mucinous adenocarcinoma',NULL),(2081,NULL,NULL,2066,'Papillary serous cystadenoma, NOS',NULL),(2082,NULL,NULL,2066,'Papillary cystic tumor',NULL),(2083,NULL,NULL,2066,'Papillary cystadenoma, borderline malignancy',NULL),(2084,NULL,NULL,2066,'Cystadenocarcinoma, NOS',NULL),(2085,NULL,NULL,2066,'Serous cystadenoma, NOS',NULL),(2086,NULL,NULL,2066,'Papillary cystadenocarcinoma, NOS',NULL),(2087,NULL,NULL,2066,'Mucin-producing adenocarcinoma',NULL),(2088,NULL,NULL,2066,'Serous cystadenocarcinoma, NOS',NULL),(2089,NULL,NULL,2066,'Papillary cystadenoma, NOS',NULL),(2090,NULL,NULL,2066,'Papillary mucinous cystadenocarcinoma',NULL),(2091,NULL,NULL,2066,'Mucinous adenoma',NULL),(2092,NULL,NULL,2066,'Serous surface papilloma',NULL),(2093,NULL,NULL,NULL,'FIBROEPITHELIAL NEOPLASMS','Clinical_Diagnosis_PID'),(2094,NULL,NULL,2093,'Phyllodes tumor, malignant',NULL),(2095,NULL,NULL,2093,'Giant fibroadenoma',NULL),(2096,NULL,NULL,2093,'Fibroadenoma, NOS',NULL),(2097,NULL,NULL,2093,'Phyllodes tumor, benign',NULL),(2098,NULL,NULL,2093,'Brenner tumor, malignant',NULL),(2099,NULL,NULL,2093,'Mucinous adenofibroma',NULL),(2100,NULL,NULL,2093,'Intracanalicular fibroadenoma',NULL),(2101,NULL,NULL,2093,'Brenner tumor, borderline malignancy',NULL),(2102,NULL,NULL,2093,'Phyllodes tumor, NOS',NULL),(2103,NULL,NULL,2093,'Brenner tumor, NOS',NULL),(2104,NULL,NULL,2093,'Pericanalicular fibroadenoma',NULL),(2105,NULL,NULL,2093,'Adenofibroma, NOS',NULL),(2106,NULL,NULL,2093,'Serous adenofibroma',NULL),(2107,NULL,NULL,2093,'Juvenile fibroadenoma',NULL),(2108,NULL,NULL,NULL,'MUCOEPIDERMOID NEOPLASMS','Clinical_Diagnosis_PID'),(2109,NULL,NULL,2108,'Mucoepidermoid tumor',NULL),(2110,NULL,NULL,2108,'Mucoepidermoid carcinoma',NULL),(2111,NULL,NULL,NULL,'LIPOMATOUS NEOPLASMS','Clinical_Diagnosis_PID'),(2112,NULL,NULL,2111,'Pleomorphic liposarcoma',NULL),(2113,NULL,NULL,2111,'Myxoid liposarcoma',NULL),(2114,NULL,NULL,2111,'Liposarcoma, well differentiated',NULL),(2115,NULL,NULL,2111,'Mixed liposarcoma',NULL),(2116,NULL,NULL,2111,'Hibernoma',NULL),(2117,NULL,NULL,2111,'Fibromyxolipoma',NULL),(2118,NULL,NULL,2111,'Round cell liposarcoma',NULL),(2119,NULL,NULL,2111,'Dedifferentiated liposarcoma',NULL),(2120,NULL,NULL,2111,'Liposarcoma, NOS',NULL),(2121,NULL,NULL,2111,'Lipoma, NOS',NULL),(2122,NULL,NULL,2111,'Lipoblastomatosis',NULL),(2123,NULL,NULL,2111,'Angiolipoma, NOS',NULL),(2124,NULL,NULL,2111,'Fibrolipoma',NULL),(2125,NULL,NULL,2111,'Pleomorphic lipoma',NULL),(2126,NULL,NULL,2111,'Intramuscular lipoma',NULL),(2127,NULL,NULL,2111,'Angiomyolipoma',NULL),(2128,NULL,NULL,2111,'Spindle cell lipoma',NULL),(2129,NULL,NULL,2111,'Myelolipoma',NULL),(2130,NULL,NULL,NULL,'GIANT CELL TUMORS','Clinical_Diagnosis_PID'),(2131,NULL,NULL,2130,'Giant cell tumor of bone, NOS',NULL),(2132,NULL,NULL,2130,'Giant cell tumor of soft parts, NOS',NULL),(2133,NULL,NULL,2130,'Malignant giant cell tumor of soft parts',NULL),(2134,NULL,NULL,2130,'Giant cell tumor of bone, malignant',NULL),(2135,NULL,NULL,NULL,'MALIGNANT LYMPHOMA SPECIFIED TYPE, DIFFUSE OR NOS','Clinical_Diagnosis_PID'),(2136,NULL,NULL,2135,'Malignant lymphoma, immunoblastic, NOS',NULL),(2137,NULL,NULL,2135,'Malignant lymphoma, lymphoplasmacytic',NULL),(2138,NULL,NULL,2135,'Burkitt\'s lymphoma, NOS',NULL),(2139,NULL,NULL,2135,'Malignant lymphoma, large cell, diffuse, NOS',NULL),(2140,NULL,NULL,2135,'Malignant lymphoma, lymphoblastic',NULL),(2141,NULL,NULL,2135,'Malignant lymphoma, mixed small and large cell, diffuse',NULL),(2142,NULL,NULL,2135,'Malignant lymphoma, lymphocytic, intermediate differentiation, diffuse',NULL),(2143,NULL,NULL,2135,'Malignant lymphoma, small lymphocytic, NOS',NULL),(2144,NULL,NULL,NULL,'COMPLEX EPITHELIAL NEOPLASMS','Clinical_Diagnosis_PID'),(2145,NULL,NULL,2144,'Adenocarcinoma with squamous metaplasia',NULL),(2146,NULL,NULL,2144,'Epithelial-myoepithelial carcinoma',NULL),(2147,NULL,NULL,2144,'Adenocarcinoma with apocrine metaplasia',NULL),(2148,NULL,NULL,2144,'Thymoma, malignant',NULL),(2149,NULL,NULL,2144,'Adenosquamous carcinoma',NULL),(2150,NULL,NULL,2144,'Thymoma, benign',NULL),(2151,NULL,NULL,2144,'Adenolymphoma',NULL),(2152,NULL,NULL,2144,'Adenocarcinoma with spindle cell metaplasia',NULL),(2153,NULL,NULL,2144,'Adenocarcinoma with cartilaginous and osseous metaplasia',NULL),(2154,NULL,NULL,NULL,'EOSINOPHILIC LEUKEMIA','Clinical_Diagnosis_PID'),(2155,NULL,NULL,NULL,'SOFT TISSUE TUMORS AND SARCOMAS, NOS','Clinical_Diagnosis_PID'),(2156,NULL,NULL,2155,'Small cell sarcoma',NULL),(2157,NULL,NULL,2155,'Soft tissue tumor, benign',NULL),(2158,NULL,NULL,2155,'Giant cell sarcoma (except of Bone M-9250/3)',NULL),(2159,NULL,NULL,2155,'Spindle cell sarcoma',NULL),(2160,NULL,NULL,2155,'Sarcoma, NOS',NULL),(2161,NULL,NULL,2155,'Sarcomatosis, NOS',NULL),(2162,NULL,NULL,2155,'Epithelioid sarcoma',NULL),(2163,NULL,NULL,NULL,'LYMPHATIC VESSEL TUMORS','Clinical_Diagnosis_PID'),(2164,NULL,NULL,2163,'Lymphangiomyoma',NULL),(2165,NULL,NULL,2163,'Cystic lymphangioma',NULL),(2166,NULL,NULL,2163,'Lymphangioma, NOS',NULL),(2167,NULL,NULL,2163,'Hemolymphangioma',NULL),(2168,NULL,NULL,2163,'Cavernous lymphangioma',NULL),(2169,NULL,NULL,2163,'Capillary lymphangioma',NULL),(2170,NULL,NULL,2163,'Lymphangiosarcoma',NULL),(2171,NULL,NULL,2163,'Lymphangiomyomatosis',NULL),(2172,NULL,NULL,NULL,'OTHER LEUKEMIAS','Clinical_Diagnosis_PID'),(2173,NULL,NULL,2172,'Acute megakaryoblastic leukemia',NULL),(2174,NULL,NULL,2172,'Mast cell leukemia',NULL),(2175,NULL,NULL,2172,'Acute panmyelosis',NULL),(2176,NULL,NULL,2172,'Hairy cell leukemia',NULL),(2177,NULL,NULL,2172,'Myeloid sarcoma',NULL),(2178,NULL,NULL,NULL,'MISCELLANEOUS BONE TUMORS','Clinical_Diagnosis_PID'),(2179,NULL,NULL,2178,'Adamantinoma of long bones',NULL),(2180,NULL,NULL,2178,'Ewing\'s sarcoma',NULL),(2181,NULL,NULL,2178,'Ossifying fibroma',NULL),(2182,NULL,NULL,NULL,'DUCTAL, LOBULAR AND MEDULLARY NEOPLASMS','Clinical_Diagnosis_PID'),(2183,NULL,NULL,2182,'Infiltrating duct carcinoma',NULL),(2184,NULL,NULL,2182,'Juvenile carcinoma of breast',NULL),(2185,NULL,NULL,2182,'Intraductal carcinoma and lobular carcinoma in situ',NULL),(2186,NULL,NULL,2182,'Paget\'s disease and intraductal carcinoma of breast',NULL),(2187,NULL,NULL,2182,'Intracystic carcinoma, NOS',NULL),(2188,NULL,NULL,2182,'Intraductal papillary adenocarcinoma with invasion',NULL),(2189,NULL,NULL,2182,'Medullary carcinoma with lymphoid stroma',NULL),(2190,NULL,NULL,2182,'Infiltrating duct and lobular carcinoma',NULL),(2191,NULL,NULL,2182,'Medullary carcinoma with amyloid stroma',NULL),(2192,NULL,NULL,2182,'Medullary carcinoma, NOS',NULL),(2193,NULL,NULL,2182,'Lobular carcinoma in situ',NULL),(2194,NULL,NULL,2182,'Comedocarcinoma, noninfiltrating',NULL),(2195,NULL,NULL,2182,'Inflammatory carcinoma',NULL),(2196,NULL,NULL,2182,'Intracystic papillary adenoma',NULL),(2197,NULL,NULL,2182,'Adenoma of nipple',NULL),(2198,NULL,NULL,2182,'Infiltrating ductular carcinoma',NULL),(2199,NULL,NULL,2182,'Paget\'s disease and infiltrating duct carcinoma of breast',NULL),(2200,NULL,NULL,2182,'Intraductal papillomatosis, NOS',NULL),(2201,NULL,NULL,2182,'Paget\'s disease, mammary',NULL),(2202,NULL,NULL,2182,'Lobular carcinoma, NOS',NULL),(2203,NULL,NULL,2182,'Noninfiltrating intracystic carcinoma',NULL),(2204,NULL,NULL,2182,'Intraductal papilloma',NULL),(2205,NULL,NULL,2182,'Intraductal carcinoma, noninfiltrating, NOS',NULL),(2206,NULL,NULL,2182,'Paget\'s disease, extramammary (except Paget\'s disease of bone)',NULL),(2207,NULL,NULL,2182,'Noninfiltrating intraductal papillary adenocarcinoma',NULL),(2208,NULL,NULL,2182,'Comedocarcinoma, NOS',NULL),(2209,NULL,NULL,NULL,'MISCELLANEOUS MYELOPROLIFERATIVE AND LYMPHOPROLIFERATIVE DISORDERS','Clinical_Diagnosis_PID'),(2210,NULL,NULL,2209,'Chronic myeloproliferative disease',NULL),(2211,NULL,NULL,2209,'Idiopathic thrombocythemia',NULL),(2212,NULL,NULL,2209,'Myelosclerosis with myeloid metaplasia',NULL),(2213,NULL,NULL,2209,'Lymphoproliferative disease, NOS',NULL),(2214,NULL,NULL,NULL,'MENINGIOMAS','Clinical_Diagnosis_PID'),(2215,NULL,NULL,2214,'Meningotheliomatous meningioma',NULL),(2216,NULL,NULL,2214,'Hemangioblastic meningioma',NULL),(2217,NULL,NULL,2214,'Meningioma, malignant',NULL),(2218,NULL,NULL,2214,'Meningiomatosis, NOS',NULL),(2219,NULL,NULL,2214,'Angiomatous meningioma',NULL),(2220,NULL,NULL,2214,'Psammomatous meningioma',NULL),(2221,NULL,NULL,2214,'Meningeal sarcomatosis',NULL),(2222,NULL,NULL,2214,'Fibrous meningioma',NULL),(2223,NULL,NULL,2214,'Meningioma, NOS',NULL),(2224,NULL,NULL,2214,'Transitional meningioma',NULL),(2225,NULL,NULL,2214,'Papillary meningioma',NULL),(2226,NULL,NULL,NULL,'OTHER LYMPHORETICULAR NEOPLASMS','Clinical_Diagnosis_PID'),(2227,NULL,NULL,2226,'Letterer-Siwe\'s disease',NULL),(2228,NULL,NULL,2226,'True histiocytic lymphoma',NULL),(2229,NULL,NULL,2226,'Malignant histiocytosis',NULL),(2230,NULL,NULL,NULL,'MYOMATOUS NEOPLASMS','Clinical_Diagnosis_PID'),(2231,NULL,NULL,2230,'Embryonal rhabdomyosarcoma',NULL),(2232,NULL,NULL,2230,'Angiomyoma',NULL),(2233,NULL,NULL,2230,'Rhabdomyoma, NOS',NULL),(2234,NULL,NULL,2230,'Bizarre leiomyoma',NULL),(2235,NULL,NULL,2230,'Angiomyosarcoma',NULL),(2236,NULL,NULL,2230,'Myoma',NULL),(2237,NULL,NULL,2230,'Pleomorphic rhabdomyosarcoma',NULL),(2238,NULL,NULL,2230,'Leiomyosarcoma, NOS',NULL),(2239,NULL,NULL,2230,'Alveolar rhabdomyosarcoma',NULL),(2240,NULL,NULL,2230,'Leiomyoma, NOS',NULL),(2241,NULL,NULL,2230,'Cellular leiomyoma',NULL),(2242,NULL,NULL,2230,'Mixed type rhabdomyosarcoma',NULL),(2243,NULL,NULL,2230,'Epithelioid leiomyoma',NULL),(2244,NULL,NULL,2230,'Adult rhabdomyoma',NULL),(2245,NULL,NULL,2230,'Leiomyomatosis, NOS',NULL),(2246,NULL,NULL,2230,'Smooth muscle tumor, NOS',NULL),(2247,NULL,NULL,2230,'Myosarcoma',NULL),(2248,NULL,NULL,2230,'Rhabdomyosarcoma, NOS',NULL),(2249,NULL,NULL,2230,'Epithelioid leiomyosarcoma',NULL),(2250,NULL,NULL,2230,'Myxoid leiomyosarcoma',NULL),(2251,NULL,NULL,2230,'Fetal rhabdomyoma',NULL),(2252,NULL,NULL,NULL,'PARAGANGLIOMAS AND GLOMUS TUMORS','Clinical_Diagnosis_PID'),(2253,NULL,NULL,2252,'Parasympathetic paraganglioma',NULL),(2254,NULL,NULL,2252,'Paraganglioma, NOS',NULL),(2255,NULL,NULL,2252,'Carotid body tumor',NULL),(2256,NULL,NULL,2252,'Pheochromocytoma, NOS',NULL),(2257,NULL,NULL,2252,'Glomus tumor',NULL),(2258,NULL,NULL,2252,'Pheochromocytoma, malignant',NULL),(2259,NULL,NULL,2252,'Paraganglioma, malignant',NULL),(2260,NULL,NULL,2252,'Extra-adrenal paraganglioma, NOS',NULL),(2261,NULL,NULL,2252,'Glomangioma',NULL),(2262,NULL,NULL,2252,'Glomangiomyoma',NULL),(2263,NULL,NULL,2252,'Aortic body tumor',NULL),(2264,NULL,NULL,2252,'Extra-adrenal paraganglioma, malignant',NULL),(2265,NULL,NULL,2252,'Gangliocytic paraganglioma',NULL),(2266,NULL,NULL,2252,'Sympathetic paraganglioma',NULL),(2267,NULL,NULL,2252,'Glomus jugulare tumor',NULL),(2268,NULL,NULL,2252,'Glomangiosarcoma',NULL),(2269,NULL,NULL,NULL,'TRANSITIONAL CELL PAPILLOMAS AND CARCINOMAS','Clinical_Diagnosis_PID'),(2270,NULL,NULL,2269,'Basaloid carcinoma',NULL),(2271,NULL,NULL,2269,'Transitional cell carcinoma, NOS',NULL),(2272,NULL,NULL,2269,'Urothelial papilloma',NULL),(2273,NULL,NULL,2269,'Transitional cell papilloma, inverted',NULL),(2274,NULL,NULL,2269,'Papillary transitional cell carcinoma',NULL),(2275,NULL,NULL,2269,'Schneiderian papilloma',NULL),(2276,NULL,NULL,2269,'Transitional cell papilloma, NOS',NULL),(2277,NULL,NULL,2269,'Transitional cell carcinoma, spindle cell',NULL),(2278,NULL,NULL,2269,'Cloacogenic carcinoma',NULL),(2279,NULL,NULL,2269,'Schneiderian carcinoma',NULL),(2280,NULL,NULL,2269,'Transitional cell carcinoma in situ',NULL),(2281,NULL,NULL,NULL,'ADENOMAS AND ADENOCARCINOMAS','Clinical_Diagnosis_PID'),(2282,NULL,NULL,2281,'Mixed acidophil-basophil carcinoma',NULL),(2283,NULL,NULL,2281,'Adenoid cystic carcinoma',NULL),(2284,NULL,NULL,2281,'Adenomatous polyposis coli',NULL),(2285,NULL,NULL,2281,'Islet cell adenoma',NULL),(2286,NULL,NULL,2281,'Hypernephroid tumor',NULL),(2287,NULL,NULL,2281,'Adenocarcinoma, intestinal type',NULL),(2288,NULL,NULL,2281,'Cribriform carcinoma',NULL),(2289,NULL,NULL,2281,'Superficial spreading adenocarcinoma',NULL),(2290,NULL,NULL,2281,'Clear cell adenofibroma',NULL),(2291,NULL,NULL,2281,'Alveolar adenoma',NULL),(2292,NULL,NULL,2281,'Basophil adenoma',NULL),(2293,NULL,NULL,2281,'Adenocarcinoma in tubulovillous adenoma',NULL),(2294,NULL,NULL,2281,'Renal cell carcinoma',NULL),(2295,NULL,NULL,2281,'Neuroendocrine carcinoma',NULL),(2296,NULL,NULL,2281,'Adenocarcinoma in situ, NOS',NULL),(2297,NULL,NULL,2281,'Adenomatous polyp, NOS',NULL),(2298,NULL,NULL,2281,'Pulmonary adenomatosis',NULL),(2299,NULL,NULL,2281,'Apudoma',NULL),(2300,NULL,NULL,2281,'Vipoma',NULL),(2301,NULL,NULL,2281,'Adenocarcinoma, NOS',NULL),(2302,NULL,NULL,2281,'Hepatocellular carcinoma, fibrolamellar',NULL),(2303,NULL,NULL,2281,'Glycogen-rich carcinoma',NULL),(2304,NULL,NULL,2281,'Papillary adenoma, NOS',NULL),(2305,NULL,NULL,2281,'Linitis plastica',NULL),(2306,NULL,NULL,2281,'Tubular adenoma, NOS',NULL),(2307,NULL,NULL,2281,'Tubular adenocarcinoma',NULL),(2308,NULL,NULL,2281,'Goblet cell carcinoid',NULL),(2309,NULL,NULL,2281,'Oxyphilic adenocarcinoma',NULL),(2310,NULL,NULL,2281,'Bile duct adenoma',NULL),(2311,NULL,NULL,2281,'Hepatocellular carcinoma, NOS',NULL),(2312,NULL,NULL,2281,'Acidophil adenoma',NULL),(2313,NULL,NULL,2281,'Adenocarcinoma, metastatic, NOS',NULL),(2314,NULL,NULL,2281,'Basal cell adenocarcinoma',NULL),(2315,NULL,NULL,2281,'Tubulovillous adenoma, NOS',NULL),(2316,NULL,NULL,2281,'Gastrinoma, NOS',NULL),(2317,NULL,NULL,2281,'Islet cell carcinoma',NULL),(2318,NULL,NULL,2281,'Basal cell adenoma',NULL),(2319,NULL,NULL,2281,'Mixed acidophil-basophil adenoma',NULL),(2320,NULL,NULL,2281,'Insulinoma, NOS',NULL),(2321,NULL,NULL,2281,'Gastrinoma, malignant',NULL),(2322,NULL,NULL,2281,'Glucagonoma, NOS',NULL),(2323,NULL,NULL,2281,'Trabecular adenoma',NULL),(2324,NULL,NULL,2281,'Microcystic adenoma',NULL),(2325,NULL,NULL,2281,'Alveolar adenocarcinoma',NULL),(2326,NULL,NULL,2281,'Carcinoid tumor, argentaffin, malignant',NULL),(2327,NULL,NULL,2281,'Adenocarcinoma in adenomatous polyposis coli',NULL),(2328,NULL,NULL,2281,'Adenocarcinoma in situ in villous adenoma',NULL),(2329,NULL,NULL,2281,'Clear cell adenocarcinoma, NOS',NULL),(2330,NULL,NULL,2281,'Eccrine dermal cylindroma',NULL),(2331,NULL,NULL,2281,'Papillary adenocarcinoma, NOS',NULL),(2332,NULL,NULL,2281,'Cholangiocarcinoma',NULL),(2333,NULL,NULL,2281,'Adenocarcinoma in situ in adenomatous polyp',NULL),(2334,NULL,NULL,2281,'Merkel cell carcinoma',NULL),(2335,NULL,NULL,2281,'Adenocarcinoma in multiple adenomatous polyps',NULL),(2336,NULL,NULL,2281,'Prolactinoma',NULL),(2337,NULL,NULL,2281,'Adenocarcinoma in villous adenoma',NULL),(2338,NULL,NULL,2281,'Klatskin\'s tumor',NULL),(2339,NULL,NULL,2281,'Scirrhous adenocarcinoma',NULL),(2340,NULL,NULL,2281,'Clear cell adenoma',NULL),(2341,NULL,NULL,2281,'Chromophobe adenoma',NULL),(2342,NULL,NULL,2281,'Carcinoma simplex',NULL),(2343,NULL,NULL,2281,'Oxyphilic adenoma',NULL),(2344,NULL,NULL,2281,'Lipid-rich carcinoma',NULL),(2345,NULL,NULL,2281,'Monomorphic adenoma',NULL),(2346,NULL,NULL,2281,'Adenocarcinoma in adenomatous polyp',NULL),(2347,NULL,NULL,2281,'Multiple adenomatous polyps',NULL),(2348,NULL,NULL,2281,'Bile duct cystadenoma',NULL),(2349,NULL,NULL,2281,'Acidophil carcinoma',NULL),(2350,NULL,NULL,2281,'Villous adenoma, NOS',NULL),(2351,NULL,NULL,2281,'Adenocarcinoid tumor',NULL),(2352,NULL,NULL,2281,'Composite carcinoid',NULL),(2353,NULL,NULL,2281,'Insulinoma, malignant',NULL),(2354,NULL,NULL,2281,'Adenocarcinoma in situ in tubulovillous adenoma',NULL),(2355,NULL,NULL,2281,'Bronchiolo-alveolar adenocarcinoma',NULL),(2356,NULL,NULL,2281,'Bronchial adenoma, NOS',NULL),(2357,NULL,NULL,2281,'Granular cell carcinoma',NULL),(2358,NULL,NULL,2281,'Carcinoma, diffuse type',NULL),(2359,NULL,NULL,2281,'Combined hepatocellular carcinoma and cholangiocarcinoma',NULL),(2360,NULL,NULL,2281,'Trabecular adenocarcinoma',NULL),(2361,NULL,NULL,2281,'Embryonal adenoma',NULL),(2362,NULL,NULL,2281,'Solid carcinoma, NOS',NULL),(2363,NULL,NULL,2281,'Mixed islet cell and exocrine adenocarcinoma',NULL),(2364,NULL,NULL,2281,'Adenoma, NOS',NULL),(2365,NULL,NULL,2281,'Basophil carcinoma',NULL),(2366,NULL,NULL,2281,'Villous adenocarcinoma',NULL),(2367,NULL,NULL,2281,'Liver cell adenoma',NULL),(2368,NULL,NULL,2281,'Carcinoid tumor, NOS, of appendix',NULL),(2369,NULL,NULL,2281,'Chromophobe carcinoma',NULL),(2370,NULL,NULL,2281,'Carcinoid tumor, NOS (except of Appendix M-8240/1)',NULL),(2371,NULL,NULL,2281,'Glucagonoma, malignant',NULL),(2372,NULL,NULL,2281,'Bile duct cystadenocarcinoma',NULL),(2373,NULL,NULL,NULL,'EPITHELIAL NEOPLASMS, NOS','Clinical_Diagnosis_PID'),(2374,NULL,NULL,2373,'Tumorlet',NULL),(2375,NULL,NULL,2373,'Epithelioma, malignant',NULL),(2376,NULL,NULL,2373,'Pleomorphic carcinoma',NULL),(2377,NULL,NULL,2373,'Polygonal cell carcinoma',NULL),(2378,NULL,NULL,2373,'Carcinoma, NOS',NULL),(2379,NULL,NULL,2373,'Carcinomatosis',NULL),(2380,NULL,NULL,2373,'Oat cell carcinoma',NULL),(2381,NULL,NULL,2373,'Small cell carcinoma, intermediate cell',NULL),(2382,NULL,NULL,2373,'Small cell carcinoma, fusiform cell',NULL),(2383,NULL,NULL,2373,'Pseudosarcomatous carcinoma',NULL),(2384,NULL,NULL,2373,'Small cell-large cell carcinoma',NULL),(2385,NULL,NULL,2373,'Epithelioma, benign',NULL),(2386,NULL,NULL,2373,'Small cell carcinoma, NOS',NULL),(2387,NULL,NULL,2373,'Giant cell and spindle cell carcinoma',NULL),(2388,NULL,NULL,2373,'Giant cell carcinoma',NULL),(2389,NULL,NULL,2373,'Carcinoma, anaplastic, NOS',NULL),(2390,NULL,NULL,2373,'Epithelial tumor, benign',NULL),(2391,NULL,NULL,2373,'Spindle cell carcinoma',NULL),(2392,NULL,NULL,2373,'Carcinoma in situ, NOS',NULL),(2393,NULL,NULL,2373,'Carcinoma, metastatic, NOS',NULL),(2394,NULL,NULL,2373,'Large cell carcinoma, NOS',NULL),(2395,NULL,NULL,2373,'Carcinoma, undifferentiated, NOS',NULL),(2396,NULL,NULL,NULL,'TROPHOBLASTIC NEOPLASMS','Clinical_Diagnosis_PID'),(2397,NULL,NULL,2396,'Partial hydatidiform mole',NULL),(2398,NULL,NULL,2396,'Choriocarcinoma, NOS',NULL),(2399,NULL,NULL,2396,'Invasive hydatidiform mole',NULL),(2400,NULL,NULL,2396,'Placental site trophoblastic tumor',NULL),(2401,NULL,NULL,2396,'Malignant teratoma, trophoblastic',NULL),(2402,NULL,NULL,2396,'Choriocarcinoma combined with other germ cell elements',NULL),(2403,NULL,NULL,2396,'Hydatidiform mole, NOS',NULL),(2404,NULL,NULL,NULL,'BASAL CELL NEOPLASMS','Clinical_Diagnosis_PID'),(2405,NULL,NULL,2404,'Basal cell carcinoma, NOS',NULL),(2406,NULL,NULL,2404,'Intraepidermal epithelioma of Jadassohn',NULL),(2407,NULL,NULL,2404,'Metatypical carcinoma',NULL),(2408,NULL,NULL,2404,'Pilomatrixoma, NOS',NULL),(2409,NULL,NULL,2404,'Pilomatrix carcinoma',NULL),(2410,NULL,NULL,2404,'Trichoepithelioma',NULL),(2411,NULL,NULL,2404,'Tricholemmoma',NULL),(2412,NULL,NULL,2404,'Basal cell carcinoma, morphea',NULL),(2413,NULL,NULL,2404,'Basal cell tumor',NULL),(2414,NULL,NULL,2404,'Multicentric basal cell carcinoma',NULL),(2415,NULL,NULL,2404,'Basal cell carcinoma, fibroepithelial',NULL),(2416,NULL,NULL,2404,'Trichofolliculoma',NULL),(2417,NULL,NULL,2404,'Basosquamous carcinoma',NULL),(2418,NULL,NULL,NULL,'NEOPLASMS, NOS','Clinical_Diagnosis_PID'),(2419,NULL,NULL,2418,'Neoplasm, benign',NULL),(2420,NULL,NULL,2418,'Malignant tumor, small cell type',NULL),(2421,NULL,NULL,2418,'Neoplasm, uncertain whether benign or malignant',NULL),(2422,NULL,NULL,2418,'Malignant tumor, giant cell type',NULL),(2423,NULL,NULL,2418,'Malignant tumor, fusiform cell type',NULL),(2424,NULL,NULL,2418,'Tumor cells, uncertain whether benign or malignant',NULL),(2425,NULL,NULL,2418,'Tumor cells, benign',NULL),(2426,NULL,NULL,2418,'Neoplasm, malignant, uncertain whether primary or metastatic',NULL),(2427,NULL,NULL,2418,'Neoplasm, metastatic',NULL),(2428,NULL,NULL,2418,'Tumor cells, malignant',NULL),(2429,NULL,NULL,2418,'Neoplasm, malignant',NULL),(2430,NULL,NULL,NULL,'GLIOMAS','Clinical_Diagnosis_PID'),(2431,NULL,NULL,2430,'Subependymal glioma',NULL),(2432,NULL,NULL,2430,'Pleomorphic xanthoastrocytoma',NULL),(2433,NULL,NULL,2430,'Myxopapillary ependymoma',NULL),(2434,NULL,NULL,2430,'Medullomyoblastoma',NULL),(2435,NULL,NULL,2430,'Protoplasmic astrocytoma',NULL),(2436,NULL,NULL,2430,'Choroid plexus papilloma, NOS',NULL),(2437,NULL,NULL,2430,'Astroblastoma',NULL),(2438,NULL,NULL,2430,'Astrocytoma, anaplastic',NULL),(2439,NULL,NULL,2430,'Oligodendroglioma, NOS',NULL),(2440,NULL,NULL,2430,'Desmoplastic medulloblastoma',NULL),(2441,NULL,NULL,2430,'Papillary ependymoma',NULL),(2442,NULL,NULL,2430,'Spongioblastoma polare',NULL),(2443,NULL,NULL,2430,'Gemistocytic astrocytoma',NULL),(2444,NULL,NULL,2430,'Subependymal giant cell astrocytoma',NULL),(2445,NULL,NULL,2430,'Gliomatosis cerebri',NULL),(2446,NULL,NULL,2430,'Astrocytoma, NOS',NULL),(2447,NULL,NULL,2430,'Fibrillary astrocytoma',NULL),(2448,NULL,NULL,2430,'Primitive neuroectodermal tumor',NULL),(2449,NULL,NULL,2430,'Cerebellar sarcoma, NOS',NULL),(2450,NULL,NULL,2430,'Oligodendroglioma, anaplastic',NULL),(2451,NULL,NULL,2430,'Choroid plexus papilloma, malignant',NULL),(2452,NULL,NULL,2430,'Oligodendroblastoma',NULL),(2453,NULL,NULL,2430,'Medulloblastoma, NOS',NULL),(2454,NULL,NULL,2430,'Glioma, malignant',NULL),(2455,NULL,NULL,2430,'Gliosarcoma',NULL),(2456,NULL,NULL,2430,'Ependymoma, anaplastic',NULL),(2457,NULL,NULL,2430,'Mixed glioma',NULL),(2458,NULL,NULL,2430,'Pilocytic astrocytoma',NULL),(2459,NULL,NULL,2430,'Giant cell glioblastoma',NULL),(2460,NULL,NULL,2430,'Ependymoma, NOS',NULL),(2461,NULL,NULL,2430,'Glioblastoma, NOS',NULL),(2462,NULL,NULL,NULL,'MESONEPHROMAS','Clinical_Diagnosis_PID'),(2463,NULL,NULL,2462,'Mesonephroma, malignant',NULL),(2464,NULL,NULL,2462,'Mesonephroma, benign',NULL),(2465,NULL,NULL,2462,'Mesonephric tumor',NULL),(2466,NULL,NULL,NULL,'NEUROEPITHELIOMATOUS NEOPLASMS','Clinical_Diagnosis_PID'),(2467,NULL,NULL,2466,'Esthesioneuroepithelioma',NULL),(2468,NULL,NULL,2466,'Neurocytoma',NULL),(2469,NULL,NULL,2466,'Esthesioneuroblastoma',NULL),(2470,NULL,NULL,2466,'Esthesioneurocytoma',NULL),(2471,NULL,NULL,2466,'Olfactory neurogenic tumor',NULL),(2472,NULL,NULL,2466,'Neuroepithelioma, NOS',NULL),(2473,NULL,NULL,2466,'Ganglioneuroma',NULL),(2474,NULL,NULL,2466,'Retinoblastoma, NOS',NULL),(2475,NULL,NULL,2466,'Ganglioglioma',NULL),(2476,NULL,NULL,2466,'Retinoblastoma, undifferentiated',NULL),(2477,NULL,NULL,2466,'Pacinian tumor',NULL),(2478,NULL,NULL,2466,'Retinoblastoma, differentiated',NULL),(2479,NULL,NULL,2466,'Neuroblastoma, NOS',NULL),(2480,NULL,NULL,2466,'Ganglioneuroblastoma',NULL),(2481,NULL,NULL,2466,'Ganglioneuromatosis',NULL),(2482,NULL,NULL,2466,'Spongioneuroblastoma',NULL),(2483,NULL,NULL,2466,'Teratoid medulloepithelioma',NULL),(2484,NULL,NULL,2466,'Medulloepithelioma, NOS',NULL),(2485,NULL,NULL,NULL,'BASOPHILIC LEUKEMIA','Clinical_Diagnosis_PID'),(2486,NULL,NULL,2485,'Basophilic leukemia',NULL),(2487,NULL,NULL,NULL,'NERVE SHEATH TUMORS','Clinical_Diagnosis_PID'),(2488,NULL,NULL,2487,'Triton tumor, malignant',NULL),(2489,NULL,NULL,2487,'Neuroma, NOS',NULL),(2490,NULL,NULL,2487,'Neurinomatosis',NULL),(2491,NULL,NULL,2487,'Neurilemmoma, NOS',NULL),(2492,NULL,NULL,2487,'Neurothekeoma',NULL),(2493,NULL,NULL,2487,'Neurofibrosarcoma',NULL),(2494,NULL,NULL,2487,'Plexiform neurofibroma',NULL),(2495,NULL,NULL,2487,'Melanotic neurofibroma',NULL),(2496,NULL,NULL,2487,'Neurilemmoma, malignant',NULL),(2497,NULL,NULL,2487,'Neurofibromatosis, NOS',NULL),(2498,NULL,NULL,2487,'Neurofibroma, NOS',NULL),(2499,NULL,NULL,NULL,'OSSEOUS AND CHONDROMATOUS NEOPLASMS','Clinical_Diagnosis_PID'),(2500,NULL,NULL,2499,'Myxoid chondrosarcoma',NULL),(2501,NULL,NULL,2499,'Telangiectatic osteosarcoma',NULL),(2502,NULL,NULL,2499,'Juxtacortical osteosarcoma',NULL),(2503,NULL,NULL,2499,'Chondroma, NOS',NULL),(2504,NULL,NULL,2499,'Chondromyxoid fibroma',NULL),(2505,NULL,NULL,2499,'Chondroblastoma, NOS',NULL),(2506,NULL,NULL,2499,'Osteochondroma',NULL),(2507,NULL,NULL,2499,'Osteoma, NOS',NULL),(2508,NULL,NULL,2499,'Osteosarcoma, NOS',NULL),(2509,NULL,NULL,2499,'Small cell osteosarcoma',NULL),(2510,NULL,NULL,2499,'Mesenchymal chondrosarcoma',NULL),(2511,NULL,NULL,2499,'Osteochondromatosis, NOS',NULL),(2512,NULL,NULL,2499,'Osteoblastoma, NOS',NULL),(2513,NULL,NULL,2499,'Fibroblastic osteosarcoma',NULL),(2514,NULL,NULL,2499,'Chondroblastoma, malignant',NULL),(2515,NULL,NULL,2499,'Osteosarcoma in Paget\'s disease of bone',NULL),(2516,NULL,NULL,2499,'Chondromatosis, NOS',NULL),(2517,NULL,NULL,2499,'Juxtacortical chondroma',NULL),(2518,NULL,NULL,2499,'Juxtacortical chondrosarcoma',NULL),(2519,NULL,NULL,2499,'Aggressive osteoblastoma',NULL),(2520,NULL,NULL,2499,'Chondroblastic osteosarcoma',NULL),(2521,NULL,NULL,2499,'Chondrosarcoma, NOS',NULL),(2522,NULL,NULL,2499,'Osteoid osteoma, NOS',NULL),(2523,NULL,NULL,NULL,'PLASMA CELL LEUKEMIA','Clinical_Diagnosis_PID'),(2524,NULL,NULL,2523,'Plasma cell leukemia',NULL),(2525,NULL,NULL,NULL,'Chief cell adenoma','Clinical_Diagnosis_PID'),(2526,NULL,NULL,2525,'Follicular adenocarcinoma, well differentiated',NULL),(2527,NULL,NULL,2525,'Water-clear cell adenocarcinoma',NULL),(2528,NULL,NULL,2525,'Mixed cell adenoma',NULL),(2529,NULL,NULL,2525,'Lipoadenoma',NULL),(2530,NULL,NULL,2525,'Adrenal cortical adenoma, compact cell',NULL),(2531,NULL,NULL,2525,'Adrenal cortical adenoma, glomerulosa cell',NULL),(2532,NULL,NULL,2525,'Endometrioid adenoma, borderline malignancy',NULL),(2533,NULL,NULL,2525,'Adrenal cortical adenoma, clear cell',NULL),(2534,NULL,NULL,2525,'Water-clear cell adenoma',NULL),(2535,NULL,NULL,2525,'Adrenal cortical adenoma, mixed cell',NULL),(2536,NULL,NULL,2525,'Mixed cell adenocarcinoma',NULL),(2537,NULL,NULL,2525,'Nonencapsulated sclerosing carcinoma',NULL),(2538,NULL,NULL,2525,'Endometrioid adenofibroma, borderline malignancy',NULL),(2539,NULL,NULL,2525,'Follicular adenocarcinoma, NOS',NULL),(2540,NULL,NULL,2525,'Microfollicular adenoma',NULL),(2541,NULL,NULL,2525,'Adrenal cortical adenoma, NOS',NULL),(2542,NULL,NULL,2525,'Endometrioid adenofibroma, malignant',NULL),(2543,NULL,NULL,2525,'Adrenal cortical adenoma, heavily pigmented variant',NULL),(2544,NULL,NULL,2525,'Papillary carcinoma, follicular variant',NULL),(2545,NULL,NULL,2525,'Follicular adenoma',NULL),(2546,NULL,NULL,2525,'Multiple endocrine adenomas',NULL),(2547,NULL,NULL,2525,'Macrofollicular adenoma',NULL),(2548,NULL,NULL,2525,'Juxtaglomerular tumor',NULL),(2549,NULL,NULL,2525,'Adrenal cortical carcinoma',NULL),(2550,NULL,NULL,2525,'Endometrioid adenoma, NOS',NULL),(2551,NULL,NULL,2525,'Endometrioid carcinoma',NULL),(2552,NULL,NULL,2525,'Endometrioid adenofibroma, NOS',NULL),(2553,NULL,NULL,2525,'Follicular adenocarcinoma, trabecular',NULL),(2554,NULL,NULL,NULL,'MESOTHELIAL NEOPLASMS','Clinical_Diagnosis_PID'),(2555,NULL,NULL,2554,'Cystic mesothelioma',NULL),(2556,NULL,NULL,2554,'Mesothelioma, biphasic, malignant',NULL),(2557,NULL,NULL,2554,'Epithelioid mesothelioma, benign',NULL),(2558,NULL,NULL,2554,'Mesothelioma, benign',NULL),(2559,NULL,NULL,2554,'Fibrous mesothelioma, benign',NULL),(2560,NULL,NULL,2554,'Mesothelioma, malignant',NULL),(2561,NULL,NULL,2554,'Adenomatoid tumor, NOS',NULL),(2562,NULL,NULL,2554,'Epithelioid mesothelioma, malignant',NULL),(2563,NULL,NULL,2554,'Mesothelioma, biphasic, benign',NULL),(2564,NULL,NULL,2554,'Fibrous mesothelioma, malignant',NULL),(2565,NULL,NULL,NULL,'LEUKEMIAS','Clinical_Diagnosis_PID'),(2566,NULL,NULL,NULL,'SPECIALIZED GONADAL NEOPLASMS','Clinical_Diagnosis_PID'),(2567,NULL,NULL,2566,'Granulosa cell-theca cell tumor',NULL),(2568,NULL,NULL,2566,'Juvenile granulosa cell tumor',NULL),(2569,NULL,NULL,2566,'Thecoma, NOS',NULL),(2570,NULL,NULL,2566,'Sex cord-stromal tumor',NULL),(2571,NULL,NULL,2566,'Thecoma, malignant',NULL),(2572,NULL,NULL,2566,'Leydig cell tumor, benign',NULL),(2573,NULL,NULL,2566,'Sclerosing stromal tumor',NULL),(2574,NULL,NULL,2566,'Sertoli cell carcinoma',NULL),(2575,NULL,NULL,2566,'Thecoma, luteinized',NULL),(2576,NULL,NULL,2566,'Leydig cell tumor, NOS',NULL),(2577,NULL,NULL,2566,'Androblastoma, malignant',NULL),(2578,NULL,NULL,2566,'Androblastoma, NOS',NULL),(2579,NULL,NULL,2566,'Granulosa cell tumor, malignant',NULL),(2580,NULL,NULL,2566,'Hilus cell tumor',NULL),(2581,NULL,NULL,2566,'Granulosa cell tumor, NOS',NULL),(2582,NULL,NULL,2566,'Leydig cell tumor, malignant',NULL),(2583,NULL,NULL,2566,'Sertoli cell tumor, NOS',NULL),(2584,NULL,NULL,2566,'Sertoli cell tumor with lipid storage',NULL),(2585,NULL,NULL,2566,'Sertoli-Leydig cell tumor',NULL),(2586,NULL,NULL,2566,'Lipid cell tumor of ovary',NULL),(2587,NULL,NULL,2566,'Luteoma, NOS',NULL),(2588,NULL,NULL,2566,'Adrenal rest tumor',NULL),(2589,NULL,NULL,2566,'Androblastoma, benign',NULL),(2590,NULL,NULL,2566,'Sex cord tumor with annular tubules',NULL),(2591,NULL,NULL,2566,'Gynandroblastoma',NULL),(2592,NULL,NULL,NULL,'ERYTHROLEUKEMIAS','Clinical_Diagnosis_PID'),(2593,NULL,NULL,2592,'Erythroleukemia',NULL),(2594,NULL,NULL,2592,'Chronic erythremia',NULL),(2595,NULL,NULL,NULL,'MISCELLANEOUS TUMORS','Clinical_Diagnosis_PID'),(2596,NULL,NULL,2595,'Peripheral neuroectodermal tumor',NULL),(2597,NULL,NULL,2595,'Pineoblastoma',NULL),(2598,NULL,NULL,2595,'Pineocytoma',NULL),(2599,NULL,NULL,2595,'Chordoma',NULL),(2600,NULL,NULL,2595,'Melanotic neuroectodermal tumor',NULL),(2601,NULL,NULL,2595,'Craniopharyngioma',NULL),(2602,NULL,NULL,2595,'Pinealoma',NULL),(2603,NULL,NULL,NULL,'MYXOMATOUS NEOPLASMS','Clinical_Diagnosis_PID'),(2604,NULL,NULL,2603,'Myxoma, NOS',NULL),(2605,NULL,NULL,2603,'Angiomyxoma',NULL),(2606,NULL,NULL,2603,'Myxosarcoma',NULL),(2607,NULL,NULL,NULL,'MAST CELL TUMORS','Clinical_Diagnosis_PID'),(2608,NULL,NULL,2607,'Mast cell sarcoma',NULL),(2609,NULL,NULL,2607,'Malignant mastocytosis',NULL),(2610,NULL,NULL,2607,'Mastocytoma, NOS',NULL),(2611,NULL,NULL,NULL,'MYELODYSPLASTIC SYNDROME','Clinical_Diagnosis_PID'),(2612,NULL,NULL,2611,'Myelodysplastic syndrome, NOS',NULL),(2613,NULL,NULL,2611,'Refractory anemia, NOS',NULL),(2614,NULL,NULL,2611,'Refractory anemia with sideroblasts',NULL),(2615,NULL,NULL,2611,'Refractory anemia with excess of blasts',NULL),(2616,NULL,NULL,2611,'Refractory anemia without sideroblasts',NULL),(2617,NULL,NULL,2611,'Refractory anemia with excess of blasts with transformation',NULL),(2618,NULL,NULL,NULL,'LYMPHOID LEUKEMIAS','Clinical_Diagnosis_PID'),(2619,NULL,NULL,2618,'Acute lymphoblastic leukemia, NOS',NULL),(2620,NULL,NULL,2618,'Burkitt\'s cell leukemia',NULL),(2621,NULL,NULL,2618,'Prolymphocytic leukemia',NULL),(2622,NULL,NULL,2618,'Adult T-cell leukemia/lymphoma',NULL),(2623,NULL,NULL,2618,'Chronic lymphocytic leukemia',NULL),(2624,NULL,NULL,2618,'Lymphoid leukemia, NOS',NULL),(2625,NULL,NULL,NULL,'GRANULAR CELL TUMORS AND ALVEOLAR SOFT PART SARCOMA','Clinical_Diagnosis_PID'),(2626,NULL,NULL,2625,'Granular cell tumor, NOS',NULL),(2627,NULL,NULL,2625,'Alveolar soft part sarcoma',NULL),(2628,NULL,NULL,2625,'Granular cell tumor, malignant',NULL),(2629,NULL,NULL,NULL,'HODGKIN\'S AND NON-HODGKIN\'S LYMPHOMA','Clinical_Diagnosis_PID'),(2630,NULL,NULL,NULL,'MALIGNANT LYMPHOMA, FOLLICULAR OR NODULAR, with or without diffuse areas','Clinical_Diagnosis_PID'),(2631,NULL,NULL,2630,'Malignant lymphoma, mixed small cleaved and large cell, follicular',NULL),(2632,NULL,NULL,2630,'Malignant lymphoma, lymphocytic, well differentiated, nodular',NULL),(2633,NULL,NULL,2630,'Malignant lymphoma, small cleaved cell, follicular',NULL),(2634,NULL,NULL,2630,'Malignant lymphoma, follicular, NOS',NULL),(2635,NULL,NULL,NULL,'Unknown','Clinical_Diagnosis_PID');
UNLOCK TABLES;
/*!40000 ALTER TABLE `catissue_permissible_value` ENABLE KEYS */;

--
-- Table structure for table `catissue_procedure_event_param`
--

DROP TABLE IF EXISTS `catissue_procedure_event_param`;
CREATE TABLE `catissue_procedure_event_param` (
  `IDENTIFIER` bigint(20) NOT NULL default '0',
  `URL` varchar(200) NOT NULL default '',
  `NAME` varchar(50) NOT NULL default '',
  PRIMARY KEY  (`IDENTIFIER`),
  KEY `FKEC6B4260BC7298A9` (`IDENTIFIER`)
) ENGINE=MyISAM DEFAULT CHARSET=latin1;

--
-- Dumping data for table `catissue_procedure_event_param`
--


/*!40000 ALTER TABLE `catissue_procedure_event_param` DISABLE KEYS */;
LOCK TABLES `catissue_procedure_event_param` WRITE;
UNLOCK TABLES;
/*!40000 ALTER TABLE `catissue_procedure_event_param` ENABLE KEYS */;

--
-- Table structure for table `catissue_query_results_16`
--

DROP TABLE IF EXISTS `catissue_query_results_16`;
CREATE TABLE `catissue_query_results_16` (
  `Column0` bigint(20) NOT NULL default '0',
  `Column1` varchar(50) default NULL,
  `Column2` varchar(50) default NULL,
  `Column3` varchar(50) default NULL,
  `Column4` date default NULL,
  `Column5` varchar(20) default NULL,
  `Column6` varchar(50) default NULL,
  `Column7` varchar(50) default NULL,
  `Column8` varchar(50) default NULL,
  `Column9` varchar(50) default NULL,
  `Column10` varchar(50) default NULL,
  `Column11` bigint(20) NOT NULL default '0',
  `Column12` varchar(50) NOT NULL default '',
  `Column13` varchar(50) default NULL,
  `Column14` date default NULL,
  `Column15` varchar(50) default NULL,
  `Column16` varchar(50) default NULL,
  `Column17` varchar(50) default NULL,
  `Column18` date default NULL,
  `Column19` bigint(20) NOT NULL default '0',
  `Column20` varchar(150) default NULL,
  `Column21` varchar(50) default NULL,
  `Column22` varchar(50) NOT NULL default '',
  `Column23` double default NULL,
  `Column24` varchar(50) NOT NULL default '',
  `Column25` varchar(50) default NULL,
  `Column26` varchar(50) default NULL,
  `Column27` bigint(20) default NULL,
  `Column28` varchar(50) default NULL,
  `Column29` varchar(50) default NULL,
  `Column30` bigint(20) NOT NULL default '0',
  `Column31` bigint(20) default NULL,
  `Column32` bigint(20) default NULL,
  `Column33` varchar(50) default NULL,
  `Column34` int(11) default NULL,
  `Column35` int(11) default NULL,
  `Column36` varchar(50) default NULL,
  `Column37` double default NULL,
  `Column38` double default NULL,
  `Column39` double default NULL,
  `Column40` varchar(150) default NULL,
  `Column41` varchar(50) default NULL,
  `Column42` varchar(50) default NULL,
  `Column43` varchar(50) default NULL,
  `Column44` varchar(50) default NULL,
  `Column45` bigint(20) NOT NULL default '0',
  `Column46` varchar(50) default NULL,
  `Column47` varchar(50) default NULL,
  `Column48` varchar(50) NOT NULL default '',
  `Column49` varchar(50) default NULL,
  `Column50` varchar(50) default NULL,
  `Column51` date default NULL,
  `Column52` date default NULL,
  `Column53` int(11) default NULL,
  `Column54` varchar(200) default NULL,
  `Column55` varchar(50) default NULL,
  `Column56` double default NULL,
  `Column57` varchar(50) default NULL,
  `Column58` varchar(150) default NULL,
  `Column59` varchar(50) default NULL,
  `Column60` double default NULL,
  `Column61` bigint(20) NOT NULL default '0',
  `Column62` bigint(20) NOT NULL default '0',
  `Column63` bigint(20) NOT NULL default '0'
) ENGINE=MyISAM DEFAULT CHARSET=latin1;

--
-- Dumping data for table `catissue_query_results_16`
--


/*!40000 ALTER TABLE `catissue_query_results_16` DISABLE KEYS */;
LOCK TABLES `catissue_query_results_16` WRITE;
INSERT INTO `catissue_query_results_16` VALUES (23,'##','##','##',NULL,'Female','Unknown','White','','##','##',20,'ALLAML','',NULL,'##','##','##',NULL,14,'Verrucous carcinoma, NOS','New Dx','ALLAML',31,'University of North Carolina','','##',0,'##','##',47,14,0,'Paraffin Block',2,1,'',1,1,0,'Biliary tract, NOS','Left','Non-Malignant','','',1,'Ragg','Susanne','ALLAML','ALLAML','111111','2005-01-03','0001-01-01',0,'','New Dx',31,'Serum','Blood','Non-Malignant',20,1,2,38),(23,'##','##','##',NULL,'Female','Unknown','White','','##','##',20,'ALLAML','',NULL,'##','##','##',NULL,14,'Verrucous carcinoma, NOS','New Dx','ALLAML',31,'University of North Carolina','','##',0,'##','##',47,14,0,'Paraffin Block',2,1,'',1,1,0,'Biliary tract, NOS','Left','Non-Malignant','','',1,'Ragg','Susanne','ALLAML','ALLAML','111111','2005-01-03','0001-01-01',0,'','New Dx',31,'Plasma','Blood','Malignant',20,1,2,38);
UNLOCK TABLES;
/*!40000 ALTER TABLE `catissue_query_results_16` ENABLE KEYS */;

--
-- Table structure for table `catissue_query_results_51`
--

DROP TABLE IF EXISTS `catissue_query_results_51`;
CREATE TABLE `catissue_query_results_51` (
  `Column0` bigint(20) NOT NULL default '0',
  `Column1` varchar(50) default NULL,
  `Column2` varchar(50) default NULL,
  `Column3` varchar(50) default NULL,
  `Column4` date default NULL,
  `Column5` varchar(20) default NULL,
  `Column6` varchar(50) default NULL,
  `Column7` varchar(50) default NULL,
  `Column8` varchar(50) default NULL,
  `Column9` varchar(50) default NULL,
  `Column10` varchar(50) default NULL,
  `Column11` bigint(20) NOT NULL default '0',
  `Column12` varchar(50) default NULL,
  `Column13` varchar(50) default NULL,
  `Column14` varchar(50) NOT NULL default '',
  `Column15` varchar(50) default NULL,
  `Column16` varchar(50) default NULL,
  `Column17` date default NULL,
  `Column18` date default NULL,
  `Column19` int(11) default NULL,
  `Column20` varchar(200) default NULL,
  `Column21` varchar(50) default NULL,
  `Column22` double default NULL,
  `Column23` varchar(50) default NULL,
  `Column24` varchar(150) default NULL,
  `Column25` varchar(50) default NULL,
  `Column26` double default NULL,
  `Column27` bigint(20) NOT NULL default '0',
  `Column28` bigint(20) NOT NULL default '0',
  `Column29` varchar(150) default NULL,
  `Column30` varchar(50) default NULL,
  `Column31` varchar(50) NOT NULL default '',
  `Column32` double default NULL,
  `Column33` varchar(50) NOT NULL default '',
  `Column34` varchar(50) default NULL,
  `Column35` varchar(50) default NULL,
  `Column36` bigint(20) default NULL,
  `Column37` varchar(50) default NULL,
  `Column38` varchar(50) default NULL,
  `Column39` bigint(20) NOT NULL default '0',
  `Column40` bigint(20) default NULL,
  `Column41` bigint(20) default NULL,
  `Column42` varchar(50) default NULL,
  `Column43` int(11) default NULL,
  `Column44` int(11) default NULL,
  `Column45` varchar(50) default NULL,
  `Column46` double default NULL,
  `Column47` double default NULL,
  `Column48` double default NULL,
  `Column49` varchar(150) default NULL,
  `Column50` varchar(50) default NULL,
  `Column51` varchar(50) default NULL,
  `Column52` varchar(50) default NULL,
  `Column53` varchar(50) default NULL,
  `Column54` bigint(20) NOT NULL default '0',
  `Column55` varchar(50) NOT NULL default '',
  `Column56` varchar(50) default NULL,
  `Column57` date default NULL,
  `Column58` varchar(50) default NULL,
  `Column59` varchar(50) default NULL,
  `Column60` varchar(50) default NULL,
  `Column61` date default NULL,
  `Column62` bigint(20) NOT NULL default '0',
  `Column63` bigint(20) NOT NULL default '0'
) ENGINE=MyISAM DEFAULT CHARSET=latin1;

--
-- Dumping data for table `catissue_query_results_51`
--


/*!40000 ALTER TABLE `catissue_query_results_51` DISABLE KEYS */;
LOCK TABLES `catissue_query_results_51` WRITE;
INSERT INTO `catissue_query_results_51` VALUES (13,'Nyugen','Kimberley','R','1933-11-30','Female','XX','Indonesian','Canarian',NULL,'DFCI_MR00003',9,'Karnam','Puru','Effect of estogen on  bcl2 gene expression','Estrogen and bcl2','DFCI_IRB001','2005-12-01','2007-12-01',0,'','Post-Rx',1,'Blood','Lung, NOS','Malignant',7,5,7,'Acinar cell adenoma','New Dx','Effect of estogen on  bcl2 gene expression',1,'DFCI_ClinicalLab','','',13,'Nyugen','Kimberley',14,7,0,'Whole Tissue',2,4,'',0.2,0.2,0,'Pancreas, NOS','Unknown','Non-Malignant','','',9,'Effect of estogen on  bcl2 gene expression','','2005-12-01','Nyugen','Kimberley','R','1933-11-30',9,57);
UNLOCK TABLES;
/*!40000 ALTER TABLE `catissue_query_results_51` ENABLE KEYS */;

--
-- Table structure for table `catissue_query_table_data`
--

DROP TABLE IF EXISTS `catissue_query_table_data`;
CREATE TABLE `catissue_query_table_data` (
  `TABLE_ID` bigint(20) NOT NULL auto_increment,
  `TABLE_NAME` varchar(50) default NULL,
  `DISPLAY_NAME` varchar(50) default NULL,
  `ALIAS_NAME` varchar(50) default NULL,
  `PRIVILEGE_ID` int(1) default NULL,
  `FOR_SQI` tinyint(1) default NULL,
  PRIMARY KEY  (`TABLE_ID`)
) ENGINE=MyISAM DEFAULT CHARSET=latin1;

--
-- Dumping data for table `catissue_query_table_data`
--


/*!40000 ALTER TABLE `catissue_query_table_data` DISABLE KEYS */;
LOCK TABLES `catissue_query_table_data` WRITE;
INSERT INTO `catissue_query_table_data` VALUES (4,'CATISSUE_ADDRESS','Address','Address',2,NULL),(39,'CATISSUE_AUDIT_EVENT','Audit Event','AuditEvent',1,NULL),(40,'CATISSUE_AUDIT_EVENT_DETAILS','Audit Event Details','AuditEventDetails',1,NULL),(41,'CATISSUE_AUDIT_EVENT_LOG','Audit Event Log','AuditEventLog',1,NULL),(8,'CATISSUE_BIOHAZARD','Biohazard','Biohazard',1,1),(7,'CATISSUE_CANCER_RESEARCH_GROUP','Cancer Research Group','CancerResearchGroup',1,1),(42,'CATISSUE_CDE','Cde','Cde',0,NULL),(43,'CATISSUE_CELL_SPE_REVIEW_PARAM','Cell Specimen Review Parameters','CellSpecimenParam',2,2),(44,'CATISSUE_IN_OUT_EVENT_PARAM','Checkin Checkout Event Parameter','CheckinoutEventParam',2,2),(26,'CATISSUE_CLINICAL_REPORT','Clinical Report','ClinicalReport',2,NULL),(17,'CATISSUE_COLL_COORDINATORS','Collection Coordinators','CollectionCoordinators',2,NULL),(45,'CATISSUE_COLL_DISTRIBUTION_REL','Collection Distribution Relation','CollectionDistributionRel',2,NULL),(46,'CATISSUE_COLL_EVENT_PARAM','Collection Event Parameters','CollectionEventParam',2,2),(10,'CATISSUE_COLLECTION_PROTOCOL','Collection Protocol','CollectionProtocol',2,1),(11,'CATISSUE_COLL_PROT_EVENT','Collection Protocol Event','CollectionProtocolEvent',2,NULL),(27,'CATISSUE_COLL_PROT_REG','Collection Protocol Registration','CollectionProtReg',2,1),(18,'CATISSUE_COLL_SPECIMEN_REQ','Collection Specimen Requirement','CollectionSpecReq',2,NULL),(5,'CATISSUE_DEPARTMENT','Department','Department',1,1),(47,'CATISSUE_DISPOSAL_EVENT_PARAM','Disposal Event Parameters','DisposalEventParam',2,2),(37,'CATISSUE_DISTRIBUTED_ITEM','Distributed Item','DistributedItem',1,NULL),(38,'CATISSUE_DISTRIBUTION','Distribution','Distribution',2,1),(19,'CATISSUE_DISTRIBUTION_PROTOCOL','Distribution Protocol','DistributionProtocol',2,1),(20,'CATISSUE_DISTRIBUTION_SPE_REQ','Distribution Specimen Requirement','DistributionSpecReq',1,NULL),(48,'CATISSUE_EMBEDDED_EVENT_PARAM','Embedded Event Parameters','EmbeddedEventParam',2,2),(28,'CATISSUE_EXTERNAL_IDENTIFIER','External Identifier','ExternalIdentifier',2,NULL),(49,'CATISSUE_FIXED_EVENT_PARAM','Fixed Event Parameters','FixedEventParameters',2,2),(50,'CATISSUE_FLUID_SPE_EVENT_PARAM','Fluid Specimen Review Event Parameters','FluidSpecEventParam',2,2),(51,'CATISSUE_FROZEN_EVENT_PARAM','Frozen Event Parameters','FrozenEventParameters',2,2),(6,'CATISSUE_INSTITUTION','Institution','Institution',1,1),(52,'CATISSUE_MOL_SPE_REVIEW_PARAM','Molecular Specimen Review Parameters','MolecularSpecParam',2,2),(31,'CATISSUE_PARTICIPANT','Participant','Participant',2,1),(32,'CATISSUE_PART_MEDICAL_ID','Participant Medical Identifier','ParticipantMedicalId',2,NULL),(53,'CATISSUE_PERMISSIBLE_VALUE','Permissible Value','PermissibleValue',0,NULL),(54,'CATISSUE_PROCEDURE_EVENT_PARAM','Procedure Event Parameters','ProcedureEventParam',2,2),(55,'CATISSUE_INTERFACE_COLUMN_DATA','Query Interface Column Data','QueryInterfaceColumnData',0,NULL),(56,'CATISSUE_QUERY_TABLE_DATA','Query Interface Table Data','QueryInterfaceTableData',0,NULL),(57,'CATISSUE_RECEIVED_EVENT_PARAM','Received Event Parameters','ReceivedEventParam',2,2),(58,'CATISSUE_RELATED_TABLES_MAP','Related Tables Map','RelatedTablesMap',0,NULL),(59,'CATISSUE_REPORTED_PROBLEM','Reported Problem','ReportedProblem',1,1),(60,'CATISSUE_EVENT_PARAM','Review Event Parameters','ReviewEventParameters',2,NULL),(61,'CATISSUE_SIGNUP_USER','Signup User','SignupUser',2,NULL),(3,'CATISSUE_SITE','Site','Site',2,1),(33,'CATISSUE_SPECIMEN','Specimen','Specimen',2,1),(62,'CATISSUE_SPECIMEN_BIOHZ_REL','Biohazard','SpecimenBiohazardRel',2,NULL),(34,'CATISSUE_SPECIMEN_CHAR','Specimen Characteristics','SpecimenCharacteristics',2,NULL),(35,'CATISSUE_SPECIMEN_COLL_GROUP','Specimen Collection Group','SpecimenCollectionGroup',2,1),(63,'CATISSUE_SPECIMEN_EVENT_PARAM','Specimen Event Parameters','SpecimenEventParameters',2,NULL),(9,'CATISSUE_SPECIMEN_PROTOCOL','Specimen Protocol','SpecimenProtocol',2,NULL),(12,'CATISSUE_SPECIMEN_REQUIREMENT','Specimen Requirement','SpecimenRequirement',2,NULL),(64,'CATISSUE_SPUN_EVENT_PARAMETERS','Spun Event Parameters','SpunEventParameters',2,2),(21,'CATISSUE_STORAGE_CONTAINER','Storage Container','StorageContainer',2,1),(2,'CATISSUE_STORAGE_CONT_CAPACITY','Storage Container Capacity','StorageContainerCapacity',2,NULL),(22,'CATISSUE_STORAGE_CONT_DETAILS','Storage Container Details','StorageContainerDetails',2,NULL),(1,'CATISSUE_STORAGE_TYPE','Storage Type','StorageType',1,1),(65,'CATISSUE_TABLE_RELATION','Table Relation','TableRelation',0,NULL),(66,'CATISSUE_THAW_EVENT_PARAMETERS','Thaw Event Parameters','ThawEventParameters',2,2),(67,'CATISSUE_TIS_SPE_EVENT_PARAM','Tissue Specimen Review Event Parameters','TissueSpecEventParam',2,2),(68,'CATISSUE_TRANSFER_EVENT_PARAM','Transfer Event Parameter','TransferEventParameter',2,2),(23,'CATISSUE_USER','User','User',2,1);
UNLOCK TABLES;
/*!40000 ALTER TABLE `catissue_query_table_data` ENABLE KEYS */;

--
-- Table structure for table `catissue_received_event_param`
--

DROP TABLE IF EXISTS `catissue_received_event_param`;
CREATE TABLE `catissue_received_event_param` (
  `IDENTIFIER` bigint(20) NOT NULL default '0',
  `RECEIVED_QUALITY` varchar(255) default NULL,
  PRIMARY KEY  (`IDENTIFIER`),
  KEY `FKA7139D06BC7298A9` (`IDENTIFIER`)
) ENGINE=MyISAM DEFAULT CHARSET=latin1;

--
-- Dumping data for table `catissue_received_event_param`
--


/*!40000 ALTER TABLE `catissue_received_event_param` DISABLE KEYS */;
LOCK TABLES `catissue_received_event_param` WRITE;
INSERT INTO `catissue_received_event_param` VALUES (11,'Acceptable');
UNLOCK TABLES;
/*!40000 ALTER TABLE `catissue_received_event_param` ENABLE KEYS */;

--
-- Table structure for table `catissue_related_tables_map`
--

DROP TABLE IF EXISTS `catissue_related_tables_map`;
CREATE TABLE `catissue_related_tables_map` (
  `FIRST_TABLE_ID` bigint(20) default NULL,
  `SECOND_TABLE_ID` bigint(20) default NULL,
  `FIRST_TABLE_JOIN_COLUMN` varchar(50) default NULL,
  `SECOND_TABLE_JOIN_COLUMN` varchar(50) default NULL
) ENGINE=MyISAM DEFAULT CHARSET=latin1;

--
-- Dumping data for table `catissue_related_tables_map`
--


/*!40000 ALTER TABLE `catissue_related_tables_map` DISABLE KEYS */;
LOCK TABLES `catissue_related_tables_map` WRITE;
INSERT INTO `catissue_related_tables_map` VALUES (10,11,'IDENTIFIER','COLLECTION_PROTOCOL_ID'),(5,23,'IDENTIFIER','DEPARTMENT_ID'),(6,23,'IDENTIFIER','INSTITUTION_ID'),(7,23,'IDENTIFIER','CANCER_RESEARCH_GROUP_ID'),(4,23,'IDENTIFIER','ADDRESS_ID'),(4,3,'IDENTIFIER','ADDRESS_ID'),(9,10,'IDENTIFIER','IDENTIFIER'),(23,9,'IDENTIFIER','PRINCIPAL_INVESTIGATOR_ID'),(23,17,'IDENTIFIER','USER_ID'),(10,17,'IDENTIFIER','COLLECTION_PROTOCOL_ID'),(12,18,'IDENTIFIER','SPECIMEN_REQUIREMENT_ID'),(11,18,'IDENTIFIER','COLLECTION_PROTOCOL_EVENT_ID'),(9,19,'IDENTIFIER','IDENTIFIER'),(12,20,'IDENTIFIER','SPECIMEN_REQUIREMENT_ID'),(19,20,'IDENTIFIER','DISTRIBUTION_PROTOCOL_ID'),(3,21,'IDENTIFIER','SITE_ID'),(2,21,'IDENTIFIER','STORAGE_CONTAINER_CAPACITY_ID'),(1,21,'IDENTIFIER','STORAGE_TYPE_ID'),(23,24,'IDENTIFIER','USER_ID'),(22,21,'STORAGE_CONTAINER_ID','IDENTIFIER'),(31,32,'IDENTIFIER','PARTICIPANT_ID'),(10,27,'IDENTIFIER','COLLECTION_PROTOCOL_ID'),(31,27,'IDENTIFIER','PARTICIPANT_ID'),(3,35,'IDENTIFIER','SITE_ID'),(11,35,'IDENTIFIER','COLLECTION_PROTOCOL_EVENT_ID'),(26,35,'IDENTIFIER','CLINICAL_REPORT_ID'),(27,35,'IDENTIFIER','COLLECTION_PROTOCOL_REG_ID'),(21,33,'IDENTIFIER','STORAGE_CONTAINER_IDENTIFIER'),(35,33,'IDENTIFIER','SPECIMEN_COLLECTION_GROUP_ID'),(34,33,'IDENTIFIER','SPECIMEN_CHARACTERISTICS_ID'),(33,33,'IDENTIFIER','PARENT_SPECIMEN_ID'),(33,37,'IDENTIFIER','SPECIMEN_ID'),(38,37,'IDENTIFIER','DISTRIBUTION_ID'),(38,19,'DISTRIBUTION_PROTOCOL_ID','IDENTIFIER'),(38,19,'DISTRIBUTION_PROTOCOL_ID','IDENTIFIER'),(33,62,'IDENTIFIER','SPECIMEN_ID'),(8,62,'IDENTIFIER','BIOHAZARD_ID'),(33,28,'IDENTIFIER','SPECIMEN_ID'),(33,63,'IDENTIFIER','SPECIMEN_ID'),(63,43,'IDENTIFIER','IDENTIFIER'),(63,44,'IDENTIFIER','IDENTIFIER'),(63,46,'IDENTIFIER','IDENTIFIER'),(63,47,'IDENTIFIER','IDENTIFIER'),(63,48,'IDENTIFIER','IDENTIFIER'),(63,49,'IDENTIFIER','IDENTIFIER'),(63,50,'IDENTIFIER','IDENTIFIER'),(63,51,'IDENTIFIER','IDENTIFIER'),(63,52,'IDENTIFIER','IDENTIFIER'),(63,54,'IDENTIFIER','IDENTIFIER'),(63,57,'IDENTIFIER','IDENTIFIER'),(63,64,'IDENTIFIER','IDENTIFIER'),(63,66,'IDENTIFIER','IDENTIFIER'),(63,67,'IDENTIFIER','IDENTIFIER'),(63,68,'IDENTIFIER','IDENTIFIER'),(23,63,'IDENTIFIER','USER_ID'),(10,11,'IDENTIFIER','COLLECTION_PROTOCOL_ID'),(5,23,'IDENTIFIER','DEPARTMENT_ID'),(6,23,'IDENTIFIER','INSTITUTION_ID'),(7,23,'IDENTIFIER','CANCER_RESEARCH_GROUP_ID'),(4,23,'IDENTIFIER','ADDRESS_ID'),(4,3,'IDENTIFIER','ADDRESS_ID'),(9,10,'IDENTIFIER','IDENTIFIER'),(23,9,'IDENTIFIER','PRINCIPAL_INVESTIGATOR_ID'),(23,17,'IDENTIFIER','USER_ID'),(10,17,'IDENTIFIER','COLLECTION_PROTOCOL_ID'),(12,18,'IDENTIFIER','SPECIMEN_REQUIREMENT_ID'),(11,18,'IDENTIFIER','COLLECTION_PROTOCOL_EVENT_ID'),(9,19,'IDENTIFIER','IDENTIFIER'),(12,20,'IDENTIFIER','SPECIMEN_REQUIREMENT_ID'),(19,20,'IDENTIFIER','DISTRIBUTION_PROTOCOL_ID'),(3,21,'IDENTIFIER','SITE_ID'),(2,21,'IDENTIFIER','STORAGE_CONTAINER_CAPACITY_ID'),(1,21,'IDENTIFIER','STORAGE_TYPE_ID'),(23,24,'IDENTIFIER','USER_ID'),(22,21,'STORAGE_CONTAINER_ID','IDENTIFIER'),(31,32,'IDENTIFIER','PARTICIPANT_ID'),(10,27,'IDENTIFIER','COLLECTION_PROTOCOL_ID'),(31,27,'IDENTIFIER','PARTICIPANT_ID'),(3,35,'IDENTIFIER','SITE_ID'),(11,35,'IDENTIFIER','COLLECTION_PROTOCOL_EVENT_ID'),(26,35,'IDENTIFIER','CLINICAL_REPORT_ID'),(27,35,'IDENTIFIER','COLLECTION_PROTOCOL_REG_ID'),(21,33,'IDENTIFIER','STORAGE_CONTAINER_IDENTIFIER'),(35,33,'IDENTIFIER','SPECIMEN_COLLECTION_GROUP_ID'),(34,33,'IDENTIFIER','SPECIMEN_CHARACTERISTICS_ID'),(33,33,'IDENTIFIER','PARENT_SPECIMEN_ID'),(33,37,'IDENTIFIER','SPECIMEN_ID'),(38,37,'IDENTIFIER','DISTRIBUTION_ID'),(38,19,'DISTRIBUTION_PROTOCOL_ID','IDENTIFIER'),(38,19,'DISTRIBUTION_PROTOCOL_ID','IDENTIFIER'),(33,62,'IDENTIFIER','SPECIMEN_ID'),(8,62,'IDENTIFIER','BIOHAZARD_ID'),(33,28,'IDENTIFIER','SPECIMEN_ID'),(33,63,'IDENTIFIER','SPECIMEN_ID'),(63,43,'IDENTIFIER','IDENTIFIER'),(63,44,'IDENTIFIER','IDENTIFIER'),(63,46,'IDENTIFIER','IDENTIFIER'),(63,47,'IDENTIFIER','IDENTIFIER'),(63,48,'IDENTIFIER','IDENTIFIER'),(63,49,'IDENTIFIER','IDENTIFIER'),(63,50,'IDENTIFIER','IDENTIFIER'),(63,51,'IDENTIFIER','IDENTIFIER'),(63,52,'IDENTIFIER','IDENTIFIER'),(63,54,'IDENTIFIER','IDENTIFIER'),(63,57,'IDENTIFIER','IDENTIFIER'),(63,64,'IDENTIFIER','IDENTIFIER'),(63,66,'IDENTIFIER','IDENTIFIER'),(63,67,'IDENTIFIER','IDENTIFIER'),(63,68,'IDENTIFIER','IDENTIFIER'),(23,63,'IDENTIFIER','USER_ID');
UNLOCK TABLES;
/*!40000 ALTER TABLE `catissue_related_tables_map` ENABLE KEYS */;

--
-- Table structure for table `catissue_reported_problem`
--

DROP TABLE IF EXISTS `catissue_reported_problem`;
CREATE TABLE `catissue_reported_problem` (
  `IDENTIFIER` bigint(20) NOT NULL auto_increment,
  `AFFILIATION` varchar(200) NOT NULL default '',
  `NAME_OF_REPORTER` varchar(200) NOT NULL default '',
  `REPORTERS_EMAIL_ID` varchar(50) NOT NULL default '',
  `MESSAGE_BODY` varchar(200) NOT NULL default '',
  `SUBJECT` varchar(100) default NULL,
  `REPORTED_DATE` date default NULL,
  `ACTIVITY_STATUS` varchar(100) default NULL,
  `COMMENTS` text,
  PRIMARY KEY  (`IDENTIFIER`)
) ENGINE=MyISAM DEFAULT CHARSET=latin1;

--
-- Dumping data for table `catissue_reported_problem`
--


/*!40000 ALTER TABLE `catissue_reported_problem` DISABLE KEYS */;
LOCK TABLES `catissue_reported_problem` WRITE;
UNLOCK TABLES;
/*!40000 ALTER TABLE `catissue_reported_problem` ENABLE KEYS */;

--
-- Table structure for table `catissue_search_display_data`
--

DROP TABLE IF EXISTS `catissue_search_display_data`;
CREATE TABLE `catissue_search_display_data` (
  `RELATIONSHIP_ID` bigint(20) NOT NULL default '0',
  `COL_ID` bigint(20) NOT NULL default '0',
  `DISPLAY_NAME` varchar(50) default NULL
) ENGINE=MyISAM DEFAULT CHARSET=latin1;

--
-- Dumping data for table `catissue_search_display_data`
--


/*!40000 ALTER TABLE `catissue_search_display_data` DISABLE KEYS */;
LOCK TABLES `catissue_search_display_data` WRITE;
INSERT INTO `catissue_search_display_data` VALUES (6,184,'Identifier'),(6,185,'Name'),(6,186,'Type'),(6,187,'Email Address'),(7,2,'Street'),(7,3,'City'),(7,4,'State'),(7,5,'Country'),(7,6,'Zip Code'),(7,7,'Phone Number'),(7,8,'Fax Number'),(2,100,'Identifier'),(2,101,'Name'),(3,67,'Identifier'),(3,68,'Name'),(4,28,'Identifier'),(4,29,'Name'),(5,24,'Identifier'),(5,25,'Name'),(5,26,'Comments'),(5,27,'Type'),(1,258,'Identifier'),(1,259,'Type'),(1,260,'Default Temperature'),(1,261,'One Dimension Label'),(1,262,'Two Dimension Label'),(1,252,'One Dimension Capacity'),(1,253,'Two Dimension Capacity'),(8,239,'Identifier'),(8,240,'Container Number'),(8,241,'Temperature'),(8,242,'Is Container Full'),(8,243,'Barcode'),(8,247,'Parent Container Identifier'),(8,249,'Position Dimension One'),(8,250,'Position Dimension Two'),(10,259,'Type'),(10,261,'One Dimension Label'),(10,262,'Two Dimension Label'),(9,252,'One Dimension Capacity'),(9,253,'Two Dimension Capacity'),(11,185,'Site Name'),(39,255,'Parameter Name'),(39,256,'Parameter Value'),(12,54,'Identifier'),(40,292,'Principal Investigator Last Name'),(40,293,'Principal Investigator First Name'),(42,292,'Protocol Coordinator Last Name'),(42,293,'Protocol Coordinator First Name'),(13,224,'Title'),(13,225,'Short Title'),(13,226,'IRB Identifier'),(13,227,'Start Date'),(13,228,'End Date'),(13,229,'Enrollment'),(13,230,'Description URL'),(14,56,'Clinical Status'),(14,57,'Study Calendar Event Point'),(15,233,'Specimen Type'),(15,234,'Tissue Site'),(15,235,'Pathological Status'),(15,37,'Required Specimen Quantity'),(16,65,'Collection Protocol Event Identifier'),(17,79,'Identifier'),(18,224,'Title'),(18,225,'Short Title'),(18,226,'IRB Identifier'),(18,227,'Start Date'),(18,228,'End Date'),(18,229,'Enrollment'),(18,230,'Description URL'),(20,233,'Specimen Type'),(20,234,'Tissue Site'),(20,235,'Pathological Status'),(20,37,'Required Specimen Quantity'),(43,292,'Principal Investigator Last Name'),(43,293,'Principal Investigator First Name'),(19,80,'Distribution Protocol Identifier'),(21,285,'Identifier'),(21,292,'Last Name'),(21,293,'First Name'),(21,294,'Login Name'),(21,295,'Date'),(23,2,'Street'),(23,3,'City'),(23,4,'State'),(23,5,'Country'),(23,6,'Zip Code'),(23,7,'Phone Number'),(23,8,'Fax Number'),(25,101,'Institution Name'),(24,68,'Department Name'),(26,29,'Cancer Research Group Name'),(27,116,'Identifier'),(27,117,'Last Name'),(27,118,'First Name'),(27,119,'Middle Name'),(27,120,'Birth Date'),(27,121,'Gender'),(27,122,'Genotype'),(27,123,'Race'),(27,124,'Ethnicity'),(27,125,'Social Security Number'),(28,128,'Medical Record Number'),(29,59,'Identifier'),(45,224,'Protocol Title'),(29,60,'Participant Protocol Identifier'),(29,61,'Registration Date'),(46,117,'Participant Last Name'),(46,118,'Participant First Name'),(46,119,'Participant Middle Name'),(46,120,'Participant Birth Date'),(30,209,'Identifier'),(30,210,'Clinical Diagnosis'),(30,211,'Clinical Status'),(48,224,'Collection Protocol Title'),(31,57,'Study Calendar Event Point'),(32,185,'Site Name'),(33,60,'Protocol Participant Identifier'),(47,45,'Surgical Pathology Number'),(47,46,'Medical Record Number'),(54,117,'Participant Last Name'),(54,118,'Participant First Name'),(34,191,'Identifier'),(34,201,'Specimen Collection Group Identifier'),(34,199,'Parent Specimen Identifier'),(34,192,'Type'),(34,194,'Position Dimension One'),(34,195,'Position Dimension Two'),(34,196,'Barcode'),(34,103,'Quantity'),(34,104,'Available Quantity'),(34,105,'Concentration'),(35,206,'Tissue Site'),(35,207,'Tissue Side'),(35,208,'Pathological Status'),(50,85,'External Identifier Name'),(50,86,'External Identifier Value'),(36,75,'Identifier'),(36,298,'Distribution Date'),(36,302,'Distribution Time'),(37,72,'Distributed Quantity'),(51,292,'Principal Investigator Last Name'),(51,293,'Principal Investigator First Name'),(52,191,'Distributed Specimen Identifier'),(52,192,'Distributed Specimen Type'),(55,206,'Distributed Specimen Tissue Site'),(55,207,'Distributed Specimen Tissue Side'),(55,208,'Distributed Specimen Pathological Status'),(53,224,'Distribution Protocol Title'),(57,39,'Identifier'),(58,218,'Specimen Identifier'),(58,219,'Event Timestamp'),(58,221,'Comments'),(59,292,'User Last Name'),(59,293,'User First Name'),(57,40,'Neoplastic Cellularity Percentage'),(57,41,'Viable Cell Percentage'),(60,42,'Identifier'),(61,218,'Specimen Identifier'),(61,219,'Event Timestamp'),(61,221,'Comments'),(62,292,'User Last Name'),(62,293,'User First Name'),(60,43,'Storage Status'),(63,51,'Identifier'),(64,218,'Specimen Identifier'),(64,219,'Event Timestamp'),(64,221,'Comments'),(65,292,'User Last Name'),(65,293,'User First Name'),(63,52,'Collection Procedure'),(63,53,'Container'),(66,69,'Identifier'),(67,218,'Specimen Identifier'),(67,219,'Event Timestamp'),(67,221,'Comments'),(68,292,'User Last Name'),(68,293,'User First Name'),(66,70,'Reason'),(69,82,'Identifier'),(70,218,'Specimen Identifier'),(70,219,'Event Timestamp'),(70,221,'Comments'),(71,292,'User Last Name'),(71,293,'User First Name'),(69,83,'Embedding Medium'),(72,88,'Identifier'),(73,218,'Specimen Identifier'),(73,219,'Event Timestamp'),(73,221,'Comments'),(74,292,'User Last Name'),(74,293,'User First Name'),(72,89,'Fixation Type'),(72,90,'Duration In Minutes'),(75,96,'Identifier'),(76,218,'Specimen Identifier'),(76,219,'Event Timestamp'),(76,221,'Comments'),(77,292,'User Last Name'),(77,293,'User First Name'),(75,97,'Cell Count'),(78,98,'Identifier'),(79,218,'Specimen Identifier'),(79,219,'Event Timestamp'),(79,221,'Comments'),(80,292,'User Last Name'),(80,293,'User First Name'),(78,99,'Method'),(81,108,'Identifier'),(82,218,'Specimen Identifier'),(82,219,'Event Timestamp'),(82,221,'Comments'),(83,292,'User Last Name'),(83,293,'User First Name'),(81,109,'Gel Image URL'),(81,110,'Quality Index'),(81,111,'Lane Number'),(81,112,'Gel Number'),(81,113,'Absorbance At 260'),(81,114,'Absorbance At 280'),(81,115,'Ratio 28S to 18S'),(84,138,'Identifier'),(85,218,'Specimen Identifier'),(85,219,'Event Timestamp'),(85,221,'Comments'),(86,292,'User Last Name'),(86,293,'User First Name'),(84,139,'URL'),(84,140,'Name'),(87,150,'Identifier'),(88,218,'Specimen Identifier'),(88,219,'Event Timestamp'),(88,221,'Comments'),(89,292,'User Last Name'),(89,293,'User First Name'),(87,151,'Received Quality'),(90,236,'Identifier'),(91,218,'Specimen Identifier'),(91,219,'Event Timestamp'),(91,221,'Comments'),(92,292,'User Last Name'),(92,293,'User First Name'),(91,237,'GForce'),(91,238,'Duration In Minutes'),(93,266,'Identifier'),(94,218,'Specimen Identifier'),(94,219,'Event Timestamp'),(94,221,'Comments'),(95,292,'User Last Name'),(95,293,'User First Name'),(96,272,'Identifier'),(97,218,'Specimen Identifier'),(97,219,'Event Timestamp'),(97,221,'Comments'),(98,292,'User Last Name'),(98,293,'User First Name'),(96,273,'Neo Plastic Cellularity Percentage'),(96,274,'Necrosis Percentage'),(96,275,'Lymphocytic Percentage'),(96,276,'Total Cellularity Percentage'),(96,277,'Histological Quality'),(99,278,'Identifier'),(100,218,'Specimen Identifier'),(100,219,'Event Timestamp'),(100,221,'Comments'),(101,292,'User Last Name'),(101,293,'User First Name'),(99,284,'From Storage Container Identifier'),(99,283,'To Storage Container Identifier'),(99,279,'From Position Dimension One'),(99,280,'From Position Dimension Two'),(99,281,'To Position Dimension One'),(99,282,'To Position Dimension Two'),(102,156,'Identifier'),(102,157,'Affiliation'),(102,158,'Name of reporter'),(102,159,'Reporters email id'),(102,160,'Message Body'),(102,161,'Subject'),(102,162,'Reported Date'),(102,163,'Activity Status'),(105,24,'Identifier'),(105,25,'Name'),(105,26,'Comments'),(105,27,'Type'),(6,184,'Identifier'),(6,185,'Name'),(6,186,'Type'),(6,187,'Email Address'),(7,2,'Street'),(7,3,'City'),(7,4,'State'),(7,5,'Country'),(7,6,'Zip Code'),(7,7,'Phone Number'),(7,8,'Fax Number'),(2,100,'Identifier'),(2,101,'Name'),(3,67,'Identifier'),(3,68,'Name'),(4,28,'Identifier'),(4,29,'Name'),(5,24,'Identifier'),(5,25,'Name'),(5,26,'Comments'),(5,27,'Type'),(1,258,'Identifier'),(1,259,'Type'),(1,260,'Default Temperature'),(1,261,'One Dimension Label'),(1,262,'Two Dimension Label'),(1,252,'One Dimension Capacity'),(1,253,'Two Dimension Capacity'),(8,239,'Identifier'),(8,240,'Container Number'),(8,241,'Temperature'),(8,242,'Is Container Full'),(8,243,'Barcode'),(8,247,'Parent Container Identifier'),(8,249,'Position Dimension One'),(8,250,'Position Dimension Two'),(10,259,'Type'),(10,261,'One Dimension Label'),(10,262,'Two Dimension Label'),(9,252,'One Dimension Capacity'),(9,253,'Two Dimension Capacity'),(11,185,'Site Name'),(39,255,'Parameter Name'),(39,256,'Parameter Value'),(12,54,'Identifier'),(40,292,'Principal Investigator Last Name'),(40,293,'Principal Investigator First Name'),(42,292,'Protocol Coordinator Last Name'),(42,293,'Protocol Coordinator First Name'),(13,224,'Title'),(13,225,'Short Title'),(13,226,'IRB Identifier'),(13,227,'Start Date'),(13,228,'End Date'),(13,229,'Enrollment'),(13,230,'Description URL'),(14,56,'Clinical Status'),(14,57,'Study Calendar Event Point'),(15,233,'Specimen Type'),(15,234,'Tissue Site'),(15,235,'Pathological Status'),(15,37,'Required Specimen Quantity'),(16,65,'Collection Protocol Event Identifier'),(17,79,'Identifier'),(18,224,'Title'),(18,225,'Short Title'),(18,226,'IRB Identifier'),(18,227,'Start Date'),(18,228,'End Date'),(18,229,'Enrollment'),(18,230,'Description URL'),(20,233,'Specimen Type'),(20,234,'Tissue Site'),(20,235,'Pathological Status'),(20,37,'Required Specimen Quantity'),(43,292,'Principal Investigator Last Name'),(43,293,'Principal Investigator First Name'),(19,80,'Distribution Protocol Identifier'),(21,285,'Identifier'),(21,292,'Last Name'),(21,293,'First Name'),(21,294,'Login Name'),(21,295,'Date'),(23,2,'Street'),(23,3,'City'),(23,4,'State'),(23,5,'Country'),(23,6,'Zip Code'),(23,7,'Phone Number'),(23,8,'Fax Number'),(25,101,'Institution Name'),(24,68,'Department Name'),(26,29,'Cancer Research Group Name'),(27,116,'Identifier'),(27,117,'Last Name'),(27,118,'First Name'),(27,119,'Middle Name'),(27,120,'Birth Date'),(27,121,'Gender'),(27,122,'Genotype'),(27,123,'Race'),(27,124,'Ethnicity'),(27,125,'Social Security Number'),(28,128,'Medical Record Number'),(29,59,'Identifier'),(45,224,'Protocol Title'),(29,60,'Participant Protocol Identifier'),(29,61,'Registration Date'),(46,117,'Participant Last Name'),(46,118,'Participant First Name'),(46,119,'Participant Middle Name'),(46,120,'Participant Birth Date'),(30,209,'Identifier'),(30,210,'Clinical Diagnosis'),(30,211,'Clinical Status'),(48,224,'Collection Protocol Title'),(31,57,'Study Calendar Event Point'),(32,185,'Site Name'),(33,60,'Protocol Participant Identifier'),(47,45,'Surgical Pathology Number'),(47,46,'Medical Record Number'),(54,117,'Participant Last Name'),(54,118,'Participant First Name'),(34,191,'Identifier'),(34,201,'Specimen Collection Group Identifier'),(34,199,'Parent Specimen Identifier'),(34,192,'Type'),(34,194,'Position Dimension One'),(34,195,'Position Dimension Two'),(34,196,'Barcode'),(34,103,'Quantity'),(34,104,'Available Quantity'),(34,105,'Concentration'),(35,206,'Tissue Site'),(35,207,'Tissue Side'),(35,208,'Pathological Status'),(50,85,'External Identifier Name'),(50,86,'External Identifier Value'),(36,75,'Identifier'),(36,298,'Distribution Date'),(36,302,'Distribution Time'),(37,72,'Distributed Quantity'),(51,292,'Principal Investigator Last Name'),(51,293,'Principal Investigator First Name'),(52,191,'Distributed Specimen Identifier'),(52,192,'Distributed Specimen Type'),(55,206,'Distributed Specimen Tissue Site'),(55,207,'Distributed Specimen Tissue Side'),(55,208,'Distributed Specimen Pathological Status'),(53,224,'Distribution Protocol Title'),(57,39,'Identifier'),(58,218,'Specimen Identifier'),(58,219,'Event Timestamp'),(58,221,'Comments'),(59,292,'User Last Name'),(59,293,'User First Name'),(57,40,'Neoplastic Cellularity Percentage'),(57,41,'Viable Cell Percentage'),(60,42,'Identifier'),(61,218,'Specimen Identifier'),(61,219,'Event Timestamp'),(61,221,'Comments'),(62,292,'User Last Name'),(62,293,'User First Name'),(60,43,'Storage Status'),(63,51,'Identifier'),(64,218,'Specimen Identifier'),(64,219,'Event Timestamp'),(64,221,'Comments'),(65,292,'User Last Name'),(65,293,'User First Name'),(63,52,'Collection Procedure'),(63,53,'Container'),(66,69,'Identifier'),(67,218,'Specimen Identifier'),(67,219,'Event Timestamp'),(67,221,'Comments'),(68,292,'User Last Name'),(68,293,'User First Name'),(66,70,'Reason'),(69,82,'Identifier'),(70,218,'Specimen Identifier'),(70,219,'Event Timestamp'),(70,221,'Comments'),(71,292,'User Last Name'),(71,293,'User First Name'),(69,83,'Embedding Medium'),(72,88,'Identifier'),(73,218,'Specimen Identifier'),(73,219,'Event Timestamp'),(73,221,'Comments'),(74,292,'User Last Name'),(74,293,'User First Name'),(72,89,'Fixation Type'),(72,90,'Duration In Minutes'),(75,96,'Identifier'),(76,218,'Specimen Identifier'),(76,219,'Event Timestamp'),(76,221,'Comments'),(77,292,'User Last Name'),(77,293,'User First Name'),(75,97,'Cell Count'),(78,98,'Identifier'),(79,218,'Specimen Identifier'),(79,219,'Event Timestamp'),(79,221,'Comments'),(80,292,'User Last Name'),(80,293,'User First Name'),(78,99,'Method'),(81,108,'Identifier'),(82,218,'Specimen Identifier'),(82,219,'Event Timestamp'),(82,221,'Comments'),(83,292,'User Last Name'),(83,293,'User First Name'),(81,109,'Gel Image URL'),(81,110,'Quality Index'),(81,111,'Lane Number'),(81,112,'Gel Number'),(81,113,'Absorbance At 260'),(81,114,'Absorbance At 280'),(81,115,'Ratio 28S to 18S'),(84,138,'Identifier'),(85,218,'Specimen Identifier'),(85,219,'Event Timestamp'),(85,221,'Comments'),(86,292,'User Last Name'),(86,293,'User First Name'),(84,139,'URL'),(84,140,'Name'),(87,150,'Identifier'),(88,218,'Specimen Identifier'),(88,219,'Event Timestamp'),(88,221,'Comments'),(89,292,'User Last Name'),(89,293,'User First Name'),(87,151,'Received Quality'),(90,236,'Identifier'),(91,218,'Specimen Identifier'),(91,219,'Event Timestamp'),(91,221,'Comments'),(92,292,'User Last Name'),(92,293,'User First Name'),(91,237,'GForce'),(91,238,'Duration In Minutes'),(93,266,'Identifier'),(94,218,'Specimen Identifier'),(94,219,'Event Timestamp'),(94,221,'Comments'),(95,292,'User Last Name'),(95,293,'User First Name'),(96,272,'Identifier'),(97,218,'Specimen Identifier'),(97,219,'Event Timestamp'),(97,221,'Comments'),(98,292,'User Last Name'),(98,293,'User First Name'),(96,273,'Neo Plastic Cellularity Percentage'),(96,274,'Necrosis Percentage'),(96,275,'Lymphocytic Percentage'),(96,276,'Total Cellularity Percentage'),(96,277,'Histological Quality'),(99,278,'Identifier'),(100,218,'Specimen Identifier'),(100,219,'Event Timestamp'),(100,221,'Comments'),(101,292,'User Last Name'),(101,293,'User First Name'),(99,284,'From Storage Container Identifier'),(99,283,'To Storage Container Identifier'),(99,279,'From Position Dimension One'),(99,280,'From Position Dimension Two'),(99,281,'To Position Dimension One'),(99,282,'To Position Dimension Two'),(102,156,'Identifier'),(102,157,'Affiliation'),(102,158,'Name of reporter'),(102,159,'Reporters email id'),(102,160,'Message Body'),(102,161,'Subject'),(102,162,'Reported Date'),(102,163,'Activity Status'),(105,24,'Identifier'),(105,25,'Name'),(105,26,'Comments'),(105,27,'Type');
UNLOCK TABLES;
/*!40000 ALTER TABLE `catissue_search_display_data` ENABLE KEYS */;

--
-- Table structure for table `catissue_site`
--

DROP TABLE IF EXISTS `catissue_site`;
CREATE TABLE `catissue_site` (
  `IDENTIFIER` bigint(20) NOT NULL auto_increment,
  `NAME` varchar(50) NOT NULL default '',
  `TYPE` varchar(50) default NULL,
  `EMAIL_ADDRESS` varchar(150) default NULL,
  `USER_ID` bigint(20) default NULL,
  `ACTIVITY_STATUS` varchar(50) default NULL,
  `ADDRESS_ID` bigint(20) default NULL,
  PRIMARY KEY  (`IDENTIFIER`),
  UNIQUE KEY `NAME` (`NAME`),
  KEY `FKB024C3436CD94566` (`ADDRESS_ID`),
  KEY `FKB024C3432206F20F` (`USER_ID`)
) ENGINE=MyISAM DEFAULT CHARSET=latin1;

--
-- Dumping data for table `catissue_site`
--


/*!40000 ALTER TABLE `catissue_site` DISABLE KEYS */;
LOCK TABLES `catissue_site` WRITE;
INSERT INTO `catissue_site` VALUES (18,'Breast Specimen Lab','Laboratory','BreastSpecLab@BldLoc12A.com',34,'Active',50),(19,'Tissue Bank','Bank','TissueBank@tTBbuilding.edu',35,'Active',51),(20,'CALGB Central Repository','Repository','CALGBCentralRep@CALGBadmin.com',36,'Active',52),(21,'Cancer Hospital of Seattle','Collection Site','CancerHospOfSeattle@ch.seattle.net',37,'Active',53),(22,'Specimen Bank','Bank','SpecimenBank@SBlab.com',38,'Active',54),(23,'Cancer Research Lab','Laboratory','CancerResLab@bld700.rm106.edu',39,'Active',55),(24,'Cancer Research Treatment Center','Collection Site','CancerResTreatCtr@BldLoc12A.com',40,'Active',56),(25,'City of Hope','Bank','CityOfHope@cc.coh.net',41,'Active',57),(26,'Dr. Smith\'s Lab','Laboratory','SmithLab@smith.ctr.net',42,'Active',58),(27,'Tumor Center','Repository','TumorCtr@tr.mcc.com',43,'Active',59),(28,'Cancer Center Hospital','Collection Site','CancerCtrHosp@mc.cch.edu',44,'Active',60),(29,'Specimen Laboratory','Lab','SpecimenLab@SPLoc.labtec10.com',45,'Active',61),(30,'Not Specified','Not Specified','N/A',46,'Active',62);
UNLOCK TABLES;
/*!40000 ALTER TABLE `catissue_site` ENABLE KEYS */;

--
-- Table structure for table `catissue_specimen`
--

DROP TABLE IF EXISTS `catissue_specimen`;
CREATE TABLE `catissue_specimen` (
  `IDENTIFIER` bigint(20) NOT NULL auto_increment,
  `SPECIMEN_CLASS` varchar(255) NOT NULL default '',
  `TYPE` varchar(50) default NULL,
  `AVAILABLE` tinyint(1) default NULL,
  `POSITION_DIMENSION_ONE` int(11) default NULL,
  `POSITION_DIMENSION_TWO` int(11) default NULL,
  `BARCODE` varchar(50) default NULL,
  `COMMENTS` varchar(200) default NULL,
  `ACTIVITY_STATUS` varchar(50) default NULL,
  `PARENT_SPECIMEN_ID` bigint(20) default NULL,
  `STORAGE_CONTAINER_IDENTIFIER` bigint(20) default NULL,
  `SPECIMEN_COLLECTION_GROUP_ID` bigint(20) default NULL,
  `SPECIMEN_CHARACTERISTICS_ID` bigint(20) default NULL,
  `QUANTITY` double default NULL,
  `AVAILABLE_QUANTITY` double default NULL,
  `CONCENTRATION` double default NULL,
  PRIMARY KEY  (`IDENTIFIER`),
  UNIQUE KEY `BARCODE` (`BARCODE`),
  KEY `FK1674810456906F39` (`SPECIMEN_CHARACTERISTICS_ID`),
  KEY `FK1674810433BF33C5` (`SPECIMEN_COLLECTION_GROUP_ID`),
  KEY `FK16748104B189E99D` (`PARENT_SPECIMEN_ID`),
  KEY `FK1674810432B31EAB` (`STORAGE_CONTAINER_IDENTIFIER`)
) ENGINE=MyISAM DEFAULT CHARSET=latin1;

--
-- Dumping data for table `catissue_specimen`
--


/*!40000 ALTER TABLE `catissue_specimen` DISABLE KEYS */;
LOCK TABLES `catissue_specimen` WRITE;
INSERT INTO `catissue_specimen` VALUES (397,'Tissue','Fixed Tissue Block',1,20,22,'ISBN-10 AB00-0013XY','TISSUE IN FORMALIN 30','Active',NULL,523,316,363,0.7,0.199999988079071,NULL),(398,'Tissue','Fixed Tissue Block',1,18,19,'ISBN-10 AB00-0018XY','LEFT BREAST','Active',NULL,524,317,364,12,11.5,NULL),(399,'Tissue','Frozen Tissue Slide',1,20,4,'ISBN-10 AB00-0020XY','AT 4 DEGREES FOR 2 DAYS','Active',NULL,525,318,365,1.4,0.899999976158142,NULL),(400,'Tissue','Fixed Tissue Block',1,16,8,'ISBN-10 AB00-0023XY','STRONG FAMILY HISTORY FOR BRCA MUTATIONS','Active',NULL,526,319,366,0.6,0.100000023841858,NULL),(401,'Tissue','Fixed Tissue Block',1,9,4,'ISBN-10 AB00-0028XY','FROM SKIN','Active',NULL,527,320,367,8,7.5,NULL),(402,'Tissue','Fixed Tissue Block',1,13,5,'ISBN-10 AB00-0030XY','STRONG FAMILY HISTORY FOR BRCA MUTATIONS','Active',NULL,528,321,368,0.68,0.180000007152557,NULL),(403,'Tissue','Fresh Tissue',1,5,24,'ISBN-10 AB00-0032XY','LARGE CHUNKS','Active',NULL,529,322,369,19.5,19,NULL),(404,'Tissue','Fixed Tissue Block',1,10,7,'ISBN-10 AB00-0038XY','LEFT BREAST','Active',NULL,530,323,370,41.5,41,NULL),(405,'Tissue','Fixed Tissue Block',1,4,8,'ISBN-10 AB00-0039XY','LEFT BREAST','Active',NULL,531,324,371,10,9.5,NULL),(406,'Tissue','Fixed Tissue Block',1,19,14,'ISBN-10 AB00-0043XY','STRONG FAMILY HISTORY FOR BRCA MUTATIONS','Active',NULL,532,325,372,6.75,6.25,NULL),(407,'Tissue','Fixed Tissue Block',1,12,16,'ISBN-10 AB00-0050XY','UNKNOWN','Active',NULL,533,326,373,900,899.5,NULL),(408,'Tissue','Fixed Tissue Block',1,12,3,'ISBN-10 AB00-0051XY','TREATED WITH CHEMO','Active',NULL,534,327,374,0.1,-0.399999998509884,NULL),(409,'Tissue','Frozen Tissue Block',1,4,23,'ISBN-10 AB00-0055XY','1/2 HOUR WAIT BEFORE FREEZING','Active',NULL,535,328,375,6.75,6.25,NULL),(410,'Tissue','Frozen Tissue Block',1,2,9,'ISBN-10 AB00-0062XY','1/2 HOUR WAIT BEFORE FREEZING','Active',NULL,536,329,376,30,29.5,NULL),(411,'Tissue','Fixed Tissue Block',1,21,7,'ISBN-10 AB00-0063XY','NO MORE WHOLE BLOOD','Active',NULL,537,330,377,42.75,42.25,NULL),(412,'Tissue','Fresh Tissue',1,2,20,'ISBN-10 AB00-0064XY','LARGE CHUNKS','Active',NULL,538,331,378,13,12.5,NULL),(413,'Tissue','Fresh Tissue',1,1,15,'ISBN-10 AB00-0065XY','LARGE CHUNKS','Active',NULL,539,332,379,0.57,0.0699999928474426,NULL),(414,'Tissue','Fixed Tissue Slide',1,12,24,'ISBN-10 AB00-0066XY','SPECIMEN IN SALINE OVERNIGHT','Active',NULL,540,333,380,14.25,13.75,NULL),(415,'Tissue','Fixed Tissue Block',1,11,23,'ISBN-10 AB00-0070XY','TREATED WITH CHEMO','Active',NULL,541,334,381,7.5,7,NULL),(416,'Tissue','Fixed Tissue Slide',1,18,16,'ISBN-10 AB00-0079XY','SPECIMEN IN SALINE OVERNIGHT','Active',NULL,542,335,382,9.5,9,NULL),(417,'Tissue','Fixed Tissue Block',1,6,7,'ISBN-10 AB00-0082XY','UNKNOWN','Active',NULL,543,336,383,16,15.5,NULL),(418,'Tissue','Fixed Tissue Block',1,3,24,'ISBN-10 AB00-0085XY','TREATED WITH CHEMO','Active',NULL,544,337,384,42.75,42.25,NULL),(419,'Tissue','Frozen Tissue',1,2,23,'ISBN-10 AB00-0093XY','FROZEN ON DRY ICE','Active',NULL,545,338,385,0.6,0.100000023841858,NULL),(420,'Tissue','Fixed Tissue Block',1,23,22,'ISBN-10 AB00-0094XY','ASCITES FLUID','Active',NULL,546,339,386,23,22.5,NULL),(421,'Tissue','Fixed Tissue Block',1,19,8,'ISBN-10 AB00-0099XY','PATIENT IS PREGNANT','Active',NULL,547,340,387,1.4,0.899999976158142,NULL),(422,'Tissue','Fixed Tissue Block',1,24,6,'ISBN-10 AB00-0100XY','N/A','Active',NULL,548,341,388,13,12.5,NULL),(423,'Tissue','Fixed Tissue Block',1,9,18,'ISBN-10 AB102-988XY','N/A','Active',NULL,549,342,389,16,15.5,NULL),(424,'Tissue','Fixed Tissue Block',1,17,16,'ISBN-10 AB86-0815XY','ROOM TEMP FOR 2 DAYS','Active',NULL,550,343,390,41.5,41,NULL),(425,'Tissue','Fixed Tissue Block',1,14,20,'ISBN-10 AB86-0825XY','TISSUE IN FORMALIN 30','Active',NULL,551,344,391,19.5,19,NULL),(426,'Tissue','Fixed Tissue Block',1,9,16,'ISBN-10 AB87-0067XY','TREATED WITH CHEMO','Active',NULL,552,345,392,28,27.5,NULL),(427,'Tissue','Fixed Tissue Block',1,6,10,'ISBN-10 AB87-0083XY','PATIENT HAS HISTORY OF CANCER','Active',NULL,553,346,393,50,49.5,NULL),(428,'Tissue','Frozen Tissue',1,1,2,'ISBN-10 AB87-0087XY','FROZEN ON DRY ICE','Active',NULL,554,347,394,21.5,21,NULL),(429,'Tissue','Fixed Tissue Block',1,18,19,'ISBN-10 AB87-0089XY','FROM SKIN','Active',NULL,555,348,395,50,49.5,NULL),(430,'Tissue','Frozen Tissue Block',1,19,15,'ISBN-10 AB87-0094XY','1/2 HOUR WAIT BEFORE FREEZING','Active',NULL,556,349,396,10.25,9.75,NULL),(431,'Tissue','Fixed Tissue Block',1,24,4,'ISBN-10 AB87-0096XY','UNKNOWN','Active',NULL,557,350,397,12,11.5,NULL),(432,'Tissue','Fixed Tissue',1,4,1,'ISBN-10 AB87-0101XY','POST CHEMO','Active',NULL,558,351,398,11.5,11,NULL),(433,'Tissue','Fixed Tissue Block',1,18,13,'ISBN-10 AB87-0109XY','TREATED WITH CHEMO','Active',NULL,559,352,399,12.75,12.25,NULL),(434,'Tissue','Frozen Tissue Block',1,15,11,'ISBN-10 AB87-0110XY','1/2 HOUR WAIT BEFORE FREEZING','Active',NULL,560,353,400,23,22.5,NULL),(435,'Tissue','Fixed Tissue Block',1,3,1,'ISBN-10 AB87-0116XY','PATIENT WAS ON CHEMO','Active',NULL,561,354,401,5.1,4.59999990463257,NULL),(436,'Tissue','Fixed Tissue Block',1,4,16,'ISBN-10 AB87-0149XY','NO MORE WHOLE BLOOD','Active',NULL,562,355,402,34,33.5,NULL),(437,'Tissue','Frozen Tissue Slide',1,5,4,'ISBN-10 AB87-0160XY','AT 4 DEGREES FOR 2 DAYS','Active',NULL,563,356,403,0.25,-0.25,NULL),(438,'Tissue','Fixed Tissue Block',1,11,9,'ISBN-10 AB87-0181XY','FROM SKIN','Active',NULL,564,357,404,1.1,0.600000023841858,NULL),(439,'Tissue','Fixed Tissue Block',1,16,14,'ISBN-10 AB87-0207XY','FROZEN AT -20','Active',NULL,565,358,405,20,19.5,NULL),(440,'Tissue','Fixed Tissue Slide',1,22,17,'ISBN-10 AB87-0222XY','SPECIMEN IN SALINE OVERNIGHT','Active',NULL,566,359,406,6.75,6.25,NULL),(441,'Tissue','Fixed Tissue Block',1,21,23,'ISBN-10 AB87-0241XY','ROOM TEMP FOR 2 DAYS','Active',NULL,567,360,407,1.2,0.700000047683716,NULL),(442,'Tissue','Fixed Tissue Block',1,14,3,'ISBN-10 AB87-0242XY','ROOM TEMP FOR 2 DAYS','Active',NULL,568,361,408,10.25,9.75,NULL),(443,'Tissue','Frozen Tissue Slide',1,14,13,'ISBN-10 AB87-0243XY','AT 4 DEGREES FOR 2 DAYS','Active',NULL,569,362,409,40,39.5,NULL),(444,'Tissue','Fixed Tissue Block',1,19,11,'ISBN-10 AB87-0265XY','TISSUE IN FORMALIN 30','Active',NULL,570,363,410,4.45,3.94999980926514,NULL),(445,'Tissue','Fixed Tissue Block',1,1,22,'ISBN-10 AB87-0279XY','PATIENT HAS HISTORY OF CANCER','Active',NULL,571,364,411,0.4,-0.0999999940395355,NULL),(446,'Tissue','Fixed Tissue Block',1,9,24,'ISBN-10 AB87-0280XY','STRONG FAMILY HISTORY FOR BRCA MUTATIONS','Active',NULL,572,365,412,6,5.5,NULL),(447,'Tissue','Fresh Tissue',1,16,5,'ISBN-10 AB87-0300XY','LARGE CHUNKS','Active',NULL,573,366,413,30.5,30,NULL),(448,'Tissue','Fresh Tissue',1,15,20,'ISBN-10 AB87-0307XY','LARGE CHUNKS','Active',NULL,574,367,414,7.5,7,NULL),(449,'Tissue','Fixed Tissue Block',1,8,14,'ISBN-10 AB87-0311XY','TREATED WITH CHEMO','Active',NULL,575,368,415,15.15,14.6499996185303,NULL),(450,'Tissue','Frozen Tissue Block',1,6,12,'ISBN-10 AB87-0320XY','1/2 HOUR WAIT BEFORE FREEZING','Active',NULL,576,369,416,132.75,132.25,NULL),(451,'Tissue','Fixed Tissue Block',1,6,19,'ISBN-10 AB87-0325XY','LEFT BREAST','Active',NULL,577,370,417,23,22.5,NULL),(452,'Tissue','Fixed Tissue Block',1,18,1,'ISBN-10 AB87-0330XY','TREATED WITH CHEMO','Active',NULL,578,371,418,14.25,13.75,NULL),(453,'Tissue','Fixed Tissue Block',1,16,6,'ISBN-10 AB87-0338XY','FROM SPLEEN','Active',NULL,579,372,419,1,0.5,NULL),(454,'Tissue','Fixed Tissue Block',1,20,9,'ISBN-10 AB87-0340XY','TREATED WITH CHEMO','Active',NULL,580,373,420,7.5,7,NULL),(455,'Tissue','Fixed Tissue',1,19,14,'ISBN-10 AB87-0341XY','POST CHEMO','Active',NULL,581,374,421,19.5,19,NULL),(456,'Tissue','Fixed Tissue Block',1,16,23,'ISBN-10 AB87-0345XY','ROOM TEMP FOR 2 DAYS','Active',NULL,582,375,422,30.5,30,NULL),(457,'Tissue','Frozen Tissue',1,12,3,'ISBN-10 AB87-0349XY','FROZEN ON DRY ICE','Active',NULL,583,376,423,29.5,29,NULL),(458,'Tissue','Fixed Tissue Block',1,9,12,'ISBN-10 AB87-0351XY','NO MORE WHOLE BLOOD','Active',NULL,584,377,424,1.1,0.600000023841858,NULL),(459,'Tissue','Frozen Tissue',1,5,13,'ISBN-10 AB87-0356XY','FROZEN ON DRY ICE','Active',NULL,585,378,425,40,39.5,NULL),(460,'Tissue','Frozen Tissue Slide',1,8,5,'ISBN-10 AB87-0362XY','AT 4 DEGREES FOR 2 DAYS','Active',NULL,586,379,426,11.5,11,NULL),(461,'Tissue','Fixed Tissue Block',1,22,7,'ISBN-10 AB87-0363XY','TREATED WITH CHEMO','Active',NULL,587,380,427,0.5,0,NULL),(462,'Tissue','Fixed Tissue Block',1,2,10,'ISBN-10 AB87-0365XY','TREATED WITH CHEMO','Active',NULL,588,381,428,34,33.5,NULL),(463,'Tissue','Fixed Tissue Block',1,24,21,'ISBN-10 AB87-0394XY','ASCITES FLUID','Active',NULL,589,382,429,13,12.5,NULL),(464,'Tissue','Frozen Tissue Block',1,21,19,'ISBN-10 AB87-0425XY','1/2 HOUR WAIT BEFORE FREEZING','Active',NULL,590,383,430,1.2,0.700000047683716,NULL),(465,'Tissue','Frozen Tissue Slide',1,20,13,'ISBN-10 AB87-0431XY','AT 4 DEGREES FOR 2 DAYS','Active',NULL,591,384,431,9.5,9,NULL),(466,'Tissue','Fixed Tissue Block',1,17,7,'ISBN-10 AB87-0433XY','TISSUE IN FORMALIN 30','Active',NULL,592,385,432,40,39.5,NULL),(467,'Tissue','Fixed Tissue Block',1,4,18,'ISBN-10 AB87-0439XY','TREATED WITH CHEMO','Active',NULL,593,386,433,23,22.5,NULL),(468,'Tissue','Fixed Tissue Block',1,16,21,'ISBN-10 AB87-0449XY','FROM SPLEEN','Active',NULL,594,387,434,4,3.5,NULL),(469,'Tissue','Fixed Tissue Block',1,4,1,'ISBN-10 AB87-0450XY','N/A','Active',NULL,595,388,435,6,5.5,NULL),(470,'Tissue','Fixed Tissue Block',1,9,1,'ISBN-10 AB87-0453XY','ASCITES FLUID','Active',NULL,596,389,436,15.15,14.6499996185303,NULL),(471,'Tissue','Fixed Tissue Block',1,15,17,'ISBN-10 AB87-0465XY','TISSUE IN FORMALIN 30','Active',NULL,597,390,437,26,25.5,NULL),(472,'Tissue','Frozen Tissue Slide',1,8,8,'ISBN-10 AB87-0486XY','AT 4 DEGREES FOR 2 DAYS','Active',NULL,598,391,438,7.5,7,NULL),(473,'Tissue','Fixed Tissue Block',1,12,1,'ISBN-10 AB87-0501XY','ASCITES FLUID','Active',NULL,599,392,439,0.7,0.199999988079071,NULL),(474,'Tissue','Fixed Tissue Block',1,23,11,'ISBN-10 AB87-0503XY','NO MORE WHOLE BLOOD','Active',NULL,600,393,440,18,17.5,NULL),(475,'Tissue','Fixed Tissue Block',1,6,16,'ISBN-10 AB87-0505XY','FROM SKIN','Active',NULL,601,394,441,30.5,30,NULL),(476,'Tissue','Fixed Tissue Block',1,5,2,'ISBN-10 AB87-0525XY','PATIENT HAS HISTORY OF CANCER','Active',NULL,602,395,442,22.75,22.25,NULL),(477,'Tissue','Fixed Tissue Block',1,12,18,'ISBN-10 AB87-0528XY','LEFT BREAST','Active',NULL,603,396,443,40.5,40,NULL),(478,'Tissue','Fixed Tissue Block',1,24,11,'ISBN-10 AB87-0529XY','FROZEN AT -20','Active',NULL,604,397,444,12,11.5,NULL),(479,'Tissue','Fixed Tissue Block',1,16,7,'ISBN-10 AB87-0537XY','ASCITES FLUID','Active',NULL,605,398,445,50.5,50,NULL),(480,'Tissue','Fixed Tissue Block',1,16,18,'ISBN-10 AB87-0544XY','TREATED WITH CHEMO','Active',NULL,606,399,446,10,9.5,NULL),(481,'Tissue','Fixed Tissue',1,8,16,'ISBN-10 AB87-0548XY','POST CHEMO','Active',NULL,607,400,447,26,25.5,NULL),(482,'Tissue','Fixed Tissue Block',1,13,3,'ISBN-10 AB87-0564XY','TISSUE IN FORMALIN 30','Active',NULL,608,401,448,1.4,0.899999976158142,NULL),(483,'Tissue','Fixed Tissue Block',1,2,23,'ISBN-10 AB87-0617XY','TREATED WITH CHEMO','Active',NULL,609,402,449,23,22.5,NULL),(484,'Tissue','Fixed Tissue Block',1,9,18,'ISBN-10 AB87-0620XY','TISSUE IN FORMALIN 30','Active',NULL,610,403,450,1.2,0.700000047683716,NULL),(485,'Tissue','Fresh Tissue',1,24,9,'ISBN-10 AB87-0627XY','LARGE CHUNKS','Active',NULL,611,404,451,132.75,132.25,NULL),(486,'Tissue','Fresh Tissue',1,12,1,'ISBN-10 AB87-0633XY','LARGE CHUNKS','Active',NULL,612,405,452,34,33.5,NULL),(487,'Tissue','Fixed Tissue Block',1,9,23,'ISBN-10 AB87-0634XY','PATIENT HAS HISTORY OF CANCER','Active',NULL,613,406,453,4.25,3.75,NULL),(488,'Tissue','Fixed Tissue',1,17,3,'ISBN-10 AB87-0638XY','POST CHEMO','Active',NULL,614,407,454,133,132.5,NULL),(489,'Tissue','Frozen Tissue Slide',1,3,7,'ISBN-10 AB87-0668XY','AT 4 DEGREES FOR 2 DAYS','Active',NULL,615,408,455,10,9.5,NULL),(490,'Tissue','Fixed Tissue Block',1,1,17,'ISBN-10 AB87-0670XY','NO MORE WHOLE BLOOD','Active',NULL,616,409,456,0.57,0.0699999928474426,NULL),(491,'Tissue','Fixed Tissue Block',1,1,17,'ISBN-10 AB87-0673XY','NO MORE WHOLE BLOOD','Active',NULL,617,410,457,24.25,23.75,NULL),(492,'Tissue','Fixed Tissue Block',1,20,2,'ISBN-10 AB87-0680XY','ASCITES FLUID','Active',NULL,618,411,458,6.75,6.25,NULL),(493,'Tissue','Fixed Tissue Block',1,20,22,'ISBN-10 AB87-0685XY','NO MORE WHOLE BLOOD','Active',NULL,619,412,459,8,7.5,NULL),(494,'Tissue','Fixed Tissue Block',1,1,8,'ISBN-10 AB87-0687XY','N/A','Active',NULL,620,413,460,15.15,14.6499996185303,NULL),(495,'Tissue','Fixed Tissue Block',1,2,24,'ISBN-10 AB87-0691XY','PATIENT IS PREGNANT','Active',NULL,621,414,461,0.9,0.399999976158142,NULL),(496,'Tissue','Fixed Tissue Slide',1,2,20,'ISBN-10 AB87-0696XY','SPECIMEN IN SALINE OVERNIGHT','Active',NULL,622,415,462,8,7.5,NULL),(497,'Tissue','Fixed Tissue Block',1,19,8,'ISBN-10 AB87-0707XY','TREATED WITH CHEMO','Active',NULL,623,416,463,14.25,13.75,NULL),(498,'Tissue','Fixed Tissue Block',1,6,12,'ISBN-10 AB87-0732XY','FROZEN AT -20','Active',NULL,624,417,464,0.68,0.180000007152557,NULL),(499,'Tissue','Fixed Tissue Block',1,11,9,'ISBN-10 AB87-0736XY','TREATED WITH CHEMO','Active',NULL,625,418,465,3,2.5,NULL),(500,'Tissue','Fixed Tissue Block',1,11,1,'ISBN-10 AB87-0748XY','TISSUE IN FORMALIN 30','Active',NULL,626,419,466,133,132.5,NULL),(501,'Tissue','Fixed Tissue Block',1,22,18,'ISBN-10 AB87-0758XY','STRONG FAMILY HISTORY FOR BRCA MUTATIONS','Active',NULL,627,420,467,14.25,13.75,NULL),(502,'Tissue','Fixed Tissue Block',1,4,9,'ISBN-10 AB87-0766XY','TREATED WITH CHEMO','Active',NULL,628,421,468,20,19.5,NULL),(503,'Tissue','Fixed Tissue Block',1,2,9,'ISBN-10 AB87-0768XY','TISSUE IN FORMALIN 30','Active',NULL,629,422,469,45,44.5,NULL),(504,'Tissue','Fixed Tissue Block',1,13,14,'ISBN-10 AB87-0791XY','UNKNOWN','Active',NULL,630,423,470,7.85,7.34999990463257,NULL),(505,'Tissue','Fixed Tissue Block',1,20,11,'ISBN-10 AB87-0792XY','FROM SPLEEN','Active',NULL,631,424,471,0.5,0,NULL),(506,'Tissue','Frozen Tissue',1,18,8,'ISBN-10 AB87-0798XY','FROZEN ON DRY ICE','Active',NULL,632,425,472,0.8,0.300000011920929,NULL),(507,'Tissue','Fixed Tissue Block',1,13,20,'ISBN-10 AB87-0799XY','ROOM TEMP FOR 2 DAYS','Active',NULL,633,426,473,18,17.5,NULL),(508,'Tissue','Fixed Tissue Block',1,9,18,'ISBN-10 AB88-0042XY','TREATED WITH CHEMO','Active',NULL,634,427,474,24.25,23.75,NULL),(509,'Tissue','Frozen Tissue Slide',1,6,5,'ISBN-10 AB88-0045XY','AT 4 DEGREES FOR 2 DAYS','Active',NULL,635,428,475,40.5,40,NULL),(510,'Tissue','Fixed Tissue Block',1,5,3,'ISBN-10 AB88-0049XY','TREATED WITH CHEMO','Active',NULL,636,429,476,10,9.5,NULL),(511,'Tissue','Fixed Tissue Slide',1,24,6,'ISBN-10 AB88-0069XY','SPECIMEN IN SALINE OVERNIGHT','Active',NULL,637,430,477,20,19.5,NULL),(512,'Tissue','Fixed Tissue Block',1,4,4,'ISBN-10 AB88-0070XY','TREATED WITH CHEMO','Active',NULL,638,431,478,40,39.5,NULL),(513,'Tissue','Fixed Tissue Block',1,8,16,'ISBN-10 AB88-0109XY','TISSUE IN FORMALIN 30','Active',NULL,639,432,479,23,22.5,NULL),(514,'Tissue','Frozen Tissue Slide',1,21,18,'ISBN-10 AB88-0122XY','AT 4 DEGREES FOR 2 DAYS','Active',NULL,640,433,480,1,0.5,NULL),(515,'Tissue','Fixed Tissue Block',1,19,24,'ISBN-10 AB88-0135XY','TREATED WITH CHEMO','Active',NULL,641,434,481,0.25,-0.25,NULL),(516,'Tissue','Fixed Tissue Block',1,7,3,'ISBN-10 AB88-0139XY','ROOM TEMP FOR 2 DAYS','Active',NULL,642,435,482,67,66.5,NULL),(517,'Tissue','Fixed Tissue Block',1,12,9,'ISBN-10 AB88-0162XY','NO MORE WHOLE BLOOD','Active',NULL,643,436,483,1.4,0.899999976158142,NULL),(518,'Tissue','Fixed Tissue Block',1,7,7,'ISBN-10 AB88-0164XY','ASCITES FLUID','Active',NULL,644,437,484,24.25,23.75,NULL),(519,'Tissue','Fixed Tissue Block',1,23,1,'ISBN-10 AB88-0168XY','NO MORE WHOLE BLOOD','Active',NULL,645,438,485,50.5,50,NULL),(520,'Tissue','Frozen Tissue',1,20,17,'ISBN-10 AB88-0169XY','FROZEN ON DRY ICE','Active',NULL,646,439,486,0.75,0.25,NULL),(521,'Tissue','Fixed Tissue Block',1,9,9,'ISBN-10 AB88-0170XY','N/A','Active',NULL,647,440,487,0.5,0,NULL),(522,'Tissue','Frozen Tissue',1,14,7,'ISBN-10 AB88-0190XY','FROZEN ON DRY ICE','Active',NULL,648,441,488,29.5,29,NULL),(523,'Tissue','Fixed Tissue Block',1,2,16,'ISBN-10 AB88-0196XY','FROM SPLEEN','Active',NULL,649,442,489,30,29.5,NULL),(524,'Tissue','Fixed Tissue Block',1,19,9,'ISBN-10 AB88-0199XY','TREATED WITH CHEMO','Active',NULL,650,443,490,0.9,0.399999976158142,NULL),(525,'Tissue','Fixed Tissue Block',1,12,6,'ISBN-10 AB88-0210XY','PATIENT WAS ON CHEMO','Active',NULL,651,444,491,3,2.5,NULL),(526,'Tissue','Fixed Tissue Block',1,12,18,'ISBN-10 AB88-0215XY','LEFT BREAST','Active',NULL,652,445,492,41.5,41,NULL),(527,'Tissue','Fixed Tissue Block',1,24,14,'ISBN-10 AB88-0232XY','ASCITES FLUID','Active',NULL,653,446,493,5.1,4.59999990463257,NULL),(528,'Tissue','Fixed Tissue Block',1,23,24,'ISBN-10 AB88-0254XY','LEFT BREAST','Active',NULL,654,447,494,10,9.5,NULL),(529,'Tissue','Fixed Tissue Block',1,21,22,'ISBN-10 AB88-0256XY','UNKNOWN','Active',NULL,655,448,495,0.9,0.399999976158142,NULL),(530,'Tissue','Fixed Tissue Block',1,15,23,'ISBN-10 AB88-0265XY','N/A','Active',NULL,656,449,496,0.9,0.399999976158142,NULL),(531,'Tissue','Fixed Tissue Block',1,14,2,'ISBN-10 AB88-0291XY','NO MORE WHOLE BLOOD','Active',NULL,657,450,497,42.75,42.25,NULL),(532,'Tissue','Fixed Tissue Block',1,20,7,'ISBN-10 AB88-0301XY','FROM SKIN','Active',NULL,658,451,498,1.1,0.600000023841858,NULL),(533,'Tissue','Fixed Tissue Block',1,7,21,'ISBN-10 AB88-0313XY','PATIENT IS PREGNANT','Active',NULL,659,452,499,2,1.5,NULL),(534,'Tissue','Fixed Tissue Block',1,14,2,'ISBN-10 AB88-0331XY','FROZEN AT -20','Active',NULL,660,453,500,50.5,50,NULL),(535,'Tissue','Frozen Tissue Block',1,12,7,'ISBN-10 AB88-0337XY','1/2 HOUR WAIT BEFORE FREEZING','Active',NULL,661,454,501,34,33.5,NULL),(536,'Tissue','Fixed Tissue Block',1,2,17,'ISBN-10 AB88-0339XY','N/A','Active',NULL,662,455,502,4.25,3.75,NULL),(537,'Tissue','Fixed Tissue Block',1,23,20,'ISBN-10 AB88-0341XY','ASCITES FLUID','Active',NULL,663,456,503,6,5.5,NULL),(538,'Tissue','Fixed Tissue Block',1,22,22,'ISBN-10 AB88-0349XY','LEFT BREAST','Active',NULL,664,457,504,29.5,29,NULL),(539,'Tissue','Fixed Tissue Block',1,17,11,'ISBN-10 AB88-0367XY','FROM SPLEEN','Active',NULL,665,458,505,19.5,19,NULL),(540,'Tissue','Fixed Tissue Block',1,14,8,'ISBN-10 AB88-0371XY','TREATED WITH CHEMO','Active',NULL,666,459,506,6.75,6.25,NULL),(541,'Tissue','Fixed Tissue Block',1,21,19,'ISBN-10 AB88-0379XY','PATIENT HAS HISTORY OF CANCER','Active',NULL,667,460,507,1,0.5,NULL),(542,'Tissue','Fixed Tissue Block',1,3,17,'ISBN-10 AB88-0391XY','N/A','Active',NULL,668,461,508,4.25,3.75,NULL),(543,'Tissue','Fixed Tissue Block',1,7,10,'ISBN-10 AB88-0395XY','TREATED WITH CHEMO','Active',NULL,669,462,509,200,199.5,NULL),(544,'Tissue','Fixed Tissue Block',1,19,24,'ISBN-10 AB88-0410XY','FROM SPLEEN','Active',NULL,670,463,510,0.1,-0.399999998509884,NULL),(545,'Tissue','Fixed Tissue Block',1,1,19,'ISBN-10 AB88-0418XY','FROM SPLEEN','Active',NULL,671,464,511,1.1,0.600000023841858,NULL),(546,'Tissue','Fixed Tissue Block',1,18,16,'ISBN-10 AB88-0428XY','LEFT BREAST','Active',NULL,672,465,512,2,1.5,NULL),(547,'Tissue','Fixed Tissue Block',1,12,19,'ISBN-10 AB88-0429XY','FROZEN AT -20','Active',NULL,673,466,513,40.5,40,NULL),(548,'Tissue','Fresh Tissue',1,3,5,'ISBN-10 AB88-0431XY','LARGE CHUNKS','Active',NULL,674,467,514,26,25.5,NULL),(549,'Tissue','Fixed Tissue Block',1,16,21,'ISBN-10 AB88-0434XY','ROOM TEMP FOR 2 DAYS','Active',NULL,675,468,515,40.5,40,NULL),(550,'Tissue','Fixed Tissue Block',1,21,13,'ISBN-10 AB88-0437XY','N/A','Active',NULL,676,469,516,0.2,-0.299999997019768,NULL),(551,'Tissue','Fixed Tissue Block',1,9,24,'ISBN-10 AB88-0447XY','FROM SKIN','Active',NULL,677,470,517,22.75,22.25,NULL),(552,'Tissue','Frozen Tissue Block',1,23,21,'ISBN-10 AB88-0454XY','1/2 HOUR WAIT BEFORE FREEZING','Active',NULL,678,471,518,40,39.5,NULL),(553,'Tissue','Fixed Tissue Block',1,15,19,'ISBN-10 AB88-0467XY','UNKNOWN','Active',NULL,679,472,519,12.75,12.25,NULL),(554,'Tissue','Fixed Tissue Block',1,17,6,'ISBN-10 AB88-0486XY','TISSUE IN FORMALIN 30','Active',NULL,680,473,520,19.5,19,NULL),(555,'Tissue','Fixed Tissue Block',1,20,3,'ISBN-10 AB88-0499XY','TISSUE IN FORMALIN 30','Active',NULL,681,474,521,29.5,29,NULL),(556,'Tissue','Frozen Tissue Block',1,9,21,'ISBN-10 AB88-0509XY','1/2 HOUR WAIT BEFORE FREEZING','Active',NULL,682,475,522,0.75,0.25,NULL),(557,'Tissue','Fixed Tissue Block',1,17,13,'ISBN-10 AB88-0523XY','TISSUE IN FORMALIN 30','Active',NULL,683,476,523,50.5,50,NULL),(558,'Tissue','Fixed Tissue Block',1,10,8,'ISBN-10 AB88-0534XY','ROOM TEMP FOR 2 DAYS','Active',NULL,684,477,524,10.25,9.75,NULL),(559,'Tissue','Frozen Tissue Slide',1,13,5,'ISBN-10 AB88-0535XY','AT 4 DEGREES FOR 2 DAYS','Active',NULL,685,478,525,4.45,3.94999980926514,NULL),(560,'Tissue','Frozen Tissue',1,2,1,'ISBN-10 AB88-0546XY','FROZEN ON DRY ICE','Active',NULL,686,479,526,25.15,24.6499996185303,NULL),(561,'Tissue','Frozen Tissue',1,3,6,'ISBN-10 AB88-0547XY','FROZEN ON DRY ICE','Active',NULL,687,480,527,0.75,0.25,NULL),(562,'Tissue','Fixed Tissue Block',1,3,11,'ISBN-10 AB88-0595XY','UNKNOWN','Active',NULL,688,481,528,45,44.5,NULL),(563,'Tissue','Fixed Tissue Block',1,13,13,'ISBN-10 AB88-0611XY','N/A','Active',NULL,689,482,529,0.1,-0.399999998509884,NULL),(564,'Tissue','Fixed Tissue Block',1,4,1,'ISBN-10 AB88-0622XY','N/A','Active',NULL,690,483,530,12.75,12.25,NULL),(565,'Tissue','Fixed Tissue Block',1,18,19,'ISBN-10 AB88-0627XY','PATIENT IS PREGNANT','Active',NULL,691,484,531,200,199.5,NULL),(566,'Tissue','Fresh Tissue',1,17,11,'ISBN-10 AB88-0629XY','LARGE CHUNKS','Active',NULL,692,485,532,0.1,-0.399999998509884,NULL),(567,'Tissue','Fixed Tissue Slide',1,22,8,'ISBN-10 AB88-0647XY','SPECIMEN IN SALINE OVERNIGHT','Active',NULL,693,486,533,30.5,30,NULL),(568,'Tissue','Fixed Tissue Block',1,1,23,'ISBN-10 AB88-0677XY','FROZEN AT -20','Active',NULL,694,487,534,3,2.5,NULL),(569,'Tissue','Fixed Tissue Block',1,1,3,'ISBN-10 AB88-0682XY','N/A','Active',NULL,695,488,535,8,7.5,NULL),(570,'Tissue','Fixed Tissue Block',1,11,3,'ISBN-10 AB88-0685XY','N/A','Active',NULL,696,489,536,133,132.5,NULL),(571,'Tissue','Fixed Tissue Block',1,11,7,'ISBN-10 AB88-0688XY','FROM SKIN','Active',NULL,697,490,537,7.85,7.34999990463257,NULL),(572,'Tissue','Fixed Tissue Block',1,16,7,'ISBN-10 AB88-0702XY','LEFT BREAST','Active',NULL,698,491,538,0.9,0.399999976158142,NULL),(573,'Tissue','Frozen Tissue Slide',1,18,15,'ISBN-10 AB88-0706XY','AT 4 DEGREES FOR 2 DAYS','Active',NULL,699,492,539,20,19.5,NULL),(574,'Tissue','Fixed Tissue Block',1,17,4,'ISBN-10 AB88-0709XY','PATIENT WAS ON CHEMO','Active',NULL,700,493,540,50,49.5,NULL),(575,'Tissue','Frozen Tissue',1,13,19,'ISBN-10 AB89-0000XY','FROZEN ON DRY ICE','Active',NULL,701,494,541,10,9.5,NULL),(576,'Tissue','Fixed Tissue Block',1,24,16,'ISBN-10 AB89-0002XY','TISSUE IN FORMALIN 30','Active',NULL,702,495,542,132.75,132.25,NULL),(577,'Tissue','Fixed Tissue Block',1,19,5,'ISBN-10 AB89-0008XY','ROOM TEMP FOR 2 DAYS','Active',NULL,703,496,543,0.25,-0.25,NULL),(578,'Tissue','Fixed Tissue Block',1,11,18,'ISBN-10 AB89-0009XY','FROM SPLEEN','Active',NULL,704,497,544,200,199.5,NULL),(579,'Tissue','Fixed Tissue Block',1,10,1,'ISBN-10 AB89-0011XY','PATIENT HAS HISTORY OF CANCER','Active',NULL,705,498,545,0.75,0.25,NULL),(580,'Tissue','Fixed Tissue Block',1,4,16,'ISBN-10 AB89-0022XY','ROOM TEMP FOR 2 DAYS','Active',NULL,706,499,546,19.5,19,NULL),(581,'Tissue','Fixed Tissue Block',1,19,15,'ISBN-10 AB89-0023XY','PATIENT WAS ON CHEMO','Active',NULL,707,500,547,22.75,22.25,NULL),(582,'Tissue','Fixed Tissue Block',1,12,21,'ISBN-10 AB89-0024XY','ASCITES FLUID','Active',NULL,708,501,548,4.25,3.75,NULL),(583,'Tissue','Frozen Tissue',1,12,12,'ISBN-10 AB89-0025XY','FROZEN ON DRY ICE','Active',NULL,709,502,549,3,2.5,NULL),(584,'Tissue','Fixed Tissue Block',1,11,1,'ISBN-10 AB89-0028XY','TREATED WITH CHEMO','Active',NULL,710,503,550,42.75,42.25,NULL),(585,'Tissue','Frozen Tissue',1,21,15,'ISBN-10 AB89-0031XY','FROZEN ON DRY ICE','Active',NULL,711,504,551,45,44.5,NULL),(586,'Tissue','Fixed Tissue Block',1,20,7,'ISBN-10 AB89-0032XY','NO MORE WHOLE BLOOD','Active',NULL,712,505,552,14.25,13.75,NULL),(587,'Tissue','Fresh Tissue',1,16,18,'ISBN-10 AB89-0034XY','LARGE CHUNKS','Active',NULL,713,506,553,40,39.5,NULL),(588,'Tissue','Fixed Tissue Block',1,15,10,'ISBN-10 AB89-0035XY','STRONG FAMILY HISTORY FOR BRCA MUTATIONS','Active',NULL,714,507,554,0.9,0.399999976158142,NULL),(589,'Tissue','Fixed Tissue Block',1,18,14,'ISBN-10 AB89-0037XY','TREATED WITH CHEMO','Active',NULL,715,508,555,19.5,19,NULL),(590,'Tissue','Fixed Tissue Block',1,12,14,'ISBN-10 AB89-0048XY','FROM SPLEEN','Active',NULL,716,509,556,0.2,-0.299999997019768,NULL),(591,'Tissue','Fixed Tissue Block',1,24,2,'ISBN-10 AB89-0049XY','TREATED WITH CHEMO','Active',NULL,717,510,557,1.1,0.600000023841858,NULL),(592,'Tissue','Fixed Tissue Block',1,23,9,'ISBN-10 AB89-0057XY','NO MORE WHOLE BLOOD','Active',NULL,718,511,558,17.85,17.3500003814697,NULL),(593,'Tissue','Fixed Tissue Block',1,18,8,'ISBN-10 AB89-0058XY','TREATED WITH CHEMO','Active',NULL,719,512,559,1.2,0.700000047683716,NULL),(594,'Tissue','Fixed Tissue Slide',1,15,21,'ISBN-10 AB89-0060XY','SPECIMEN IN SALINE OVERNIGHT','Active',NULL,720,513,560,0.6,0.100000023841858,NULL),(595,'Tissue','Fixed Tissue Block',1,24,4,'ISBN-10 AB89-0069XY','FROM SKIN','Active',NULL,721,514,561,19.5,19,NULL),(596,'Tissue','Fixed Tissue Block',1,24,16,'ISBN-10 AB89-0080XY','FROM SKIN','Active',NULL,722,515,562,2,1.5,NULL),(597,'Tissue','Fixed Tissue Block',1,23,8,'ISBN-10 AB89-0085XY','UNKNOWN','Active',NULL,723,516,563,0.68,0.180000007152557,NULL),(598,'Tissue','Fixed Tissue Block',1,18,6,'ISBN-10 AB89-0091XY','TREATED WITH CHEMO','Active',NULL,724,517,564,21.5,21,NULL),(599,'Tissue','Fixed Tissue Block',1,6,13,'ISBN-10 AB89-0101XY','TISSUE IN FORMALIN 30','Active',NULL,725,518,565,100,99.5,NULL),(600,'Tissue','Fixed Tissue Block',1,16,2,'ISBN-10 AB89-0104XY','TREATED WITH CHEMO','Active',NULL,726,519,566,10,9.5,NULL),(601,'Tissue','Frozen Tissue Slide',1,17,15,'ISBN-10 AB89-0113XY','AT 4 DEGREES FOR 2 DAYS','Active',NULL,727,520,567,26,25.5,NULL),(602,'Tissue','Fixed Tissue Block',1,14,24,'ISBN-10 AB89-0121XY','PATIENT HAS HISTORY OF CANCER','Active',NULL,728,521,568,50.5,50,NULL),(603,'Tissue','Fixed Tissue Block',1,9,23,'ISBN-10 AB89-0124XY','LEFT BREAST','Active',NULL,729,522,569,0.7,0.199999988079071,NULL),(604,'Tissue','Fixed Tissue Block',1,24,5,'ISBN-10 AB89-0134XY','UNKNOWN','Active',NULL,730,523,570,5,4.5,NULL),(605,'Tissue','Fixed Tissue Block',1,16,20,'ISBN-10 AB89-0157XY','TREATED WITH CHEMO','Active',NULL,731,524,571,12,11.5,NULL),(606,'Tissue','Fixed Tissue',1,18,9,'ISBN-10 AB89-0166XY','POST CHEMO','Active',NULL,732,525,572,0.68,0.180000007152557,NULL),(607,'Tissue','Frozen Tissue',1,16,23,'ISBN-10 AB89-0173XY','FROZEN ON DRY ICE','Active',NULL,733,526,573,10,9.5,NULL),(608,'Tissue','Fixed Tissue Block',1,22,23,'ISBN-10 AB89-0174XY','STRONG FAMILY HISTORY FOR BRCA MUTATIONS','Active',NULL,734,527,574,42.75,42.25,NULL),(609,'Tissue','Frozen Tissue Block',1,22,3,'ISBN-10 AB89-0175XY','1/2 HOUR WAIT BEFORE FREEZING','Active',NULL,735,528,575,4.25,3.75,NULL),(610,'Tissue','Fixed Tissue Block',1,15,2,'ISBN-10 AB89-0180XY','UNKNOWN','Active',NULL,736,529,576,15.15,14.6499996185303,NULL),(611,'Tissue','Fresh Tissue',1,14,4,'ISBN-10 AB89-0182XY','LARGE CHUNKS','Active',NULL,737,530,577,10,9.5,NULL),(612,'Tissue','Fixed Tissue Block',1,21,21,'ISBN-10 AB89-0187XY','ASCITES FLUID','Active',NULL,738,531,578,6,5.5,NULL),(613,'Tissue','Fixed Tissue Block',1,22,8,'ISBN-10 AB89-0191XY','ASCITES FLUID','Active',NULL,739,532,579,50.5,50,NULL),(614,'Tissue','Frozen Tissue Slide',1,22,24,'ISBN-10 AB89-0215XY','AT 4 DEGREES FOR 2 DAYS','Active',NULL,740,533,580,0.5,0,NULL),(615,'Tissue','Fixed Tissue Block',1,14,17,'ISBN-10 AB89-0231XY','ASCITES FLUID','Active',NULL,741,534,581,30,29.5,NULL),(616,'Tissue','Fixed Tissue Block',1,2,4,'ISBN-10 AB89-0245XY','N/A','Active',NULL,742,535,582,0.57,0.0699999928474426,NULL),(617,'Tissue','Frozen Tissue Block',1,20,3,'ISBN-10 AB89-0247XY','1/2 HOUR WAIT BEFORE FREEZING','Active',NULL,743,536,583,23,22.5,NULL),(618,'Tissue','Fixed Tissue Block',1,19,1,'ISBN-10 AB89-0249XY','ASCITES FLUID','Active',NULL,744,537,584,0.2,-0.299999997019768,NULL),(619,'Tissue','Fixed Tissue Block',1,20,24,'ISBN-10 AB89-0250XY','TREATED WITH CHEMO','Active',NULL,745,538,585,1.2,0.700000047683716,NULL),(620,'Tissue','Frozen Tissue Block',1,1,15,'ISBN-10 AB89-0262XY','1/2 HOUR WAIT BEFORE FREEZING','Active',NULL,746,539,586,2,1.5,NULL),(621,'Tissue','Fresh Tissue',1,2,2,'ISBN-10 AB89-0264XY','LARGE CHUNKS','Active',NULL,747,540,587,14.25,13.75,NULL),(622,'Tissue','Fixed Tissue Block',1,10,11,'ISBN-10 AB89-0267XY','LEFT BREAST','Active',NULL,748,541,588,34,33.5,NULL),(623,'Tissue','Fixed Tissue Block',1,3,23,'ISBN-10 AB89-0272XY','PATIENT HAS HISTORY OF CANCER','Active',NULL,749,542,589,5.1,4.59999990463257,NULL),(624,'Tissue','Fixed Tissue Block',1,13,12,'ISBN-10 AB89-0276XY','N/A','Active',NULL,750,543,590,6,5.5,NULL),(625,'Tissue','Frozen Tissue Block',1,12,1,'ISBN-10 AB89-0294XY','1/2 HOUR WAIT BEFORE FREEZING','Active',NULL,751,544,591,4,3.5,NULL),(626,'Tissue','Fixed Tissue Block',1,5,13,'ISBN-10 AB89-0295XY','STRONG FAMILY HISTORY FOR BRCA MUTATIONS','Active',NULL,752,545,592,13,12.5,NULL),(627,'Tissue','Fixed Tissue Block',1,22,9,'ISBN-10 AB89-0318XY','TISSUE IN FORMALIN 30','Active',NULL,753,546,593,22.75,22.25,NULL),(628,'Tissue','Fixed Tissue Block',1,16,20,'ISBN-10 AB89-0371XY','LEFT BREAST','Active',NULL,754,547,594,23,22.5,NULL),(629,'Tissue','Fixed Tissue Block',1,8,12,'ISBN-10 AB89-0377XY','PATIENT WAS ON CHEMO','Active',NULL,755,548,595,17.85,17.3500003814697,NULL),(630,'Tissue','Fixed Tissue Block',1,9,18,'ISBN-10 AB89-0399XY','LEFT BREAST','Active',NULL,756,549,596,0.1,-0.399999998509884,NULL),(631,'Tissue','Fixed Tissue Block',1,2,7,'ISBN-10 AB89-0400XY','PATIENT WAS ON CHEMO','Active',NULL,757,550,597,0.68,0.180000007152557,NULL),(632,'Tissue','Fixed Tissue Slide',1,15,9,'ISBN-10 AB89-0416XY','SPECIMEN IN SALINE OVERNIGHT','Active',NULL,758,551,598,50.5,50,NULL),(633,'Tissue','Fixed Tissue Block',1,9,12,'ISBN-10 AB89-0417XY','ASCITES FLUID','Active',NULL,759,552,599,10.25,9.75,NULL),(634,'Tissue','Fixed Tissue Block',1,9,6,'ISBN-10 AB89-0418XY','PATIENT WAS ON CHEMO','Active',NULL,760,553,600,19.5,19,NULL),(635,'Tissue','Fixed Tissue Block',1,1,20,'ISBN-10 AB89-0426XY','LEFT BREAST','Active',NULL,761,554,601,100,99.5,NULL),(636,'Tissue','Frozen Tissue Block',1,21,8,'ISBN-10 AB89-0428XY','1/2 HOUR WAIT BEFORE FREEZING','Active',NULL,762,555,602,1.1,0.600000023841858,NULL),(637,'Tissue','Frozen Tissue Slide',1,9,24,'ISBN-10 AB89-0451XY','AT 4 DEGREES FOR 2 DAYS','Active',NULL,763,556,603,20,19.5,NULL),(638,'Tissue','Fresh Tissue',1,4,4,'ISBN-10 AB89-0453XY','LARGE CHUNKS','Active',NULL,764,557,604,25.15,24.6499996185303,NULL),(639,'Tissue','Fixed Tissue Block',1,5,2,'ISBN-10 AB89-0454XY','N/A','Active',NULL,765,558,605,3,2.5,NULL),(640,'Tissue','Fixed Tissue Block',1,4,10,'ISBN-10 AB89-0473XY','ROOM TEMP FOR 2 DAYS','Active',NULL,766,559,606,8,7.5,NULL),(641,'Tissue','Fixed Tissue Block',1,13,23,'ISBN-10 AB89-0477XY','TISSUE IN FORMALIN 30','Active',NULL,767,560,607,19.5,19,NULL),(642,'Tissue','Fixed Tissue Block',1,3,22,'ISBN-10 AB89-0506XY','UNKNOWN','Active',NULL,768,561,608,20,19.5,NULL),(643,'Tissue','Fixed Tissue Block',1,20,11,'ISBN-10 AB89-0527XY','ASCITES FLUID','Active',NULL,769,562,609,21.5,21,NULL),(644,'Tissue','Fixed Tissue Block',1,18,19,'ISBN-10 AB89-0538XY','FROZEN AT -20','Active',NULL,770,563,610,132.75,132.25,NULL),(645,'Tissue','Fixed Tissue Block',1,19,8,'ISBN-10 AB89-0546XY','ROOM TEMP FOR 2 DAYS','Active',NULL,771,564,611,0.9,0.399999976158142,NULL),(646,'Tissue','Fixed Tissue Block',1,17,23,'ISBN-10 AB89-0572XY','ASCITES FLUID','Active',NULL,772,565,612,200,199.5,NULL);
UNLOCK TABLES;
/*!40000 ALTER TABLE `catissue_specimen` ENABLE KEYS */;

--
-- Table structure for table `catissue_specimen_biohz_rel`
--

DROP TABLE IF EXISTS `catissue_specimen_biohz_rel`;
CREATE TABLE `catissue_specimen_biohz_rel` (
  `BIOHAZARD_ID` bigint(20) NOT NULL default '0',
  `SPECIMEN_ID` bigint(20) NOT NULL default '0',
  PRIMARY KEY  (`SPECIMEN_ID`,`BIOHAZARD_ID`),
  KEY `FK7A3F5539F398D480` (`BIOHAZARD_ID`),
  KEY `FK7A3F553960773DB2` (`SPECIMEN_ID`)
) ENGINE=MyISAM DEFAULT CHARSET=latin1;

--
-- Dumping data for table `catissue_specimen_biohz_rel`
--


/*!40000 ALTER TABLE `catissue_specimen_biohz_rel` DISABLE KEYS */;
LOCK TABLES `catissue_specimen_biohz_rel` WRITE;
INSERT INTO `catissue_specimen_biohz_rel` VALUES (1,5),(1,6),(5,33),(5,35),(5,36),(5,38),(5,41),(5,43),(5,45),(5,46),(5,47),(5,48),(5,49),(3,125),(1,134),(5,139);
UNLOCK TABLES;
/*!40000 ALTER TABLE `catissue_specimen_biohz_rel` ENABLE KEYS */;

--
-- Table structure for table `catissue_specimen_char`
--

DROP TABLE IF EXISTS `catissue_specimen_char`;
CREATE TABLE `catissue_specimen_char` (
  `IDENTIFIER` bigint(20) NOT NULL auto_increment,
  `TISSUE_SITE` varchar(150) default NULL,
  `TISSUE_SIDE` varchar(50) default NULL,
  `PATHOLOGICAL_STATUS` varchar(50) default NULL,
  PRIMARY KEY  (`IDENTIFIER`)
) ENGINE=MyISAM DEFAULT CHARSET=latin1;

--
-- Dumping data for table `catissue_specimen_char`
--


/*!40000 ALTER TABLE `catissue_specimen_char` DISABLE KEYS */;
LOCK TABLES `catissue_specimen_char` WRITE;
INSERT INTO `catissue_specimen_char` VALUES (363,'Abdomen, NOS','Not Applicable','Non-Malignant, Diseased'),(364,'Lung, NOS','Left','Non-Malignant, Diseased'),(365,'BLADDER','Not Applicable','Non-Malignant'),(366,'Appendix','Not Applicable','Malignant'),(367,'Upper-outer quadrant of breast','Left','Malignant'),(368,'Abdomen, NOS','Not Applicable','Metastatic'),(369,'Blood','Right','Metastatic'),(370,'GALLBLADDER','Not Specified','Not Specified'),(371,'Upper-outer quadrant of breast','Not Specified','Non-Malignant'),(372,'BRAIN','Not Specified','Not Specified'),(373,'Lung, NOS','Left','Malignant'),(374,'Biliary tract, NOS','Not Specified','Metastatic'),(375,'Skin of scalp and neck','Not Applicable','Metastatic'),(376,'Biliary tract, NOS','Not Applicable','Malignant, Invasive'),(377,'Anal canal','Left','Not Specified'),(378,'Anal canal','Left','Non-Malignant, Diseased'),(379,'BLADDER','Not Applicable','Non-Malignant, Diseased'),(380,'Skin of scalp and neck','Not Applicable','Non-Malignant, Diseased'),(381,'Central portion of breast','Right','Metastatic'),(382,'ADRENAL GLAND','Right','Non-Malignant'),(383,'Ampulla of Vater','Not Applicable','Metastatic'),(384,'Acoustic nerve','Right','Malignant, Pre-Invasive'),(385,'Acoustic nerve','Not Applicable','Malignant, Invasive'),(386,'Ampulla of Vater','Not Applicable','Malignant'),(387,'ADRENAL GLAND','Left','Malignant, Invasive'),(388,'ADRENAL GLAND','Not Applicable','Malignant, Invasive'),(389,'BLADDER','Not Applicable','Non-Malignant'),(390,'Anus, NOS','Right','Malignant, Invasive'),(391,'Bladder, NOS','Not Applicable','Non-Malignant'),(392,'Accessory sinus, NOS','Left','Non-Malignant'),(393,'BRONCHUS AND LUNG','Left','Malignant, Pre-Invasive'),(394,'ACCESSORY SINUSES','Left','Malignant, Pre-Invasive'),(395,'PROSTATE GLAND','Not Applicable','Not Specified'),(396,'BLADDER','Not Applicable','Not Specified'),(397,'BLADDER','Left','Malignant, Pre-Invasive'),(398,'Accessory sinus, NOS','Left','Non-Malignant'),(399,'Acoustic nerve','Left','Malignant, Pre-Invasive'),(400,'Acoustic nerve','Not Specified','Malignant, Pre-Invasive'),(401,'PROSTATE GLAND','Not Applicable','Non-Malignant'),(402,'Blood','Not Applicable','Malignant'),(403,'Abdomen, NOS','Not Applicable','Non-Malignant, Diseased'),(404,'URINARY TRACT','Not Applicable','Malignant, Pre-Invasive'),(405,'Abdomen, NOS','Not Applicable','Metastatic'),(406,'Acoustic nerve','Not Applicable','Malignant'),(407,'Bladder, NOS','Left','Malignant, Pre-Invasive'),(408,'Accessory sinus, NOS','Right','Non-Malignant'),(409,'Accessory sinus, NOS','Not Specified','Non-Malignant'),(410,'Acoustic nerve','Left','Malignant, Invasive'),(411,'BLADDER','Not Applicable','Not Specified'),(412,'Bladder neck','Not Applicable','Malignant, Pre-Invasive'),(413,'Anal canal','Not Applicable','Not Specified'),(414,'Skin of scalp and neck','Left','Non-Malignant'),(415,'BRAIN','Right','Not Specified'),(416,'PROSTATE GLAND','Not Applicable','Non-Malignant'),(417,'Skin of scalp and neck','Left','Metastatic'),(418,'Appendix','Not Specified','Malignant, Invasive'),(419,'Abdomen, NOS','Not Specified','Malignant, Invasive'),(420,'Acoustic nerve','Left','Malignant, Pre-Invasive'),(421,'Appendix','Not Applicable','Non-Malignant, Diseased'),(422,'Bladder neck','Left','Malignant'),(423,'ADRENAL GLAND','Not Applicable','Metastatic'),(424,'Appendix','Left','Malignant, Invasive'),(425,'BREAST','Not Specified','Metastatic'),(426,'Skin of scalp and neck','Not Applicable','Metastatic'),(427,'ACCESSORY SINUSES','Right','Malignant'),(428,'Blood','Not Specified','Malignant, Invasive'),(429,'PROSTATE GLAND','Not Specified','Malignant'),(430,'Retina','Right','Malignant'),(431,'Abdomen, NOS','Not Applicable','Non-Malignant'),(432,'PROSTATE GLAND','Left','Malignant, Pre-Invasive'),(433,'Retina','Left','Metastatic'),(434,'Lung, NOS','Left','Malignant, Pre-Invasive'),(435,'Retina','Left','Metastatic'),(436,'Anus, NOS','Not Applicable','Non-Malignant'),(437,'BREAST','Not Applicable','Metastatic'),(438,'Upper-outer quadrant of breast','Right','Malignant, Invasive'),(439,'BRONCHUS AND LUNG','Not Applicable','Non-Malignant, Diseased'),(440,'ACCESSORY SINUSES','Not Applicable','Malignant, Invasive'),(441,'GALLBLADDER','Right','Not Specified'),(442,'Lung, NOS','Not Applicable','Malignant, Pre-Invasive'),(443,'Skin of scalp and neck','Not Applicable','Metastatic'),(444,'Abdomen, NOS','Right','Non-Malignant'),(445,'PROSTATE GLAND','Not Applicable','Malignant, Invasive'),(446,'Abdominal esophagus','Left','Non-Malignant, Diseased'),(447,'BRAIN','Not Applicable','Malignant, Invasive'),(448,'Ampulla of Vater','Not Applicable','Malignant, Invasive'),(449,'PROSTATE GLAND','Right','Malignant'),(450,'Abdominal esophagus','Not Applicable','Malignant, Invasive'),(451,'Biliary tract, NOS','Not Applicable','Malignant'),(452,'PROSTATE GLAND','Not Applicable','Malignant, Pre-Invasive'),(453,'Abdominal esophagus','Left','Malignant'),(454,'Central portion of breast','Not Applicable','Malignant'),(455,'Bladder neck','Left','Metastatic'),(456,'Abdomen, NOS','Left','Not Specified'),(457,'Accessory sinus, NOS','Not Specified','Metastatic'),(458,'Skin of scalp and neck','Not Applicable','Malignant, Invasive'),(459,'Accessory sinus, NOS','Not Applicable','Metastatic'),(460,'Ampulla of Vater','Left','Malignant, Invasive'),(461,'Biliary tract, NOS','Not Applicable','Non-Malignant, Diseased'),(462,'Abdominal esophagus','Not Applicable','Non-Malignant, Diseased'),(463,'Central portion of breast','Not Applicable','Malignant, Invasive'),(464,'PROSTATE GLAND','Left','Non-Malignant'),(465,'Lung, NOS','Not Applicable','Non-Malignant, Diseased'),(466,'ACCESSORY SINUSES','Right','Not Specified'),(467,'Ampulla of Vater','Not Applicable','Non-Malignant'),(468,'Lung, NOS','Not Specified','Not Specified'),(469,'ACCESSORY SINUSES','Not Applicable','Non-Malignant'),(470,'Ampulla of Vater','Left','Malignant, Invasive'),(471,'Anus, NOS','Left','Non-Malignant, Diseased'),(472,'Appendix','Not Specified','Metastatic'),(473,'Base of tongue, NOS','Left','Metastatic'),(474,'ACCESSORY SINUSES','Left','Non-Malignant'),(475,'Appendix','Left','Metastatic'),(476,'Base of tongue, NOS','Left','Non-Malignant'),(477,'Biliary tract, NOS','Not Applicable','Metastatic'),(478,'BRONCHUS AND LUNG','Not Specified','Non-Malignant, Diseased'),(479,'Bladder, NOS','Left','Metastatic'),(480,'Base of tongue, NOS','Left','Metastatic'),(481,'URINARY TRACT','Not Applicable','Malignant, Pre-Invasive'),(482,'Blood','Not Applicable','Malignant'),(483,'Anal canal','Not Applicable','Not Specified'),(484,'Skin of scalp and neck','Right','Malignant'),(485,'Abdomen, NOS','Not Applicable','Metastatic'),(486,'Central portion of breast','Not Applicable','Non-Malignant'),(487,'Anal canal','Not Applicable','Metastatic'),(488,'Central portion of breast','Not Applicable','Not Specified'),(489,'Lung, NOS','Right','Non-Malignant'),(490,'ADRENAL GLAND','Not Specified','Non-Malignant'),(491,'ACCESSORY SINUSES','Not Applicable','Non-Malignant, Diseased'),(492,'BLADDER','Not Applicable','Metastatic'),(493,'Ampulla of Vater','Not Applicable','Metastatic'),(494,'PROSTATE GLAND','Not Specified','Malignant, Pre-Invasive'),(495,'Accessory sinus, NOS','Not Applicable','Metastatic'),(496,'Base of tongue, NOS','Left','Non-Malignant'),(497,'URINARY TRACT','Not Applicable','Malignant, Pre-Invasive'),(498,'Bladder neck','Not Applicable','Malignant, Invasive'),(499,'Blood','Right','Malignant'),(500,'Biliary tract, NOS','Not Applicable','Malignant, Invasive'),(501,'Lung, NOS','Not Applicable','Malignant'),(502,'PROSTATE GLAND','Not Applicable','Malignant, Pre-Invasive'),(503,'Acoustic nerve','Not Applicable','Malignant'),(504,'Biliary tract, NOS','Right','Malignant'),(505,'Anal canal','Left','Not Specified'),(506,'Upper-outer quadrant of breast','Left','Malignant'),(507,'Biliary tract, NOS','Not Applicable','Non-Malignant, Diseased'),(508,'ACCESSORY SINUSES','Not Applicable','Malignant, Invasive'),(509,'Ampulla of Vater','Right','Metastatic'),(510,'Lung, NOS','Not Applicable','Malignant, Invasive'),(511,'Retina','Right','Malignant, Pre-Invasive'),(512,'Bladder neck','Not Applicable','Not Specified'),(513,'Abdominal esophagus','Not Applicable','Metastatic'),(514,'Biliary tract, NOS','Not Applicable','Malignant, Invasive'),(515,'Bladder neck','Not Specified','Non-Malignant'),(516,'GALLBLADDER','Right','Malignant'),(517,'ACCESSORY SINUSES','Not Specified','Non-Malignant, Diseased'),(518,'Acoustic nerve','Not Applicable','Malignant, Pre-Invasive'),(519,'Retina','Not Applicable','Non-Malignant, Diseased'),(520,'ACCESSORY SINUSES','Not Applicable','Non-Malignant'),(521,'Appendix','Not Applicable','Malignant, Invasive'),(522,'Abdomen, NOS','Not Applicable','Not Specified'),(523,'Ampulla of Vater','Right','Not Specified'),(524,'ADRENAL GLAND','Not Applicable','Non-Malignant, Diseased'),(525,'Acoustic nerve','Not Applicable','Non-Malignant'),(526,'Biliary tract, NOS','Right','Malignant, Pre-Invasive'),(527,'GALLBLADDER','Right','Malignant, Invasive'),(528,'Base of tongue, NOS','Not Applicable','Malignant'),(529,'Upper-outer quadrant of breast','Not Applicable','Malignant, Pre-Invasive'),(530,'Skin of scalp and neck','Right','Malignant'),(531,'Anus, NOS','Right','Malignant, Pre-Invasive'),(532,'GALLBLADDER','Not Applicable','Not Specified'),(533,'ADRENAL GLAND','Not Applicable','Not Specified'),(534,'URINARY TRACT','Not Applicable','Metastatic'),(535,'Blood','Not Specified','Non-Malignant'),(536,'Lung, NOS','Left','Malignant'),(537,'Appendix','Not Applicable','Non-Malignant'),(538,'Acoustic nerve','Not Specified','Malignant'),(539,'BLADDER','Right','Metastatic'),(540,'Accessory sinus, NOS','Left','Not Specified'),(541,'Base of tongue, NOS','Not Applicable','Malignant, Invasive'),(542,'BREAST','Right','Non-Malignant, Diseased'),(543,'Bladder, NOS','Right','Malignant'),(544,'Abdomen, NOS','Not Applicable','Non-Malignant, Diseased'),(545,'Acoustic nerve','Left','Not Specified'),(546,'Retina','Not Specified','Non-Malignant, Diseased'),(547,'Lung, NOS','Not Applicable','Metastatic'),(548,'BRONCHUS AND LUNG','Not Specified','Non-Malignant'),(549,'Accessory sinus, NOS','Not Applicable','Metastatic'),(550,'Base of tongue, NOS','Not Applicable','Non-Malignant'),(551,'BRAIN','Right','Malignant'),(552,'Anal canal','Right','Non-Malignant'),(553,'Skin of scalp and neck','Not Applicable','Malignant'),(554,'Upper-outer quadrant of breast','Not Applicable','Non-Malignant, Diseased'),(555,'URINARY TRACT','Not Applicable','Non-Malignant, Diseased'),(556,'Bladder neck','Not Applicable','Malignant, Pre-Invasive'),(557,'BREAST','Left','Non-Malignant, Diseased'),(558,'BRONCHUS AND LUNG','Right','Not Specified'),(559,'BRAIN','Not Applicable','Malignant'),(560,'Ampulla of Vater','Not Specified','Non-Malignant, Diseased'),(561,'ADRENAL GLAND','Right','Not Specified'),(562,'ADRENAL GLAND','Not Applicable','Metastatic'),(563,'Central portion of breast','Left','Not Specified'),(564,'Anal canal','Right','Non-Malignant'),(565,'Bladder, NOS','Not Applicable','Not Specified'),(566,'Abdomen, NOS','Not Specified','Malignant'),(567,'Central portion of breast','Right','Not Specified'),(568,'BRAIN','Left','Non-Malignant'),(569,'Base of tongue, NOS','Right','Malignant, Invasive'),(570,'URINARY TRACT','Not Specified','Non-Malignant'),(571,'Bladder neck','Right','Malignant'),(572,'Abdominal esophagus','Not Applicable','Not Specified'),(573,'Bladder, NOS','Left','Malignant'),(574,'ACCESSORY SINUSES','Not Applicable','Non-Malignant, Diseased'),(575,'Blood','Left','Non-Malignant'),(576,'Ampulla of Vater','Not Applicable','Malignant, Pre-Invasive'),(577,'ADRENAL GLAND','Not Specified','Metastatic'),(578,'BRONCHUS AND LUNG','Not Applicable','Non-Malignant'),(579,'Biliary tract, NOS','Left','Metastatic'),(580,'PROSTATE GLAND','Left','Non-Malignant'),(581,'Abdomen, NOS','Not Applicable','Malignant, Pre-Invasive'),(582,'Acoustic nerve','Left','Malignant, Invasive'),(583,'ADRENAL GLAND','Not Specified','Malignant, Pre-Invasive'),(584,'Abdomen, NOS','Not Applicable','Metastatic'),(585,'Ampulla of Vater','Left','Not Specified'),(586,'Central portion of breast','Left','Non-Malignant'),(587,'Skin of scalp and neck','Right','Non-Malignant, Diseased'),(588,'Accessory sinus, NOS','Not Applicable','Malignant'),(589,'Base of tongue, NOS','Not Specified','Malignant, Pre-Invasive'),(590,'PROSTATE GLAND','Right','Non-Malignant'),(591,'BRAIN','Not Applicable','Non-Malignant'),(592,'Biliary tract, NOS','Not Applicable','Non-Malignant'),(593,'Anus, NOS','Not Applicable','Non-Malignant, Diseased'),(594,'Abdominal esophagus','Not Applicable','Malignant, Pre-Invasive'),(595,'Retina','Not Specified','Non-Malignant, Diseased'),(596,'BLADDER','Not Applicable','Malignant, Pre-Invasive'),(597,'BLADDER','Left','Metastatic'),(598,'Base of tongue, NOS','Not Specified','Non-Malignant'),(599,'BRONCHUS AND LUNG','Not Applicable','Malignant, Invasive'),(600,'Blood','Not Applicable','Non-Malignant, Diseased'),(601,'PROSTATE GLAND','Not Specified','Non-Malignant'),(602,'BRONCHUS AND LUNG','Left','Metastatic'),(603,'BLADDER','Right','Non-Malignant'),(604,'BREAST','Not Applicable','Non-Malignant, Diseased'),(605,'Central portion of breast','Left','Non-Malignant, Diseased'),(606,'Base of tongue, NOS','Left','Not Specified'),(607,'Acoustic nerve','Not Applicable','Malignant'),(608,'Skin of scalp and neck','Not Applicable','Non-Malignant'),(609,'Blood','Right','Malignant'),(610,'Blood','Not Specified','Non-Malignant, Diseased'),(611,'Abdomen, NOS','Not Applicable','Non-Malignant, Diseased'),(612,'Abdominal esophagus','Right','Metastatic');
UNLOCK TABLES;
/*!40000 ALTER TABLE `catissue_specimen_char` ENABLE KEYS */;

--
-- Table structure for table `catissue_specimen_coll_group`
--

DROP TABLE IF EXISTS `catissue_specimen_coll_group`;
CREATE TABLE `catissue_specimen_coll_group` (
  `IDENTIFIER` bigint(20) NOT NULL auto_increment,
  `CLINICAL_DIAGNOSIS` varchar(150) default NULL,
  `CLINICAL_STATUS` varchar(50) default NULL,
  `ACTIVITY_STATUS` varchar(50) default NULL,
  `SITE_ID` bigint(20) default NULL,
  `COLLECTION_PROTOCOL_EVENT_ID` bigint(20) default NULL,
  `CLINICAL_REPORT_ID` bigint(20) default NULL,
  `COLLECTION_PROTOCOL_REG_ID` bigint(20) default NULL,
  PRIMARY KEY  (`IDENTIFIER`),
  KEY `FKDEBAF167A7F77D13` (`SITE_ID`),
  KEY `FKDEBAF1674CE21DDA` (`CLINICAL_REPORT_ID`),
  KEY `FKDEBAF16753B01F66` (`COLLECTION_PROTOCOL_EVENT_ID`),
  KEY `FKDEBAF1677E07C4AC` (`COLLECTION_PROTOCOL_REG_ID`)
) ENGINE=MyISAM DEFAULT CHARSET=latin1;

--
-- Dumping data for table `catissue_specimen_coll_group`
--


/*!40000 ALTER TABLE `catissue_specimen_coll_group` DISABLE KEYS */;
LOCK TABLES `catissue_specimen_coll_group` WRITE;
INSERT INTO `catissue_specimen_coll_group` VALUES (316,'Basal cell tumor','Pre-Therapy','Active',18,284,65,320),(317,'Acidophil adenoma','Not Specified','Active',19,285,66,321),(318,'Acidophil adenoma','New Diagnosis','Active',20,286,67,322),(319,'Adenocarcinoma in adenomatous polyp','Relapse, Distant Site','Active',21,287,68,323),(320,'Acidophil adenoma','Operative','Active',22,288,69,324),(321,'Basal cell carcinoma, NOS','Not Specified','Active',23,289,70,325),(322,'Abdominal fibromatosis','Not Specified','Active',24,290,71,326),(323,'Acute lymphoblastic leukemia, NOS','Not Specified','Active',25,291,72,327),(324,'Adenosquamous carcinoma','Post-Therapy','Active',26,292,73,328),(325,'Acute lymphoblastic leukemia, NOS','Pre-Therapy','Active',27,293,74,329),(326,'Adenosquamous carcinoma','Pre-Therapy','Active',28,294,75,330),(327,'Acral lentiginous melanoma, malignant','Relapse, Distant Site','Active',29,295,76,331),(328,'Adenocarcinoma with apocrine metaplasia','Not Specified','Active',30,296,77,332),(329,'Adenocarcinoma, NOS','Not Specified','Active',NULL,297,78,333),(330,'Adenocarcinoma, metastatic, NOS','Post-Operative','Active',NULL,298,79,334),(331,'Lobular carcinoma, NOS','New Diagnosis','Active',NULL,299,80,335),(332,'Lobular carcinoma, NOS','Post-Operative','Active',NULL,300,81,336),(333,'Adenocarcinoma in adenomatous polyp','Relapse, Distant Site','Active',NULL,301,82,337),(334,'BLOOD VESSEL TUMORS','Pre-Therapy','Active',NULL,302,83,338),(335,'Plasmacytoma, NOS','Operative','Active',NULL,303,84,339),(336,'Adenosquamous carcinoma','Pre-Therapy','Active',NULL,304,85,340),(337,'Adenocarcinoma with apocrine metaplasia','Pre-Therapy','Active',NULL,305,86,341),(338,'Acinar cell carcinoma','Not Specified','Active',NULL,306,87,342),(339,'BLOOD VESSEL TUMORS','Relapse, Distant Site','Active',NULL,307,88,343),(340,'Lobular carcinoma, NOS','Post-Operative','Active',NULL,308,89,344),(341,'Acidophil carcinoma','Post-Operative','Active',NULL,309,90,345),(342,'Adenocarcinoma with apocrine metaplasia','Not Specified','Active',NULL,310,91,346),(343,'Acinar cell carcinoma','New Diagnosis','Active',NULL,311,92,347),(344,'BLOOD VESSEL TUMORS','New Diagnosis','Active',NULL,312,93,348),(345,'Acidophil adenoma','New Diagnosis','Active',NULL,313,94,349),(346,'Adamantinoma of long bones','New Diagnosis','Active',NULL,314,95,350),(347,'Acute lymphoblastic leukemia, NOS','Post-Therapy','Active',NULL,315,96,351),(348,'Lobular carcinoma, NOS','Operative','Active',NULL,316,97,352),(349,'Acute lymphoblastic leukemia, NOS','Pre-Therapy','Active',NULL,317,98,353),(350,'Adenocarcinoma with apocrine metaplasia','Operative','Active',NULL,318,99,354),(351,'BLOOD VESSEL TUMORS','New Diagnosis','Active',NULL,319,100,355),(352,'Adenocarcinoma with apocrine metaplasia','Not Specified','Active',NULL,320,101,356),(353,'Adenosquamous carcinoma','Post-Operative','Active',NULL,321,102,357),(354,'Abdominal fibromatosis','New Diagnosis','Active',NULL,322,103,358),(355,'Plasmacytoma, NOS','Operative','Active',NULL,323,104,359),(356,'BLOOD VESSEL TUMORS','Relapse, Distant Site','Active',NULL,324,105,360),(357,'Lobular carcinoma, NOS','Operative','Active',NULL,325,106,361),(358,'Acidophil carcinoma','Relapse, Distant Site','Active',NULL,326,107,362),(359,'Plasmacytoma, NOS','Post-Therapy','Active',NULL,327,108,363),(360,'Adrenal cortical adenoma, clear cell','New Diagnosis','Active',NULL,328,109,364),(361,'Basal cell carcinoma, NOS','Post-Therapy','Active',NULL,329,110,365),(362,'Acute lymphoblastic leukemia, NOS','Post-Therapy','Active',NULL,330,111,366),(363,'Adenocarcinoma, NOS','Not Specified','Active',NULL,331,112,367),(364,'Acute myeloid leukemia','Post-Operative','Active',NULL,332,113,368),(365,'Acinar cell tumor','New Diagnosis','Active',NULL,333,114,369),(366,'Adenocarcinoma with apocrine metaplasia','Post-Operative','Active',NULL,334,115,370),(367,'Acinar cell tumor','New Diagnosis','Active',NULL,335,116,371),(368,'Acute lymphoblastic leukemia, NOS','Not Specified','Active',NULL,336,117,372),(369,'Adenocarcinoma with apocrine metaplasia','Post-Therapy','Active',NULL,337,118,373),(370,'Acidophil carcinoma','Not Specified','Active',NULL,338,119,374),(371,'Lobular carcinoma, NOS','Operative','Active',NULL,339,120,375),(372,'Adamantinoma of long bones','Post-Operative','Active',NULL,340,121,376),(373,'Adenocarcinoma in situ in tubulovillous adenoma','Operative','Active',NULL,341,122,377),(374,'Adenosquamous carcinoma','Post-Operative','Active',NULL,342,123,378),(375,'Protoplasmic astrocytoma','Post-Operative','Active',NULL,343,124,379),(376,'Acute lymphoblastic leukemia, NOS','Post-Therapy','Active',NULL,344,125,380),(377,'Adenocarcinoma in situ in tubulovillous adenoma','Post-Operative','Active',NULL,345,126,381),(378,'Acidophil adenoma','Pre-Therapy','Active',NULL,346,127,382),(379,'Adenocarcinoma, metastatic, NOS','Relapse, Distant Site','Active',NULL,347,128,383),(380,'Adrenal cortical adenoma, clear cell','New Diagnosis','Active',NULL,348,129,384),(381,'Adenocarcinoma in situ in tubulovillous adenoma','Pre-Therapy','Active',NULL,349,130,385),(382,'Abdominal fibromatosis','Pre-Therapy','Active',NULL,350,131,386),(383,'Acidophil carcinoma','Relapse, Distant Site','Active',NULL,351,132,387),(384,'Adamantinoma of long bones','Not Specified','Active',NULL,352,133,388),(385,'Adenocarcinoma, NOS','Operative','Active',NULL,353,134,389),(386,'Acute myeloid leukemia','Not Specified','Active',NULL,354,135,390),(387,'Acinar cell carcinoma','New Diagnosis','Active',NULL,355,136,391),(388,'Acidophil carcinoma','Pre-Therapy','Active',NULL,356,137,392),(389,'Adamantinoma of long bones','Post-Therapy','Active',NULL,357,138,393),(390,'Adenocarcinoid tumor','Post-Operative','Active',NULL,358,139,394),(391,'Adenocarcinoma in situ in tubulovillous adenoma','Not Specified','Active',NULL,359,140,395),(392,'Acute promyelocytic leukemia','Post-Therapy','Active',NULL,360,141,396),(393,'Adenocarcinoma with apocrine metaplasia','Operative','Active',NULL,361,142,397),(394,'Abdominal fibromatosis','Relapse, Distant Site','Active',NULL,362,143,398),(395,'Protoplasmic astrocytoma','Operative','Active',NULL,363,144,399),(396,'BLOOD VESSEL TUMORS','Not Specified','Active',NULL,364,145,400),(397,'Abdominal fibromatosis','Post-Therapy','Active',NULL,365,146,401),(398,'Adenosquamous carcinoma','Not Specified','Active',NULL,366,147,402),(399,'Adenocarcinoid tumor','Post-Therapy','Active',NULL,367,148,403),(400,'Adenocarcinoma in situ in tubulovillous adenoma','Operative','Active',NULL,368,149,404),(401,'Protoplasmic astrocytoma','Not Specified','Active',NULL,369,150,405),(402,'Adenocarcinoma in adenomatous polyp','Post-Operative','Active',NULL,370,151,406),(403,'Adrenal cortical adenoma, clear cell','New Diagnosis','Active',NULL,371,152,407),(404,'Lobular carcinoma, NOS','New Diagnosis','Active',NULL,372,153,408),(405,'Adenocarcinoma in adenomatous polyp','New Diagnosis','Active',NULL,373,154,409),(406,'Protoplasmic astrocytoma','Not Specified','Active',NULL,374,155,410),(407,'Adamantinoma of long bones','New Diagnosis','Active',NULL,375,156,411),(408,'Abdominal fibromatosis','Operative','Active',NULL,376,157,412),(409,'Adenocarcinoma with apocrine metaplasia','Relapse, Distant Site','Active',NULL,377,158,413),(410,'Acinar cell carcinoma','Operative','Active',NULL,378,159,414),(411,'Acute myeloid leukemia','Relapse, Distant Site','Active',NULL,379,160,415),(412,'Acinar cell carcinoma','New Diagnosis','Active',NULL,380,161,416),(413,'Acinar cell tumor','Operative','Active',NULL,381,162,417),(414,'Protoplasmic astrocytoma','Not Specified','Active',NULL,382,163,418),(415,'Acute lymphoblastic leukemia, NOS','Pre-Therapy','Active',NULL,383,164,419),(416,'Adenocarcinoma, metastatic, NOS','Not Specified','Active',NULL,384,165,420),(417,'Acidophil carcinoma','Pre-Therapy','Active',NULL,385,166,421),(418,'Adenocarcinoma in adenomatous polyp','Operative','Active',NULL,386,167,422),(419,'Adrenal cortical adenoma, clear cell','Post-Operative','Active',NULL,387,168,423),(420,'Basal cell carcinoma, NOS','Post-Operative','Active',NULL,388,169,424),(421,'Adenocarcinoma in adenomatous polyp','Not Specified','Active',NULL,389,170,425),(422,'Basal cell tumor','Relapse, Distant Site','Active',NULL,390,171,426),(423,'Acute lymphoblastic leukemia, NOS','Operative','Active',NULL,391,172,427),(424,'Adenocarcinoma in situ in tubulovillous adenoma','Pre-Therapy','Active',NULL,392,173,428),(425,'Adenosquamous carcinoma','Operative','Active',NULL,393,174,429),(426,'Lobular carcinoma, NOS','Post-Therapy','Active',NULL,394,175,430),(427,'Adrenal cortical adenoma, clear cell','New Diagnosis','Active',NULL,395,176,431),(428,'Protoplasmic astrocytoma','Post-Therapy','Active',NULL,396,177,432),(429,'Adamantinoma of long bones','Post-Operative','Active',NULL,397,178,433),(430,'Plasmacytoma, NOS','Pre-Therapy','Active',NULL,398,179,434),(431,'Lobular carcinoma, NOS','New Diagnosis','Active',NULL,399,180,435),(432,'Acute lymphoblastic leukemia, NOS','New Diagnosis','Active',NULL,400,181,436),(433,'Acute promyelocytic leukemia','Not Specified','Active',NULL,401,182,437),(434,'BLOOD VESSEL TUMORS','New Diagnosis','Active',NULL,402,183,438),(435,'Adenocarcinoma, metastatic, NOS','Post-Therapy','Active',NULL,403,184,439),(436,'Adenocarcinoma, metastatic, NOS','Relapse, Distant Site','Active',NULL,404,185,440),(437,'Abdominal fibromatosis','Operative','Active',NULL,405,186,441),(438,'Acute myeloid leukemia','Relapse, Distant Site','Active',NULL,406,187,442),(439,'Acinar cell carcinoma','New Diagnosis','Active',NULL,407,188,443),(440,'Adenocarcinoma, NOS','Relapse, Distant Site','Active',NULL,408,189,444),(441,'Acute myeloid leukemia','Not Specified','Active',NULL,409,190,445),(442,'Acinar cell tumor','Operative','Active',NULL,410,191,446),(443,'Acidophil adenoma','Not Specified','Active',NULL,411,192,447),(444,'Acinar cell carcinoma','Pre-Therapy','Active',NULL,412,193,448),(445,'Adrenal cortical adenoma, clear cell','Operative','Active',NULL,413,194,449),(446,'Adenocarcinoma with apocrine metaplasia','Pre-Therapy','Active',NULL,414,195,450),(447,'Abdominal fibromatosis','Operative','Active',NULL,415,196,451),(448,'Acute promyelocytic leukemia','Post-Operative','Active',NULL,416,197,452),(449,'Adenocarcinoma with apocrine metaplasia','Post-Therapy','Active',NULL,417,198,453),(450,'Plasmacytoma, NOS','Not Specified','Active',NULL,418,199,454),(451,'Adenocarcinoma, NOS','Post-Therapy','Active',NULL,419,200,455),(452,'Acral lentiginous melanoma, malignant','Operative','Active',NULL,420,201,456),(453,'BLOOD VESSEL TUMORS','Not Specified','Active',NULL,421,202,457),(454,'Adenocarcinoma, NOS','Post-Therapy','Active',NULL,422,203,458),(455,'Adenocarcinoma, metastatic, NOS','Operative','Active',NULL,423,204,459),(456,'Protoplasmic astrocytoma','Post-Therapy','Active',NULL,424,205,460),(457,'Adenocarcinoma in adenomatous polyp','Operative','Active',NULL,425,206,461),(458,'BLOOD VESSEL TUMORS','Relapse, Distant Site','Active',NULL,426,207,462),(459,'Acute promyelocytic leukemia','Operative','Active',NULL,427,208,463),(460,'Abdominal fibromatosis','Operative','Active',NULL,428,209,464),(461,'Acinar cell tumor','New Diagnosis','Active',NULL,429,210,465),(462,'Protoplasmic astrocytoma','New Diagnosis','Active',NULL,430,211,466),(463,'Acinar cell adenoma','Not Specified','Active',NULL,431,212,467),(464,'Adenocarcinoma with apocrine metaplasia','Post-Therapy','Active',NULL,432,213,468),(465,'Basal cell tumor','Not Specified','Active',NULL,433,214,469),(466,'Acute myeloid leukemia','Post-Therapy','Active',NULL,434,215,470),(467,'Plasmacytoma, NOS','Pre-Therapy','Active',NULL,435,216,471),(468,'Acral lentiginous melanoma, malignant','Operative','Active',NULL,436,217,472),(469,'Protoplasmic astrocytoma','Not Specified','Active',NULL,437,218,473),(470,'Acral lentiginous melanoma, malignant','Pre-Therapy','Active',NULL,438,219,474),(471,'BLOOD VESSEL TUMORS','Not Specified','Active',NULL,439,220,475),(472,'Abdominal fibromatosis','Post-Therapy','Active',NULL,440,221,476),(473,'Acute myeloid leukemia','Operative','Active',NULL,441,222,477),(474,'Protoplasmic astrocytoma','Post-Therapy','Active',NULL,442,223,478),(475,'Adenocarcinoid tumor','Operative','Active',NULL,443,224,479),(476,'Protoplasmic astrocytoma','Relapse, Distant Site','Active',NULL,444,225,480),(477,'Acinar cell tumor','Pre-Therapy','Active',NULL,445,226,481),(478,'Acidophil carcinoma','Relapse, Distant Site','Active',NULL,446,227,482),(479,'Plasmacytoma, NOS','Not Specified','Active',NULL,447,228,483),(480,'Adenosquamous carcinoma','Post-Therapy','Active',NULL,448,229,484),(481,'Adenocarcinoma, metastatic, NOS','Not Specified','Active',NULL,449,230,485),(482,'Adenocarcinoma, NOS','Post-Therapy','Active',NULL,450,231,486),(483,'Acidophil carcinoma','Relapse, Distant Site','Active',NULL,451,232,487),(484,'Adamantinoma of long bones','Post-Operative','Active',NULL,452,233,488),(485,'Acidophil carcinoma','New Diagnosis','Active',NULL,453,234,489),(486,'Acinar cell carcinoma','Not Specified','Active',NULL,454,235,490),(487,'Abdominal fibromatosis','New Diagnosis','Active',NULL,455,236,491),(488,'Adenocarcinoma in situ in tubulovillous adenoma','Not Specified','Active',NULL,456,237,492),(489,'Basal cell carcinoma, NOS','Post-Therapy','Active',NULL,457,238,493),(490,'Abdominal fibromatosis','Relapse, Distant Site','Active',NULL,458,239,494),(491,'Plasmacytoma, NOS','Not Specified','Active',NULL,459,240,495),(492,'Adenosquamous carcinoma','Pre-Therapy','Active',NULL,460,241,496),(493,'Acute lymphoblastic leukemia, NOS','Not Specified','Active',NULL,461,242,497),(494,'BLOOD VESSEL TUMORS','Post-Operative','Active',NULL,462,243,498),(495,'Adrenal cortical adenoma, clear cell','Post-Operative','Active',NULL,463,244,499),(496,'Acinar cell adenoma','Post-Therapy','Active',NULL,464,245,500),(497,'Acinar cell tumor','New Diagnosis','Active',NULL,465,246,501),(498,'Plasmacytoma, NOS','Pre-Therapy','Active',NULL,466,247,502),(499,'Acinar cell carcinoma','New Diagnosis','Active',NULL,467,248,503),(500,'Adenocarcinoma in situ in tubulovillous adenoma','Relapse, Distant Site','Active',NULL,468,249,504),(501,'Basal cell tumor','Post-Therapy','Active',NULL,469,250,505),(502,'Abdominal fibromatosis','Post-Operative','Active',NULL,470,251,506),(503,'Protoplasmic astrocytoma','Post-Therapy','Active',NULL,471,252,507),(504,'Adamantinoma of long bones','Post-Operative','Active',NULL,472,253,508),(505,'Protoplasmic astrocytoma','Relapse, Distant Site','Active',NULL,473,254,509),(506,'Adenocarcinoma with apocrine metaplasia','Post-Operative','Active',NULL,474,255,510),(507,'Basal cell tumor','Relapse, Distant Site','Active',NULL,475,256,511),(508,'Acinar cell adenoma','Not Specified','Active',NULL,476,257,512),(509,'Acral lentiginous melanoma, malignant','New Diagnosis','Active',NULL,477,258,513),(510,'Basal cell carcinoma, NOS','Pre-Therapy','Active',NULL,478,259,514),(511,'Adamantinoma of long bones','Post-Operative','Active',NULL,479,260,515),(512,'Basal cell tumor','Pre-Therapy','Active',NULL,480,261,516),(513,'Plasmacytoma, NOS','Relapse, Distant Site','Active',NULL,481,262,517),(514,'Acral lentiginous melanoma, malignant','Post-Therapy','Active',NULL,482,263,518),(515,'Adenocarcinoma in situ in tubulovillous adenoma','Post-Operative','Active',NULL,483,264,519),(516,'Acral lentiginous melanoma, malignant','Operative','Active',NULL,484,265,520),(517,'Acral lentiginous melanoma, malignant','Post-Operative','Active',NULL,485,266,521),(518,'Adenosquamous carcinoma','New Diagnosis','Active',NULL,486,267,522),(519,'Adenocarcinoid tumor','Not Specified','Active',NULL,487,268,523),(520,'Adenocarcinoma in situ in tubulovillous adenoma','Post-Therapy','Active',NULL,488,269,524),(521,'Acidophil carcinoma','Not Specified','Active',NULL,489,270,525),(522,'Adenocarcinoma in adenomatous polyp','Post-Therapy','Active',NULL,490,271,526),(523,'Adenosquamous carcinoma','Operative','Active',NULL,491,272,527),(524,'Lobular carcinoma, NOS','Operative','Active',NULL,492,273,528),(525,'Adamantinoma of long bones','Post-Operative','Active',NULL,493,274,529),(526,'Acidophil carcinoma','New Diagnosis','Active',NULL,494,275,530),(527,'Acinar cell carcinoma','Not Specified','Active',NULL,495,276,531),(528,'Abdominal fibromatosis','Post-Therapy','Active',NULL,496,277,532),(529,'Acute promyelocytic leukemia','Not Specified','Active',NULL,497,278,533),(530,'Adenocarcinoma, metastatic, NOS','Not Specified','Active',NULL,498,279,534),(531,'Abdominal fibromatosis','Operative','Active',NULL,499,280,535),(532,'Acral lentiginous melanoma, malignant','New Diagnosis','Active',NULL,500,281,536),(533,'Acinar cell carcinoma','New Diagnosis','Active',NULL,501,282,537),(534,'Acinar cell tumor','New Diagnosis','Active',NULL,502,283,538),(535,'Adenocarcinoma in situ in tubulovillous adenoma','Not Specified','Active',NULL,503,284,539),(536,'BLOOD VESSEL TUMORS','New Diagnosis','Active',NULL,504,285,540),(537,'Adenocarcinoid tumor','Not Specified','Active',NULL,505,286,541),(538,'Acral lentiginous melanoma, malignant','Post-Operative','Active',NULL,506,287,542),(539,'Adenocarcinoma with apocrine metaplasia','Operative','Active',NULL,507,288,543),(540,'Adamantinoma of long bones','Post-Therapy','Active',NULL,508,289,544),(541,'Adenocarcinoma in situ in tubulovillous adenoma','New Diagnosis','Active',NULL,509,290,545),(542,'Adrenal cortical adenoma, clear cell','Post-Therapy','Active',NULL,510,291,546),(543,'Acinar cell adenoma','New Diagnosis','Active',NULL,511,292,547),(544,'Basal cell carcinoma, NOS','Pre-Therapy','Active',NULL,512,293,548),(545,'Adenocarcinoma in adenomatous polyp','Not Specified','Active',NULL,513,294,549),(546,'Basal cell tumor','Pre-Therapy','Active',NULL,514,295,550),(547,'Acute promyelocytic leukemia','Operative','Active',NULL,515,296,551),(548,'Adenocarcinoma in adenomatous polyp','New Diagnosis','Active',NULL,516,297,552),(549,'Acute myeloid leukemia','Operative','Active',NULL,517,298,553),(550,'Plasmacytoma, NOS','Operative','Active',NULL,518,299,554),(551,'Acidophil carcinoma','Pre-Therapy','Active',NULL,519,300,555),(552,'Acute promyelocytic leukemia','Operative','Active',NULL,520,301,556),(553,'Adrenal cortical adenoma, clear cell','New Diagnosis','Active',NULL,521,302,557),(554,'Basal cell carcinoma, NOS','Pre-Therapy','Active',NULL,522,303,558),(555,'Lobular carcinoma, NOS','Not Specified','Active',NULL,523,304,559),(556,'Adrenal cortical adenoma, clear cell','New Diagnosis','Active',NULL,524,305,560),(557,'Adrenal cortical adenoma, clear cell','Pre-Therapy','Active',NULL,525,306,561),(558,'Acinar cell adenoma','Not Specified','Active',NULL,526,307,562),(559,'Adenocarcinoma in adenomatous polyp','Pre-Therapy','Active',NULL,527,308,563),(560,'Acral lentiginous melanoma, malignant','New Diagnosis','Active',NULL,528,309,564),(561,'Adenocarcinoma with apocrine metaplasia','Post-Operative','Active',NULL,529,310,565),(562,'Abdominal fibromatosis','New Diagnosis','Active',NULL,530,311,566),(563,'Basal cell tumor','Not Specified','Active',NULL,531,312,567),(564,'Adenocarcinoma in adenomatous polyp','New Diagnosis','Active',NULL,532,313,568),(565,'Acinar cell tumor','Pre-Therapy','Active',NULL,533,314,569);
UNLOCK TABLES;
/*!40000 ALTER TABLE `catissue_specimen_coll_group` ENABLE KEYS */;

--
-- Table structure for table `catissue_specimen_event_param`
--

DROP TABLE IF EXISTS `catissue_specimen_event_param`;
CREATE TABLE `catissue_specimen_event_param` (
  `IDENTIFIER` bigint(20) NOT NULL auto_increment,
  `SPECIMEN_ID` bigint(20) default NULL,
  `EVENT_TIMESTAMP` datetime default NULL,
  `USER_ID` bigint(20) default NULL,
  `COMMENTS` text,
  PRIMARY KEY  (`IDENTIFIER`),
  KEY `FK753F33AD60773DB2` (`SPECIMEN_ID`),
  KEY `FK753F33AD2206F20F` (`USER_ID`)
) ENGINE=MyISAM DEFAULT CHARSET=latin1;

--
-- Dumping data for table `catissue_specimen_event_param`
--


/*!40000 ALTER TABLE `catissue_specimen_event_param` DISABLE KEYS */;
LOCK TABLES `catissue_specimen_event_param` WRITE;
INSERT INTO `catissue_specimen_event_param` VALUES (1,2,'2006-04-07 13:24:00',1,''),(2,6,'2006-04-08 02:55:00',1,'Good for study'),(3,6,'2006-04-08 01:30:00',1,'oops- left it on the bench'),(4,7,'2006-04-08 05:00:00',1,''),(5,9,'2006-04-17 12:41:00',1,'test'),(6,12,'2006-04-20 17:19:00',1,'ghgh'),(7,12,'2006-04-20 17:19:00',1,''),(8,3,'2006-04-20 18:22:00',1,'gfdgg'),(9,3,'2006-04-20 18:22:00',1,'80='),(10,16,'2006-04-24 16:35:00',4,''),(11,16,'2006-04-24 16:35:00',1,''),(12,10,'2006-04-26 11:51:00',1,'ee'),(13,19,'2006-04-26 18:11:00',1,''),(14,19,'2006-04-26 18:11:00',1,''),(15,56,'2006-05-10 00:00:00',1,''),(16,1,'2006-05-10 04:34:00',1,''),(17,1,'2006-05-12 16:00:00',1,''),(18,65,'2006-05-16 08:29:00',1,''),(19,68,'2006-05-16 14:00:00',7,''),(20,2,'2006-05-16 23:00:00',1,''),(21,72,'2006-05-31 20:30:00',7,''),(22,72,'2006-05-31 20:30:00',1,''),(23,72,'2006-05-31 20:30:00',1,''),(24,72,'2006-05-31 20:30:00',1,''),(25,72,'2006-05-31 20:31:00',1,''),(26,67,'2006-05-31 20:31:00',1,''),(27,72,'2006-05-31 20:32:00',9,''),(28,78,'2006-06-04 19:10:00',1,'Foci of High Grade PIN'),(29,77,'2006-06-04 23:33:00',1,''),(30,101,'2006-06-04 23:34:00',1,''),(31,120,'2006-06-05 13:56:00',1,''),(32,121,'2006-06-07 14:54:00',1,''),(33,131,'2006-06-15 12:52:00',26,'Protocol 06'),(34,133,'2006-06-15 15:42:00',1,'thawed for breast protocol'),(35,133,'2006-06-15 15:59:00',1,'');
UNLOCK TABLES;
/*!40000 ALTER TABLE `catissue_specimen_event_param` ENABLE KEYS */;

--
-- Table structure for table `catissue_specimen_protocol`
--

DROP TABLE IF EXISTS `catissue_specimen_protocol`;
CREATE TABLE `catissue_specimen_protocol` (
  `IDENTIFIER` bigint(20) NOT NULL auto_increment,
  `PRINCIPAL_INVESTIGATOR_ID` bigint(20) default NULL,
  `TITLE` varchar(50) NOT NULL default '',
  `SHORT_TITLE` varchar(50) default NULL,
  `IRB_IDENTIFIER` varchar(50) default NULL,
  `START_DATE` date default NULL,
  `END_DATE` date default NULL,
  `ENROLLMENT` int(11) default NULL,
  `DESCRIPTION_URL` varchar(200) default NULL,
  `ACTIVITY_STATUS` varchar(50) default NULL,
  PRIMARY KEY  (`IDENTIFIER`),
  UNIQUE KEY `TITLE` (`TITLE`),
  KEY `FKB8481373870EB740` (`PRINCIPAL_INVESTIGATOR_ID`)
) ENGINE=MyISAM DEFAULT CHARSET=latin1;

--
-- Dumping data for table `catissue_specimen_protocol`
--


/*!40000 ALTER TABLE `catissue_specimen_protocol` DISABLE KEYS */;
LOCK TABLES `catissue_specimen_protocol` WRITE;
INSERT INTO `catissue_specimen_protocol` VALUES (1,2,'Title','T','1223','2006-04-12',NULL,654467,'','Active'),(2,1,'Phase 2 trial of drug90879 in acute lymphocytic le','0799','2006C0823','2006-04-07',NULL,NULL,'','Active'),(3,1,'Molecular analysis of acute Lymphocytic leukemia i','Research study 1199','2006C00099','2006-04-07',NULL,NULL,'','Active'),(4,6,'The Ultimate Breast Cancer Cure Project','Ultimate Project','06-1234','2006-04-04',NULL,100,'','Active'),(5,1,'Generic Protocol','Generic','06-0001','2006-04-20',NULL,NULL,'','Active'),(6,1,'PHII-46 NCI#6093: A Phase II Study of GTI-2040 (NS','GTI-2040','IRB3010','2006-02-08',NULL,NULL,'','Active'),(7,1,'A Phase II Study of GTI-2040 (NS','GTI-2040','IRB03010','2006-02-08',NULL,NULL,'','Active'),(8,5,'System Admin','BreastTest','xxx','1996-01-01',NULL,250,'','Active'),(9,6,'sir','sir','xxx','1996-12-31',NULL,300,'','Active'),(10,4,'Phase III Trial of Neoadjuvant Prostate Therapy','Phase III Neoadjuvant Prostate Therapy','06-1111','2005-06-06',NULL,100,'','Active'),(11,4,'Phase III Trial of SuperDrug for Breast Cancer','Phase III Breast Trial','06-777','2003-06-02',NULL,400,'','Active'),(12,21,'Phase II Neoadjuvant Trial for Prostate Cancer','Phase II Neoadjuvant Prostate Cure','06-8888','2006-03-07',NULL,1100,'','Active'),(13,4,'Phase III Trial with One Biospecimen','Phase III Simple','06-0202','2006-01-02',NULL,1000,'','Active'),(14,1,'NBN Spore F2F Protocol','NBNSpore','123','2006-06-04',NULL,100,'','Active'),(15,6,'Optic nerve study','Optic','956','2006-06-04',NULL,NULL,'','Active'),(16,24,'JK_Prot_01','JK_01','0125432','2006-06-06',NULL,NULL,'','Active'),(17,25,'Caveolin','cav','1234567','2006-07-01',NULL,NULL,'','Active'),(18,22,'Programmer / Analyst','Programer','steuh','2006-01-01',NULL,NULL,'','Active'),(19,6,'A new trial for breast cancer cure','new breast cancer cure','06-1234','2006-06-07',NULL,100,'','Active'),(20,6,'A new trial for breast cancer cure 2','new breast cancer cure','06-1234','2006-06-07',NULL,100,'','Active'),(21,4,'Breast Tissue Protocol SOP #06-23456','06 Protocol','123ABC','2006-06-14',NULL,300,'','Active'),(22,6,'Post Lumpectomy Tissue for the analysisi of....','Dr. Researcher\'s tissue study','FH12345','2006-06-14',NULL,NULL,'','Active'),(23,11,'DistributionTest','DTest','12345','2006-06-30',NULL,NULL,'','Active'),(24,22,'CollectionTest','CTest','123','2006-06-30',NULL,NULL,'','Active'),(25,1,'Prostate SPORE collection','Prostate SPORE','90991','2001-01-01',NULL,NULL,'','Active');
UNLOCK TABLES;
/*!40000 ALTER TABLE `catissue_specimen_protocol` ENABLE KEYS */;

--
-- Table structure for table `catissue_specimen_requirement`
--

DROP TABLE IF EXISTS `catissue_specimen_requirement`;
CREATE TABLE `catissue_specimen_requirement` (
  `IDENTIFIER` bigint(20) NOT NULL auto_increment,
  `SPECIMEN_CLASS` varchar(255) NOT NULL default '',
  `SPECIMEN_TYPE` varchar(50) default NULL,
  `TISSUE_SITE` varchar(150) default NULL,
  `PATHOLOGY_STATUS` varchar(50) default NULL,
  `QUANTITY` double default NULL,
  PRIMARY KEY  (`IDENTIFIER`)
) ENGINE=MyISAM DEFAULT CHARSET=latin1;

--
-- Dumping data for table `catissue_specimen_requirement`
--


/*!40000 ALTER TABLE `catissue_specimen_requirement` DISABLE KEYS */;
LOCK TABLES `catissue_specimen_requirement` WRITE;
INSERT INTO `catissue_specimen_requirement` VALUES (308,'edu.wustl.catissuecore.domainobject.impl.SpecimenRequirementImpl','Fixed Tissue Block','Abdomen, NOS','Non-Malignant, Diseased',NULL),(309,'edu.wustl.catissuecore.domainobject.impl.SpecimenRequirementImpl','RNA','Lung, NOS','Non-Malignant, Diseased',NULL),(310,'edu.wustl.catissuecore.domainobject.impl.SpecimenRequirementImpl','Frozen Tissue Slide','BLADDER','Non-Malignant',NULL),(311,'edu.wustl.catissuecore.domainobject.impl.SpecimenRequirementImpl','Whole Blood','Appendix','Malignant',NULL),(312,'edu.wustl.catissuecore.domainobject.impl.SpecimenRequirementImpl','Sweat','Upper-outer quadrant of breast','Malignant',NULL),(313,'edu.wustl.catissuecore.domainobject.impl.SpecimenRequirementImpl','Whole Blood','Abdomen, NOS','Metastatic',NULL),(314,'edu.wustl.catissuecore.domainobject.impl.SpecimenRequirementImpl','Fresh Tissue','Blood','Metastatic',NULL),(315,'edu.wustl.catissuecore.domainobject.impl.SpecimenRequirementImpl','RNA','GALLBLADDER','Not Specified',NULL),(316,'edu.wustl.catissuecore.domainobject.impl.SpecimenRequirementImpl','RNA','Upper-outer quadrant of breast','Non-Malignant',NULL),(317,'edu.wustl.catissuecore.domainobject.impl.SpecimenRequirementImpl','Whole Blood','BRAIN','Not Specified',NULL),(318,'edu.wustl.catissuecore.domainobject.impl.SpecimenRequirementImpl','Microdissected','Lung, NOS','Malignant',NULL),(319,'edu.wustl.catissuecore.domainobject.impl.SpecimenRequirementImpl','Urine','Biliary tract, NOS','Metastatic',NULL),(320,'edu.wustl.catissuecore.domainobject.impl.SpecimenRequirementImpl','Frozen Tissue Block','Skin of scalp and neck','Metastatic',NULL),(321,'edu.wustl.catissuecore.domainobject.impl.SpecimenRequirementImpl','Frozen Tissue Block','Biliary tract, NOS','Malignant, Invasive',NULL),(322,'edu.wustl.catissuecore.domainobject.impl.SpecimenRequirementImpl','Plasma','Anal canal','Not Specified',NULL),(323,'edu.wustl.catissuecore.domainobject.impl.SpecimenRequirementImpl','Fresh Tissue','Anal canal','Non-Malignant, Diseased',NULL),(324,'edu.wustl.catissuecore.domainobject.impl.SpecimenRequirementImpl','Fresh Tissue','BLADDER','Non-Malignant, Diseased',NULL),(325,'edu.wustl.catissuecore.domainobject.impl.SpecimenRequirementImpl','Fixed Tissue Slide','Skin of scalp and neck','Non-Malignant, Diseased',NULL),(326,'edu.wustl.catissuecore.domainobject.impl.SpecimenRequirementImpl','Urine','Central portion of breast','Metastatic',NULL),(327,'edu.wustl.catissuecore.domainobject.impl.SpecimenRequirementImpl','Fixed Tissue Slide','ADRENAL GLAND','Non-Malignant',NULL),(328,'edu.wustl.catissuecore.domainobject.impl.SpecimenRequirementImpl','Microdissected','Ampulla of Vater','Metastatic',NULL),(329,'edu.wustl.catissuecore.domainobject.impl.SpecimenRequirementImpl','Urine','Acoustic nerve','Malignant, Pre-Invasive',NULL),(330,'edu.wustl.catissuecore.domainobject.impl.SpecimenRequirementImpl','Frozen Tissue','Acoustic nerve','Malignant, Invasive',NULL),(331,'edu.wustl.catissuecore.domainobject.impl.SpecimenRequirementImpl','Bile','Ampulla of Vater','Malignant',NULL),(332,'edu.wustl.catissuecore.domainobject.impl.SpecimenRequirementImpl','Cerebrospinal Fluid','ADRENAL GLAND','Malignant, Invasive',NULL),(333,'edu.wustl.catissuecore.domainobject.impl.SpecimenRequirementImpl','Not Specified','ADRENAL GLAND','Malignant, Invasive',NULL),(334,'edu.wustl.catissuecore.domainobject.impl.SpecimenRequirementImpl','Not Specified','BLADDER','Non-Malignant',NULL),(335,'edu.wustl.catissuecore.domainobject.impl.SpecimenRequirementImpl','Whole Bone Marrow','Anus, NOS','Malignant, Invasive',NULL),(336,'edu.wustl.catissuecore.domainobject.impl.SpecimenRequirementImpl','Fixed Tissue Block','Bladder, NOS','Non-Malignant',NULL),(337,'edu.wustl.catissuecore.domainobject.impl.SpecimenRequirementImpl','DNA','Accessory sinus, NOS','Non-Malignant',NULL),(338,'edu.wustl.catissuecore.domainobject.impl.SpecimenRequirementImpl','Feces','BRONCHUS AND LUNG','Malignant, Pre-Invasive',NULL),(339,'edu.wustl.catissuecore.domainobject.impl.SpecimenRequirementImpl','Frozen Tissue','ACCESSORY SINUSES','Malignant, Pre-Invasive',NULL),(340,'edu.wustl.catissuecore.domainobject.impl.SpecimenRequirementImpl','Sweat','PROSTATE GLAND','Not Specified',NULL),(341,'edu.wustl.catissuecore.domainobject.impl.SpecimenRequirementImpl','Frozen Tissue Block','BLADDER','Not Specified',NULL),(342,'edu.wustl.catissuecore.domainobject.impl.SpecimenRequirementImpl','Microdissected','BLADDER','Malignant, Pre-Invasive',NULL),(343,'edu.wustl.catissuecore.domainobject.impl.SpecimenRequirementImpl','Fixed Tissue','Accessory sinus, NOS','Non-Malignant',NULL),(344,'edu.wustl.catissuecore.domainobject.impl.SpecimenRequirementImpl','DNA','Acoustic nerve','Malignant, Pre-Invasive',NULL),(345,'edu.wustl.catissuecore.domainobject.impl.SpecimenRequirementImpl','Frozen Tissue Block','Acoustic nerve','Malignant, Pre-Invasive',NULL),(346,'edu.wustl.catissuecore.domainobject.impl.SpecimenRequirementImpl','Serum','PROSTATE GLAND','Non-Malignant',NULL),(347,'edu.wustl.catissuecore.domainobject.impl.SpecimenRequirementImpl','Plasma','Blood','Malignant',NULL),(348,'edu.wustl.catissuecore.domainobject.impl.SpecimenRequirementImpl','Frozen Tissue Slide','Abdomen, NOS','Non-Malignant, Diseased',NULL),(349,'edu.wustl.catissuecore.domainobject.impl.SpecimenRequirementImpl','Sweat','URINARY TRACT','Malignant, Pre-Invasive',NULL),(350,'edu.wustl.catissuecore.domainobject.impl.SpecimenRequirementImpl','Frozen Cell Block','Abdomen, NOS','Metastatic',NULL),(351,'edu.wustl.catissuecore.domainobject.impl.SpecimenRequirementImpl','Fixed Tissue Slide','Acoustic nerve','Malignant',NULL),(352,'edu.wustl.catissuecore.domainobject.impl.SpecimenRequirementImpl','Whole Bone Marrow','Bladder, NOS','Malignant, Pre-Invasive',NULL),(353,'edu.wustl.catissuecore.domainobject.impl.SpecimenRequirementImpl','Whole Bone Marrow','Accessory sinus, NOS','Non-Malignant',NULL),(354,'edu.wustl.catissuecore.domainobject.impl.SpecimenRequirementImpl','Frozen Tissue Slide','Accessory sinus, NOS','Non-Malignant',NULL),(355,'edu.wustl.catissuecore.domainobject.impl.SpecimenRequirementImpl','Fixed Tissue Block','Acoustic nerve','Malignant, Invasive',NULL),(356,'edu.wustl.catissuecore.domainobject.impl.SpecimenRequirementImpl','Feces','BLADDER','Not Specified',NULL),(357,'edu.wustl.catissuecore.domainobject.impl.SpecimenRequirementImpl','Whole Blood','Bladder neck','Malignant, Pre-Invasive',NULL),(358,'edu.wustl.catissuecore.domainobject.impl.SpecimenRequirementImpl','Fresh Tissue','Anal canal','Not Specified',NULL),(359,'edu.wustl.catissuecore.domainobject.impl.SpecimenRequirementImpl','Fresh Tissue','Skin of scalp and neck','Non-Malignant',NULL),(360,'edu.wustl.catissuecore.domainobject.impl.SpecimenRequirementImpl','DNA','BRAIN','Not Specified',NULL),(361,'edu.wustl.catissuecore.domainobject.impl.SpecimenRequirementImpl','Frozen Tissue Block','PROSTATE GLAND','Non-Malignant',NULL),(362,'edu.wustl.catissuecore.domainobject.impl.SpecimenRequirementImpl','RNA','Skin of scalp and neck','Metastatic',NULL),(363,'edu.wustl.catissuecore.domainobject.impl.SpecimenRequirementImpl','DNA','Appendix','Malignant, Invasive',NULL),(364,'edu.wustl.catissuecore.domainobject.impl.SpecimenRequirementImpl','Synovial Fluid','Abdomen, NOS','Malignant, Invasive',NULL),(365,'edu.wustl.catissuecore.domainobject.impl.SpecimenRequirementImpl','Urine','Acoustic nerve','Malignant, Pre-Invasive',NULL),(366,'edu.wustl.catissuecore.domainobject.impl.SpecimenRequirementImpl','Fixed Tissue','Appendix','Non-Malignant, Diseased',NULL),(367,'edu.wustl.catissuecore.domainobject.impl.SpecimenRequirementImpl','Whole Bone Marrow','Bladder neck','Malignant',NULL),(368,'edu.wustl.catissuecore.domainobject.impl.SpecimenRequirementImpl','Frozen Tissue','ADRENAL GLAND','Metastatic',NULL),(369,'edu.wustl.catissuecore.domainobject.impl.SpecimenRequirementImpl','Plasma','Appendix','Malignant, Invasive',NULL),(370,'edu.wustl.catissuecore.domainobject.impl.SpecimenRequirementImpl','Frozen Tissue','BREAST','Metastatic',NULL),(371,'edu.wustl.catissuecore.domainobject.impl.SpecimenRequirementImpl','Frozen Tissue Slide','Skin of scalp and neck','Metastatic',NULL),(372,'edu.wustl.catissuecore.domainobject.impl.SpecimenRequirementImpl','DNA','ACCESSORY SINUSES','Malignant',NULL),(373,'edu.wustl.catissuecore.domainobject.impl.SpecimenRequirementImpl','DNA','Blood','Malignant, Invasive',NULL),(374,'edu.wustl.catissuecore.domainobject.impl.SpecimenRequirementImpl','Bile','PROSTATE GLAND','Malignant',NULL),(375,'edu.wustl.catissuecore.domainobject.impl.SpecimenRequirementImpl','Frozen Tissue Block','Retina','Malignant',NULL),(376,'edu.wustl.catissuecore.domainobject.impl.SpecimenRequirementImpl','Frozen Tissue Slide','Abdomen, NOS','Non-Malignant',NULL),(377,'edu.wustl.catissuecore.domainobject.impl.SpecimenRequirementImpl','Fixed Tissue Block','PROSTATE GLAND','Malignant, Pre-Invasive',NULL),(378,'edu.wustl.catissuecore.domainobject.impl.SpecimenRequirementImpl','DNA','Retina','Metastatic',NULL),(379,'edu.wustl.catissuecore.domainobject.impl.SpecimenRequirementImpl','Synovial Fluid','Lung, NOS','Malignant, Pre-Invasive',NULL),(380,'edu.wustl.catissuecore.domainobject.impl.SpecimenRequirementImpl','Not Specified','Retina','Metastatic',NULL),(381,'edu.wustl.catissuecore.domainobject.impl.SpecimenRequirementImpl','Bile','Anus, NOS','Non-Malignant',NULL),(382,'edu.wustl.catissuecore.domainobject.impl.SpecimenRequirementImpl','Fixed Tissue Block','BREAST','Metastatic',NULL),(383,'edu.wustl.catissuecore.domainobject.impl.SpecimenRequirementImpl','Frozen Tissue Slide','Upper-outer quadrant of breast','Malignant, Invasive',NULL),(384,'edu.wustl.catissuecore.domainobject.impl.SpecimenRequirementImpl','Bile','BRONCHUS AND LUNG','Non-Malignant, Diseased',NULL),(385,'edu.wustl.catissuecore.domainobject.impl.SpecimenRequirementImpl','Plasma','ACCESSORY SINUSES','Malignant, Invasive',NULL),(386,'edu.wustl.catissuecore.domainobject.impl.SpecimenRequirementImpl','Sweat','GALLBLADDER','Not Specified',NULL),(387,'edu.wustl.catissuecore.domainobject.impl.SpecimenRequirementImpl','Feces','Lung, NOS','Malignant, Pre-Invasive',NULL),(388,'edu.wustl.catissuecore.domainobject.impl.SpecimenRequirementImpl','RNA','Skin of scalp and neck','Metastatic',NULL),(389,'edu.wustl.catissuecore.domainobject.impl.SpecimenRequirementImpl','Frozen Cell Block','Abdomen, NOS','Non-Malignant',NULL),(390,'edu.wustl.catissuecore.domainobject.impl.SpecimenRequirementImpl','Bile','PROSTATE GLAND','Malignant, Invasive',NULL),(391,'edu.wustl.catissuecore.domainobject.impl.SpecimenRequirementImpl','DNA','Abdominal esophagus','Non-Malignant, Diseased',NULL),(392,'edu.wustl.catissuecore.domainobject.impl.SpecimenRequirementImpl','Fixed Tissue','BRAIN','Malignant, Invasive',NULL),(393,'edu.wustl.catissuecore.domainobject.impl.SpecimenRequirementImpl','Fixed Tissue Block','Ampulla of Vater','Malignant, Invasive',NULL),(394,'edu.wustl.catissuecore.domainobject.impl.SpecimenRequirementImpl','DNA','PROSTATE GLAND','Malignant',NULL),(395,'edu.wustl.catissuecore.domainobject.impl.SpecimenRequirementImpl','Fixed Tissue Block','Abdominal esophagus','Malignant, Invasive',NULL),(396,'edu.wustl.catissuecore.domainobject.impl.SpecimenRequirementImpl','Fresh Tissue','Biliary tract, NOS','Malignant',NULL),(397,'edu.wustl.catissuecore.domainobject.impl.SpecimenRequirementImpl','Fresh Tissue','PROSTATE GLAND','Malignant, Pre-Invasive',NULL),(398,'edu.wustl.catissuecore.domainobject.impl.SpecimenRequirementImpl','Feces','Abdominal esophagus','Malignant',NULL),(399,'edu.wustl.catissuecore.domainobject.impl.SpecimenRequirementImpl','Fixed Tissue','Central portion of breast','Malignant',NULL),(400,'edu.wustl.catissuecore.domainobject.impl.SpecimenRequirementImpl','Frozen Tissue Slide','Bladder neck','Metastatic',NULL),(401,'edu.wustl.catissuecore.domainobject.impl.SpecimenRequirementImpl','Plasma','Abdomen, NOS','Not Specified',NULL),(402,'edu.wustl.catissuecore.domainobject.impl.SpecimenRequirementImpl','Plasma','Accessory sinus, NOS','Metastatic',NULL),(403,'edu.wustl.catissuecore.domainobject.impl.SpecimenRequirementImpl','Bile','Skin of scalp and neck','Malignant, Invasive',NULL),(404,'edu.wustl.catissuecore.domainobject.impl.SpecimenRequirementImpl','Plasma','Accessory sinus, NOS','Metastatic',NULL),(405,'edu.wustl.catissuecore.domainobject.impl.SpecimenRequirementImpl','Not Specified','Ampulla of Vater','Malignant, Invasive',NULL),(406,'edu.wustl.catissuecore.domainobject.impl.SpecimenRequirementImpl','Cerebrospinal Fluid','Biliary tract, NOS','Non-Malignant, Diseased',NULL),(407,'edu.wustl.catissuecore.domainobject.impl.SpecimenRequirementImpl','Fixed Tissue Slide','Abdominal esophagus','Non-Malignant, Diseased',NULL),(408,'edu.wustl.catissuecore.domainobject.impl.SpecimenRequirementImpl','Urine','Central portion of breast','Malignant, Invasive',NULL),(409,'edu.wustl.catissuecore.domainobject.impl.SpecimenRequirementImpl','Frozen Cell Block','PROSTATE GLAND','Non-Malignant',NULL),(410,'edu.wustl.catissuecore.domainobject.impl.SpecimenRequirementImpl','DNA','Lung, NOS','Non-Malignant, Diseased',NULL),(411,'edu.wustl.catissuecore.domainobject.impl.SpecimenRequirementImpl','Fixed Tissue Block','ACCESSORY SINUSES','Not Specified',NULL),(412,'edu.wustl.catissuecore.domainobject.impl.SpecimenRequirementImpl','Whole Blood','Ampulla of Vater','Non-Malignant',NULL),(413,'edu.wustl.catissuecore.domainobject.impl.SpecimenRequirementImpl','DNA','Lung, NOS','Not Specified',NULL),(414,'edu.wustl.catissuecore.domainobject.impl.SpecimenRequirementImpl','Fixed Tissue Block','ACCESSORY SINUSES','Non-Malignant',NULL),(415,'edu.wustl.catissuecore.domainobject.impl.SpecimenRequirementImpl','Microdissected','Ampulla of Vater','Malignant, Invasive',NULL),(416,'edu.wustl.catissuecore.domainobject.impl.SpecimenRequirementImpl','Synovial Fluid','Anus, NOS','Non-Malignant, Diseased',NULL),(417,'edu.wustl.catissuecore.domainobject.impl.SpecimenRequirementImpl','Frozen Tissue','Appendix','Metastatic',NULL),(418,'edu.wustl.catissuecore.domainobject.impl.SpecimenRequirementImpl','Whole Bone Marrow','Base of tongue, NOS','Metastatic',NULL),(419,'edu.wustl.catissuecore.domainobject.impl.SpecimenRequirementImpl','Urine','ACCESSORY SINUSES','Non-Malignant',NULL),(420,'edu.wustl.catissuecore.domainobject.impl.SpecimenRequirementImpl','Frozen Tissue Slide','Appendix','Metastatic',NULL),(421,'edu.wustl.catissuecore.domainobject.impl.SpecimenRequirementImpl','DNA','Base of tongue, NOS','Non-Malignant',NULL),(422,'edu.wustl.catissuecore.domainobject.impl.SpecimenRequirementImpl','Fixed Tissue Slide','Biliary tract, NOS','Metastatic',NULL),(423,'edu.wustl.catissuecore.domainobject.impl.SpecimenRequirementImpl','Urine','BRONCHUS AND LUNG','Non-Malignant, Diseased',NULL),(424,'edu.wustl.catissuecore.domainobject.impl.SpecimenRequirementImpl','Fixed Tissue Block','Bladder, NOS','Metastatic',NULL),(425,'edu.wustl.catissuecore.domainobject.impl.SpecimenRequirementImpl','Frozen Tissue Slide','Base of tongue, NOS','Metastatic',NULL),(426,'edu.wustl.catissuecore.domainobject.impl.SpecimenRequirementImpl','DNA','URINARY TRACT','Malignant, Pre-Invasive',NULL),(427,'edu.wustl.catissuecore.domainobject.impl.SpecimenRequirementImpl','Whole Bone Marrow','Blood','Malignant',NULL),(428,'edu.wustl.catissuecore.domainobject.impl.SpecimenRequirementImpl','Plasma','Anal canal','Not Specified',NULL),(429,'edu.wustl.catissuecore.domainobject.impl.SpecimenRequirementImpl','Bile','Skin of scalp and neck','Malignant',NULL),(430,'edu.wustl.catissuecore.domainobject.impl.SpecimenRequirementImpl','Plasma','Abdomen, NOS','Metastatic',NULL),(431,'edu.wustl.catissuecore.domainobject.impl.SpecimenRequirementImpl','Frozen Tissue','Central portion of breast','Non-Malignant',NULL),(432,'edu.wustl.catissuecore.domainobject.impl.SpecimenRequirementImpl','Not Specified','Anal canal','Metastatic',NULL),(433,'edu.wustl.catissuecore.domainobject.impl.SpecimenRequirementImpl','Frozen Tissue','Central portion of breast','Not Specified',NULL),(434,'edu.wustl.catissuecore.domainobject.impl.SpecimenRequirementImpl','Synovial Fluid','Lung, NOS','Non-Malignant',NULL),(435,'edu.wustl.catissuecore.domainobject.impl.SpecimenRequirementImpl','DNA','ADRENAL GLAND','Non-Malignant',NULL),(436,'edu.wustl.catissuecore.domainobject.impl.SpecimenRequirementImpl','Serum','ACCESSORY SINUSES','Non-Malignant, Diseased',NULL),(437,'edu.wustl.catissuecore.domainobject.impl.SpecimenRequirementImpl','RNA','BLADDER','Metastatic',NULL),(438,'edu.wustl.catissuecore.domainobject.impl.SpecimenRequirementImpl','Bile','Ampulla of Vater','Metastatic',NULL),(439,'edu.wustl.catissuecore.domainobject.impl.SpecimenRequirementImpl','RNA','PROSTATE GLAND','Malignant, Pre-Invasive',NULL),(440,'edu.wustl.catissuecore.domainobject.impl.SpecimenRequirementImpl','Microdissected','Accessory sinus, NOS','Metastatic',NULL),(441,'edu.wustl.catissuecore.domainobject.impl.SpecimenRequirementImpl','Not Specified','Base of tongue, NOS','Non-Malignant',NULL),(442,'edu.wustl.catissuecore.domainobject.impl.SpecimenRequirementImpl','Plasma','URINARY TRACT','Malignant, Pre-Invasive',NULL),(443,'edu.wustl.catissuecore.domainobject.impl.SpecimenRequirementImpl','Sweat','Bladder neck','Malignant, Invasive',NULL),(444,'edu.wustl.catissuecore.domainobject.impl.SpecimenRequirementImpl','Cerebrospinal Fluid','Blood','Malignant',NULL),(445,'edu.wustl.catissuecore.domainobject.impl.SpecimenRequirementImpl','Frozen Cell Block','Biliary tract, NOS','Malignant, Invasive',NULL),(446,'edu.wustl.catissuecore.domainobject.impl.SpecimenRequirementImpl','Frozen Tissue Block','Lung, NOS','Malignant',NULL),(447,'edu.wustl.catissuecore.domainobject.impl.SpecimenRequirementImpl','Not Specified','PROSTATE GLAND','Malignant, Pre-Invasive',NULL),(448,'edu.wustl.catissuecore.domainobject.impl.SpecimenRequirementImpl','Bile','Acoustic nerve','Malignant',NULL),(449,'edu.wustl.catissuecore.domainobject.impl.SpecimenRequirementImpl','RNA','Biliary tract, NOS','Malignant',NULL),(450,'edu.wustl.catissuecore.domainobject.impl.SpecimenRequirementImpl','Synovial Fluid','Anal canal','Not Specified',NULL),(451,'edu.wustl.catissuecore.domainobject.impl.SpecimenRequirementImpl','Urine','Upper-outer quadrant of breast','Malignant',NULL),(452,'edu.wustl.catissuecore.domainobject.impl.SpecimenRequirementImpl','Feces','Biliary tract, NOS','Non-Malignant, Diseased',NULL),(453,'edu.wustl.catissuecore.domainobject.impl.SpecimenRequirementImpl','Not Specified','ACCESSORY SINUSES','Malignant, Invasive',NULL),(454,'edu.wustl.catissuecore.domainobject.impl.SpecimenRequirementImpl','Urine','Ampulla of Vater','Metastatic',NULL),(455,'edu.wustl.catissuecore.domainobject.impl.SpecimenRequirementImpl','Synovial Fluid','Lung, NOS','Malignant, Invasive',NULL),(456,'edu.wustl.catissuecore.domainobject.impl.SpecimenRequirementImpl','Synovial Fluid','Retina','Malignant, Pre-Invasive',NULL),(457,'edu.wustl.catissuecore.domainobject.impl.SpecimenRequirementImpl','RNA','Bladder neck','Not Specified',NULL),(458,'edu.wustl.catissuecore.domainobject.impl.SpecimenRequirementImpl','Frozen Cell Block','Abdominal esophagus','Metastatic',NULL),(459,'edu.wustl.catissuecore.domainobject.impl.SpecimenRequirementImpl','Fresh Tissue','Biliary tract, NOS','Malignant, Invasive',NULL),(460,'edu.wustl.catissuecore.domainobject.impl.SpecimenRequirementImpl','Whole Bone Marrow','Bladder neck','Non-Malignant',NULL),(461,'edu.wustl.catissuecore.domainobject.impl.SpecimenRequirementImpl','Not Specified','GALLBLADDER','Malignant',NULL),(462,'edu.wustl.catissuecore.domainobject.impl.SpecimenRequirementImpl','Sweat','ACCESSORY SINUSES','Non-Malignant, Diseased',NULL),(463,'edu.wustl.catissuecore.domainobject.impl.SpecimenRequirementImpl','Frozen Tissue Block','Acoustic nerve','Malignant, Pre-Invasive',NULL),(464,'edu.wustl.catissuecore.domainobject.impl.SpecimenRequirementImpl','Microdissected','Retina','Non-Malignant, Diseased',NULL),(465,'edu.wustl.catissuecore.domainobject.impl.SpecimenRequirementImpl','Fixed Tissue Block','ACCESSORY SINUSES','Non-Malignant',NULL),(466,'edu.wustl.catissuecore.domainobject.impl.SpecimenRequirementImpl','Fixed Tissue Block','Appendix','Malignant, Invasive',NULL),(467,'edu.wustl.catissuecore.domainobject.impl.SpecimenRequirementImpl','Frozen Tissue Block','Abdomen, NOS','Not Specified',NULL),(468,'edu.wustl.catissuecore.domainobject.impl.SpecimenRequirementImpl','Fixed Tissue Block','Ampulla of Vater','Not Specified',NULL),(469,'edu.wustl.catissuecore.domainobject.impl.SpecimenRequirementImpl','Whole Bone Marrow','ADRENAL GLAND','Non-Malignant, Diseased',NULL),(470,'edu.wustl.catissuecore.domainobject.impl.SpecimenRequirementImpl','Frozen Tissue Slide','Acoustic nerve','Non-Malignant',NULL),(471,'edu.wustl.catissuecore.domainobject.impl.SpecimenRequirementImpl','Frozen Tissue','Biliary tract, NOS','Malignant, Pre-Invasive',NULL),(472,'edu.wustl.catissuecore.domainobject.impl.SpecimenRequirementImpl','Frozen Tissue','GALLBLADDER','Malignant, Invasive',NULL),(473,'edu.wustl.catissuecore.domainobject.impl.SpecimenRequirementImpl','Microdissected','Base of tongue, NOS','Malignant',NULL),(474,'edu.wustl.catissuecore.domainobject.impl.SpecimenRequirementImpl','Not Specified','Upper-outer quadrant of breast','Malignant, Pre-Invasive',NULL),(475,'edu.wustl.catissuecore.domainobject.impl.SpecimenRequirementImpl','Not Specified','Skin of scalp and neck','Malignant',NULL),(476,'edu.wustl.catissuecore.domainobject.impl.SpecimenRequirementImpl','Cerebrospinal Fluid','Anus, NOS','Malignant, Pre-Invasive',NULL),(477,'edu.wustl.catissuecore.domainobject.impl.SpecimenRequirementImpl','Fresh Tissue','GALLBLADDER','Not Specified',NULL),(478,'edu.wustl.catissuecore.domainobject.impl.SpecimenRequirementImpl','Fixed Tissue Slide','ADRENAL GLAND','Not Specified',NULL),(479,'edu.wustl.catissuecore.domainobject.impl.SpecimenRequirementImpl','Frozen Cell Block','URINARY TRACT','Metastatic',NULL),(480,'edu.wustl.catissuecore.domainobject.impl.SpecimenRequirementImpl','Not Specified','Blood','Non-Malignant',NULL),(481,'edu.wustl.catissuecore.domainobject.impl.SpecimenRequirementImpl','Not Specified','Lung, NOS','Malignant',NULL),(482,'edu.wustl.catissuecore.domainobject.impl.SpecimenRequirementImpl','Sweat','Appendix','Non-Malignant',NULL),(483,'edu.wustl.catissuecore.domainobject.impl.SpecimenRequirementImpl','RNA','Acoustic nerve','Malignant',NULL),(484,'edu.wustl.catissuecore.domainobject.impl.SpecimenRequirementImpl','Frozen Tissue Slide','BLADDER','Metastatic',NULL),(485,'edu.wustl.catissuecore.domainobject.impl.SpecimenRequirementImpl','Serum','Accessory sinus, NOS','Not Specified',NULL),(486,'edu.wustl.catissuecore.domainobject.impl.SpecimenRequirementImpl','Frozen Tissue','Base of tongue, NOS','Malignant, Invasive',NULL),(487,'edu.wustl.catissuecore.domainobject.impl.SpecimenRequirementImpl','Fixed Tissue Block','BREAST','Non-Malignant, Diseased',NULL),(488,'edu.wustl.catissuecore.domainobject.impl.SpecimenRequirementImpl','Whole Bone Marrow','Bladder, NOS','Malignant',NULL),(489,'edu.wustl.catissuecore.domainobject.impl.SpecimenRequirementImpl','Synovial Fluid','Abdomen, NOS','Non-Malignant, Diseased',NULL),(490,'edu.wustl.catissuecore.domainobject.impl.SpecimenRequirementImpl','Feces','Acoustic nerve','Not Specified',NULL),(491,'edu.wustl.catissuecore.domainobject.impl.SpecimenRequirementImpl','Whole Bone Marrow','Retina','Non-Malignant, Diseased',NULL),(492,'edu.wustl.catissuecore.domainobject.impl.SpecimenRequirementImpl','Serum','Lung, NOS','Metastatic',NULL),(493,'edu.wustl.catissuecore.domainobject.impl.SpecimenRequirementImpl','Bile','BRONCHUS AND LUNG','Non-Malignant',NULL),(494,'edu.wustl.catissuecore.domainobject.impl.SpecimenRequirementImpl','Frozen Tissue','Accessory sinus, NOS','Metastatic',NULL),(495,'edu.wustl.catissuecore.domainobject.impl.SpecimenRequirementImpl','Urine','Base of tongue, NOS','Non-Malignant',NULL),(496,'edu.wustl.catissuecore.domainobject.impl.SpecimenRequirementImpl','Frozen Tissue','BRAIN','Malignant',NULL),(497,'edu.wustl.catissuecore.domainobject.impl.SpecimenRequirementImpl','Plasma','Anal canal','Non-Malignant',NULL),(498,'edu.wustl.catissuecore.domainobject.impl.SpecimenRequirementImpl','Fresh Tissue','Skin of scalp and neck','Malignant',NULL),(499,'edu.wustl.catissuecore.domainobject.impl.SpecimenRequirementImpl','Whole Blood','Upper-outer quadrant of breast','Non-Malignant, Diseased',NULL),(500,'edu.wustl.catissuecore.domainobject.impl.SpecimenRequirementImpl','Urine','URINARY TRACT','Non-Malignant, Diseased',NULL),(501,'edu.wustl.catissuecore.domainobject.impl.SpecimenRequirementImpl','Synovial Fluid','Bladder neck','Malignant, Pre-Invasive',NULL),(502,'edu.wustl.catissuecore.domainobject.impl.SpecimenRequirementImpl','Urine','BREAST','Non-Malignant, Diseased',NULL),(503,'edu.wustl.catissuecore.domainobject.impl.SpecimenRequirementImpl','Plasma','BRONCHUS AND LUNG','Not Specified',NULL),(504,'edu.wustl.catissuecore.domainobject.impl.SpecimenRequirementImpl','Urine','BRAIN','Malignant',NULL),(505,'edu.wustl.catissuecore.domainobject.impl.SpecimenRequirementImpl','Fixed Tissue Slide','Ampulla of Vater','Non-Malignant, Diseased',NULL),(506,'edu.wustl.catissuecore.domainobject.impl.SpecimenRequirementImpl','Sweat','ADRENAL GLAND','Not Specified',NULL),(507,'edu.wustl.catissuecore.domainobject.impl.SpecimenRequirementImpl','Sweat','ADRENAL GLAND','Metastatic',NULL),(508,'edu.wustl.catissuecore.domainobject.impl.SpecimenRequirementImpl','Microdissected','Central portion of breast','Not Specified',NULL),(509,'edu.wustl.catissuecore.domainobject.impl.SpecimenRequirementImpl','Urine','Anal canal','Non-Malignant',NULL),(510,'edu.wustl.catissuecore.domainobject.impl.SpecimenRequirementImpl','Fixed Tissue Block','Bladder, NOS','Not Specified',NULL),(511,'edu.wustl.catissuecore.domainobject.impl.SpecimenRequirementImpl','Urine','Abdomen, NOS','Malignant',NULL),(512,'edu.wustl.catissuecore.domainobject.impl.SpecimenRequirementImpl','Frozen Tissue Slide','Central portion of breast','Not Specified',NULL),(513,'edu.wustl.catissuecore.domainobject.impl.SpecimenRequirementImpl','Feces','BRAIN','Non-Malignant',NULL),(514,'edu.wustl.catissuecore.domainobject.impl.SpecimenRequirementImpl','RNA','Base of tongue, NOS','Malignant, Invasive',NULL),(515,'edu.wustl.catissuecore.domainobject.impl.SpecimenRequirementImpl','Microdissected','URINARY TRACT','Non-Malignant',NULL),(516,'edu.wustl.catissuecore.domainobject.impl.SpecimenRequirementImpl','Urine','Bladder neck','Malignant',NULL),(517,'edu.wustl.catissuecore.domainobject.impl.SpecimenRequirementImpl','Fixed Tissue','Abdominal esophagus','Not Specified',NULL),(518,'edu.wustl.catissuecore.domainobject.impl.SpecimenRequirementImpl','Frozen Tissue','Bladder, NOS','Malignant',NULL),(519,'edu.wustl.catissuecore.domainobject.impl.SpecimenRequirementImpl','Whole Blood','ACCESSORY SINUSES','Non-Malignant, Diseased',NULL),(520,'edu.wustl.catissuecore.domainobject.impl.SpecimenRequirementImpl','Frozen Tissue Block','Blood','Non-Malignant',NULL),(521,'edu.wustl.catissuecore.domainobject.impl.SpecimenRequirementImpl','Microdissected','Ampulla of Vater','Malignant, Pre-Invasive',NULL),(522,'edu.wustl.catissuecore.domainobject.impl.SpecimenRequirementImpl','Fresh Tissue','ADRENAL GLAND','Metastatic',NULL),(523,'edu.wustl.catissuecore.domainobject.impl.SpecimenRequirementImpl','Bile','BRONCHUS AND LUNG','Non-Malignant',NULL),(524,'edu.wustl.catissuecore.domainobject.impl.SpecimenRequirementImpl','Bile','Biliary tract, NOS','Metastatic',NULL),(525,'edu.wustl.catissuecore.domainobject.impl.SpecimenRequirementImpl','Frozen Tissue Slide','PROSTATE GLAND','Non-Malignant',NULL),(526,'edu.wustl.catissuecore.domainobject.impl.SpecimenRequirementImpl','Bile','Abdomen, NOS','Malignant, Pre-Invasive',NULL),(527,'edu.wustl.catissuecore.domainobject.impl.SpecimenRequirementImpl','Not Specified','Acoustic nerve','Malignant, Invasive',NULL),(528,'edu.wustl.catissuecore.domainobject.impl.SpecimenRequirementImpl','Frozen Tissue Block','ADRENAL GLAND','Malignant, Pre-Invasive',NULL),(529,'edu.wustl.catissuecore.domainobject.impl.SpecimenRequirementImpl','Bile','Abdomen, NOS','Metastatic',NULL),(530,'edu.wustl.catissuecore.domainobject.impl.SpecimenRequirementImpl','Urine','Ampulla of Vater','Not Specified',NULL),(531,'edu.wustl.catissuecore.domainobject.impl.SpecimenRequirementImpl','Frozen Tissue Block','Central portion of breast','Non-Malignant',NULL),(532,'edu.wustl.catissuecore.domainobject.impl.SpecimenRequirementImpl','Fresh Tissue','Skin of scalp and neck','Non-Malignant, Diseased',NULL),(533,'edu.wustl.catissuecore.domainobject.impl.SpecimenRequirementImpl','RNA','Accessory sinus, NOS','Malignant',NULL),(534,'edu.wustl.catissuecore.domainobject.impl.SpecimenRequirementImpl','Feces','Base of tongue, NOS','Malignant, Pre-Invasive',NULL),(535,'edu.wustl.catissuecore.domainobject.impl.SpecimenRequirementImpl','Not Specified','PROSTATE GLAND','Non-Malignant',NULL),(536,'edu.wustl.catissuecore.domainobject.impl.SpecimenRequirementImpl','Frozen Tissue Block','BRAIN','Non-Malignant',NULL),(537,'edu.wustl.catissuecore.domainobject.impl.SpecimenRequirementImpl','Whole Blood','Biliary tract, NOS','Non-Malignant',NULL),(538,'edu.wustl.catissuecore.domainobject.impl.SpecimenRequirementImpl','Fixed Tissue Block','Anus, NOS','Non-Malignant, Diseased',NULL),(539,'edu.wustl.catissuecore.domainobject.impl.SpecimenRequirementImpl','RNA','Abdominal esophagus','Malignant, Pre-Invasive',NULL),(540,'edu.wustl.catissuecore.domainobject.impl.SpecimenRequirementImpl','Serum','Retina','Non-Malignant, Diseased',NULL),(541,'edu.wustl.catissuecore.domainobject.impl.SpecimenRequirementImpl','RNA','BLADDER','Malignant, Pre-Invasive',NULL),(542,'edu.wustl.catissuecore.domainobject.impl.SpecimenRequirementImpl','Serum','BLADDER','Metastatic',NULL),(543,'edu.wustl.catissuecore.domainobject.impl.SpecimenRequirementImpl','Fixed Tissue Slide','Base of tongue, NOS','Non-Malignant',NULL),(544,'edu.wustl.catissuecore.domainobject.impl.SpecimenRequirementImpl','Bile','BRONCHUS AND LUNG','Malignant, Invasive',NULL),(545,'edu.wustl.catissuecore.domainobject.impl.SpecimenRequirementImpl','Serum','Blood','Non-Malignant, Diseased',NULL),(546,'edu.wustl.catissuecore.domainobject.impl.SpecimenRequirementImpl','RNA','PROSTATE GLAND','Non-Malignant',NULL),(547,'edu.wustl.catissuecore.domainobject.impl.SpecimenRequirementImpl','Frozen Tissue Block','BRONCHUS AND LUNG','Metastatic',NULL),(548,'edu.wustl.catissuecore.domainobject.impl.SpecimenRequirementImpl','Frozen Tissue Slide','BLADDER','Non-Malignant',NULL),(549,'edu.wustl.catissuecore.domainobject.impl.SpecimenRequirementImpl','Fresh Tissue','BREAST','Non-Malignant, Diseased',NULL),(550,'edu.wustl.catissuecore.domainobject.impl.SpecimenRequirementImpl','Not Specified','Central portion of breast','Non-Malignant, Diseased',NULL),(551,'edu.wustl.catissuecore.domainobject.impl.SpecimenRequirementImpl','Whole Bone Marrow','Base of tongue, NOS','Not Specified',NULL),(552,'edu.wustl.catissuecore.domainobject.impl.SpecimenRequirementImpl','Fixed Tissue Block','Acoustic nerve','Malignant',NULL),(553,'edu.wustl.catissuecore.domainobject.impl.SpecimenRequirementImpl','Microdissected','Skin of scalp and neck','Non-Malignant',NULL),(554,'edu.wustl.catissuecore.domainobject.impl.SpecimenRequirementImpl','Bile','Blood','Malignant',NULL),(555,'edu.wustl.catissuecore.domainobject.impl.SpecimenRequirementImpl','Frozen Cell Block','Blood','Non-Malignant, Diseased',NULL),(556,'edu.wustl.catissuecore.domainobject.impl.SpecimenRequirementImpl','Whole Bone Marrow','Abdomen, NOS','Non-Malignant, Diseased',NULL),(557,'edu.wustl.catissuecore.domainobject.impl.SpecimenRequirementImpl','Bile','Abdominal esophagus','Metastatic',NULL);
UNLOCK TABLES;
/*!40000 ALTER TABLE `catissue_specimen_requirement` ENABLE KEYS */;

--
-- Table structure for table `catissue_spun_event_parameters`
--

DROP TABLE IF EXISTS `catissue_spun_event_parameters`;
CREATE TABLE `catissue_spun_event_parameters` (
  `IDENTIFIER` bigint(20) NOT NULL default '0',
  `GFORCE` double default NULL,
  `DURATION_IN_MINUTES` int(11) default NULL,
  PRIMARY KEY  (`IDENTIFIER`),
  KEY `FK312D77BCBC7298A9` (`IDENTIFIER`)
) ENGINE=MyISAM DEFAULT CHARSET=latin1;

--
-- Dumping data for table `catissue_spun_event_parameters`
--


/*!40000 ALTER TABLE `catissue_spun_event_parameters` DISABLE KEYS */;
LOCK TABLES `catissue_spun_event_parameters` WRITE;
INSERT INTO `catissue_spun_event_parameters` VALUES (14,120,22);
UNLOCK TABLES;
/*!40000 ALTER TABLE `catissue_spun_event_parameters` ENABLE KEYS */;

--
-- Table structure for table `catissue_storage_cont_capacity`
--

DROP TABLE IF EXISTS `catissue_storage_cont_capacity`;
CREATE TABLE `catissue_storage_cont_capacity` (
  `IDENTIFIER` bigint(20) NOT NULL auto_increment,
  `ONE_DIMENSION_CAPACITY` int(11) default NULL,
  `TWO_DIMENSION_CAPACITY` int(11) default NULL,
  PRIMARY KEY  (`IDENTIFIER`)
) ENGINE=MyISAM DEFAULT CHARSET=latin1;

--
-- Dumping data for table `catissue_storage_cont_capacity`
--


/*!40000 ALTER TABLE `catissue_storage_cont_capacity` DISABLE KEYS */;
LOCK TABLES `catissue_storage_cont_capacity` WRITE;
INSERT INTO `catissue_storage_cont_capacity` VALUES (569,25,25),(570,45,45),(571,40,40),(572,30,30),(573,30,30),(574,185,185),(575,10,10),(576,140,140),(577,145,145),(578,20,20),(579,200,200),(580,170,170),(581,175,175),(582,60,60),(583,95,95),(584,125,125),(585,195,195),(586,30,30),(587,15,15),(588,15,15),(589,110,110),(590,195,195),(591,190,190),(592,45,45),(593,140,140),(594,155,155),(595,65,65),(596,20,20),(597,90,90),(598,110,110),(599,20,20),(600,90,90),(601,80,80),(602,145,145),(603,125,125),(604,70,70),(605,195,195),(606,25,25),(607,65,65),(608,95,95),(609,120,120),(610,160,160),(611,30,30),(612,125,125),(613,130,130),(614,135,135),(615,120,120),(616,65,65),(617,55,55),(618,30,30),(619,50,50),(620,145,145),(621,105,105),(622,100,100),(623,135,135),(624,165,165),(625,170,170),(626,55,55),(627,10,10),(628,160,160),(629,105,105),(630,130,130),(631,95,95),(632,50,50),(633,190,190),(634,160,160),(635,175,175),(636,145,145),(637,165,165),(638,150,150),(639,160,160),(640,150,150),(641,155,155),(642,55,55),(643,110,110),(644,135,135),(645,10,10),(646,125,125),(647,170,170),(648,190,190),(649,110,110),(650,115,115),(651,185,185),(652,165,165),(653,130,130),(654,90,90),(655,115,115),(656,45,45),(657,170,170),(658,125,125),(659,90,90),(660,165,165),(661,115,115),(662,135,135),(663,135,135),(664,60,60),(665,45,45),(666,70,70),(667,40,40),(668,140,140),(669,180,180),(670,160,160),(671,90,90),(672,195,195),(673,80,80),(674,185,185),(675,160,160),(676,95,95),(677,60,60),(678,90,90),(679,115,115),(680,180,180),(681,10,10),(682,175,175),(683,145,145),(684,60,60),(685,135,135),(686,180,180),(687,10,10),(688,140,140),(689,145,145),(690,90,90),(691,70,70),(692,85,85),(693,175,175),(694,195,195),(695,120,120),(696,110,110),(697,10,10),(698,30,30),(699,20,20),(700,50,50),(701,35,35),(702,60,60),(703,135,135),(704,50,50),(705,125,125),(706,140,140),(707,65,65),(708,15,15),(709,195,195),(710,175,175),(711,185,185),(712,70,70),(713,140,140),(714,35,35),(715,110,110),(716,65,65),(717,150,150),(718,15,15),(719,160,160),(720,135,135),(721,60,60),(722,185,185),(723,115,115),(724,100,100),(725,150,150),(726,70,70),(727,175,175),(728,185,185),(729,90,90),(730,150,150),(731,130,130),(732,20,20),(733,160,160),(734,75,75),(735,65,65),(736,45,45),(737,100,100),(738,100,100),(739,165,165),(740,100,100),(741,120,120),(742,160,160),(743,175,175),(744,10,10),(745,25,25),(746,180,180),(747,70,70),(748,50,50),(749,105,105),(750,40,40),(751,85,85),(752,140,140),(753,90,90),(754,165,165),(755,185,185),(756,90,90),(757,20,20),(758,75,75),(759,50,50),(760,175,175),(761,165,165),(762,80,80),(763,45,45),(764,150,150),(765,35,35),(766,75,75),(767,75,75),(768,110,110),(769,120,120),(770,105,105),(771,90,90),(772,145,145),(773,80,80),(774,80,80),(775,10,10),(776,110,110),(777,90,90),(778,65,65),(779,155,155),(780,145,145),(781,80,80),(782,10,10),(783,190,190),(784,75,75),(785,70,70),(786,175,175),(787,195,195),(788,145,145),(789,195,195),(790,155,155),(791,160,160),(792,115,115),(793,110,110),(794,140,140),(795,180,180),(796,35,35),(797,185,185),(798,120,120),(799,50,50),(800,45,45),(801,15,15),(802,35,35),(803,100,100),(804,55,55),(805,90,90),(806,105,105),(807,85,85),(808,35,35),(809,145,145),(810,125,125),(811,130,130),(812,15,15),(813,170,170),(814,55,55),(815,200,200),(816,35,35),(817,195,195),(818,65,65);
UNLOCK TABLES;
/*!40000 ALTER TABLE `catissue_storage_cont_capacity` ENABLE KEYS */;

--
-- Table structure for table `catissue_storage_cont_details`
--

DROP TABLE IF EXISTS `catissue_storage_cont_details`;
CREATE TABLE `catissue_storage_cont_details` (
  `IDENTIFIER` bigint(20) NOT NULL auto_increment,
  `PARAMETER_NAME` varchar(50) default NULL,
  `VALUE` varchar(50) default NULL,
  `STORAGE_CONTAINER_ID` bigint(20) default NULL,
  PRIMARY KEY  (`IDENTIFIER`),
  KEY `FK3531F575B3DFB11D` (`STORAGE_CONTAINER_ID`)
) ENGINE=MyISAM DEFAULT CHARSET=latin1;

--
-- Dumping data for table `catissue_storage_cont_details`
--


/*!40000 ALTER TABLE `catissue_storage_cont_details` DISABLE KEYS */;
LOCK TABLES `catissue_storage_cont_details` WRITE;
INSERT INTO `catissue_storage_cont_details` VALUES (1,'','',1),(2,'','',2),(3,'','',3),(4,'','',4),(5,'','',5),(6,'','',6),(7,'','',7),(8,'','',8),(9,'','',9),(10,'','',10),(11,'','',11),(12,'','',12),(13,'','',13),(14,'','',14),(15,'','',15),(16,'cryovial','1ml',16),(17,'Study Name','Breast Studies',17),(18,'','',18),(19,'','',19),(20,'','',20),(21,'','',21),(22,'','',22),(23,'','',23),(24,'','',24),(25,'','',25),(26,'','',26),(27,'','',27),(28,'','',28),(29,'','',29),(30,'','',30),(31,'','',31),(32,'','',32),(33,'','',33),(34,'','',34),(35,'','',35),(36,'','',36),(37,'','',37),(38,'','',38),(39,'','',39),(40,'','',40),(41,'','',41),(42,'','',42),(43,'','',43),(44,'','',44),(45,'','',45),(46,'','',46),(47,'','',47),(48,'','',48),(49,'','',49),(50,'','',50),(51,'','',51),(52,'','',52),(53,'','',53),(54,'','',54),(55,'','',55),(56,'','',56),(57,'','',57),(58,'','',58),(59,'','',59),(60,'','',60),(61,'','',61),(62,'','',62),(63,'','',63),(64,'','',64),(65,'','',65),(66,'','',66),(67,'','',67),(68,'','',68),(69,'','',69),(70,'','',70),(71,'','',71),(72,'','',72),(73,'','',73),(74,'','',74),(75,'','',75),(76,'','',76),(77,'','',77),(78,'','',78),(79,'','',79),(80,'','',80),(81,'','',81),(82,'','',82),(83,'','',83),(84,'','',84),(85,'','',85),(86,'','',86),(87,'','',87),(88,'','',88),(89,'','',89),(90,'','',90),(91,'','',91),(92,'','',92),(93,'','',93),(94,'','',94),(95,'','',95),(96,'','',96),(97,'','',97),(98,'','',98),(99,'','',99),(100,'','',100),(101,'','',101),(102,'','',102),(103,'','',103),(104,'','',104),(105,'','',105),(106,'','',106),(107,'','',107),(108,'','',108),(109,'','',109),(110,'','',110),(111,'','',111),(112,'','',112),(113,'','',113),(114,'','',114),(115,'','',115),(116,'','',116),(117,'','',117),(118,'','',118),(119,'','',119),(120,'','',120),(121,'','',121),(122,'','',122),(123,'','',123),(124,'','',124),(125,'','',125),(126,'','',126),(127,'','',127),(128,'','',128),(129,'','',129),(130,'','',130),(131,'','',131),(132,'','',132),(133,'','',133),(134,'','',134),(135,'','',135),(136,'','',136),(137,'','',137),(138,'','',138),(139,'','',139),(140,'','',140),(141,'','',141),(142,'','',142),(143,'','',143),(144,'','',144),(145,'','',145),(146,'','',146),(147,'','',147),(148,'','',148),(149,'','',149),(150,'','',150),(151,'','',151),(152,'','',152),(153,'','',153),(154,'','',154),(155,'','',155),(156,'','',156),(157,'','',157),(158,'','',158),(159,'','',159),(160,'','',160),(161,'','',161),(162,'','',162),(163,'','',163),(164,'','',164),(165,'','',165),(166,'','',166),(167,'','',167),(168,'','',168),(169,'','',169),(170,'','',170),(171,'','',171),(172,'','',172),(173,'','',173),(174,'','',174),(175,'','',175),(176,'','',176),(177,'','',177),(178,'','',178),(179,'001','123',179),(180,'001','123',180),(181,'191','3',181),(182,'Brand','Revco',182),(183,'','',183),(184,'','',184),(185,'','',185),(186,'','',186),(187,'','',187),(188,'','',188),(189,'','',189),(190,'','',190),(191,'Name','Chicago',182),(192,'','',191),(193,'','',192),(194,'','',193),(195,'','',194),(196,'','',195),(197,'','',196),(198,'','',197),(199,'','',198),(200,'','',199),(201,'','',200),(202,'','',201),(203,'','',202),(204,'','',203),(205,'','',204),(206,'','',205),(207,'','',206),(208,'','',207),(209,'','',208),(210,'','',209),(211,'','',210),(212,'','',211),(213,'','',212),(214,'','',213),(215,'','',214),(216,'','',215),(217,'','',216),(218,'','',217),(219,'','',218),(220,'','',219),(221,'','',220),(222,'','',221),(223,'','',222),(224,'','',223),(225,'','',224),(226,'','',225),(227,'','',226),(228,'','',227),(229,'','',228),(230,'','',229),(231,'','',230),(232,'','',231),(233,'','',232),(234,'','',233),(235,'','',234),(236,'','',235),(237,'','',236),(238,'','',237),(239,'','',238),(240,'','',239),(241,'','',240),(242,'','',241),(243,'','',242),(244,'','',243),(245,'','',244),(246,'','',245),(247,'','',246),(248,'','',247),(249,'','',248),(250,'','',249),(251,'','',250),(252,'','',251),(253,'','',252),(254,'','',253),(255,'','',254),(256,'','',255),(257,'','',256),(258,'','',257),(259,'','',258),(260,'','',259),(261,'','',260),(262,'','',261),(263,'','',262),(264,'','',263),(265,'','',264),(266,'','',265),(267,'','',266),(268,'','',267),(269,'','',268),(270,'','',269),(271,'','',270),(272,'chuck','owner',271);
UNLOCK TABLES;
/*!40000 ALTER TABLE `catissue_storage_cont_details` ENABLE KEYS */;

--
-- Table structure for table `catissue_storage_container`
--

DROP TABLE IF EXISTS `catissue_storage_container`;
CREATE TABLE `catissue_storage_container` (
  `IDENTIFIER` bigint(20) NOT NULL auto_increment,
  `CONTAINER_NUMBER` int(11) default NULL,
  `TEMPERATURE` double default NULL,
  `IS_CONTAINER_FULL` tinyint(1) default NULL,
  `BARCODE` varchar(50) default NULL,
  `ACTIVITY_STATUS` varchar(30) default NULL,
  `STORAGE_TYPE_ID` bigint(20) default NULL,
  `SITE_ID` bigint(20) default NULL,
  `PARENT_CONTAINER_ID` bigint(20) default NULL,
  `STORAGE_CONTAINER_CAPACITY_ID` bigint(20) default NULL,
  `POSITION_DIMENSION_ONE` int(11) default NULL,
  `POSITION_DIMENSION_TWO` int(11) default NULL,
  PRIMARY KEY  (`IDENTIFIER`),
  UNIQUE KEY `BARCODE` (`BARCODE`),
  KEY `FK28429D015F7CB0FE` (`STORAGE_CONTAINER_CAPACITY_ID`),
  KEY `FK28429D01A7F77D13` (`SITE_ID`),
  KEY `FK28429D0159A3CE5C` (`STORAGE_TYPE_ID`),
  KEY `FK28429D01DB097B2E` (`PARENT_CONTAINER_ID`)
) ENGINE=MyISAM DEFAULT CHARSET=latin1;

--
-- Dumping data for table `catissue_storage_container`
--


/*!40000 ALTER TABLE `catissue_storage_container` DISABLE KEYS */;
LOCK TABLES `catissue_storage_container` WRITE;
INSERT INTO `catissue_storage_container` VALUES (523,1,-10,1,'ISBN-10 04012003 - XY0','Active',295,18,NULL,569,20,22),(524,2,15,1,'ISBN-10 08121997 - XY1','Active',296,19,NULL,570,18,19),(525,3,-40,1,'ISBN-10 03092001 - XY2','Active',297,20,NULL,571,20,4),(526,4,-80,1,'ISBN-10 04022002 - XY3','Active',298,21,NULL,572,16,8),(527,5,20,1,'ISBN-10 07291999 - XY4','Active',299,22,NULL,573,9,4),(528,6,0,1,'ISBN-10 07291999 - XY5','Active',300,23,NULL,574,13,5),(529,7,-20,1,'ISBN-10 07291999 - XY6','Active',301,24,NULL,575,5,24),(530,8,10,1,'ISBN-10 04122006 - XY7','Active',302,25,NULL,576,10,7),(531,9,-5,1,'ISBN-10 12182002 - XY8','Active',303,26,NULL,577,4,8),(532,10,5,1,'ISBN-10 11062002 - XY9','Active',304,27,NULL,578,19,14),(533,11,-15,1,'ISBN-10 11262002 - XY10','Active',305,28,NULL,579,12,16),(534,12,-30,1,'ISBN-10 04012003 - XY11','Active',306,29,NULL,580,12,3),(535,13,30,1,'ISBN-10 11262002 - XY12','Active',307,30,NULL,581,4,23),(536,14,40,1,'ISBN-10 07211997 - XY13','Active',308,NULL,NULL,582,2,9),(537,15,-10,1,'ISBN-10 04272001 - XY14','Active',309,NULL,NULL,583,21,7),(538,16,15,1,'ISBN-10 01192006 - XY15','Active',310,NULL,NULL,584,2,20),(539,17,-40,1,'ISBN-10 11262002 - XY16','Active',311,NULL,NULL,585,1,15),(540,18,-80,1,'ISBN-10 04122006 - XY17','Active',312,NULL,NULL,586,12,24),(541,19,20,1,'ISBN-10 12202002 - XY18','Active',313,NULL,NULL,587,11,23),(542,20,0,1,'ISBN-10 11052004 - XY19','Active',314,NULL,NULL,588,18,16),(543,21,-20,1,'ISBN-10 07182000 - XY20','Active',315,NULL,NULL,589,6,7),(544,22,10,1,'ISBN-10 01172001 - XY21','Active',316,NULL,NULL,590,3,24),(545,23,-5,1,'ISBN-10 10082002 - XY22','Active',317,NULL,NULL,591,2,23),(546,25,5,1,'ISBN-10 07202004 - XY23','Active',318,NULL,NULL,592,23,22),(547,26,-15,1,'ISBN-10 01122000 - XY24','Active',319,NULL,NULL,593,19,8),(548,27,-30,1,'ISBN-10 06022000 - XY25','Active',320,NULL,NULL,594,24,6),(549,28,30,1,'ISBN-10 11262002 - XY26','Active',321,NULL,NULL,595,9,18),(550,29,40,1,'ISBN-10 01222004 - XY27','Active',322,NULL,NULL,596,17,16),(551,30,-10,1,'ISBN-10 05182000 - XY28','Active',323,NULL,NULL,597,14,20),(552,31,15,1,'ISBN-10 02132001 - XY29','Active',324,NULL,NULL,598,9,16),(553,32,-40,1,'ISBN-10 09132005 - XY30','Active',325,NULL,NULL,599,6,10),(554,33,-80,1,'ISBN-10 06292001 - XY31','Active',326,NULL,NULL,600,1,2),(555,34,20,1,'ISBN-10 03152001 - XY32','Active',327,NULL,NULL,601,18,19),(556,35,0,1,'ISBN-10 06152003 - XY33','Active',328,NULL,NULL,602,19,15),(557,36,-20,1,'ISBN-10 07242002 - XY34','Active',329,NULL,NULL,603,24,4),(558,37,10,1,'ISBN-10 10071997 - XY35','Active',330,NULL,NULL,604,4,1),(559,38,-5,1,'ISBN-10 02282001 - XY36','Active',331,NULL,NULL,605,18,13),(560,39,5,1,'ISBN-10 08212001 - XY37','Active',332,NULL,NULL,606,15,11),(561,40,-15,1,'ISBN-10 01262006 - XY38','Active',333,NULL,NULL,607,3,1),(562,44,-30,1,'ISBN-10 02222000 - XY39','Active',334,NULL,NULL,608,4,16),(563,45,30,1,'ISBN-10 06152003 - XY40','Active',335,NULL,NULL,609,5,4),(564,46,40,1,'ISBN-10 12012003 - XY41','Active',336,NULL,NULL,610,11,9),(565,48,-10,1,'ISBN-10 05272004 - XY42','Active',337,NULL,NULL,611,16,14),(566,49,15,1,'ISBN-10 05152003 - XY43','Active',338,NULL,NULL,612,22,17),(567,50,-40,1,'ISBN-10 11262002 - XY44','Active',339,NULL,NULL,613,21,23),(568,51,-80,1,'ISBN-10 09022003 - XY45','Active',340,NULL,NULL,614,14,3),(569,52,20,1,'ISBN-10 07252000 - XY46','Active',341,NULL,NULL,615,14,13),(570,53,0,1,'ISBN-10 11142002 - XY47','Active',342,NULL,NULL,616,19,11),(571,54,-20,1,'ISBN-10 03052003 - XY48','Active',343,NULL,NULL,617,1,22),(572,55,10,1,'ISBN-10 09162004 - XY49','Active',344,NULL,NULL,618,9,24),(573,56,-5,1,'ISBN-10 11262002 - XY50','Active',345,NULL,NULL,619,16,5),(574,57,5,1,'ISBN-10 02142000 - XY51','Active',346,NULL,NULL,620,15,20),(575,58,-15,1,'ISBN-10 04011997 - XY52','Active',347,NULL,NULL,621,8,14),(576,59,-30,1,'ISBN-10 11262002 - XY53','Active',348,NULL,NULL,622,6,12),(577,60,30,1,'ISBN-10 03212003 - XY54','Active',349,NULL,NULL,623,6,19),(578,62,40,1,'ISBN-10 03212003 - XY55','Active',350,NULL,NULL,624,18,1),(579,63,-10,1,'ISBN-10 11072005 - XY56','Active',351,NULL,NULL,625,16,6),(580,64,15,1,'ISBN-10 02182003 - XY57','Active',352,NULL,NULL,626,20,9),(581,65,-40,1,'ISBN-10 10032000 - XY58','Active',353,NULL,NULL,627,19,14),(582,66,-80,1,'ISBN-10 09032003 - XY59','Active',354,NULL,NULL,628,16,23),(583,67,20,1,'ISBN-10 07112002 - XY60','Active',355,NULL,NULL,629,12,3),(584,68,0,1,'ISBN-10 07312002 - XY61','Active',356,NULL,NULL,630,9,12),(585,69,-20,1,'ISBN-10 11142002 - XY62','Active',357,NULL,NULL,631,5,13),(586,70,10,1,'ISBN-10 05022003 - XY63','Active',358,NULL,NULL,632,8,5),(587,71,-5,1,'ISBN-10 07242003 - XY64','Active',359,NULL,NULL,633,22,7),(588,72,5,1,'ISBN-10 03061997 - XY65','Active',360,NULL,NULL,634,2,10),(589,73,-15,1,'ISBN-10 11061997 - XY66','Active',361,NULL,NULL,635,24,21),(590,74,-30,1,'ISBN-10 03151999 - XY67','Active',362,NULL,NULL,636,21,19),(591,75,30,1,'ISBN-10 03161999 - XY68','Active',363,NULL,NULL,637,20,13),(592,76,40,1,'ISBN-10 08282000 - XY69','Active',364,NULL,NULL,638,17,7),(593,77,-10,1,'ISBN-10 07291999 - XY70','Active',365,NULL,NULL,639,4,18),(594,78,15,1,'ISBN-10 02172000 - XY71','Active',366,NULL,NULL,640,16,21),(595,79,-40,1,'ISBN-10 01122000 - XY72','Active',367,NULL,NULL,641,4,1),(596,80,-80,1,'ISBN-10 03132001 - XY73','Active',368,NULL,NULL,642,9,1),(597,81,20,1,'ISBN-10 12042001 - XY74','Active',369,NULL,NULL,643,15,17),(598,82,0,1,'ISBN-10 12052001 - XY75','Active',370,NULL,NULL,644,8,8),(599,83,-20,1,'ISBN-10 02052003 - XY76','Active',371,NULL,NULL,645,12,1),(600,84,10,1,'ISBN-10 12202002 - XY77','Active',372,NULL,NULL,646,23,11),(601,85,-5,1,'ISBN-10 07291999 - XY78','Active',373,NULL,NULL,647,6,16),(602,86,5,1,'ISBN-10 11212000 - XY79','Active',374,NULL,NULL,648,5,2),(603,87,-15,1,'ISBN-10 01222004 - XY80','Active',375,NULL,NULL,649,12,18),(604,88,-30,1,'ISBN-10 08152000 - XY81','Active',376,NULL,NULL,650,24,11),(605,89,30,1,'ISBN-10 02112000 - XY82','Active',377,NULL,NULL,651,16,7),(606,90,40,1,'ISBN-10 11262002 - XY83','Active',378,NULL,NULL,652,16,18),(607,91,-10,1,'ISBN-10 12202002 - XY84','Active',379,NULL,NULL,653,8,16),(608,92,15,1,'ISBN-10 11262002 - XY85','Active',380,NULL,NULL,654,13,3),(609,93,-40,1,'ISBN-10 05161997 - XY86','Active',381,NULL,NULL,655,2,23),(610,94,-80,1,'ISBN-10 05221998 - XY87','Active',382,NULL,NULL,656,9,18),(611,95,20,1,'ISBN-10 02182000 - XY88','Active',383,NULL,NULL,657,24,9),(612,96,0,1,'ISBN-10 11262002 - XY89','Active',384,NULL,NULL,658,12,1),(613,97,-20,1,'ISBN-10 03212003 - XY90','Active',385,NULL,NULL,659,9,23),(614,98,10,1,'ISBN-10 09032003 - XY91','Active',386,NULL,NULL,660,17,3),(615,99,-5,1,'ISBN-10 12031998 - XY92','Active',387,NULL,NULL,661,3,7),(616,100,5,1,'ISBN-10 11142002 - XY93','Active',388,NULL,NULL,662,1,17),(617,101,-15,1,'ISBN-10 11262002 - XY94','Active',389,NULL,NULL,663,1,17),(618,102,-30,1,'ISBN-10 08022000 - XY95','Active',390,NULL,NULL,664,20,2),(619,103,30,1,'ISBN-10 07291999 - XY96','Active',391,NULL,NULL,665,20,22),(620,104,40,1,'ISBN-10 11212000 - XY97','Active',392,NULL,NULL,666,1,8),(621,105,-10,1,'ISBN-10 07102002 - XY98','Active',393,NULL,NULL,667,2,24),(622,106,15,1,'ISBN-10 04192000 - XY99','Active',394,NULL,NULL,668,2,20),(623,107,-40,1,'ISBN-10 02222000 - XY100','Active',395,NULL,NULL,669,19,8),(624,108,-80,1,'ISBN-10 06072001 - XY101','Active',396,NULL,NULL,670,6,12),(625,109,20,1,'ISBN-10 09162004 - XY102','Active',397,NULL,NULL,671,11,9),(626,110,0,1,'ISBN-10 07291999 - XY103','Active',398,NULL,NULL,672,11,1),(627,111,-20,1,'ISBN-10 09022003 - XY104','Active',399,NULL,NULL,673,22,18),(628,112,10,1,'ISBN-10 11262002 - XY105','Active',400,NULL,NULL,674,4,9),(629,113,-5,1,'ISBN-10 09032003 - XY106','Active',401,NULL,NULL,675,2,9),(630,114,5,1,'ISBN-10 08302001 - XY107','Active',402,NULL,NULL,676,13,14),(631,115,-15,1,'ISBN-10 03212003 - XY108','Active',403,NULL,NULL,677,20,11),(632,116,-30,1,'ISBN-10 01222004 - XY109','Active',404,NULL,NULL,678,18,8),(633,117,30,1,'ISBN-10 11262002 - XY110','Active',405,NULL,NULL,679,13,20),(634,118,40,1,'ISBN-10 11262002 - XY111','Active',406,NULL,NULL,680,9,18),(635,119,-10,1,'ISBN-10 01222004 - XY112','Active',407,NULL,NULL,681,6,5),(636,120,15,1,'ISBN-10 05132003 - XY113','Active',408,NULL,NULL,682,5,3),(637,121,-40,1,'ISBN-10 05031999 - XY114','Active',409,NULL,NULL,683,24,6),(638,122,-80,1,'ISBN-10 04122006 - XY115','Active',410,NULL,NULL,684,4,4),(639,123,20,1,'ISBN-10 12202002 - XY116','Active',411,NULL,NULL,685,8,16),(640,124,0,1,'ISBN-10 09302005 - XY117','Active',412,NULL,NULL,686,21,18),(641,125,-20,1,'ISBN-10 02112000 - XY118','Active',413,NULL,NULL,687,19,24),(642,126,10,1,'ISBN-10 11062000 - XY119','Active',414,NULL,NULL,688,7,3),(643,127,-5,1,'ISBN-10 01102001 - XY120','Active',415,NULL,NULL,689,12,9),(644,128,5,1,'ISBN-10 06182001 - XY121','Active',416,NULL,NULL,690,7,7),(645,129,-15,1,'ISBN-10 12072005 - XY122','Active',417,NULL,NULL,691,23,1),(646,130,-30,1,'ISBN-10 06111997 - XY123','Active',418,NULL,NULL,692,20,17),(647,131,30,1,'ISBN-10 11211997 - XY124','Active',419,NULL,NULL,693,9,9),(648,132,40,1,'ISBN-10 03152006 - XY125','Active',420,NULL,NULL,694,14,7),(649,133,-10,1,'ISBN-10 11262002 - XY126','Active',421,NULL,NULL,695,2,16),(650,134,15,1,'ISBN-10 04122006 - XY127','Active',422,NULL,NULL,696,19,9),(651,135,-40,1,'ISBN-10 07162004 - XY128','Active',423,NULL,NULL,697,12,6),(652,136,-80,1,'ISBN-10 04271998 - XY129','Active',424,NULL,NULL,698,12,18),(653,137,20,1,'ISBN-10 07021998 - XY130','Active',425,NULL,NULL,699,24,14),(654,138,0,1,'ISBN-10 02041999 - XY131','Active',426,NULL,NULL,700,23,24),(655,139,-20,1,'ISBN-10 02152000 - XY132','Active',427,NULL,NULL,701,21,22),(656,140,10,1,'ISBN-10 02152000 - XY133','Active',428,NULL,NULL,702,15,23),(657,141,-5,1,'ISBN-10 02182000 - XY134','Active',429,NULL,NULL,703,14,2),(658,142,5,1,'ISBN-10 07272000 - XY135','Active',430,NULL,NULL,704,20,7),(659,143,-15,1,'ISBN-10 06212000 - XY136','Active',431,NULL,NULL,705,7,21),(660,144,-30,1,'ISBN-10 01172001 - XY137','Active',432,NULL,NULL,706,14,2),(661,145,30,1,'ISBN-10 02212002 - XY138','Active',433,NULL,NULL,707,12,7),(662,146,40,1,'ISBN-10 03132002 - XY139','Active',434,NULL,NULL,708,2,17),(663,147,-10,1,'ISBN-10 05212004 - XY140','Active',435,NULL,NULL,709,23,20),(664,148,15,1,'ISBN-10 03311997 - XY141','Active',436,NULL,NULL,710,22,22),(665,149,-40,1,'ISBN-10 04062005 - XY142','Active',437,NULL,NULL,711,17,11),(666,150,-80,1,'ISBN-10 07102003 - XY143','Active',438,NULL,NULL,712,14,8),(667,151,20,1,'ISBN-10 11061997 - XY144','Active',439,NULL,NULL,713,21,19),(668,152,0,1,'ISBN-10 09212005 - XY145','Active',440,NULL,NULL,714,3,17),(669,153,-20,1,'ISBN-10 11062002 - XY146','Active',441,NULL,NULL,715,7,10),(670,154,10,1,'ISBN-10 11262002 - XY147','Active',442,NULL,NULL,716,19,24),(671,155,-5,1,'ISBN-10 12202002 - XY148','Active',443,NULL,NULL,717,1,19),(672,156,5,1,'ISBN-10 02182000 - XY149','Active',444,NULL,NULL,718,18,16),(673,157,-15,1,'ISBN-10 07012002 - XY150','Active',445,NULL,NULL,719,12,19),(674,158,-30,1,'ISBN-10 04172000 - XY151','Active',446,NULL,NULL,720,3,5),(675,159,30,1,'ISBN-10 11262002 - XY152','Active',447,NULL,NULL,721,16,21),(676,160,40,1,'ISBN-10 03212003 - XY153','Active',448,NULL,NULL,722,21,13),(677,161,-10,1,'ISBN-10 06042004 - XY154','Active',449,NULL,NULL,723,9,24),(678,162,15,1,'ISBN-10 02172000 - XY155','Active',450,NULL,NULL,724,23,21),(679,163,-40,1,'ISBN-10 07222005 - XY156','Active',451,NULL,NULL,725,15,19),(680,164,-80,1,'ISBN-10 03152006 - XY157','Active',452,NULL,NULL,726,17,6),(681,165,20,1,'ISBN-10 03172006 - XY158','Active',453,NULL,NULL,727,20,3),(682,166,0,1,'ISBN-10 10102002 - XY159','Active',454,NULL,NULL,728,9,21),(683,167,-20,1,'ISBN-10 11262002 - XY160','Active',455,NULL,NULL,729,17,13),(684,168,10,1,'ISBN-10 11262002 - XY161','Active',456,NULL,NULL,730,10,8),(685,169,-5,1,'ISBN-10 12202002 - XY162','Active',457,NULL,NULL,731,13,5),(686,170,5,1,'ISBN-10 05222003 - XY163','Active',458,NULL,NULL,732,2,1),(687,171,-15,1,'ISBN-10 07252003 - XY164','Active',459,NULL,NULL,733,3,6),(688,172,-30,1,'ISBN-10 09022003 - XY165','Active',460,NULL,NULL,734,3,11),(689,173,30,1,'ISBN-10 09192003 - XY166','Active',461,NULL,NULL,735,13,13),(690,174,40,1,'ISBN-10 04122006 - XY167','Active',462,NULL,NULL,736,4,1),(691,175,-10,1,'ISBN-10 01222004 - XY168','Active',463,NULL,NULL,737,18,19),(692,177,15,1,'ISBN-10 01222004 - XY169','Active',464,NULL,NULL,738,17,11),(693,178,-40,1,'ISBN-10 07122004 - XY170','Active',465,NULL,NULL,739,22,8),(694,179,-80,1,'ISBN-10 11122004 - XY171','Active',466,NULL,NULL,740,1,23),(695,180,20,1,'ISBN-10 04141997 - XY172','Active',467,NULL,NULL,741,1,3),(696,181,0,1,'ISBN-10 06111997 - XY173','Active',468,NULL,NULL,742,11,3),(697,182,-20,1,'ISBN-10 02182000 - XY174','Active',469,NULL,NULL,743,11,7),(698,183,10,1,'ISBN-10 02182000 - XY175','Active',470,NULL,NULL,744,16,7),(699,184,-5,1,'ISBN-10 07242000 - XY176','Active',471,NULL,NULL,745,18,15),(700,185,5,1,'ISBN-10 09082000 - XY177','Active',472,NULL,NULL,746,17,4),(701,186,-15,1,'ISBN-10 09292000 - XY178','Active',473,NULL,NULL,747,13,19),(702,187,-30,1,'ISBN-10 05232001 - XY179','Active',474,NULL,NULL,748,24,16),(703,188,30,1,'ISBN-10 04182002 - XY180','Active',475,NULL,NULL,749,19,5),(704,189,40,1,'ISBN-10 06051997 - XY181','Active',476,NULL,NULL,750,11,18),(705,190,-10,1,'ISBN-10 03232004 - XY182','Active',477,NULL,NULL,751,10,1),(706,191,15,1,'ISBN-10 03262004 - XY183','Active',478,NULL,NULL,752,4,16),(707,192,-40,1,'ISBN-10 05281997 - XY184','Active',479,NULL,NULL,753,19,15),(708,193,-80,1,'ISBN-10 09222003 - XY185','Active',480,NULL,NULL,754,12,21),(709,194,20,1,'ISBN-10 11062002 - XY186','Active',481,NULL,NULL,755,12,12),(710,195,0,1,'ISBN-10 11262002 - XY187','Active',482,NULL,NULL,756,11,1),(711,197,-20,1,'ISBN-10 07291999 - XY188','Active',483,NULL,NULL,757,21,15),(712,198,10,1,'ISBN-10 01192006 - XY189','Active',484,NULL,NULL,758,20,7),(713,199,-5,1,'ISBN-10 07201998 - XY190','Active',485,NULL,NULL,759,16,18),(714,200,5,1,'ISBN-10 10032005 - XY191','Active',486,NULL,NULL,760,15,10),(715,201,-15,1,'ISBN-10 12312002 - XY192','Active',487,NULL,NULL,761,18,14),(716,202,-30,1,'ISBN-10 09022003 - XY193','Active',488,NULL,NULL,762,12,14),(717,212,30,1,'ISBN-10 09032003 - XY194','Active',489,NULL,NULL,763,24,2),(718,222,40,1,'ISBN-10 04122006 - XY195','Active',490,NULL,NULL,764,23,9),(719,223,-10,1,'ISBN-10 01212004 - XY196','Active',491,NULL,NULL,765,18,8),(720,224,15,1,'ISBN-10 03312004 - XY197','Active',492,NULL,NULL,766,15,21),(721,225,-40,1,'ISBN-10 04122006 - XY198','Active',493,NULL,NULL,767,24,4),(722,226,-80,1,'ISBN-10 09162004 - XY199','Active',494,NULL,NULL,768,24,16),(723,227,20,1,'ISBN-10 04062005 - XY200','Active',495,NULL,NULL,769,23,8),(724,228,0,1,'ISBN-10 06111997 - XY201','Active',496,NULL,NULL,770,18,6),(725,229,-20,1,'ISBN-10 02172000 - XY202','Active',497,NULL,NULL,771,6,13),(726,230,10,1,'ISBN-10 10042000 - XY203','Active',498,NULL,NULL,772,16,2),(727,231,-5,1,'ISBN-10 12102002 - XY204','Active',499,NULL,NULL,773,17,15),(728,232,5,1,'ISBN-10 12202005 - XY205','Active',500,NULL,NULL,774,14,24),(729,233,-15,1,'ISBN-10 01192006 - XY206','Active',501,NULL,NULL,775,9,23),(730,234,-30,1,'ISBN-10 01262006 - XY207','Active',502,NULL,NULL,776,24,5),(731,235,30,1,'ISBN-10 03152006 - XY208','Active',503,NULL,NULL,777,16,20),(732,236,40,1,'ISBN-10 09262002 - XY209','Active',504,NULL,NULL,778,18,9),(733,237,-10,1,'ISBN-10 10312002 - XY210','Active',505,NULL,NULL,779,16,23),(734,238,15,1,'ISBN-10 11142002 - XY211','Active',506,NULL,NULL,780,22,23),(735,240,-40,1,'ISBN-10 11142002 - XY212','Active',507,NULL,NULL,781,22,3),(736,241,-80,1,'ISBN-10 11142002 - XY213','Active',508,NULL,NULL,782,15,2),(737,242,20,1,'ISBN-10 11262002 - XY214','Active',509,NULL,NULL,783,14,4),(738,243,0,1,'ISBN-10 11262002 - XY215','Active',510,NULL,NULL,784,21,21),(739,244,-20,1,'ISBN-10 11262002 - XY216','Active',511,NULL,NULL,785,22,8),(740,245,10,1,'ISBN-10 12202002 - XY217','Active',512,NULL,NULL,786,22,24),(741,246,-5,1,'ISBN-10 01022003 - XY218','Active',513,NULL,NULL,787,14,17),(742,247,5,1,'ISBN-10 06062003 - XY219','Active',514,NULL,NULL,788,2,4),(743,248,-15,1,'ISBN-10 03262003 - XY220','Active',515,NULL,NULL,789,20,3),(744,249,-30,1,'ISBN-10 09032003 - XY221','Active',516,NULL,NULL,790,19,1),(745,250,30,1,'ISBN-10 01302004 - XY222','Active',517,NULL,NULL,791,20,24),(746,251,40,1,'ISBN-10 03012004 - XY223','Active',518,NULL,NULL,792,1,15),(747,252,-10,1,'ISBN-10 04122006 - XY224','Active',519,NULL,NULL,793,2,2),(748,253,15,1,'ISBN-10 04222004 - XY225','Active',520,NULL,NULL,794,10,11),(749,254,-40,1,'ISBN-10 07272004 - XY226','Active',521,NULL,NULL,795,3,23),(750,255,-80,1,'ISBN-10 08122004 - XY227','Active',522,NULL,NULL,796,13,12),(751,256,20,1,'ISBN-10 09032004 - XY228','Active',523,NULL,NULL,797,12,1),(752,257,0,1,'ISBN-10 09162004 - XY229','Active',524,NULL,NULL,798,5,13),(753,258,-20,1,'ISBN-10 05182005 - XY230','Active',525,NULL,NULL,799,22,9),(754,259,10,1,'ISBN-10 04211997 - XY231','Active',526,NULL,NULL,800,16,20),(755,260,-5,1,'ISBN-10 06221997 - XY232','Active',527,NULL,NULL,801,8,12),(756,261,5,1,'ISBN-10 08061997 - XY233','Active',528,NULL,NULL,802,9,18),(757,262,-15,1,'ISBN-10 09171997 - XY234','Active',529,NULL,NULL,803,2,7),(758,263,-30,1,'ISBN-10 07291999 - XY235','Active',530,NULL,NULL,804,15,9),(759,265,30,1,'ISBN-10 02172000 - XY236','Active',531,NULL,NULL,805,9,12),(760,266,40,1,'ISBN-10 02182000 - XY237','Active',532,NULL,NULL,806,9,6),(761,267,-10,1,'ISBN-10 02182000 - XY238','Active',533,NULL,NULL,807,1,20),(762,268,15,1,'ISBN-10 08111999 - XY239','Active',534,NULL,NULL,808,21,8),(763,269,-40,1,'ISBN-10 10081999 - XY240','Active',535,NULL,NULL,809,9,24),(764,270,-80,1,'ISBN-10 12021999 - XY241','Active',536,NULL,NULL,810,4,4),(765,271,20,1,'ISBN-10 02222000 - XY242','Active',537,NULL,NULL,811,5,2),(766,272,0,1,'ISBN-10 04172000 - XY243','Active',538,NULL,NULL,812,4,10),(767,273,-20,1,'ISBN-10 05182000 - XY244','Active',539,NULL,NULL,813,13,23),(768,274,10,1,'ISBN-10 05182000 - XY245','Active',540,NULL,NULL,814,3,22),(769,275,-5,1,'ISBN-10 06232000 - XY246','Active',541,NULL,NULL,815,20,11),(770,276,5,1,'ISBN-10 03272001 - XY247','Active',542,NULL,NULL,816,18,19),(771,277,-15,1,'ISBN-10 07182001 - XY248','Active',543,NULL,NULL,817,19,8),(772,278,-30,1,'ISBN-10 08282001 - XY249','Active',544,NULL,NULL,818,17,23);
UNLOCK TABLES;
/*!40000 ALTER TABLE `catissue_storage_container` ENABLE KEYS */;

--
-- Table structure for table `catissue_storage_type`
--

DROP TABLE IF EXISTS `catissue_storage_type`;
CREATE TABLE `catissue_storage_type` (
  `IDENTIFIER` bigint(20) NOT NULL auto_increment,
  `TYPE` varchar(50) NOT NULL default '',
  `DEFAULT_TEMP_IN_CENTIGRADE` double default NULL,
  `ONE_DIMENSION_LABEL` varchar(50) default NULL,
  `TWO_DIMENSION_LABEL` varchar(50) default NULL,
  `STORAGE_CONTAINER_CAPACITY_ID` bigint(20) default NULL,
  PRIMARY KEY  (`IDENTIFIER`),
  UNIQUE KEY `TYPE` (`TYPE`),
  KEY `FKE9A0629A5F7CB0FE` (`STORAGE_CONTAINER_CAPACITY_ID`)
) ENGINE=MyISAM DEFAULT CHARSET=latin1;

--
-- Dumping data for table `catissue_storage_type`
--


/*!40000 ALTER TABLE `catissue_storage_type` DISABLE KEYS */;
LOCK TABLES `catissue_storage_type` WRITE;
INSERT INTO `catissue_storage_type` VALUES (295,'Storage Frig A - Room 123',10,'LEFT','RIGHT',569),(296,'Storage Freezer A - Room 123',0,'SLOT ROW','SLOT COL',570),(297,'Storage Freezer Rack A - Room 123',0,'TOP','BOTTOM',571),(298,'Storage Frig B - Room 456',10,'SIDE LEFT','SIDE RIGHT',572),(299,'Storage Freezer B - Room 456',0,'SIDE X','SIDE Y',573),(300,'Storage Freezer Rack B - Room 456',0,'X HORZ','Y VERT',574),(301,'Storage Frig C - Room 789',10,'UP','DOWN',575),(302,'Storage Freezer C - Room 789',0,'LEFT HORZ','RIGHT VERT',576),(303,'Storage Freezer Rack C - Room 789',0,'SHELF UP','SHELF DOWN',577),(304,'Storage Frig D - Room 234',10,'SHELF ROW','SHELF COL',578),(305,'Storage Freezer D - Room 234',0,'SIDE A','SIDE B',579),(306,'Storage Freezer Rack D - Room 234',0,'SLOT UP','SLOT DOWN',580),(307,'Storage Frig E - Room 345',10,'SLOT TOP','SLOT BOTTOM',581),(308,'Storage Freezer E - Room 345',0,'SIDE ROW','SIDE COL',582),(309,'Storage Freezer Rack E - Room 345',0,'X','Y',583),(310,'Storage Frig F - Room 456',10,'SIDE TOP','SIDE BOTTOM',584),(311,'Storage Freezer F - Room 456',0,'X','Y',585),(312,'Storage Freezer Rack F - Room 456',0,'X HORZ','Y VERT',586),(313,'Storage Frig G - Room 567',10,'SHELF TOP','SHELF BOTTOM',587),(314,'Storage Freezer G - Room 567',0,'UP HORZ','DOWN VERT',588),(315,'Storage Freezer Rack G - Room 567',0,'SLOT TOP','SLOT BOTTOM',589),(316,'Storage Frig H - Room 678',10,'X HORZ','Y VERT',590),(317,'Storage Freezer H - Room 678',0,'A HORZ','B VERT',591),(318,'Storage Freezer Rack H - Room 678',0,'SHELF LEFT','SHELF RIGHT',592),(319,'Storage Frig I - Room 789',10,'SIDE A','SIDE B',593),(320,'Storage Freezer I - Room 789',0,'SIDE TOP','SIDE BOTTOM',594),(321,'Storage Freezer Rack I - Room 789',0,'SLOT LEFT','SLOT RIGHT',595),(322,'Storage Frig J - Room 890',10,'SLOT UP','SLOT DOWN',596),(323,'Storage Freezer J - Room 890',0,'SIDE ROW','SIDE COL',597),(324,'Storage Freezer Rack J - Room 890',0,'SIDE A','SIDE B',598),(325,'Storage Frig  - Room 901',10,'ROW HORZ','COL VERT',599),(326,'Storage Freezer K - Room 901',0,'SHELF UP','SHELF DOWN',600),(327,'Storage Freezer Rack K - Room 901',0,'SHELF A','SHELF B',601),(328,'Storage Frig K - Room 012',10,'ROW HORZ','COL VERT',602),(329,'Storage Freezer L - Room 012',0,'SLOT A','SLOT B',603),(330,'Storage Freezer Rack L - Room 012',0,'SIDE A','SIDE B',604),(331,'Storage Frig L - Room 098',10,'SLOT A','SLOT B',605),(332,'Storage Freezer M - Room 098',0,'SIDE TOP','SIDE BOTTOM',606),(333,'Storage Freezer Rack M - Room 098',0,'SHELF ROW','SHELF COL',607),(334,'Storage Frig M - Room 098',10,'SIDE ROW','SIDE COL',608),(335,'Storage Freezer N - Room 987',0,'ROW HORZ','COL VERT',609),(336,'Storage Freezer Rack N - Room 987',0,'SIDE LEFT','SIDE RIGHT',610),(337,'Storage Frig N - Room 987',10,'TOP HORZ','BOTTOM VERT',611),(338,'Storage Freezer O - Room 876',0,'SLOT ROW','SLOT COL',612),(339,'Rack Box 1 - Room 876',20,'LEFT HORZ','RIGHT VERT',613),(340,'Storage Freezer Rack O - Room 876',0,'SHELF UP','SHELF DOWN',614),(341,'Storage Frig O - Room 876',10,'SLOT LEFT','SLOT RIGHT',615),(342,'Storage Freezer P - Room 765',0,'SHELF A','SHELF B',616),(343,'Rack Box 2 - Room 765',20,'SIDE ROW','SIDE COL',617),(344,'Storage Freezer Rack P - Room 765',0,'SIDE A','SIDE B',618),(345,'Storage Frig P - Room 765',10,'X HORZ','Y VERT',619),(346,'Storage Freezer Q - Room 654',0,'SHELF ROW','SHELF COL',620),(347,'Rack Box 3 - Room 654',20,'SLOT ROW','SLOT COL',621),(348,'Storage Freezer Rack Q - Room 654',0,'SHELF X','SHELF Y',622),(349,'Storage Frig Q - Room 654',10,'SHELF LEFT','SHELF RIGHT',623),(350,'Storage Freezer R - Room 543',0,'SIDE UP','SIDE DOWN',624),(351,'Rack Box 4 - Room 543',20,'SHELF ROW','SHELF COL',625),(352,'Storage Freezer Rack R - Room 543',0,'SIDE A','SIDE B',626),(353,'Storage Frig R - Room 543',10,'SHELF TOP','SHELF BOTTOM',627),(354,'Storage Freezer S - Room 432',0,'SLOT X','SLOT Y',628),(355,'Rack Box 5 - Room 432',20,'SHELF ROW','SHELF COL',629),(356,'Storage Freezer R - Room 432',0,'SIDE A','SIDE B',630),(357,'Storage Frig S - Room 321',10,'SHELF LEFT','SHELF RIGHT',631),(358,'Storage Freezer T - Room 321',0,'ROW HORZ','COL VERT',632),(359,'Rack Box 6 - Room 321',20,'SHELF ROW','SHELF COL',633),(360,'Storage Freezer Rack T - Room 321',0,'SLOT ROW','SLOT COL',634),(361,'Storage Frig T - Room 321',10,'SLOT TOP','SLOT BOTTOM',635),(362,'Storage Freezer U - Room 210',0,'SHELF TOP','SHELF BOTTOM',636),(363,'Rack Box 7 - Room 210',20,'ROW HORZ','COL VERT',637),(364,'Storage Freezer Rack U - Room 210',0,'SHELF TOP','SHELF BOTTOM',638),(365,'Storage Frig U - Room 210',10,'A HORZ','B VERT',639),(366,'Storage Freezer V - Room 109',0,'TOP HORZ','BOTTOM VERT',640),(367,'Rack Box 8 - Room 109',20,'SHELF UP','SHELF DOWN',641),(368,'Storage Freezer Rack V - Room 109',0,'ROW','COL',642),(369,'Storage Frig V - Room 109',10,'SIDE LEFT','SIDE RIGHT',643),(370,'Storage Freezer W - Room 501',0,'ROW HORZ','COL VERT',644),(371,'Rack Box 9 - Room 501',20,'SHELF ROW','SHELF COL',645),(372,'Storage Freezer Rack W - Room 501',0,'SHELF X','SHELF Y',646),(373,'Storage Frig W - Room 501',10,'SIDE A','SIDE B',647),(374,'Storage Freezer X - Room 692',0,'LEFT HORZ','RIGHT VERT',648),(375,'Storage Freezer Rack X - Room 692',0,'X','Y',649),(376,'Storage Frig X - Room 692',10,'UP','DOWN',650),(377,'Storage Freezer Y - Room 783',0,'ROW','COL',651),(378,'Storage Freezer Rack Y - Room 783',0,'UP','DOWN',652),(379,'Storage Frig Y - Room 783',10,'SIDE LEFT','SIDE RIGHT',653),(380,'Storage Freezer Z - Room 111',0,'SHELF TOP','SHELF BOTTOM',654),(381,'Storage Freezer Rack Z - Room 111',0,'SHELF TOP','SHELF BOTTOM',655),(382,'Storage Frig Z - Room 111',10,'LEFT HORZ','RIGHT VERT',656),(383,'-20 Storage Frig A - Room 123',-20,'SHELF ROW','SHELF COL',657),(384,'-20 Storage Freezer A - Room 123',-20,'SLOT ROW','SLOT COL',658),(385,'-20 Storage Freezer Rack A - Room 123',-20,'A','B',659),(386,'-20 Storage Frig B - Room 456',-20,'SIDE UP','SIDE DOWN',660),(387,'-20 Storage Freezer B - Room 456',-20,'SHELF TOP','SHELF BOTTOM',661),(388,'-20 Storage Freezer Rack B - Room 456',-20,'SIDE LEFT','SIDE RIGHT',662),(389,'-20 Storage Frig C - Room 789',-20,'SLOT A','SLOT B',663),(390,'-20 Storage Freezer C - Room 789',-20,'A HORZ','B VERT',664),(391,'-20 Storage Freezer Rack C - Room 789',-20,'UP','DOWN',665),(392,'-20 Storage Frig D - Room 234',-20,'TOP','BOTTOM',666),(393,'-20 Storage Freezer D - Room 234',-20,'SLOT UP','SLOT DOWN',667),(394,'-20 Storage Freezer Rack D - Room 234',-20,'SIDE TOP','SIDE BOTTOM',668),(395,'-20 Storage Frig E - Room 345',-20,'SHELF TOP','SHELF BOTTOM',669),(396,'-20 Storage Freezer E - Room 345',-20,'SLOT X','SLOT Y',670),(397,'-20 Storage Freezer Rack E - Room 345',-20,'SIDE ROW','SIDE COL',671),(398,'-20 Storage Frig F - Room 456',-20,'SIDE X','SIDE Y',672),(399,'-20 Storage Freezer F - Room 456',-20,'A HORZ','B VERT',673),(400,'-20 Storage Freezer Rack F - Room 456',-20,'SHELF ROW','SHELF COL',674),(401,'-20 Storage Frig G - Room 567',-20,'X HORZ','Y VERT',675),(402,'-20 Storage Freezer G - Room 567',-20,'TOP HORZ','BOTTOM VERT',676),(403,'-20 Storage Freezer Rack G - Room 567',-20,'A','B',677),(404,'-20 Storage Frig H - Room 678',-20,'SIDE X','SIDE Y',678),(405,'-20 Storage Freezer H - Room 678',-20,'UP','DOWN',679),(406,'-20 Storage Freezer Rack H - Room 678',-20,'X','Y',680),(407,'-20 Storage Frig I - Room 789',-20,'ROW HORZ','COL VERT',681),(408,'-20 Storage Freezer I - Room 789',-20,'SHELF LEFT','SHELF RIGHT',682),(409,'-20 Storage Freezer Rack I - Room 789',-20,'SLOT ROW','SLOT COL',683),(410,'-20 Storage Frig J - Room 890',-20,'ROW HORZ','COL VERT',684),(411,'-20 Storage Freezer J - Room 890',-20,'SLOT A','SLOT B',685),(412,'-20 Storage Freezer Rack J - Room 890',-20,'SLOT TOP','SLOT BOTTOM',686),(413,'-20 Storage Frig  - Room 901',-20,'ROW','COL',687),(414,'-20 Storage Freezer K - Room 901',-20,'LEFT HORZ','RIGHT VERT',688),(415,'-20 Storage Freezer Rack K - Room 901',-20,'SHELF TOP','SHELF BOTTOM',689),(416,'-20 Storage Frig K - Room 012',-20,'ROW HORZ','COL VERT',690),(417,'-20 Storage Freezer L - Room 012',-20,'X','Y',691),(418,'-20 Storage Freezer Rack L - Room 012',-20,'SLOT UP','SLOT DOWN',692),(419,'-20 Storage Frig L - Room 098',-20,'SIDE ROW','SIDE COL',693),(420,'-20 Storage Freezer M - Room 098',-20,'LEFT HORZ','RIGHT VERT',694),(421,'-20 Storage Freezer Rack M - Room 098',-20,'UP HORZ','DOWN VERT',695),(422,'-20 Storage Frig M - Room 098',-20,'LEFT','RIGHT',696),(423,'-20 Storage Freezer N - Room 987',-20,'UP','DOWN',697),(424,'-20 Storage Freezer Rack N - Room 987',-20,'SLOT UP','SLOT DOWN',698),(425,'-20 Storage Frig N - Room 987',-20,'TOP','BOTTOM',699),(426,'-20 Storage Freezer O - Room 876',-20,'SHELF LEFT','SHELF RIGHT',700),(427,'-20 Rack Box 1 - Room 876',-20,'X HORZ','Y VERT',701),(428,'-20 Storage Freezer Rack O - Room 876',-20,'UP HORZ','DOWN VERT',702),(429,'-20 Storage Frig O - Room 876',-20,'ROW HORZ','COL VERT',703),(430,'-20 Storage Freezer P - Room 765',-20,'LEFT HORZ','RIGHT VERT',704),(431,'-20 Rack Box 2 - Room 765',-20,'LEFT','RIGHT',705),(432,'-20 Storage Freezer Rack P - Room 765',-20,'X','Y',706),(433,'-20 Storage Frig P - Room 765',-20,'SIDE X','SIDE Y',707),(434,'-20 Storage Freezer Q - Room 654',-20,'A','B',708),(435,'-20 Rack Box 3 - Room 654',-20,'SLOT A','SLOT B',709),(436,'-20 Storage Freezer Rack Q - Room 654',-20,'X HORZ','Y VERT',710),(437,'-20 Storage Frig Q - Room 654',-20,'SHELF ROW','SHELF COL',711),(438,'-20 Storage Freezer R - Room 543',-20,'SLOT ROW','SLOT COL',712),(439,'-20 Rack Box 4 - Room 543',-20,'LEFT HORZ','RIGHT VERT',713),(440,'-20 Storage Freezer Rack R - Room 543',-20,'ROW','COL',714),(441,'-20 Storage Frig R - Room 543',-20,'SHELF LEFT','SHELF RIGHT',715),(442,'-20 Storage Freezer S - Room 432',-20,'SIDE LEFT','SIDE RIGHT',716),(443,'-20 Rack Box 5 - Room 432',-20,'A HORZ','B VERT',717),(444,'-20 Storage Freezer R - Room 432',-20,'X HORZ','Y VERT',718),(445,'-20 Storage Frig S - Room 321',-20,'UP HORZ','DOWN VERT',719),(446,'-20 Storage Freezer T - Room 321',-20,'SIDE TOP','SIDE BOTTOM',720),(447,'-20 Rack Box 6 - Room 321',-20,'SIDE A','SIDE B',721),(448,'-20 Storage Freezer Rack T - Room 321',-20,'A HORZ','B VERT',722),(449,'-20 Storage Frig T - Room 321',-20,'SHELF ROW','SHELF COL',723),(450,'-20 Storage Freezer U - Room 210',-20,'X HORZ','Y VERT',724),(451,'-20 Rack Box 7 - Room 210',-20,'UP','DOWN',725),(452,'-20 Storage Freezer Rack U - Room 210',-20,'LEFT','RIGHT',726),(453,'-20 Storage Frig U - Room 210',-20,'SIDE X','SIDE Y',727),(454,'-20 Storage Freezer V - Room 109',-20,'SIDE UP','SIDE DOWN',728),(455,'-20 Rack Box 8 - Room 109',-20,'SIDE X','SIDE Y',729),(456,'-20 Storage Freezer Rack V - Room 109',-20,'X HORZ','Y VERT',730),(457,'-20 Storage Frig V - Room 109',-20,'SLOT TOP','SLOT BOTTOM',731),(458,'-20 Storage Freezer W - Room 501',-20,'SHELF A','SHELF B',732),(459,'-20 Rack Box 9 - Room 501',-20,'SIDE A','SIDE B',733),(460,'-20 Storage Freezer Rack W - Room 501',-20,'SIDE LEFT','SIDE RIGHT',734),(461,'-20 Storage Frig W - Room 501',-20,'SIDE UP','SIDE DOWN',735),(462,'-20 Storage Freezer X - Room 692',-20,'SHELF UP','SHELF DOWN',736),(463,'-20 Storage Freezer Rack X - Room 692',-20,'LEFT HORZ','RIGHT VERT',737),(464,'-20 Storage Frig X - Room 692',-20,'SLOT UP','SLOT DOWN',738),(465,'-20 Storage Freezer Y - Room 783',-20,'TOP','BOTTOM',739),(466,'-20 Storage Freezer Rack Y - Room 783',-20,'SIDE ROW','SIDE COL',740),(467,'-20 Storage Frig Y - Room 783',-20,'TOP','BOTTOM',741),(468,'-20 Storage Freezer Z - Room 111',-20,'SLOT LEFT','SLOT RIGHT',742),(469,'-20 Storage Freezer Rack Z - Room 111',-20,'X','Y',743),(470,'-20 Storage Frig Z - Room 111',-20,'A','B',744),(471,'-10 Storage Frig A - Room 123',-10,'SIDE UP','SIDE DOWN',745),(472,'-10 Storage Freezer A - Room 123',-10,'SHELF LEFT','SHELF RIGHT',746),(473,'-10 Storage Freezer Rack A - Room 123',-10,'SIDE TOP','SIDE BOTTOM',747),(474,'-10 Storage Frig B - Room 456',-10,'TOP HORZ','BOTTOM VERT',748),(475,'-10 Storage Freezer B - Room 456',-10,'SHELF TOP','SHELF BOTTOM',749),(476,'-10 Storage Freezer Rack B - Room 456',-10,'A HORZ','B VERT',750),(477,'-10 Storage Frig C - Room 789',-10,'UP','DOWN',751),(478,'-10 Storage Freezer C - Room 789',-10,'A','B',752),(479,'-10 Storage Freezer Rack C - Room 789',-10,'SLOT UP','SLOT DOWN',753),(480,'-10 Storage Frig D - Room 234',-10,'SIDE A','SIDE B',754),(481,'-10 Storage Freezer D - Room 234',-10,'LEFT HORZ','RIGHT VERT',755),(482,'-10 Storage Freezer Rack D - Room 234',-10,'SLOT ROW','SLOT COL',756),(483,'-10 Storage Frig E - Room 345',-10,'LEFT HORZ','RIGHT VERT',757),(484,'-10 Storage Freezer E - Room 345',-10,'UP','DOWN',758),(485,'-10 Storage Freezer Rack E - Room 345',-10,'UP HORZ','DOWN VERT',759),(486,'-10 Storage Frig F - Room 456',-10,'SLOT LEFT','SLOT RIGHT',760),(487,'-10 Storage Freezer F - Room 456',-10,'SHELF X','SHELF Y',761),(488,'-10 Storage Freezer Rack F - Room 456',-10,'SHELF LEFT','SHELF RIGHT',762),(489,'-10 Storage Frig G - Room 567',-10,'SLOT LEFT','SLOT RIGHT',763),(490,'-10 Storage Freezer G - Room 567',-10,'SLOT A','SLOT B',764),(491,'-10 Storage Freezer Rack G - Room 567',-10,'A HORZ','B VERT',765),(492,'-10 Storage Frig H - Room 678',-10,'TOP','BOTTOM',766),(493,'-10 Storage Freezer H - Room 678',-10,'UP','DOWN',767),(494,'-10 Storage Freezer Rack H - Room 678',-10,'SIDE UP','SIDE DOWN',768),(495,'-10 Storage Frig I - Room 789',-10,'SIDE A','SIDE B',769),(496,'-10 Storage Freezer I - Room 789',-10,'SHELF ROW','SHELF COL',770),(497,'-10 Storage Freezer Rack I - Room 789',-10,'A','B',771),(498,'-10 Storage Frig J - Room 890',-10,'A','B',772),(499,'-10 Storage Freezer J - Room 890',-10,'SLOT X','SLOT Y',773),(500,'-10 Storage Freezer Rack J - Room 890',-10,'A','B',774),(501,'-10 Storage Frig  - Room 901',-10,'LEFT','RIGHT',775),(502,'-10 Storage Freezer K - Room 901',-10,'SIDE X','SIDE Y',776),(503,'-10 Storage Freezer Rack K - Room 901',-10,'SHELF LEFT','SHELF RIGHT',777),(504,'-10 Storage Frig K - Room 012',-10,'SHELF UP','SHELF DOWN',778),(505,'-10 Storage Freezer L - Room 012',-10,'TOP HORZ','BOTTOM VERT',779),(506,'-10 Storage Freezer Rack L - Room 012',-10,'A','B',780),(507,'-10 Storage Frig L - Room 098',-10,'SIDE A','SIDE B',781),(508,'-10 Storage Freezer M - Room 098',-10,'X','Y',782),(509,'-10 Storage Freezer Rack M - Room 098',-10,'SIDE X','SIDE Y',783),(510,'-10 Storage Frig M - Room 098',-10,'X HORZ','Y VERT',784),(511,'-10 Storage Freezer N - Room 987',-10,'SLOT A','SLOT B',785),(512,'-10 Storage Freezer Rack N - Room 987',-10,'SLOT LEFT','SLOT RIGHT',786),(513,'-10 Storage Frig N - Room 987',-10,'ROW HORZ','COL VERT',787),(514,'-10 Storage Freezer O - Room 876',-10,'TOP','BOTTOM',788),(515,'-10 Rack Box 1 - Room 876',-10,'SLOT UP','SLOT DOWN',789),(516,'-10 Storage Freezer Rack O - Room 876',-10,'LEFT','RIGHT',790),(517,'-10 Storage Frig O - Room 876',-10,'UP','DOWN',791),(518,'-10 Storage Freezer P - Room 765',-10,'LEFT','RIGHT',792),(519,'-10 Rack Box 2 - Room 765',-10,'X','Y',793),(520,'-10 Storage Freezer Rack P - Room 765',-10,'UP','DOWN',794),(521,'-10 Storage Frig P - Room 765',-10,'SIDE ROW','SIDE COL',795),(522,'-10 Storage Freezer Q - Room 654',-10,'ROW HORZ','COL VERT',796),(523,'-10 Rack Box 3 - Room 654',-10,'SHELF LEFT','SHELF RIGHT',797),(524,'-10 Storage Freezer Rack Q - Room 654',-10,'ROW HORZ','COL VERT',798),(525,'-10 Storage Frig Q - Room 654',-10,'X','Y',799),(526,'-10 Storage Freezer R - Room 543',-10,'TOP','BOTTOM',800),(527,'-10 Rack Box 4 - Room 543',-10,'SIDE ROW','SIDE COL',801),(528,'-10 Storage Freezer Rack R - Room 543',-10,'TOP','BOTTOM',802),(529,'-10 Storage Frig R - Room 543',-10,'SLOT LEFT','SLOT RIGHT',803),(530,'-10 Storage Freezer S - Room 432',-10,'ROW','COL',804),(531,'-10 Rack Box 5 - Room 432',-10,'TOP','BOTTOM',805),(532,'-10 Storage Freezer R - Room 432',-10,'SIDE LEFT','SIDE RIGHT',806),(533,'-10 Storage Frig S - Room 321',-10,'SIDE TOP','SIDE BOTTOM',807),(534,'-10 Storage Freezer T - Room 321',-10,'SHELF X','SHELF Y',808),(535,'-10 Rack Box 6 - Room 321',-10,'UP HORZ','DOWN VERT',809),(536,'-10 Storage Freezer Rack T - Room 321',-10,'X HORZ','Y VERT',810),(537,'-10 Storage Frig T - Room 321',-10,'SLOT A','SLOT B',811),(538,'-10 Storage Freezer U - Room 210',-10,'SIDE LEFT','SIDE RIGHT',812),(539,'-10 Rack Box 7 - Room 210',-10,'SHELF ROW','SHELF COL',813),(540,'-10 Storage Freezer Rack U - Room 210',-10,'SLOT ROW','SLOT COL',814),(541,'-10 Storage Frig U - Room 210',-10,'LEFT HORZ','RIGHT VERT',815),(542,'-10 Storage Freezer V - Room 109',-10,'UP HORZ','DOWN VERT',816),(543,'-10 Rack Box 8 - Room 109',-10,'TOP','BOTTOM',817),(544,'-10 Storage Freezer Rack V - Room 109',-10,'SIDE A','SIDE B',818);
UNLOCK TABLES;
/*!40000 ALTER TABLE `catissue_storage_type` ENABLE KEYS */;

--
-- Table structure for table `catissue_table_relation`
--

DROP TABLE IF EXISTS `catissue_table_relation`;
CREATE TABLE `catissue_table_relation` (
  `RELATIONSHIP_ID` bigint(20) NOT NULL auto_increment,
  `PARENT_TABLE_ID` bigint(20) default NULL,
  `CHILD_TABLE_ID` bigint(20) default NULL,
  `TABLES_IN_PATH` varchar(50) default NULL,
  PRIMARY KEY  (`RELATIONSHIP_ID`)
) ENGINE=MyISAM DEFAULT CHARSET=latin1;

--
-- Dumping data for table `catissue_table_relation`
--


/*!40000 ALTER TABLE `catissue_table_relation` DISABLE KEYS */;
LOCK TABLES `catissue_table_relation` WRITE;
INSERT INTO `catissue_table_relation` VALUES (1,1,1,NULL),(2,6,6,NULL),(3,5,5,NULL),(4,7,7,NULL),(5,8,8,NULL),(6,3,3,NULL),(7,3,4,NULL),(8,21,21,NULL),(9,21,2,NULL),(10,21,1,NULL),(11,21,3,NULL),(12,10,10,NULL),(13,10,9,NULL),(14,10,11,NULL),(15,10,12,'11:18'),(16,10,18,'11'),(17,19,19,NULL),(18,19,9,NULL),(19,19,20,NULL),(20,19,12,'20'),(21,23,23,NULL),(23,23,4,NULL),(24,23,5,NULL),(25,23,6,NULL),(26,23,7,NULL),(27,31,31,NULL),(28,31,32,NULL),(29,27,27,NULL),(30,35,35,NULL),(31,35,11,NULL),(32,35,3,NULL),(33,35,27,NULL),(34,33,33,NULL),(35,33,34,NULL),(36,38,38,NULL),(37,38,37,NULL),(39,21,22,NULL),(40,10,23,'9'),(41,10,17,NULL),(43,19,23,'9'),(44,31,3,'32'),(45,27,9,'10'),(46,27,31,NULL),(47,35,26,NULL),(48,35,9,'27:10'),(50,33,28,NULL),(51,38,23,NULL),(52,38,33,'37'),(53,38,9,'19'),(55,38,34,NULL),(54,35,31,'27'),(57,43,43,NULL),(58,43,63,NULL),(59,43,23,NULL),(60,44,44,NULL),(61,44,63,NULL),(62,44,23,NULL),(63,46,46,NULL),(64,46,63,NULL),(65,46,23,NULL),(66,47,47,NULL),(67,47,63,NULL),(68,47,23,NULL),(69,48,48,NULL),(70,48,63,NULL),(71,48,23,NULL),(72,49,49,NULL),(73,49,63,NULL),(74,49,23,NULL),(75,50,50,NULL),(76,50,63,NULL),(77,50,23,NULL),(78,51,51,NULL),(79,51,63,NULL),(80,51,23,NULL),(81,52,52,NULL),(82,52,63,NULL),(83,52,23,NULL),(84,54,54,NULL),(85,54,63,NULL),(86,54,23,NULL),(87,57,57,NULL),(88,57,63,NULL),(89,57,23,NULL),(90,64,64,NULL),(91,64,63,NULL),(92,64,23,NULL),(93,66,66,NULL),(94,66,63,NULL),(95,66,23,NULL),(96,67,67,NULL),(97,67,63,NULL),(98,67,23,NULL),(99,68,68,NULL),(100,68,63,NULL),(101,68,23,NULL),(102,59,59,NULL),(103,31,10,'27'),(104,10,35,'27'),(105,62,8,NULL),(106,33,8,'62'),(107,23,63,NULL);
UNLOCK TABLES;
/*!40000 ALTER TABLE `catissue_table_relation` ENABLE KEYS */;

--
-- Table structure for table `catissue_thaw_event_parameters`
--

DROP TABLE IF EXISTS `catissue_thaw_event_parameters`;
CREATE TABLE `catissue_thaw_event_parameters` (
  `IDENTIFIER` bigint(20) NOT NULL default '0',
  PRIMARY KEY  (`IDENTIFIER`),
  KEY `FKD8890A48BC7298A9` (`IDENTIFIER`)
) ENGINE=MyISAM DEFAULT CHARSET=latin1;

--
-- Dumping data for table `catissue_thaw_event_parameters`
--


/*!40000 ALTER TABLE `catissue_thaw_event_parameters` DISABLE KEYS */;
LOCK TABLES `catissue_thaw_event_parameters` WRITE;
INSERT INTO `catissue_thaw_event_parameters` VALUES (3),(5),(8),(34);
UNLOCK TABLES;
/*!40000 ALTER TABLE `catissue_thaw_event_parameters` ENABLE KEYS */;

--
-- Table structure for table `catissue_tis_spe_event_param`
--

DROP TABLE IF EXISTS `catissue_tis_spe_event_param`;
CREATE TABLE `catissue_tis_spe_event_param` (
  `IDENTIFIER` bigint(20) NOT NULL default '0',
  `NEOPLASTIC_CELLULARITY_PER` double default NULL,
  `NECROSIS_PERCENTAGE` double default NULL,
  `LYMPHOCYTIC_PERCENTAGE` double default NULL,
  `TOTAL_CELLULARITY_PERCENTAGE` double default NULL,
  `HISTOLOGICAL_QUALITY` varchar(50) default NULL,
  PRIMARY KEY  (`IDENTIFIER`),
  KEY `FKBB9648F4BC7298A9` (`IDENTIFIER`)
) ENGINE=MyISAM DEFAULT CHARSET=latin1;

--
-- Dumping data for table `catissue_tis_spe_event_param`
--


/*!40000 ALTER TABLE `catissue_tis_spe_event_param` DISABLE KEYS */;
LOCK TABLES `catissue_tis_spe_event_param` WRITE;
INSERT INTO `catissue_tis_spe_event_param` VALUES (2,70,5,5,90,'Good- Definable Cellular Detail'),(28,70,5,0,90,'Excellent- Definable Nuclear Detail'),(29,70,5,0,90,'Good- Definable Cellular Detail'),(30,70,10,0,90,'Good- Definable Cellular Detail'),(32,70,0,NULL,90,'Excellent- Definable Nuclear Detail');
UNLOCK TABLES;
/*!40000 ALTER TABLE `catissue_tis_spe_event_param` ENABLE KEYS */;

--
-- Table structure for table `catissue_transfer_event_param`
--

DROP TABLE IF EXISTS `catissue_transfer_event_param`;
CREATE TABLE `catissue_transfer_event_param` (
  `IDENTIFIER` bigint(20) NOT NULL default '0',
  `FROM_POSITION_DIMENSION_ONE` int(11) default NULL,
  `FROM_POSITION_DIMENSION_TWO` int(11) default NULL,
  `TO_POSITION_DIMENSION_ONE` int(11) default NULL,
  `TO_POSITION_DIMENSION_TWO` int(11) default NULL,
  `TO_STORAGE_CONTAINER_ID` bigint(20) default NULL,
  `FROM_STORAGE_CONTAINER_ID` bigint(20) default NULL,
  PRIMARY KEY  (`IDENTIFIER`),
  KEY `FK71F9AC103C2DAC61` (`TO_STORAGE_CONTAINER_ID`),
  KEY `FK71F9AC1099DF0A92` (`FROM_STORAGE_CONTAINER_ID`),
  KEY `FK71F9AC10BC7298A9` (`IDENTIFIER`)
) ENGINE=MyISAM DEFAULT CHARSET=latin1;

--
-- Dumping data for table `catissue_transfer_event_param`
--


/*!40000 ALTER TABLE `catissue_transfer_event_param` DISABLE KEYS */;
LOCK TABLES `catissue_transfer_event_param` WRITE;
INSERT INTO `catissue_transfer_event_param` VALUES (9,1,2,1,1,14,16),(17,1,1,1,2,1,1),(18,1,5,1,3,80,80),(20,1,1,1,2,65,16);
UNLOCK TABLES;
/*!40000 ALTER TABLE `catissue_transfer_event_param` ENABLE KEYS */;

--
-- Table structure for table `catissue_user`
--

DROP TABLE IF EXISTS `catissue_user`;
CREATE TABLE `catissue_user` (
  `IDENTIFIER` bigint(20) NOT NULL auto_increment,
  `EMAIL_ADDRESS` varchar(100) default NULL,
  `PASSWORD` varchar(50) default NULL,
  `FIRST_NAME` varchar(50) default NULL,
  `LAST_NAME` varchar(50) default NULL,
  `LOGIN_NAME` varchar(50) NOT NULL default '',
  `START_DATE` date default NULL,
  `ACTIVITY_STATUS` varchar(50) default NULL,
  `DEPARTMENT_ID` bigint(20) default NULL,
  `CANCER_RESEARCH_GROUP_ID` bigint(20) default NULL,
  `INSTITUTION_ID` bigint(20) default NULL,
  `ADDRESS_ID` bigint(20) default NULL,
  `CSM_USER_ID` bigint(20) default NULL,
  `STATUS_COMMENT` text,
  PRIMARY KEY  (`IDENTIFIER`),
  UNIQUE KEY `LOGIN_NAME` (`LOGIN_NAME`),
  KEY `FKB025CFC71792AD22` (`INSTITUTION_ID`),
  KEY `FKB025CFC7FFA96920` (`CANCER_RESEARCH_GROUP_ID`),
  KEY `FKB025CFC76CD94566` (`ADDRESS_ID`),
  KEY `FKB025CFC7F30C2528` (`DEPARTMENT_ID`)
) ENGINE=MyISAM DEFAULT CHARSET=latin1;

--
-- Dumping data for table `catissue_user`
--


/*!40000 ALTER TABLE `catissue_user` DISABLE KEYS */;
LOCK TABLES `catissue_user` WRITE;
INSERT INTO `catissue_user` VALUES (34,'SMITH004@EmailLoc619.com','sMITH0!4mE','MARY','SMITH','SMITH004','2003-04-01','Active',21,26,29,50,NULL,'Per IRB (8/02) can\'t terminate'),(35,'JOHNSON003@EmailLoc509.com','JOHNsON0!3oFU','PATRICIA','JOHNSON','JOHNSON003','1997-08-12','Active',22,27,30,51,NULL,'Unified with IRB 999'),(36,'WILLIAMS001@EmailLoc349.com','WIIIaMs0!1','LINDA','WILLIAMS','WILLIAMS001','2001-03-09','Active',23,28,31,52,NULL,'IRB approved amend. 1/15/03'),(37,'JONES006@EmailLoc509.com','JONes0!6pAc','BARBARA','JONES','JONES006','2002-04-02','Active',24,29,32,53,NULL,'IRB capped accrual @ +1'),(38,'BROWN001@EmailLoc449.com','B_OWN0!1','ELIZABETH','BROWN','BROWN001','1999-07-29','Active',25,30,33,54,NULL,'Affiliate only; no CPC/IR'),(39,'DAVIS004@EmailLoc189.com','DaVIs0!4mE','JENNIFER','DAVIS','DAVIS004','1999-07-29','Active',26,31,34,55,NULL,'Has IRB Approval 2/21/'),(40,'MILLER003@EmailLoc421.com','MIIe_0!3oFU','MARIA','MILLER','MILLER003','1999-07-29','Active',27,32,35,56,NULL,'Study withdrawn before IRB/CPC approval'),(41,'WILSON002@EmailLoc539.com','WILsON0!2See','SUSAN','WILSON','WILSON002','2006-04-12','Active',28,33,36,57,NULL,'Consents Completed 7/4/'),(42,'MOORE004@EmailLoc449.com','Mo_e0!4mE','MARGARET','MOORE','MOORE004','2002-12-18','Active',29,34,37,58,NULL,'IRB renewal submitted on 8/26/0'),(43,'TAYLOR002@EmailLoc259.com','TaYLO_0!2See','DOROTHY','TAYLOR','TAYLOR002','2002-11-06','Active',30,35,38,59,NULL,'Study withdrawn'),(44,'ANDERSON005@EmailLoc259.com','aNDe_sON0!5Us','LISA','ANDERSON','ANDERSON005','2002-11-26','Active',31,36,39,60,NULL,'Never received IRB/CPC approval'),(45,'THOMAS001@EmailLoc449.com','THOMas0!1','NANCY','THOMAS','THOMAS001','2003-04-01','Active',32,37,40,61,NULL,'IRB review'),(46,'JACKSON002@EmailLoc169.com','JaCKsON0!2See','KAREN','JACKSON','JACKSON002','2002-11-26','Active',33,38,41,62,NULL,'Suspended by IR'),(47,'WHITE002@EmailLoc169.com','WHITe0!2See','BETTY','WHITE','WHITE002','1997-07-21','Active',34,39,42,63,NULL,'Arm 1 is approved'),(48,'HARRIS003@EmailLoc509.com','Ha__Is0!3oFU','HELEN','HARRIS','HARRIS003','2001-04-27','Active',35,40,43,64,NULL,'All arms susp til get IRB extension'),(49,'MARTIN004@EmailLoc509.com','Ma_TIN0!4mE','SANDRA','MARTIN','MARTIN004','2006-01-19','Active',36,41,44,65,NULL,'Special exception (IRB 12A) granted'),(50,'THOMPSON001@EmailLoc509.com','THOMPsON0!1','DONNA','THOMPSON','THOMPSON001','2002-11-26','Active',37,42,45,66,NULL,'Has IRB Approval 5/2/'),(51,'GARCIA001@EmailLoc189.com','Ga_CIa0!1','CAROL','GARCIA','GARCIA001','2006-04-12','Active',38,43,46,67,NULL,'Satisfactory Approval'),(52,'MARTINEZ005@EmailLoc449.com','Ma_TINeZ0!5Us','RUTH','MARTINEZ','MARTINEZ005','2002-12-20','Active',39,44,47,68,NULL,'Response review'),(53,'ROBINSON003@EmailLoc189.com','_OBINsON0!3oFU','SHARON','ROBINSON','ROBINSON003','2004-11-05','Active',40,45,48,69,NULL,'IRB renewal submitted on 10/6/200'),(54,'CLARK004@EmailLoc509.com','CLa_K0!4mE','MICHELLE','CLARK','CLARK004','2000-07-18','Active',41,46,49,70,NULL,'Consents Completed 3/1/0'),(55,'RODRIGUEZ005@EmailLoc569.com','_OD_IGUeZ0!5Us','LAURA','RODRIGUEZ','RODRIGUEZ005','2001-01-17','Active',42,47,50,71,NULL,'Consents Satisfied'),(56,'LEWIS006@EmailLoc679.com','LeWIs0!6pAc','SARAH','LEWIS','LEWIS006','2002-10-08','Active',43,48,51,72,NULL,'IRB Satisfie'),(57,'LEE006@EmailLoc349.com','Lee0!6pAc','KIMBERLY','LEE','LEE006','2004-07-20','Active',44,49,52,73,NULL,'Need to amend consent'),(58,'WALKER003@EmailLoc189.com','WaLKe_0!3oFU','DEBORAH','WALKER','WALKER003','2000-01-12','Active',45,50,53,74,NULL,'Has IRB Approval 4/1/20'),(59,'HALL001@EmailLoc509.com','HaI0!1','JESSICA','HALL','HALL001','2000-06-02','Active',46,51,54,75,NULL,'Amended consent'),(60,'ALLEN001@EmailLoc509.com','aIeN0!1','SHIRLEY','ALLEN','ALLEN001','2002-11-26','Active',47,52,55,76,NULL,'IRB reviewing consent'),(61,'YOUNG001@EmailLoc509.com','YOUNG0!1','CYNTHIA','YOUNG','YOUNG001','2004-01-22','Active',48,53,56,77,NULL,'Protocol and consent amended etc. (audit done by pharm consultant'),(62,'HERNANDEZ001@EmailLoc159.com','He_NaNDeZ0!1','ANGELA','HERNANDEZ','HERNANDEZ001','2000-05-18','Active',49,54,57,78,NULL,'IRB final app in Jan'),(63,'KING001@EmailLoc809.com','KING0!1','MELISSA','KING','KING001','2001-02-13','Active',50,55,58,79,NULL,'Cleared IRB in March'),(64,'WRIGHT004@EmailLoc619.com','W_IGHT0!4mE','BRENDA','WRIGHT','WRIGHT004','2005-09-13','Active',51,56,59,80,NULL,'7 accrual in 8 mos'),(65,'LOPEZ003@EmailLoc169.com','LOPeZ0!3oFU','AMY','LOPEZ','LOPEZ003','2001-06-29','Active',52,57,60,81,NULL,'Has IRB Approval as of 12/5/'),(66,'HILL003@EmailLoc159.com','HII0!3oFU','ANNA','HILL','HILL003','2001-03-15','Active',53,58,61,82,NULL,'Must submit amend. protocol by 5/1/200'),(67,'SCOTT001@EmailLoc559.com','sCOTT0!1','REBECCA','SCOTT','SCOTT001','2003-06-15','Active',54,59,62,83,NULL,'Got IRB app w/ renewa'),(68,'GREEN003@EmailLoc509.com','G_eeN0!3oFU','VIRGINIA','GREEN','GREEN003','2002-07-24','Active',55,60,63,84,NULL,'Need affil. org. plan/IRB'),(69,'ADAMS006@EmailLoc719.com','aDaMs0!6pAc','KATHLEEN','ADAMS','ADAMS006','1997-10-07','Active',56,61,64,85,NULL,'20 accrual'),(70,'BAKER006@EmailLoc509.com','BaKe_0!6pAc','PAMELA','BAKER','BAKER006','2001-02-28','Active',57,62,65,86,NULL,'Amendment sent to IRB 8/27/04'),(71,'GONZALEZ001@EmailLoc189.com','GONZaLeZ0!1','MARTHA','GONZALEZ','GONZALEZ001','2001-08-21','Active',58,63,66,87,NULL,'IRB approved amend'),(72,'NELSON005@EmailLoc159.com','NeLsON0!5Us','DEBRA','NELSON','NELSON005','2006-01-26','Active',59,64,67,88,NULL,'Resubmit IRB renewals'),(73,'CARTER002@EmailLoc719.com','Ca_Te_0!2See','AMANDA','CARTER','CARTER002','2000-02-22','Active',60,65,68,89,NULL,'IRB closed'),(74,'MITCHELL006@EmailLoc509.com','MITCHeI0!6pAc','STEPHANIE','MITCHELL','MITCHELL006','2003-06-15','Active',61,66,69,90,NULL,'IRB capped accrua'),(75,'PEREZ006@EmailLoc509.com','Pe_eZ0!6pAc','CAROLYN','PEREZ','PEREZ006','2003-12-01','Active',62,67,70,91,NULL,'IRB reviewing consen'),(76,'ROBERTS001@EmailLoc509.com','_OBe_Ts0!1','CHRISTINE','ROBERTS','ROBERTS001','2004-05-27','Active',63,68,71,92,NULL,'IRB renewal submitted on 2/6/'),(77,'TURNER002@EmailLoc509.com','TU_Ne_0!2See','MARIE','TURNER','TURNER002','2003-05-15','Active',64,69,72,93,NULL,'n/'),(78,'PHILLIPS005@EmailLoc619.com','PHIIIPs0!5Us','JANET','PHILLIPS','PHILLIPS005','2002-11-26','Active',65,70,73,94,NULL,'n/'),(79,'CAMPBELL003@EmailLoc449.com','CaMPBeI0!3oFU','CATHERINE','CAMPBELL','CAMPBELL003','2003-09-02','Active',66,71,74,95,NULL,'n/'),(80,'PARKER002@EmailLoc509.com','Pa_Ke_0!2See','FRANCES','PARKER','PARKER002','2000-07-25','Active',67,72,75,96,NULL,'n/'),(81,'EVANS001@EmailLoc509.com','eVaNs0!1','ANN','EVANS','EVANS001','2002-11-14','Active',68,73,76,97,NULL,'n/'),(82,'EDWARDS005@EmailLoc509.com','eDWa_Ds0!5Us','JOYCE','EDWARDS','EDWARDS005','2003-03-05','Active',69,74,77,98,NULL,'n/'),(83,'COLLINS004@EmailLoc169.com','COIINs0!4mE','DIANE','COLLINS','COLLINS004','2004-09-16','Active',70,75,78,99,NULL,'n/'),(84,'STEWART005@EmailLoc349.com','sTeWa_T0!5Us','ALICE','STEWART','STEWART005','2002-11-26','Active',71,76,79,100,NULL,'n/'),(85,'SANCHEZ004@EmailLoc509.com','saNCHeZ0!4mE','JULIE','SANCHEZ','SANCHEZ004','2000-02-14','Active',72,77,80,101,NULL,'n/'),(86,'MORRIS002@EmailLoc509.com','MO__Is0!2See','HEATHER','MORRIS','MORRIS002','1997-04-01','Active',73,78,81,102,NULL,'n/'),(87,'ROGERS006@EmailLoc509.com','_OGe_s0!6pAc','TERESA','ROGERS','ROGERS006','2002-11-26','Active',74,79,82,103,NULL,'n/'),(88,'REED005@EmailLoc509.com','_eeD0!5Us','DORIS','REED','REED005','2003-03-21','Active',75,80,83,104,NULL,'n/'),(89,'COOK006@EmailLoc509.com','CoK0!6pAc','GLORIA','COOK','COOK006','2003-03-21','Active',76,81,84,105,NULL,'n/'),(90,'MORGAN006@EmailLoc509.com','MO_GaN0!6pAc','EVELYN','MORGAN','MORGAN006','2005-11-07','Active',22,82,29,106,NULL,'n/'),(91,'BELL001@EmailLoc679.com','BeI0!1','JEAN','BELL','BELL001','2003-02-18','Active',24,83,31,107,NULL,'n/'),(92,'MURPHY001@EmailLoc421.com','MU_PHY0!1','CHERYL','MURPHY','MURPHY001','2000-10-03','Active',26,84,33,108,NULL,'n/'),(93,'BAILEY005@EmailLoc499.com','BaILeY0!5Us','MILDRED','BAILEY','BAILEY005','2003-09-03','Active',28,85,35,109,NULL,'n/'),(94,'RIVERA003@EmailLoc509.com','_IVe_a0!3oFU','KATHERINE','RIVERA','RIVERA003','2002-07-11','Active',30,86,37,110,NULL,'n/'),(95,'COOPER004@EmailLoc509.com','CoPe_0!4mE','JOAN','COOPER','COOPER004','2002-07-31','Active',32,87,39,111,NULL,'n/'),(96,'RICHARDSON006@EmailLoc509.com','_ICHa_DsON0!6pAc','ASHLEY','RICHARDSON','RICHARDSON006','2002-11-14','Active',34,88,41,112,NULL,'n/'),(97,'COX006@EmailLoc509.com','COX0!6pAc','JUDITH','COX','COX006','2003-05-02','Active',36,89,43,113,NULL,'n/'),(98,'HOWARD003@EmailLoc509.com','HOWa_D0!3oFU','ROSE','HOWARD','HOWARD003','2003-07-24','Active',38,90,45,114,NULL,'n/'),(99,'WARD003@EmailLoc509.com','Wa_D0!3oFU','JANICE','WARD','WARD003','1997-03-06','Active',40,91,47,115,NULL,'n/'),(100,'TORRES005@EmailLoc509.com','TO__es0!5Us','KELLY','TORRES','TORRES005','1997-11-06','Active',42,92,49,116,NULL,'n/'),(101,'PETERSON005@EmailLoc509.com','PeTe_sON0!5Us','NICOLE','PETERSON','PETERSON005','1999-03-15','Active',44,93,51,117,NULL,'n/'),(102,'GRAY004@EmailLoc569.com','G_aY0!4mE','JUDY','GRAY','GRAY004','1999-03-16','Active',46,94,53,118,NULL,'n/'),(103,'RAMIREZ002@EmailLoc189.com','_aMI_eZ0!2See','CHRISTINA','RAMIREZ','RAMIREZ002','2000-08-28','Active',48,95,55,119,NULL,'n/'),(104,'JAMES002@EmailLoc509.com','JaMes0!2See','KATHY','JAMES','JAMES002','1999-07-29','Active',50,96,57,120,NULL,'n/'),(105,'WATSON001@EmailLoc509.com','WaTsON0!1','THERESA','WATSON','WATSON001','2000-02-17','Active',52,97,59,121,NULL,'n/'),(106,'BROOKS004@EmailLoc169.com','B_oKs0!4mE','BEVERLY','BROOKS','BROOKS004','2000-01-12','Active',54,98,61,122,NULL,'n/'),(107,'KELLY002@EmailLoc449.com','KeIY0!2See','DENISE','KELLY','KELLY002','2001-03-13','Active',56,99,63,123,NULL,'n/'),(108,'SANDERS002@EmailLoc349.com','saNDe_s0!2See','TAMMY','SANDERS','SANDERS002','2001-12-04','Active',58,100,65,124,NULL,'n/'),(109,'PRICE004@EmailLoc679.com','P_ICe0!4mE','IRENE','PRICE','PRICE004','2001-12-05','Active',60,101,67,125,NULL,'n/'),(110,'BENNETT006@EmailLoc509.com','BeNNeTT0!6pAc','JANE','BENNETT','BENNETT006','2003-02-05','Active',62,102,69,126,NULL,'n/'),(111,'WOOD002@EmailLoc509.com','WoD0!2See','LORI','WOOD','WOOD002','2002-12-20','Active',64,103,71,127,NULL,'n/'),(112,'BARNES004@EmailLoc569.com','Ba_Nes0!4mE','RACHEL','BARNES','BARNES004','1999-07-29','Active',66,104,73,128,NULL,'n/'),(113,'ROSS001@EmailLoc569.com','_Oss0!1','MARILYN','ROSS','ROSS001','2000-11-21','Active',68,105,75,129,NULL,'n/'),(114,'HENDERSON004@EmailLoc569.com','HeNDe_sON0!4mE','ANDREA','HENDERSON','HENDERSON004','2004-01-22','Active',70,106,77,130,NULL,'n/'),(115,'COLEMAN006@EmailLoc569.com','COLeMaN0!6pAc','KATHRYN','COLEMAN','COLEMAN006','2000-08-15','Active',72,107,79,131,NULL,'n/'),(116,'JENKINS004@EmailLoc189.com','JeNKINs0!4mE','LOUISE','JENKINS','JENKINS004','2000-02-11','Active',74,108,81,132,NULL,'n/'),(117,'PERRY005@EmailLoc189.com','Pe__Y0!5Us','SARA','PERRY','PERRY005','2002-11-26','Active',76,109,83,133,NULL,'n/'),(118,'POWELL006@EmailLoc509.com','POWeI0!6pAc','ANNE','POWELL','POWELL006','2002-12-20','Active',22,110,29,134,NULL,'n/'),(119,'LONG002@EmailLoc509.com','LONG0!2See','JACQUELINE','LONG','LONG002','2002-11-26','Active',24,111,31,135,NULL,'n/'),(120,'PATTERSON001@EmailLoc509.com','PaTTe_sON0!1','WANDA','PATTERSON','PATTERSON001','1997-05-16','Active',26,112,33,136,NULL,'n/'),(121,'HUGHES004@EmailLoc349.com','HUGHes0!4mE','BONNIE','HUGHES','HUGHES004','1998-05-22','Active',28,113,35,137,NULL,'n/'),(122,'FLORES001@EmailLoc421.com','FLO_es0!1','JULIA','FLORES','FLORES001','2000-02-18','Active',30,114,37,138,NULL,'n/'),(123,'WASHINGTON003@EmailLoc419.com','WasHINGTON0!3oFU','RUBY','WASHINGTON','WASHINGTON003','2002-11-26','Active',32,115,39,139,NULL,'n/'),(124,'BUTLER002@EmailLoc719.com','BUTLe_0!2See','LOIS','BUTLER','BUTLER002','2003-03-21','Active',34,116,41,140,NULL,'n/'),(125,'SIMMONS006@EmailLoc189.com','sIMONs0!6pAc','TINA','SIMMONS','SIMMONS006','2003-09-03','Active',36,117,43,141,NULL,'n/'),(126,'FOSTER002@EmailLoc509.com','FOsTe_0!2See','PHYLLIS','FOSTER','FOSTER002','1998-12-03','Active',38,118,45,142,NULL,'n/'),(127,'GONZALES004@EmailLoc749.com','GONZaLes0!4mE','NORMA','GONZALES','GONZALES004','2002-11-14','Active',40,119,47,143,NULL,'n/'),(128,'BRYANT004@EmailLoc719.com','B_YaNT0!4mE','PAULA','BRYANT','BRYANT004','2002-11-26','Active',42,120,49,144,NULL,'n/'),(129,'ALEXANDER001@EmailLoc169.com','aLeXaNDe_0!1','DIANA','ALEXANDER','ALEXANDER001','2000-08-02','Active',44,121,51,145,NULL,'n/'),(130,'RUSSELL001@EmailLoc509.com','_UsseI0!1','ANNIE','RUSSELL','RUSSELL001','1999-07-29','Active',46,122,53,146,NULL,'n/'),(131,'GRIFFIN005@EmailLoc509.com','G_IFFIN0!5Us','LILLIAN','GRIFFIN','GRIFFIN005','2000-11-21','Active',48,123,55,147,NULL,'n/'),(132,'DIAZ004@EmailLoc189.com','DIaZ0!4mE','EMILY','DIAZ','DIAZ004','2002-07-10','Active',50,124,57,148,NULL,'n/'),(133,'HAYES001@EmailLoc762.com','HaYes0!1','ROBIN','HAYES','HAYES001','2000-04-19','Active',52,125,59,149,NULL,'n/'),(134,'MYERS001@EmailLoc509.com','MYe_s0!1','PEGGY','MYERS','MYERS001','2000-02-22','Active',54,126,61,150,NULL,'n/'),(135,'FORD005@EmailLoc499.com','FO_D0!5Us','CRYSTAL','FORD','FORD005','2001-06-07','Active',56,127,63,151,NULL,'n/'),(136,'HAMILTON002@EmailLoc480.com','HaMILTON0!2See','GLADYS','HAMILTON','HAMILTON002','2004-09-16','Active',58,128,65,152,NULL,'n/'),(137,'GRAHAM004@EmailLoc349.com','G_aHaM0!4mE','RITA','GRAHAM','GRAHAM004','1999-07-29','Active',60,129,67,153,NULL,'n/'),(138,'SULLIVAN003@EmailLoc449.com','sUIIVaN0!3oFU','DAWN','SULLIVAN','SULLIVAN003','2003-09-02','Active',62,130,69,154,NULL,'n/'),(139,'WALLACE006@EmailLoc509.com','WaIaCe0!6pAc','CONNIE','WALLACE','WALLACE006','2002-11-26','Active',64,131,71,155,NULL,'n/'),(140,'WOODS003@EmailLoc569.com','WoDs0!3oFU','FLORENCE','WOODS','WOODS003','2003-09-03','Active',66,132,73,156,NULL,'n/'),(141,'COLE003@EmailLoc441.com','COLe0!3oFU','TRACY','COLE','COLE003','2001-08-30','Active',68,133,75,157,NULL,'n/'),(142,'WEST006@EmailLoc189.com','WesT0!6pAc','EDNA','WEST','WEST006','2003-03-21','Active',70,134,77,158,NULL,'n/'),(143,'JORDAN003@EmailLoc059.com','JO_DaN0!3oFU','TIFFANY','JORDAN','JORDAN003','2004-01-22','Active',72,135,79,159,NULL,'n/'),(144,'OWENS004@EmailLoc443.com','OWeNs0!4mE','CARMEN','OWENS','OWENS004','2002-11-26','Active',74,136,81,160,NULL,'n/'),(145,'REYNOLDS002@EmailLoc559.com','_eYNOLDs0!2See','ROSA','REYNOLDS','REYNOLDS002','2002-11-26','Active',76,137,83,161,NULL,'n/'),(146,'FISHER005@EmailLoc569.com','FIsHe_0!5Us','CINDY','FISHER','FISHER005','2004-01-22','Active',22,138,29,162,NULL,'n/'),(147,'ELLIS005@EmailLoc509.com','eIIs0!5Us','GRACE','ELLIS','ELLIS005','2003-05-13','Active',24,139,31,163,NULL,'n/'),(148,'HARRISON005@EmailLoc579.com','Ha__IsON0!5Us','WENDY','HARRISON','HARRISON005','1999-05-03','Active',26,140,33,164,NULL,'n/'),(149,'GIBSON002@EmailLoc421.com','GIBsON0!2See','VICTORIA','GIBSON','GIBSON002','2006-04-12','Active',28,141,35,165,NULL,'n/'),(150,'MCDONALD002@EmailLoc619.com','MCDONaLD0!2See','EDITH','MCDONALD','MCDONALD002','2002-12-20','Active',30,142,37,166,NULL,'n/'),(151,'CRUZ005@EmailLoc509.com','C_UZ0!5Us','KIM','CRUZ','CRUZ005','2005-09-30','Active',32,38,39,167,NULL,'n/'),(152,'MARSHALL005@EmailLoc509.com','Ma_sHaI0!5Us','SHERRY','MARSHALL','MARSHALL005','2000-02-11','Active',35,41,42,168,NULL,'n/'),(153,'ORTIZ005@EmailLoc449.com','O_TIZ0!5Us','SYLVIA','ORTIZ','ORTIZ005','2000-11-06','Active',38,44,45,169,NULL,'n/'),(154,'GOMEZ003@EmailLoc509.com','GOMeZ0!3oFU','JOSEPHINE','GOMEZ','GOMEZ003','2001-01-10','Active',41,47,48,170,NULL,'n/'),(155,'MURRAY006@EmailLoc220.com','MU__aY0!6pAc','THELMA','MURRAY','MURRAY006','2001-06-18','Active',44,50,51,171,NULL,'n/'),(156,'FREEMAN002@EmailLoc569.com','F_eeMaN0!2See','SHANNON','FREEMAN','FREEMAN002','2005-12-07','Active',47,53,54,172,NULL,'n/'),(157,'WELLS006@EmailLoc509.com','WeIs0!6pAc','SHEILA','WELLS','WELLS006','1997-06-11','Active',50,56,57,173,NULL,'n/'),(158,'WEBB001@EmailLoc619.com','WeBB0!1','ETHEL','WEBB','WEBB001','1997-11-21','Active',53,59,60,174,NULL,'n/'),(159,'SIMPSON005@EmailLoc169.com','sIMPsON0!5Us','ELLEN','SIMPSON','SIMPSON005','2006-03-15','Active',56,62,63,175,NULL,'n/'),(160,'STEVENS003@EmailLoc629.com','sTeVeNs0!3oFU','ELAINE','STEVENS','STEVENS003','2002-11-26','Active',59,65,66,176,NULL,'n/'),(161,'TUCKER006@EmailLoc419.com','TUCKe_0!6pAc','MARJORIE','TUCKER','TUCKER006','2006-04-12','Active',62,68,69,177,NULL,'n/'),(162,'PORTER004@EmailLoc509.com','PO_Te_0!4mE','CARRIE','PORTER','PORTER004','2004-07-16','Active',65,71,72,178,NULL,'n/'),(163,'HUNTER006@EmailLoc619.com','HUNTe_0!6pAc','CHARLOTTE','HUNTER','HUNTER006','1998-04-27','Active',68,74,75,179,NULL,'n/'),(164,'HICKS003@EmailLoc809.com','HICKs0!3oFU','MONICA','HICKS','HICKS003','1998-07-02','Active',71,77,78,180,NULL,'n/'),(165,'CRAWFORD006@EmailLoc809.com','C_aWFO_D0!6pAc','ESTHER','CRAWFORD','CRAWFORD006','1999-02-04','Active',74,80,81,181,NULL,'n/'),(166,'HENRY006@EmailLoc509.com','HeN_Y0!6pAc','PAULINE','HENRY','HENRY006','2000-02-15','Active',21,27,84,182,NULL,'n/'),(167,'BOYD003@EmailLoc445.com','BOYD0!3oFU','EMMA','BOYD','BOYD003','2000-02-15','Active',24,30,31,183,NULL,'n/'),(168,'MASON002@EmailLoc189.com','MasON0!2See','JUANITA','MASON','MASON002','2000-02-18','Active',27,33,34,184,NULL,'n/'),(169,'MORALES006@EmailLoc509.com','MO_aLes0!6pAc','ANITA','MORALES','MORALES006','2000-07-27','Active',30,36,37,185,NULL,'n/'),(170,'KENNEDY006@EmailLoc169.com','KeNNeDY0!6pAc','RHONDA','KENNEDY','KENNEDY006','2000-06-21','Active',33,39,40,186,NULL,'n/'),(171,'WARREN003@EmailLoc413.com','Wa__eN0!3oFU','HAZEL','WARREN','WARREN003','2001-01-17','Active',36,42,43,187,NULL,'n/'),(172,'DIXON006@EmailLoc509.com','DIXON0!6pAc','AMBER','DIXON','DIXON006','2002-02-21','Active',39,45,46,188,NULL,'n/'),(173,'RAMOS002@EmailLoc509.com','_aMOs0!2See','EVA','RAMOS','RAMOS002','2002-03-13','Active',42,48,49,189,NULL,'n/'),(174,'REYES004@EmailLoc569.com','_eYes0!4mE','DEBBIE','REYES','REYES004','2004-05-21','Active',45,51,52,190,NULL,'n/'),(175,'BURNS001@EmailLoc509.com','BU_Ns0!1','APRIL','BURNS','BURNS001','1997-03-31','Active',48,54,55,191,NULL,'n/'),(176,'GORDON006@EmailLoc569.com','GO_DON0!6pAc','LESLIE','GORDON','GORDON006','2005-04-06','Active',51,57,58,192,NULL,'n/'),(177,'SHAW005@EmailLoc509.com','sHaW0!5Us','CLARA','SHAW','SHAW005','2003-07-10','Active',54,60,61,193,NULL,'n/'),(178,'HOLMES006@EmailLoc569.com','HOLMes0!6pAc','LUCILLE','HOLMES','HOLMES006','1997-11-06','Active',57,63,64,194,NULL,'n/'),(179,'RICE002@EmailLoc349.com','_ICe0!2See','JAMIE','RICE','RICE002','2005-09-21','Active',60,66,67,195,NULL,'n/'),(180,'ROBERTSON002@EmailLoc349.com','_OBe_TsON0!2See','JOANNE','ROBERTSON','ROBERTSON002','2002-11-06','Active',63,69,70,196,NULL,'n/'),(181,'HUNT006@EmailLoc509.com','HUNT0!6pAc','ELEANOR','HUNT','HUNT006','2002-11-26','Active',66,72,73,197,NULL,'n/'),(182,'BLACK002@EmailLoc509.com','BLaCK0!2See','VALERIE','BLACK','BLACK002','2002-12-20','Active',69,75,76,198,NULL,'n/'),(183,'DANIELS006@EmailLoc569.com','DaNIeLs0!6pAc','DANIELLE','DANIELS','DANIELS006','2000-02-18','Active',72,78,79,199,NULL,'n/'),(184,'PALMER004@EmailLoc509.com','PaLMe_0!4mE','MEGAN','PALMER','PALMER004','2002-07-01','Active',75,81,82,200,NULL,'n/'),(185,'MILLS006@EmailLoc259.com','MIIs0!6pAc','ALICIA','MILLS','MILLS006','2000-04-17','Active',22,28,29,201,NULL,'n/'),(186,'NICHOLS005@EmailLoc619.com','NICHOLs0!5Us','SUZANNE','NICHOLS','NICHOLS005','2002-11-26','Active',25,31,32,202,NULL,'n/'),(187,'GRANT002@EmailLoc509.com','G_aNT0!2See','MICHELE','GRANT','GRANT002','2003-03-21','Active',28,34,35,203,NULL,'n/'),(188,'KNIGHT001@EmailLoc569.com','KNIGHT0!1','GAIL','KNIGHT','KNIGHT001','2004-06-04','Active',31,37,38,204,NULL,'n/'),(189,'FERGUSON002@EmailLoc509.com','Fe_GUsON0!2See','BERTHA','FERGUSON','FERGUSON002','2000-02-17','Active',34,40,41,205,NULL,'n/'),(190,'ROSE003@EmailLoc509.com','_Ose0!3oFU','DARLENE','ROSE','ROSE003','2005-07-22','Active',37,43,44,206,NULL,'n/'),(191,'STONE002@EmailLoc421.com','sTONe0!2See','VERONICA','STONE','STONE002','2006-03-15','Active',40,46,47,207,NULL,'n/'),(192,'HAWKINS006@EmailLoc619.com','HaWKINs0!6pAc','JILL','HAWKINS','HAWKINS006','2006-03-17','Active',43,49,50,208,NULL,'n/'),(193,'DUNN005@EmailLoc619.com','DUNN0!5Us','ERIN','DUNN','DUNN005','2002-10-10','Active',46,52,53,209,NULL,'n/'),(194,'PERKINS004@EmailLoc449.com','Pe_KINs0!4mE','GERALDINE','PERKINS','PERKINS004','2002-11-26','Active',49,55,56,210,NULL,'n/'),(195,'HUDSON004@EmailLoc649.com','HUDsON0!4mE','LAUREN','HUDSON','HUDSON004','2002-11-26','Active',52,58,59,211,NULL,'n/'),(196,'SPENCER003@EmailLoc619.com','sPeNCe_0!3oFU','CATHY','SPENCER','SPENCER003','2002-12-20','Active',55,61,62,212,NULL,'n/'),(197,'GARDNER003@EmailLoc349.com','Ga_DNe_0!3oFU','JOANN','GARDNER','GARDNER003','2003-05-22','Active',58,64,65,213,NULL,'n/'),(198,'STEPHENS006@EmailLoc419.com','sTePHeNs0!6pAc','LORRAINE','STEPHENS','STEPHENS006','2003-07-25','Active',61,67,68,214,NULL,'n/'),(199,'PAYNE005@EmailLoc169.com','PaYNe0!5Us','LYNN','PAYNE','PAYNE005','2003-09-02','Active',64,70,71,215,NULL,'n/'),(200,'PIERCE001@EmailLoc509.com','PIe_Ce0!1','SALLY','PIERCE','PIERCE001','2003-09-19','Active',67,73,74,216,NULL,'n/'),(201,'BERRY004@EmailLoc349.com','Be__Y0!4mE','REGINA','BERRY','BERRY004','2006-04-12','Active',70,76,77,217,NULL,'n/'),(202,'MATTHEWS001@EmailLoc509.com','MaTTHeWs0!1','ERICA','MATTHEWS','MATTHEWS001','2004-01-22','Active',73,79,80,218,NULL,'n/'),(203,'ARNOLD004@EmailLoc349.com','a_NOLD0!4mE','BEATRICE','ARNOLD','ARNOLD004','2004-01-22','Active',76,82,83,219,NULL,'n/'),(204,'WAGNER004@EmailLoc509.com','WaGNe_0!4mE','DOLORES','WAGNER','WAGNER004','2004-07-12','Active',22,28,29,220,NULL,'n/'),(205,'WILLIS003@EmailLoc509.com','WIIIs0!3oFU','BERNICE','WILLIS','WILLIS003','2004-11-12','Active',25,31,32,221,NULL,'n/'),(206,'RAY001@EmailLoc509.com','_aY0!1','AUDREY','RAY','RAY001','1997-04-14','Active',28,34,35,222,NULL,'n/'),(207,'WATKINS005@EmailLoc509.com','WaTKINs0!5Us','YVONNE','WATKINS','WATKINS005','1997-06-11','Active',31,37,38,223,NULL,'n/'),(208,'OLSON002@EmailLoc443.com','OLsON0!2See','ANNETTE','OLSON','OLSON002','2000-02-18','Active',34,40,41,224,NULL,'n/'),(209,'CARROLL006@EmailLoc509.com','Ca__OI0!6pAc','JUNE','CARROLL','CARROLL006','2000-02-18','Active',37,43,44,225,NULL,'n/'),(210,'DUNCAN006@EmailLoc509.com','DUNCaN0!6pAc','SAMANTHA','DUNCAN','DUNCAN006','2000-07-24','Active',40,46,47,226,NULL,'n/'),(211,'SNYDER006@EmailLoc509.com','sNYDe_0!6pAc','MARION','SNYDER','SNYDER006','2000-09-08','Active',43,49,50,227,NULL,'n/'),(212,'HART005@EmailLoc619.com','Ha_T0!5Us','DANA','HART','HART005','2000-09-29','Active',46,52,53,228,NULL,'n/'),(213,'CUNNINGHAM004@EmailLoc649.com','CUNNINGHaM0!4mE','STACY','CUNNINGHAM','CUNNINGHAM004','2001-05-23','Active',49,55,56,229,NULL,'n/'),(214,'BRADLEY005@EmailLoc421.com','B_aDLeY0!5Us','ANA','BRADLEY','BRADLEY005','2002-04-18','Active',52,58,59,230,NULL,'n/'),(215,'LANE002@EmailLoc509.com','LaNe0!2See','RENEE','LANE','LANE002','1997-06-05','Active',55,61,62,231,NULL,'n/'),(216,'ANDREWS001@EmailLoc559.com','aND_eWs0!1','IDA','ANDREWS','ANDREWS001','2004-03-23','Active',58,64,65,232,NULL,'n/'),(217,'RUIZ001@EmailLoc169.com','_UIZ0!1','VIVIAN','RUIZ','RUIZ001','2004-03-26','Active',61,67,68,233,NULL,'n/'),(218,'HARPER003@EmailLoc779.com','Ha_Pe_0!3oFU','ROBERTA','HARPER','HARPER003','1997-05-28','Active',64,70,71,234,NULL,'n/'),(219,'FOX001@EmailLoc619.com','FOX0!1','HOLLY','FOX','FOX001','2003-09-22','Active',67,73,74,235,NULL,'n/'),(220,'RILEY002@EmailLoc649.com','_ILeY0!2See','BRITTANY','RILEY','RILEY002','2002-11-06','Active',70,76,77,236,NULL,'n/'),(221,'ARMSTRONG004@EmailLoc446.com','a_MsT_ONG0!4mE','MELANIE','ARMSTRONG','ARMSTRONG004','2002-11-26','Active',73,79,80,237,NULL,'n/'),(222,'CARPENTER001@EmailLoc509.com','Ca_PeNTe_0!1','LORETTA','CARPENTER','CARPENTER001','1999-07-29','Active',76,82,83,238,NULL,'n/'),(223,'WEAVER002@EmailLoc509.com','WeaVe_0!2See','YOLANDA','WEAVER','WEAVER002','2006-01-19','Active',22,28,29,239,NULL,'n/'),(224,'GREENE002@EmailLoc189.com','G_eeNe0!2See','JEANETTE','GREENE','GREENE002','1998-07-20','Active',25,31,32,240,NULL,'n/'),(225,'LAWRENCE001@EmailLoc509.com','LaW_eNCe0!1','LAURIE','LAWRENCE','LAWRENCE001','2005-10-03','Active',28,34,35,241,NULL,'n/'),(226,'ELLIOTT003@EmailLoc509.com','eIIOTT0!3oFU','KATIE','ELLIOTT','ELLIOTT003','2002-12-31','Active',31,37,38,242,NULL,'n/'),(227,'CHAVEZ005@EmailLoc509.com','CHaVeZ0!5Us','KRISTEN','CHAVEZ','CHAVEZ005','2003-09-02','Active',34,40,41,243,NULL,'n/'),(228,'SIMS003@EmailLoc509.com','sIMs0!3oFU','VANESSA','SIMS','SIMS003','2003-09-03','Active',37,43,44,244,NULL,'n/'),(229,'AUSTIN005@EmailLoc619.com','aUsTIN0!5Us','ALMA','AUSTIN','AUSTIN005','2006-04-12','Active',40,46,47,245,NULL,'n/'),(230,'PETERS004@EmailLoc189.com','PeTe_s0!4mE','SUE','PETERS','PETERS004','2004-01-21','Active',43,49,50,246,NULL,'n/'),(231,'KELLEY006@EmailLoc679.com','KeIeY0!6pAc','ELSIE','KELLEY','KELLEY006','2004-03-31','Active',46,52,53,247,NULL,'n/'),(232,'FRANKLIN006@EmailLoc509.com','F_aNKLIN0!6pAc','BETH','FRANKLIN','FRANKLIN006','2006-04-12','Active',49,55,56,248,NULL,'n/'),(233,'LAWSON004@EmailLoc619.com','LaWsON0!4mE','JEANNE','LAWSON','LAWSON004','2004-09-16','Active',52,58,59,249,NULL,'n/'),(234,'FIELDS005@EmailLoc760.com','FIeLDs0!5Us','VICKI','FIELDS','FIELDS005','2005-04-06','Active',55,61,62,250,NULL,'n/'),(235,'GUTIERREZ004@EmailLoc719.com','GUTIe__eZ0!4mE','CARLA','GUTIERREZ','GUTIERREZ004','1997-06-11','Active',58,64,65,251,NULL,'n/'),(236,'RYAN006@EmailLoc509.com','_YaN0!6pAc','TARA','RYAN','RYAN006','2000-02-17','Active',61,67,68,252,NULL,'n/'),(237,'SCHMIDT002@EmailLoc509.com','sCHMIDT0!2See','ROSEMARY','SCHMIDT','SCHMIDT002','2000-10-04','Active',64,70,71,253,NULL,'n/'),(238,'CARR004@EmailLoc509.com','Ca__0!4mE','EILEEN','CARR','CARR004','2002-12-10','Active',67,73,74,254,NULL,'n/'),(239,'VASQUEZ003@EmailLoc679.com','VasQUeZ0!3oFU','TERRI','VASQUEZ','VASQUEZ003','2005-12-20','Active',70,76,77,255,NULL,'n/'),(240,'CASTILLO001@EmailLoc509.com','CasTIIO0!1','GERTRUDE','CASTILLO','CASTILLO001','2006-01-19','Active',73,79,80,256,NULL,'n/'),(241,'WHEELER006@EmailLoc719.com','WHeeLe_0!6pAc','LUCY','WHEELER','WHEELER006','2006-01-26','Active',76,82,83,257,NULL,'n/'),(242,'CHAPMAN002@EmailLoc569.com','CHaPMaN0!2See','TONYA','CHAPMAN','CHAPMAN002','2006-03-15','Active',22,28,29,258,NULL,'n/'),(243,'OLIVER002@EmailLoc779.com','OLIVe_0!2See','ELLA','OLIVER','OLIVER002','2002-09-26','Active',25,31,32,259,NULL,'n/'),(244,'MONTGOMERY005@EmailLoc509.com','MONTGOMe_Y0!5Us','STACEY','MONTGOMERY','MONTGOMERY005','2002-10-31','Active',28,34,35,260,NULL,'n/'),(245,'RICHARDS004@EmailLoc349.com','_ICHa_Ds0!4mE','WILMA','RICHARDS','RICHARDS004','2002-11-14','Active',31,37,38,261,NULL,'n/'),(246,'WILLIAMSON002@EmailLoc449.com','WIIIaMsON0!2See','GINA','WILLIAMSON','WILLIAMSON002','2002-11-14','Active',34,40,41,262,NULL,'n/'),(247,'JOHNSTON002@EmailLoc259.com','JOHNsTON0!2See','KRISTIN','JOHNSTON','JOHNSTON002','2002-11-14','Active',37,43,44,263,NULL,'n/'),(248,'BANKS006@EmailLoc189.com','BaNKs0!6pAc','JESSIE','BANKS','BANKS006','2002-11-26','Active',40,46,47,264,NULL,'n/'),(249,'MEYER003@EmailLoc539.com','MeYe_0!3oFU','NATALIE','MEYER','MEYER003','2002-11-26','Active',43,49,50,265,NULL,'n/'),(250,'BISHOP006@EmailLoc539.com','BIsHOP0!6pAc','AGNES','BISHOP','BISHOP006','2002-11-26','Active',46,52,53,266,NULL,'n/'),(251,'MCCOY003@EmailLoc509.com','MCCOY0!3oFU','VERA','MCCOY','MCCOY003','2002-12-20','Active',49,55,56,267,NULL,'n/'),(252,'HOWELL001@EmailLoc349.com','HOWeI0!1','WILLIE','HOWELL','HOWELL001','2003-01-02','Active',52,58,59,268,NULL,'n/'),(253,'ALVAREZ004@EmailLoc619.com','aLVa_eZ0!4mE','CHARLENE','ALVAREZ','ALVAREZ004','2003-06-06','Active',55,61,62,269,NULL,'n/'),(254,'MORRISON005@EmailLoc259.com','MO__IsON0!5Us','BESSIE','MORRISON','MORRISON005','2003-03-26','Active',58,64,65,270,NULL,'n/'),(255,'HANSEN004@EmailLoc259.com','HaNseN0!4mE','DELORES','HANSEN','HANSEN004','2003-09-03','Active',61,67,68,271,NULL,'n/'),(256,'FERNANDEZ006@EmailLoc169.com','Fe_NaNDeZ0!6pAc','MELINDA','FERNANDEZ','FERNANDEZ006','2004-01-30','Active',64,70,71,272,NULL,'n/'),(257,'GARZA002@EmailLoc779.com','Ga_Za0!2See','PEARL','GARZA','GARZA002','2004-03-01','Active',67,73,74,273,NULL,'n/'),(258,'HARVEY005@EmailLoc509.com','Ha_VeY0!5Us','ARLENE','HARVEY','HARVEY005','2006-04-12','Active',70,76,77,274,NULL,'n/'),(259,'LITTLE002@EmailLoc509.com','LITTLe0!2See','MAUREEN','LITTLE','LITTLE002','2004-04-22','Active',73,79,80,275,NULL,'n/'),(260,'BURTON002@EmailLoc259.com','BU_TON0!2See','COLLEEN','BURTON','BURTON002','2004-07-27','Active',76,82,83,276,NULL,'n/'),(261,'STANLEY004@EmailLoc349.com','sTaNLeY0!4mE','ALLISON','STANLEY','STANLEY004','2004-08-12','Active',22,28,29,277,NULL,'n/'),(262,'NGUYEN003@EmailLoc509.com','NGUYeN0!3oFU','TAMARA','NGUYEN','NGUYEN003','2004-09-03','Active',25,31,32,278,NULL,'n/'),(263,'GEORGE005@EmailLoc809.com','GeO_Ge0!5Us','JOY','GEORGE','GEORGE005','2004-09-16','Active',28,34,35,279,NULL,'n/'),(264,'JACOBS004@EmailLoc809.com','JaCOBs0!4mE','GEORGIA','JACOBS','JACOBS004','2005-05-18','Active',31,37,38,280,NULL,'n/'),(265,'REID004@EmailLoc762.com','_eID0!4mE','CONSTANCE','REID','REID004','1997-04-21','Active',34,40,41,281,NULL,'n/'),(266,'KIM002@EmailLoc649.com','KIM0!2See','LILLIE','KIM','KIM002','1997-06-22','Active',37,43,44,282,NULL,'n/'),(267,'FULLER002@EmailLoc649.com','FUIe_0!2See','CLAUDIA','FULLER','FULLER002','1997-08-06','Active',40,46,47,283,NULL,'n/'),(268,'LYNCH003@EmailLoc649.com','LYNCH0!3oFU','JACKIE','LYNCH','LYNCH003','1997-09-17','Active',43,49,50,284,NULL,'n/'),(269,'DEAN003@EmailLoc140.com','DeaN0!3oFU','MARCIA','DEAN','DEAN003','1999-07-29','Active',46,52,53,285,NULL,'n/'),(270,'GILBERT001@EmailLoc189.com','GILBe_T0!1','TANYA','GILBERT','GILBERT001','2000-02-17','Active',49,55,56,286,NULL,'n/'),(271,'GARRETT002@EmailLoc649.com','Ga__eTT0!2See','NELLIE','GARRETT','GARRETT002','2000-02-18','Active',52,58,59,287,NULL,'n/'),(272,'ROMERO006@EmailLoc169.com','_OMe_O0!6pAc','MINNIE','ROMERO','ROMERO006','2000-02-18','Active',55,61,62,288,NULL,'n/'),(273,'WELCH005@EmailLoc420.com','WeLCH0!5Us','MARLENE','WELCH','WELCH005','1999-08-11','Active',58,64,65,289,NULL,'n/'),(274,'LARSON006@EmailLoc349.com','La_sON0!6pAc','HEIDI','LARSON','LARSON006','1999-10-08','Active',61,67,68,290,NULL,'n/'),(275,'FRAZIER004@EmailLoc569.com','F_aZIe_0!4mE','GLENDA','FRAZIER','FRAZIER004','1999-12-02','Active',64,70,71,291,NULL,'n/'),(276,'BURKE004@EmailLoc189.com','BU_Ke0!4mE','LYDIA','BURKE','BURKE004','2000-02-22','Active',67,73,74,292,NULL,'n/'),(277,'HANSON006@EmailLoc169.com','HaNsON0!6pAc','VIOLA','HANSON','HANSON006','2000-04-17','Active',70,76,77,293,NULL,'n/'),(278,'DAY005@EmailLoc189.com','DaY0!5Us','COURTNEY','DAY','DAY005','2000-05-18','Active',73,79,80,294,NULL,'n/'),(279,'MENDOZA006@EmailLoc719.com','MeNDOZa0!6pAc','MARIAN','MENDOZA','MENDOZA006','2000-05-18','Active',76,82,83,295,NULL,'n/'),(280,'MORENO006@EmailLoc189.com','MO_eNO0!6pAc','STELLA','MORENO','MORENO006','2000-06-23','Active',22,28,29,296,NULL,'n/'),(281,'BOWMAN006@EmailLoc349.com','BOWMaN0!6pAc','CAROLINE','BOWMAN','BOWMAN006','2001-03-27','Active',25,31,32,297,NULL,'n/'),(282,'MEDINA001@EmailLoc449.com','MeDINa0!1','DORA','MEDINA','MEDINA001','2001-07-18','Active',28,34,35,298,NULL,'n/'),(283,'FOWLER005@EmailLoc559.com','FOWLe_0!5Us','JO','FOWLER','FOWLER005','2001-08-28','Active',31,37,38,299,NULL,'n/');
UNLOCK TABLES;
/*!40000 ALTER TABLE `catissue_user` ENABLE KEYS */;

--
-- Table structure for table `csm_application`
--

DROP TABLE IF EXISTS `csm_application`;
CREATE TABLE `csm_application` (
  `APPLICATION_ID` bigint(20) NOT NULL auto_increment,
  `APPLICATION_NAME` varchar(100) NOT NULL default '',
  `APPLICATION_DESCRIPTION` varchar(200) NOT NULL default '',
  `DECLARATIVE_FLAG` tinyint(1) default NULL,
  `ACTIVE_FLAG` tinyint(1) NOT NULL default '0',
  `UPDATE_DATE` date NOT NULL default '0000-00-00',
  PRIMARY KEY  (`APPLICATION_ID`),
  UNIQUE KEY `UQ_APPLICATION_NAME` (`APPLICATION_NAME`)
) ENGINE=InnoDB DEFAULT CHARSET=latin1;

--
-- Dumping data for table `csm_application`
--


/*!40000 ALTER TABLE `csm_application` DISABLE KEYS */;
LOCK TABLES `csm_application` WRITE;
INSERT INTO `csm_application` VALUES (1,'catissuecore','caTISSUE Core',0,0,'2005-08-22');
UNLOCK TABLES;
/*!40000 ALTER TABLE `csm_application` ENABLE KEYS */;

--
-- Table structure for table `csm_group`
--

DROP TABLE IF EXISTS `csm_group`;
CREATE TABLE `csm_group` (
  `GROUP_ID` bigint(20) NOT NULL auto_increment,
  `GROUP_NAME` varchar(100) NOT NULL default '',
  `GROUP_DESC` varchar(200) default NULL,
  `UPDATE_DATE` date NOT NULL default '0000-00-00',
  `APPLICATION_ID` bigint(20) NOT NULL default '0',
  PRIMARY KEY  (`GROUP_ID`),
  UNIQUE KEY `UQ_GROUP_GROUP_NAME` (`APPLICATION_ID`,`GROUP_NAME`),
  KEY `idx_APPLICATION_ID` (`APPLICATION_ID`),
  CONSTRAINT `csm_group_ibfk_1` FOREIGN KEY (`APPLICATION_ID`) REFERENCES `csm_application` (`APPLICATION_ID`) ON DELETE CASCADE,
  CONSTRAINT `csm_group_ibfk_2` FOREIGN KEY (`APPLICATION_ID`) REFERENCES `csm_application` (`APPLICATION_ID`) ON DELETE CASCADE,
  CONSTRAINT `csm_group_ibfk_3` FOREIGN KEY (`APPLICATION_ID`) REFERENCES `csm_application` (`APPLICATION_ID`) ON DELETE CASCADE,
  CONSTRAINT `csm_group_ibfk_4` FOREIGN KEY (`APPLICATION_ID`) REFERENCES `csm_application` (`APPLICATION_ID`) ON DELETE CASCADE,
  CONSTRAINT `csm_group_ibfk_5` FOREIGN KEY (`APPLICATION_ID`) REFERENCES `csm_application` (`APPLICATION_ID`) ON DELETE CASCADE
) ENGINE=InnoDB DEFAULT CHARSET=latin1;

--
-- Dumping data for table `csm_group`
--


/*!40000 ALTER TABLE `csm_group` DISABLE KEYS */;
LOCK TABLES `csm_group` WRITE;
INSERT INTO `csm_group` VALUES (1,'ADMINISTRATOR_GROUP','Group of Administrators','0000-00-00',1),(2,'SUPERVISOR_GROUP','Group of Supervisors','0000-00-00',1),(3,'TECHNICIAN_GROUP','Group of Technicians','0000-00-00',1),(4,'PUBLIC_GROUP','Group of Public Users','0000-00-00',1);
UNLOCK TABLES;
/*!40000 ALTER TABLE `csm_group` ENABLE KEYS */;

--
-- Table structure for table `csm_pg_pe`
--

DROP TABLE IF EXISTS `csm_pg_pe`;
CREATE TABLE `csm_pg_pe` (
  `PG_PE_ID` bigint(20) NOT NULL auto_increment,
  `PROTECTION_GROUP_ID` bigint(20) NOT NULL default '0',
  `PROTECTION_ELEMENT_ID` bigint(20) NOT NULL default '0',
  `UPDATE_DATE` date NOT NULL default '0000-00-00',
  PRIMARY KEY  (`PG_PE_ID`),
  UNIQUE KEY `UQ_PROTECTION_GROUP_PROTECTION_ELEMENT_PROTECTION_GROUP_ID` (`PROTECTION_ELEMENT_ID`,`PROTECTION_GROUP_ID`),
  KEY `idx_PROTECTION_ELEMENT_ID` (`PROTECTION_ELEMENT_ID`),
  KEY `idx_PROTECTION_GROUP_ID` (`PROTECTION_GROUP_ID`),
  CONSTRAINT `csm_pg_pe_ibfk_1` FOREIGN KEY (`PROTECTION_ELEMENT_ID`) REFERENCES `csm_protection_element` (`PROTECTION_ELEMENT_ID`) ON DELETE CASCADE,
  CONSTRAINT `csm_pg_pe_ibfk_2` FOREIGN KEY (`PROTECTION_GROUP_ID`) REFERENCES `csm_protection_group` (`PROTECTION_GROUP_ID`) ON DELETE CASCADE
) ENGINE=InnoDB DEFAULT CHARSET=latin1;

--
-- Dumping data for table `csm_pg_pe`
--


/*!40000 ALTER TABLE `csm_pg_pe` DISABLE KEYS */;
LOCK TABLES `csm_pg_pe` WRITE;
INSERT INTO `csm_pg_pe` VALUES (16,21,9,'0000-00-00'),(17,2,10,'0000-00-00'),(19,2,11,'0000-00-00'),(20,2,12,'0000-00-00'),(21,2,13,'0000-00-00'),(22,2,14,'0000-00-00'),(23,3,15,'0000-00-00'),(24,3,16,'0000-00-00'),(25,3,17,'0000-00-00'),(26,3,18,'0000-00-00'),(27,3,19,'0000-00-00'),(28,1,20,'0000-00-00'),(29,3,21,'0000-00-00'),(30,3,22,'0000-00-00'),(31,3,23,'0000-00-00'),(32,3,24,'0000-00-00'),(33,3,25,'0000-00-00'),(34,3,26,'0000-00-00'),(35,3,27,'0000-00-00'),(36,3,28,'0000-00-00'),(37,3,29,'0000-00-00'),(38,3,30,'0000-00-00'),(39,3,31,'0000-00-00'),(40,3,32,'0000-00-00'),(41,3,33,'0000-00-00'),(42,3,34,'0000-00-00'),(43,3,35,'0000-00-00'),(44,3,36,'0000-00-00'),(45,3,37,'0000-00-00'),(46,3,38,'0000-00-00'),(47,3,39,'0000-00-00'),(48,3,40,'0000-00-00'),(49,1,41,'0000-00-00'),(50,1,42,'0000-00-00'),(51,1,43,'0000-00-00'),(52,1,44,'0000-00-00'),(53,1,45,'0000-00-00'),(54,1,46,'0000-00-00'),(55,1,47,'0000-00-00'),(56,1,48,'0000-00-00'),(58,1,50,'0000-00-00'),(59,1,51,'0000-00-00'),(60,3,52,'0000-00-00'),(61,3,53,'0000-00-00'),(62,6,54,'0000-00-00'),(63,6,55,'0000-00-00'),(64,5,56,'0000-00-00'),(65,5,57,'0000-00-00'),(66,6,57,'0000-00-00'),(67,5,58,'0000-00-00'),(68,6,58,'0000-00-00'),(69,5,59,'0000-00-00'),(70,6,59,'0000-00-00'),(71,5,60,'0000-00-00'),(72,6,60,'0000-00-00'),(73,5,61,'0000-00-00'),(74,6,61,'0000-00-00'),(75,5,62,'0000-00-00'),(76,6,62,'0000-00-00'),(77,13,63,'0000-00-00'),(78,13,64,'0000-00-00'),(79,13,65,'0000-00-00'),(80,13,66,'0000-00-00'),(81,13,67,'0000-00-00'),(82,14,68,'0000-00-00'),(83,14,69,'0000-00-00'),(84,14,70,'0000-00-00'),(85,14,71,'0000-00-00'),(86,13,72,'0000-00-00'),(87,14,73,'0000-00-00'),(88,13,74,'0000-00-00'),(89,13,75,'0000-00-00'),(90,13,76,'0000-00-00'),(91,13,77,'0000-00-00'),(92,14,78,'0000-00-00'),(93,14,79,'0000-00-00'),(94,14,80,'0000-00-00'),(95,14,81,'0000-00-00'),(96,16,82,'0000-00-00'),(97,16,83,'0000-00-00'),(98,13,84,'0000-00-00'),(99,13,85,'0000-00-00'),(100,13,86,'0000-00-00'),(102,16,87,'0000-00-00'),(103,16,89,'0000-00-00'),(105,16,90,'0000-00-00'),(106,16,91,'0000-00-00'),(107,16,92,'0000-00-00'),(108,16,93,'0000-00-00'),(109,16,94,'0000-00-00'),(110,16,95,'0000-00-00'),(111,16,96,'0000-00-00'),(112,16,97,'0000-00-00'),(113,16,98,'0000-00-00'),(114,16,99,'0000-00-00'),(115,16,100,'0000-00-00'),(116,16,101,'0000-00-00'),(117,16,102,'0000-00-00'),(118,16,103,'0000-00-00'),(119,16,104,'0000-00-00'),(120,16,105,'0000-00-00'),(121,16,106,'0000-00-00'),(122,16,107,'0000-00-00'),(123,16,108,'0000-00-00'),(124,16,109,'0000-00-00'),(125,16,110,'0000-00-00'),(126,16,111,'0000-00-00'),(127,16,112,'0000-00-00'),(128,16,113,'0000-00-00'),(129,16,114,'0000-00-00'),(130,16,115,'0000-00-00'),(131,16,116,'0000-00-00'),(132,16,117,'0000-00-00'),(133,16,118,'0000-00-00'),(134,16,119,'0000-00-00'),(135,16,120,'0000-00-00'),(136,16,121,'0000-00-00'),(137,16,122,'0000-00-00'),(138,16,123,'0000-00-00'),(139,16,124,'0000-00-00'),(140,16,125,'0000-00-00'),(141,16,126,'0000-00-00'),(142,16,127,'0000-00-00'),(143,16,128,'0000-00-00'),(144,16,129,'0000-00-00'),(145,16,130,'0000-00-00'),(146,16,131,'0000-00-00'),(147,16,132,'0000-00-00'),(148,16,133,'0000-00-00'),(149,16,134,'0000-00-00'),(150,16,135,'0000-00-00'),(151,16,136,'0000-00-00'),(152,16,137,'0000-00-00'),(153,16,138,'0000-00-00'),(154,16,139,'0000-00-00'),(155,16,140,'0000-00-00'),(156,16,141,'0000-00-00'),(157,16,142,'0000-00-00'),(158,16,143,'0000-00-00'),(159,16,144,'0000-00-00'),(160,16,145,'0000-00-00'),(161,16,146,'0000-00-00'),(162,16,147,'0000-00-00'),(163,16,148,'0000-00-00'),(164,16,149,'0000-00-00'),(165,16,150,'0000-00-00'),(166,12,151,'0000-00-00'),(167,12,152,'0000-00-00'),(168,12,153,'0000-00-00'),(169,12,154,'0000-00-00'),(170,12,155,'0000-00-00'),(171,12,156,'0000-00-00'),(172,12,157,'0000-00-00'),(173,12,158,'0000-00-00'),(174,12,159,'0000-00-00'),(175,12,160,'0000-00-00'),(176,12,161,'0000-00-00'),(177,12,162,'0000-00-00'),(178,12,163,'0000-00-00'),(179,12,164,'0000-00-00'),(180,12,165,'0000-00-00'),(181,12,166,'0000-00-00'),(182,12,167,'0000-00-00'),(183,12,168,'0000-00-00'),(184,12,169,'0000-00-00'),(185,12,170,'0000-00-00'),(186,12,171,'0000-00-00'),(187,12,172,'0000-00-00'),(188,12,173,'0000-00-00'),(189,12,174,'0000-00-00'),(190,12,175,'0000-00-00'),(191,12,176,'0000-00-00'),(192,12,177,'0000-00-00'),(193,12,178,'0000-00-00'),(194,12,179,'0000-00-00'),(195,12,180,'0000-00-00'),(196,12,181,'0000-00-00'),(197,12,182,'0000-00-00'),(198,12,183,'0000-00-00'),(199,12,184,'0000-00-00'),(200,12,185,'0000-00-00'),(201,12,186,'0000-00-00'),(202,12,187,'0000-00-00'),(203,12,188,'0000-00-00'),(204,12,189,'0000-00-00'),(205,12,190,'0000-00-00'),(206,12,191,'0000-00-00'),(207,12,192,'0000-00-00'),(208,12,193,'0000-00-00'),(209,12,194,'0000-00-00'),(210,12,195,'0000-00-00'),(211,12,196,'0000-00-00'),(212,12,197,'0000-00-00'),(213,7,198,'0000-00-00'),(214,8,199,'0000-00-00'),(215,7,200,'0000-00-00'),(216,8,201,'0000-00-00'),(217,10,201,'0000-00-00'),(218,8,202,'0000-00-00'),(219,10,202,'0000-00-00'),(220,8,203,'0000-00-00'),(221,10,203,'0000-00-00'),(222,8,204,'0000-00-00'),(223,10,204,'0000-00-00'),(224,8,205,'0000-00-00'),(225,10,205,'0000-00-00'),(226,8,206,'0000-00-00'),(227,10,206,'0000-00-00'),(228,8,207,'0000-00-00'),(229,10,207,'0000-00-00'),(230,8,208,'0000-00-00'),(231,10,208,'0000-00-00'),(232,8,209,'0000-00-00'),(233,10,209,'0000-00-00'),(234,8,210,'0000-00-00'),(235,10,210,'0000-00-00'),(236,8,211,'0000-00-00'),(237,10,211,'0000-00-00'),(238,8,212,'0000-00-00'),(239,10,212,'0000-00-00'),(240,8,213,'0000-00-00'),(241,10,213,'0000-00-00'),(242,8,214,'0000-00-00'),(243,10,214,'0000-00-00'),(244,8,215,'0000-00-00'),(245,10,215,'0000-00-00'),(246,8,216,'0000-00-00'),(247,10,216,'0000-00-00'),(248,8,217,'0000-00-00'),(249,10,217,'0000-00-00'),(250,8,218,'0000-00-00'),(251,10,218,'0000-00-00'),(253,17,223,'0000-00-00'),(254,17,224,'0000-00-00'),(255,17,225,'0000-00-00'),(256,17,226,'0000-00-00'),(257,17,227,'0000-00-00'),(258,17,228,'0000-00-00'),(259,17,229,'0000-00-00'),(260,17,230,'0000-00-00'),(261,17,231,'0000-00-00'),(264,17,234,'0000-00-00'),(265,17,235,'0000-00-00'),(266,17,236,'0000-00-00'),(267,18,237,'0000-00-00'),(268,18,238,'0000-00-00'),(269,18,239,'0000-00-00'),(270,19,240,'0000-00-00'),(271,19,241,'0000-00-00'),(272,19,242,'0000-00-00'),(273,19,243,'0000-00-00'),(274,19,244,'0000-00-00'),(275,19,245,'0000-00-00'),(276,19,246,'0000-00-00'),(277,19,247,'0000-00-00'),(278,19,248,'0000-00-00'),(279,19,249,'0000-00-00'),(280,19,250,'0000-00-00'),(281,19,251,'0000-00-00'),(282,24,252,'0000-00-00'),(283,17,253,'0000-00-00'),(284,17,254,'0000-00-00'),(285,17,255,'0000-00-00'),(286,17,256,'0000-00-00'),(287,17,257,'0000-00-00'),(288,17,258,'0000-00-00'),(289,17,259,'0000-00-00'),(290,17,260,'0000-00-00'),(291,17,261,'0000-00-00'),(292,17,262,'0000-00-00'),(293,18,263,'0000-00-00'),(294,18,264,'0000-00-00'),(295,18,265,'0000-00-00'),(296,19,266,'0000-00-00'),(297,19,267,'0000-00-00'),(298,17,268,'0000-00-00'),(299,1,269,'0000-00-00'),(300,17,270,'0000-00-00'),(301,19,271,'0000-00-00'),(302,1,272,'0000-00-00'),(303,19,273,'0000-00-00');
UNLOCK TABLES;
/*!40000 ALTER TABLE `csm_pg_pe` ENABLE KEYS */;

--
-- Table structure for table `csm_privilege`
--

DROP TABLE IF EXISTS `csm_privilege`;
CREATE TABLE `csm_privilege` (
  `PRIVILEGE_ID` bigint(20) NOT NULL auto_increment,
  `PRIVILEGE_NAME` varchar(100) NOT NULL default '',
  `PRIVILEGE_DESCRIPTION` varchar(200) default NULL,
  `UPDATE_DATE` date NOT NULL default '0000-00-00',
  PRIMARY KEY  (`PRIVILEGE_ID`),
  UNIQUE KEY `UQ_PRIVILEGE_NAME` (`PRIVILEGE_NAME`)
) ENGINE=InnoDB DEFAULT CHARSET=latin1;

--
-- Dumping data for table `csm_privilege`
--


/*!40000 ALTER TABLE `csm_privilege` DISABLE KEYS */;
LOCK TABLES `csm_privilege` WRITE;
INSERT INTO `csm_privilege` VALUES (1,'CREATE','This privilege grants permission to a user to create an entity. This entity can be an object, a database entry, or a resource such as a network connection','2005-08-22'),(2,'ACCESS','This privilege allows a user to access a particular resource.  Examples of resources include a network or database connection, socket, module of the application, or even the application itself','2005-08-22'),(3,'READ','This privilege permits the user to read data from a file, URL, database, an object, etc. This can be used at an entity level signifying that the user is allowed to read data about a particular entry','2005-08-22'),(4,'WRITE','This privilege allows a user to write data to a file, URL, database, an object, etc. This can be used at an entity level signifying that the user is allowed to write data about a particular entity','2005-08-22'),(5,'UPDATE','This privilege grants permission at an entity level and signifies that the user is allowed to update data for a particular entity. Entities may include an object, object attribute, database row etc','2005-08-22'),(6,'DELETE','This privilege permits a user to delete a logical entity. This entity can be an object, a database entry, a resource such as a network connection, etc','2005-08-22'),(7,'EXECUTE','This privilege allows a user to execute a particular resource. The resource can be a method, function, behavior of the application, URL, button etc','2005-08-22'),(8,'USE','This privilege allows a user to use a particular resource','2005-08-22'),(9,'ASSIGN_READ','This privilege allows a user to assign a read privilege to others','2005-08-22'),(10,'ASSIGN_USE','This privilege allows a user to assign a use privilege to others','2005-08-22'),(11,'IDENTIFIED_DATA_ACCESS','This privilege allows a user to view identified data of an object','2005-08-22'),(12,'READ_DENIED','This privilege doesnt permit the user to read data','2005-08-22');
UNLOCK TABLES;
/*!40000 ALTER TABLE `csm_privilege` ENABLE KEYS */;

--
-- Table structure for table `csm_protection_element`
--

DROP TABLE IF EXISTS `csm_protection_element`;
CREATE TABLE `csm_protection_element` (
  `PROTECTION_ELEMENT_ID` bigint(20) NOT NULL auto_increment,
  `PROTECTION_ELEMENT_NAME` varchar(100) NOT NULL default '',
  `PROTECTION_ELEMENT_DESCRIPTION` varchar(200) default NULL,
  `OBJECT_ID` varchar(100) NOT NULL default '',
  `ATTRIBUTE` varchar(100) default NULL,
  `PROTECTION_ELEMENT_TYPE_ID` decimal(10,0) default NULL,
  `APPLICATION_ID` bigint(20) NOT NULL default '0',
  `UPDATE_DATE` date NOT NULL default '0000-00-00',
  PRIMARY KEY  (`PROTECTION_ELEMENT_ID`),
  UNIQUE KEY `UQ_PE_PE_NAME_ATTRIBUTE_APP_ID` (`OBJECT_ID`,`ATTRIBUTE`,`APPLICATION_ID`),
  KEY `idx_APPLICATION_ID` (`APPLICATION_ID`),
  CONSTRAINT `csm_protection_element_ibfk_1` FOREIGN KEY (`APPLICATION_ID`) REFERENCES `csm_application` (`APPLICATION_ID`) ON DELETE CASCADE,
  CONSTRAINT `csm_protection_element_ibfk_2` FOREIGN KEY (`APPLICATION_ID`) REFERENCES `csm_application` (`APPLICATION_ID`) ON DELETE CASCADE,
  CONSTRAINT `csm_protection_element_ibfk_3` FOREIGN KEY (`APPLICATION_ID`) REFERENCES `csm_application` (`APPLICATION_ID`) ON DELETE CASCADE,
  CONSTRAINT `csm_protection_element_ibfk_4` FOREIGN KEY (`APPLICATION_ID`) REFERENCES `csm_application` (`APPLICATION_ID`) ON DELETE CASCADE,
  CONSTRAINT `csm_protection_element_ibfk_5` FOREIGN KEY (`APPLICATION_ID`) REFERENCES `csm_application` (`APPLICATION_ID`) ON DELETE CASCADE
) ENGINE=InnoDB DEFAULT CHARSET=latin1;

--
-- Dumping data for table `csm_protection_element`
--


/*!40000 ALTER TABLE `csm_protection_element` DISABLE KEYS */;
LOCK TABLES `csm_protection_element` WRITE;
INSERT INTO `csm_protection_element` VALUES (9,'edu.wustl.catissuecore.domain.User_1','User class','edu.wustl.catissuecore.domain.User_1',NULL,NULL,1,'0000-00-00'),(10,'Participant','Participant class','edu.wustl.catissuecore.domain.Participant',NULL,NULL,1,'0000-00-00'),(11,'ParticipantMedicalIdentifier','ParticipantMedicalIdentifier class','edu.wustl.catissuecore.domain.ParticipantMedicalIdentifier',NULL,NULL,1,'0000-00-00'),(12,'ClinicalReport','ClinicalReport class','edu.wustl.catissuecore.domain.ClinicalReport',NULL,NULL,1,'0000-00-00'),(13,'SpecimenCollectionGroup','SpecimenCollectionGroup class','edu.wustl.catissuecore.domain.SpecimenCollectionGroup',NULL,NULL,1,'0000-00-00'),(14,'CollectionProtocolRegistration','CollectionProtocolRegistration class','edu.wustl.catissuecore.domain.CollectionProtocolRegistration',NULL,NULL,1,'0000-00-00'),(15,'SpecimenCharacteristics','SpecimenCharacteristics class','edu.wustl.catissuecore.domain.SpecimenCharacteristics',NULL,NULL,1,'0000-00-00'),(16,'FluidSpecimen','FluidSpecimen class','edu.wustl.catissuecore.domain.FluidSpecimen',NULL,NULL,1,'0000-00-00'),(17,'TissueSpecimen','TissueSpecimen class','edu.wustl.catissuecore.domain.TissueSpecimen',NULL,NULL,1,'0000-00-00'),(18,'CellSpecimen','CellSpecimen class','edu.wustl.catissuecore.domain.CellSpecimen',NULL,NULL,1,'0000-00-00'),(19,'MolecularSpecimen','MolecularSpecimen class','edu.wustl.catissuecore.domain.MolecularSpecimen',NULL,NULL,1,'0000-00-00'),(20,'Biohazard','Biohazard class','edu.wustl.catissuecore.domain.Biohazard',NULL,NULL,1,'0000-00-00'),(21,'Specimen','Specimen class','edu.wustl.catissuecore.domain.Specimen',NULL,NULL,1,'0000-00-00'),(22,'ExternalIdentifier','ExternalIdentifier class','edu.wustl.catissuecore.domain.ExternalIdentifier',NULL,NULL,1,'0000-00-00'),(23,'EventParameters','EventParameters class','edu.wustl.catissuecore.domain.EventParameters',NULL,NULL,1,'0000-00-00'),(24,'FluidSpecimenReviewEventParameters','FluidSpecimenReviewEventParameters class','edu.wustl.catissuecore.domain.FluidSpecimenReviewEventParameters',NULL,NULL,1,'0000-00-00'),(25,'CellSpecimenReviewParameters','CellSpecimenReviewParameters class','edu.wustl.catissuecore.domain.CellSpecimenReviewParameters',NULL,NULL,1,'0000-00-00'),(26,'TissueSpecimenReviewEventParameters','TissueSpecimenReviewEventParameters class','edu.wustl.catissuecore.domain.TissueSpecimenReviewEventParameters',NULL,NULL,1,'0000-00-00'),(27,'MolecularSpecimenReviewParameters','MolecularSpecimenReviewParameters class','edu.wustl.catissuecore.domain.MolecularSpecimenReviewParameters',NULL,NULL,1,'0000-00-00'),(28,'CheckInCheckOutEventParameter','CheckInCheckOutEventParameter class','edu.wustl.catissuecore.domain.CheckInCheckOutEventParameter',NULL,NULL,1,'0000-00-00'),(29,'FrozenEventParameters','FrozenEventParameters class','edu.wustl.catissuecore.domain.FrozenEventParameters',NULL,NULL,1,'0000-00-00'),(30,'EmbeddedEventParameters','EmbeddedEventParameters class','edu.wustl.catissuecore.domain.EmbeddedEventParameters',NULL,NULL,1,'0000-00-00'),(31,'ReviewEventParameters','ReviewEventParameters class','edu.wustl.catissuecore.domain.ReviewEventParameters',NULL,NULL,1,'0000-00-00'),(32,'SpunEventParameters','SpunEventParameters class','edu.wustl.catissuecore.domain.SpunEventParameters',NULL,NULL,1,'0000-00-00'),(33,'ThawEventParameters','ThawEventParameters class','edu.wustl.catissuecore.domain.ThawEventParameters',NULL,NULL,1,'0000-00-00'),(34,'SpecimenEventParameters','SpecimenEventParameters class','edu.wustl.catissuecore.domain.SpecimenEventParameters',NULL,NULL,1,'0000-00-00'),(35,'ReceivedEventParameters','ReceivedEventParameters class','edu.wustl.catissuecore.domain.ReceivedEventParameters',NULL,NULL,1,'0000-00-00'),(36,'DisposalEventParameters','DisposalEventParameters class','edu.wustl.catissuecore.domain.DisposalEventParameters',NULL,NULL,1,'0000-00-00'),(37,'FixedEventParameters','FixedEventParameters class','edu.wustl.catissuecore.domain.FixedEventParameters',NULL,NULL,1,'0000-00-00'),(38,'ProcedureEventParameters','ProcedureEventParameters class','edu.wustl.catissuecore.domain.ProcedureEventParameters',NULL,NULL,1,'0000-00-00'),(39,'TransferEventParameters','TransferEventParameters class','edu.wustl.catissuecore.domain.TransferEventParameters',NULL,NULL,1,'0000-00-00'),(40,'CollectionEventParameters','CollectionEventParameters class','edu.wustl.catissuecore.domain.CollectionEventParameters',NULL,NULL,1,'0000-00-00'),(41,'Site','Site class','edu.wustl.catissuecore.domain.Site',NULL,NULL,1,'0000-00-00'),(42,'StorageContainer','StorageContainer class','edu.wustl.catissuecore.domain.StorageContainer',NULL,NULL,1,'0000-00-00'),(43,'StorageContainerDetails','StorageContainerDetails class','edu.wustl.catissuecore.domain.StorageContainerDetails',NULL,NULL,1,'0000-00-00'),(44,'StorageContainerCapacity','StorageContainerCapacity class','edu.wustl.catissuecore.domain.StorageContainerCapacity',NULL,NULL,1,'0000-00-00'),(45,'StorageType','StorageType class','edu.wustl.catissuecore.domain.StorageType',NULL,NULL,1,'0000-00-00'),(46,'User','User class','edu.wustl.catissuecore.domain.User',NULL,NULL,1,'0000-00-00'),(47,'Address','Address class','edu.wustl.catissuecore.domain.Address',NULL,NULL,1,'0000-00-00'),(48,'CancerResearchGroup','CancerResearchGroup class','edu.wustl.catissuecore.domain.CancerResearchGroup',NULL,NULL,1,'0000-00-00'),(50,'Department','Department class','edu.wustl.catissuecore.domain.Department',NULL,NULL,1,'0000-00-00'),(51,'Institution','Institution class','edu.wustl.catissuecore.domain.Institution',NULL,NULL,1,'0000-00-00'),(52,'Distribution','Distribution class','edu.wustl.catissuecore.domain.Distribution',NULL,NULL,1,'0000-00-00'),(53,'DistributedItem','DistributedItem class','edu.wustl.catissuecore.domain.DistributedItem',NULL,NULL,1,'0000-00-00'),(54,'CollectionProtocolEvent','CollectionProtocolEvent class','edu.wustl.catissuecore.domain.CollectionProtocolEvent',NULL,NULL,1,'0000-00-00'),(55,'CollectionProtocol','CollectionProtocol class','edu.wustl.catissuecore.domain.CollectionProtocol',NULL,NULL,1,'0000-00-00'),(56,'DistributionProtocol','DistributionProtocol class','edu.wustl.catissuecore.domain.DistributionProtocol',NULL,NULL,1,'0000-00-00'),(57,'SpecimenProtocol','SpecimenProtocol class','edu.wustl.catissuecore.domain.SpecimenProtocol',NULL,NULL,1,'0000-00-00'),(58,'MolecularSpecimenRequirement','MolecularSpecimenRequirement class','edu.wustl.catissuecore.domain.MolecularSpecimenRequirement',NULL,NULL,1,'0000-00-00'),(59,'FluidSpecimenRequirement','FluidSpecimenRequirement class','edu.wustl.catissuecore.domain.FluidSpecimenRequirement',NULL,NULL,1,'0000-00-00'),(60,'SpecimenRequirement','SpecimenRequirement class','edu.wustl.catissuecore.domain.SpecimenRequirement',NULL,NULL,1,'0000-00-00'),(61,'CellSpecimenRequirement','CellSpecimenRequirement class','edu.wustl.catissuecore.domain.CellSpecimenRequirement',NULL,NULL,1,'0000-00-00'),(62,'TissueSpecimenRequirement','TissueSpecimenRequirement class','edu.wustl.catissuecore.domain.TissueSpecimenRequirement',NULL,NULL,1,'0000-00-00'),(63,'Participant_systemIdentifier','Participant systemIdentifier attribute','edu.wustl.catissuecore.domain.Participant','systemIdentifier',NULL,1,'0000-00-00'),(64,'Participant_lastName','Participant lastName attribute','edu.wustl.catissuecore.domain.Participant','lastName',NULL,1,'0000-00-00'),(65,'Participant_firstName','Participant firstName attribute','edu.wustl.catissuecore.domain.Participant','firstName',NULL,1,'0000-00-00'),(66,'Participant_middleName','Participant middleName attribute','edu.wustl.catissuecore.domain.Participant','middleName',NULL,1,'0000-00-00'),(67,'Participant_birthDate','Participant birthDate attribute','edu.wustl.catissuecore.domain.Participant','birthDate',NULL,1,'0000-00-00'),(68,'Participant_gender','Participant gender attribute','edu.wustl.catissuecore.domain.Participant',' gender',NULL,1,'0000-00-00'),(69,'Participant_genotype','Participant genotype attribute','edu.wustl.catissuecore.domain.Participant','genotype',NULL,1,'0000-00-00'),(70,'Participant_race','Participant race attribute','edu.wustl.catissuecore.domain.Participant','race',NULL,1,'0000-00-00'),(71,'Participant_ethnicity','Participant ethnicity attribute','edu.wustl.catissuecore.domain.Participant','ethnicity',NULL,1,'0000-00-00'),(72,'Participant_socialSecurityNumber','Participant socialSecurityNumber attribute','edu.wustl.catissuecore.domain.Participant','socialSecurityNumber',NULL,1,'0000-00-00'),(73,'Participant_activityStatusr','Participant activityStatus attribute','edu.wustl.catissuecore.domain.Participant','activityStatus',NULL,1,'0000-00-00'),(74,'ParticipantMedicalIdentifier_systemIdentifier','Participant MedicalsystemIdentifier attribute','edu.wustl.catissuecore.domain.ParticipantMedicalIdentifier','systemIdentifier',NULL,1,'0000-00-00'),(75,'ParticipantMedicalIdentifier_medicalRecordNumber','Participant MedicalmedicalRecordNumber attribute','edu.wustl.catissuecore.domain.ParticipantMedicalIdentifier','medicalRecordNumber',NULL,1,'0000-00-00'),(76,'ClinicalReport_systemIdentifier','ClinicalReport systemIdentifier attribute','edu.wustl.catissuecore.domain.ClinicalReport','systemIdentifier',NULL,1,'0000-00-00'),(77,'ClinicalReport_surgicalPathologyNumber','ClinicalReport surgicalPathologyNumber attribute','edu.wustl.catissuecore.domain.ClinicalReport','surgicalPathologyNumber',NULL,1,'0000-00-00'),(78,'SpecimenCollectionGroup_systemIdentifier','SpecimenCollectionGroup systemIdentifier attribute','edu.wustl.catissuecore.domain.SpecimenCollectionGroup','systemIdentifier',NULL,1,'0000-00-00'),(79,'SpecimenCollectionGroup_clinicalDiagnosis','SpecimenCollectionGroup clinicalDiagnosis attribute','edu.wustl.catissuecore.domain.SpecimenCollectionGroup','clinicalDiagnosis',NULL,1,'0000-00-00'),(80,'SpecimenCollectionGroup_clinicalStatus','SpecimenCollectionGroup clinicalStatus attribute','edu.wustl.catissuecore.domain.SpecimenCollectionGroup','clinicalStatus',NULL,1,'0000-00-00'),(81,'SpecimenCollectionGroup_activityStatus','SpecimenCollectionGroup activityStatus attribute','edu.wustl.catissuecore.domain.SpecimenCollectionGroup','activityStatus',NULL,1,'0000-00-00'),(82,'DistributedItem_systemIdentifier','DistributedItem systemIdentifier attribute','edu.wustl.catissuecore.domain.DistributedItem','systemIdentifier',NULL,1,'0000-00-00'),(83,'DistributedItem_quantity','DistributedItem quantity attribute','edu.wustl.catissuecore.domain.DistributedItem','quantity',NULL,1,'0000-00-00'),(84,'CollectionProtocolRegistration_systemIdentifier','CollectionProtocolRegistration systemIdentifier attribute','edu.wustl.catissuecore.domain.CollectionProtocolRegistration','systemIdentifier',NULL,1,'0000-00-00'),(85,'CollectionProtocolRegistration_protocolParticipantIdentifier','CollectionProtocolRegistration protocolParticipantIdentifier attribute','edu.wustl.catissuecore.domain.CollectionProtocolRegistration','protocolParticipantIdentifier',NULL,1,'0000-00-00'),(86,'CollectionProtocolRegistration_registrationDate','CollectionProtocolRegistration registrationDate attribute','edu.wustl.catissuecore.domain.CollectionProtocolRegistration','registrationDate',NULL,1,'0000-00-00'),(87,'SpecimenCharacteristics_tissueSite','SpecimenCharacteristics tissueSite attribute','edu.wustl.catissuecore.domain.SpecimenCharacteristics','tissueSite',NULL,1,'0000-00-00'),(89,'SpecimenCharacteristics_tissueSide','SpecimenCharacteristics tissueSide attribute','edu.wustl.catissuecore.domain.SpecimenCharacteristics','tissueSide',NULL,1,'0000-00-00'),(90,'SpecimenCharacteristics_pathologicalStatus','SpecimenCharacteristics pathologicalStatus attribute','edu.wustl.catissuecore.domain.SpecimenCharacteristics','pathologicalStatus',NULL,1,'0000-00-00'),(91,'FluidSpecimen_quantityInMilliliter','FluidSpecimen quantityInMilliliter attribute','edu.wustl.catissuecore.domain.FluidSpecimen','quantityInMilliliter',NULL,1,'0000-00-00'),(92,'FluidSpecimen_availableQuantityInMilliliter','FluidSpecimen availableQuantityInMilliliter attribute','edu.wustl.catissuecore.domain.FluidSpecimen','availableQuantityInMilliliter',NULL,1,'0000-00-00'),(93,'TissueSpecimen_quantityInGram','TissueSpecimen quantityInGram attribute','edu.wustl.catissuecore.domain.TissueSpecimen','quantityInGram',NULL,1,'0000-00-00'),(94,'TissueSpecimen_availableQuantityInGram','TissueSpecimen availableQuantityInGram attribute','edu.wustl.catissuecore.domain.TissueSpecimen','availableQuantityInGram',NULL,1,'0000-00-00'),(95,'Specimen_systemIdentifier','Specimen systemIdentifier attribute','edu.wustl.catissuecore.domain.Specimen','systemIdentifier',NULL,1,'0000-00-00'),(96,'Specimen_type','Specimen type attribute','edu.wustl.catissuecore.domain.Specimen','type',NULL,1,'0000-00-00'),(97,'Specimen_available','Specimen available attribute','edu.wustl.catissuecore.domain.Specimen','available',NULL,1,'0000-00-00'),(98,'Specimen_positionDimensionOne','Specimen positionDimensionOne attribute','edu.wustl.catissuecore.domain.Specimen','positionDimensionOne',NULL,1,'0000-00-00'),(99,'Specimen_positionDimensionTwo','Specimen positionDimensionTwo attribute','edu.wustl.catissuecore.domain.Specimen','positionDimensionTwo',NULL,1,'0000-00-00'),(100,'Specimen_barcode','Specimen barcode attribute','edu.wustl.catissuecore.domain.Specimen','barcode',NULL,1,'0000-00-00'),(101,'Specimen_comments','Specimen comments attribute','edu.wustl.catissuecore.domain.Specimen','comments',NULL,1,'0000-00-00'),(102,'Specimen_activityStatus','Specimen activityStatus attribute','edu.wustl.catissuecore.domain.Specimen','activityStatus',NULL,1,'0000-00-00'),(103,'CellSpecimen_quantityInCellCount','CellSpecimen quantityInCellCount attribute','edu.wustl.catissuecore.domain.CellSpecimen','quantityInCellCount',NULL,1,'0000-00-00'),(104,'CellSpecimen_availableQuantityInCellCount','CellSpecimen availableQuantityInCellCount attribute','edu.wustl.catissuecore.domain.CellSpecimen','availableQuantityInCellCount',NULL,1,'0000-00-00'),(105,'MolecularSpecimen_concentrationInMicrogramPerMicroliter','MolecularSpecimen concentrationInMicrogramPerMicroliter attribute','edu.wustl.catissuecore.domain.MolecularSpecimen','concentrationInMicrogramPerMicroliter',NULL,1,'0000-00-00'),(106,'MolecularSpecimen_quantityInMicrogram','MolecularSpecimen quantityInMicrogram attribute','edu.wustl.catissuecore.domain.MolecularSpecimen','quantityInMicrogram',NULL,1,'0000-00-00'),(107,'MolecularSpecimen_availableQuantityInMicrogram','MolecularSpecimen availableQuantityInMicrogram attribute','edu.wustl.catissuecore.domain.MolecularSpecimen','availableQuantityInMicrogram',NULL,1,'0000-00-00'),(108,'ExternalIdentifier_systemIdentifier','ExternalIdentifier systemIdentifier attribute','edu.wustl.catissuecore.domain.ExternalIdentifier','systemIdentifier',NULL,1,'0000-00-00'),(109,'ExternalIdentifier_name','ExternalIdentifier name attribute','edu.wustl.catissuecore.domain.ExternalIdentifier','name',NULL,1,'0000-00-00'),(110,'ExternalIdentifier_value','ExternalIdentifier value attribute','edu.wustl.catissuecore.domain.ExternalIdentifier','value',NULL,1,'0000-00-00'),(111,'Biohazardr_systemIdentifier','Biohazard systemIdentifier attribute','edu.wustl.catissuecore.domain.Biohazard','systemIdentifier',NULL,1,'0000-00-00'),(112,'Biohazardr_name','Biohazard name attribute','edu.wustl.catissuecore.domain.Biohazard','name',NULL,1,'0000-00-00'),(113,'Biohazardr_comments','Biohazard comments attribute','edu.wustl.catissuecore.domain.Biohazard','comments',NULL,1,'0000-00-00'),(114,'Biohazardr_type','Biohazard type attribute','edu.wustl.catissuecore.domain.Biohazard','type',NULL,1,'0000-00-00'),(115,'EventParameters_systemIdentifier','EventParameters systemIdentifier attribute','edu.wustl.catissuecore.domain.EventParameters','systemIdentifier',NULL,1,'0000-00-00'),(116,'EventParameters_timestamp','EventParameters timestamp attribute','edu.wustl.catissuecore.domain.EventParameters','timestamp',NULL,1,'0000-00-00'),(117,'EventParameters_user','EventParameters user attribute','edu.wustl.catissuecore.domain.EventParameters','user',NULL,1,'0000-00-00'),(118,'EventParameters_comments','EventParameters comments attribute','edu.wustl.catissuecore.domain.EventParameters','comments',NULL,1,'0000-00-00'),(119,'FluidSpecimenReviewEventParameters_cellCount','FluidSpecimenReviewEventParameters cellCount attribute','edu.wustl.catissuecore.domain.FluidSpecimenReviewEventParameters','cellCount',NULL,1,'0000-00-00'),(120,'SpunEventParameters_gForce','SpunEventParameters gForce attribute','edu.wustl.catissuecore.domain.SpunEventParameters','gForce',NULL,1,'0000-00-00'),(121,'SpunEventParameters_durationInMinutes','SpunEventParameters durationInMinutes attribute','edu.wustl.catissuecore.domain.SpunEventParameters','durationInMinutes',NULL,1,'0000-00-00'),(122,'CellSpecimenReviewParameters_neoplasticCellularityPercentage','CellSpecimenReviewParameters neoplasticCellularityPercentage attribute','edu.wustl.catissuecore.domain.CellSpecimenReviewParameters','neoplasticCellularityPercentage',NULL,1,'0000-00-00'),(123,'CellSpecimenReviewParameters_viableCellPercentage','CellSpecimenReviewParameters viableCellPercentage attribute','edu.wustl.catissuecore.domain.CellSpecimenReviewParameters','viableCellPercentage',NULL,1,'0000-00-00'),(124,'EmbeddedEventParameters_embeddingMedium','EmbeddedEventParameters embeddingMedium attribute','edu.wustl.catissuecore.domain.EmbeddedEventParameters','embeddingMedium',NULL,1,'0000-00-00'),(125,'FrozenEventParameters_method','FrozenEventParameters method attribute','edu.wustl.catissuecore.domain.FrozenEventParameters','method',NULL,1,'0000-00-00'),(126,'CheckInCheckOutEventParameter_storageStatus','CheckInCheckOutEventParameter storageStatus attribute','edu.wustl.catissuecore.domain.CheckInCheckOutEventParameter','storageStatus',NULL,1,'0000-00-00'),(127,'TissueSpecimenReviewEventParameters_neoplasticCellularityPercentage','TissueSpecimenReviewEventParameters neoplasticCellularityPercentage attribute','edu.wustl.catissuecore.domain.TissueSpecimenReviewEventParameters','neoplasticCellularityPercentage',NULL,1,'0000-00-00'),(128,'TissueSpecimenReviewEventParameters_necrosisPercentage','TissueSpecimenReviewEventParameters necrosisPercentage attribute','edu.wustl.catissuecore.domain.TissueSpecimenReviewEventParameters','necrosisPercentage',NULL,1,'0000-00-00'),(129,'TissueSpecimenReviewEventParameters_lymphocyticPercentage','TissueSpecimenReviewEventParameters lymphocyticPercentage attribute','edu.wustl.catissuecore.domain.TissueSpecimenReviewEventParameters','lymphocyticPercentage',NULL,1,'0000-00-00'),(130,'TissueSpecimenReviewEventParameters_totalCellularityPercentage','TissueSpecimenReviewEventParameters totalCellularityPercentage attribute','edu.wustl.catissuecore.domain.TissueSpecimenReviewEventParameters','totalCellularityPercentage',NULL,1,'0000-00-00'),(131,'TissueSpecimenReviewEventParameters_histologicalQuality','TissueSpecimenReviewEventParameters histologicalQuality attribute','edu.wustl.catissuecore.domain.TissueSpecimenReviewEventParameters','histologicalQuality',NULL,1,'0000-00-00'),(132,'MolecularSpecimenReviewParameters_gelImageURL','MolecularSpecimenReviewParameters gelImageURL attribute','edu.wustl.catissuecore.domain.MolecularSpecimenReviewParameters','gelImageURL',NULL,1,'0000-00-00'),(133,'MolecularSpecimenReviewParameters_qualityIndex','MolecularSpecimenReviewParameters qualityIndex attribute','edu.wustl.catissuecore.domain.MolecularSpecimenReviewParameters','qualityIndex',NULL,1,'0000-00-00'),(134,'MolecularSpecimenReviewParameters_laneNumber','MolecularSpecimenReviewParameters laneNumber attribute','edu.wustl.catissuecore.domain.MolecularSpecimenReviewParameters','laneNumber',NULL,1,'0000-00-00'),(135,'MolecularSpecimenReviewParameters_gelNumber','MolecularSpecimenReviewParameters gelNumber attribute','edu.wustl.catissuecore.domain.MolecularSpecimenReviewParameters','gelNumber',NULL,1,'0000-00-00'),(136,'MolecularSpecimenReviewParameters_absorbanceAt260','MolecularSpecimenReviewParameters absorbanceAt260 attribute','edu.wustl.catissuecore.domain.MolecularSpecimenReviewParameters','absorbanceAt260',NULL,1,'0000-00-00'),(137,'MolecularSpecimenReviewParameters_absorbanceAt280','MolecularSpecimenReviewParameters absorbanceAt280 attribute','edu.wustl.catissuecore.domain.MolecularSpecimenReviewParameters','absorbanceAt280',NULL,1,'0000-00-00'),(138,'MolecularSpecimenReviewParameters_ratio28STo18S','MolecularSpecimenReviewParameters ratio28STo18S attribute','edu.wustl.catissuecore.domain.MolecularSpecimenReviewParameters','ratio28STo18S',NULL,1,'0000-00-00'),(139,'TransferEventParameters _fromPositionDimensionOne','TransferEventParameters  fromPositionDimensionOne attribute','edu.wustl.catissuecore.domain.TransferEventParameters','fromPositionDimensionOne',NULL,1,'0000-00-00'),(140,'TransferEventParameters _fromPositionDimensionTwo','TransferEventParameters  fromPositionDimensionTwo attribute','edu.wustl.catissuecore.domain.TransferEventParameters','fromPositionDimensionTwo',NULL,1,'0000-00-00'),(141,'TransferEventParameters _toPositionDimensionOne','TransferEventParameters  toPositionDimensionOne attribute','edu.wustl.catissuecore.domain.TransferEventParameters','toPositionDimensionOne',NULL,1,'0000-00-00'),(142,'TransferEventParameters _toPositionDimensionTwo','TransferEventParameters  toPositionDimensionTwo attribute','edu.wustl.catissuecore.domain.TransferEventParameters','toPositionDimensionTwo',NULL,1,'0000-00-00'),(143,'ReceivedEventParameters _receivedQuality','ReceivedEventParameters receivedQuality attribute','edu.wustl.catissuecore.domain.ReceivedEventParameters','receivedQuality',NULL,1,'0000-00-00'),(144,'DisposalEventParameters _reason','DisposalEventParameters reason attribute','edu.wustl.catissuecore.domain.DisposalEventParameters','reason',NULL,1,'0000-00-00'),(145,'FixedEventParameters_fixationType','FixedEventParameters fixationType attribute','edu.wustl.catissuecore.domain.FixedEventParameters','fixationType',NULL,1,'0000-00-00'),(146,'FixedEventParameters_durationInMinutes','FixedEventParameters durationInMinutes attribute','edu.wustl.catissuecore.domain.FixedEventParameters','durationInMinutes',NULL,1,'0000-00-00'),(147,'CollectionEventParameters_collectionProcedure','CollectionEventParameters collectionProcedure attribute','edu.wustl.catissuecore.domain.CollectionEventParameters','collectionProcedure',NULL,1,'0000-00-00'),(148,'CollectionEventParameters_String container','CollectionEventParameters container attribute','edu.wustl.catissuecore.domain.CollectionEventParameters',' container',NULL,1,'0000-00-00'),(149,'ProcedureEventParameters_url','ProcedureEventParameters url attribute','edu.wustl.catissuecore.domain.ProcedureEventParameters','url',NULL,1,'0000-00-00'),(150,'ProcedureEventParameters_name','ProcedureEventParameters name attribute','edu.wustl.catissuecore.domain.ProcedureEventParameters','name',NULL,1,'0000-00-00'),(151,'StorageContainer_systemIdentifier','StorageContainer systemIdentifier attribute','edu.wustl.catissuecore.domain.StorageContainer','systemIdentifier',NULL,1,'0000-00-00'),(152,'StorageContainer_name','StorageContainer  name attribute','edu.wustl.catissuecore.domain.StorageContainer',' name',NULL,1,'0000-00-00'),(153,'StorageContainer_tempratureInCentigrade','StorageContainer tempratureInCentigrade attribute','edu.wustl.catissuecore.domain.StorageContainer','tempratureInCentigrade',NULL,1,'0000-00-00'),(154,'StorageContainer_isFull','StorageContainer isFull attribute','edu.wustl.catissuecore.domain.StorageContainer','isFull',NULL,1,'0000-00-00'),(155,'StorageContainer_barcode','StorageContainer barcode attribute','edu.wustl.catissuecore.domain.StorageContainer','activityStatus',NULL,1,'0000-00-00'),(156,'StorageContainer_activityStatus','StorageContainer activityStatus attribute','edu.wustl.catissuecore.domain.StorageContainer','barcode',NULL,1,'0000-00-00'),(157,'StorageContainer_positionDimensionOne','StorageContainer positionDimensionOne attribute','edu.wustl.catissuecore.domain.StorageContainer','positionDimensionOne',NULL,1,'0000-00-00'),(158,'StorageContainer_positionDimensionTwo','StorageContainer positionDimensionTwo attribute','edu.wustl.catissuecore.domain.StorageContainer','positionDimensionTwo',NULL,1,'0000-00-00'),(159,'Site_systemIdentifier','Site systemIdentifier attribute','edu.wustl.catissuecore.domain.Site','systemIdentifier',NULL,1,'0000-00-00'),(160,'Site_name','Site name attribute','edu.wustl.catissuecore.domain.Site','name',NULL,1,'0000-00-00'),(161,'Site_type','Site type attribute','edu.wustl.catissuecore.domain.Site','type',NULL,1,'0000-00-00'),(162,'Site_emailAddress','Site emailAddress attribute','edu.wustl.catissuecore.domain.Site','emailAddress',NULL,1,'0000-00-00'),(163,'Site_coordinator','Site coordinator attribute','edu.wustl.catissuecore.domain.Site','coordinator',NULL,1,'0000-00-00'),(164,'Site_activityStatus','Site activityStatus attribute','edu.wustl.catissuecore.domain.Site','activityStatusr',NULL,1,'0000-00-00'),(165,'Address_systemIdentifier','Address systemIdentifier attribute','edu.wustl.catissuecore.domain.Address','systemIdentifier',NULL,1,'0000-00-00'),(166,'Address_street','Address street attribute','edu.wustl.catissuecore.domain.Address','street',NULL,1,'0000-00-00'),(167,'Address_city','Address city attribute','edu.wustl.catissuecore.domain.Address','city',NULL,1,'0000-00-00'),(168,'Address_state','Address state attribute','edu.wustl.catissuecore.domain.Address','state',NULL,1,'0000-00-00'),(169,'Address_country','Address country attribute','edu.wustl.catissuecore.domain.Address','country',NULL,1,'0000-00-00'),(170,'Address_zipCode','Address zipCode attribute','edu.wustl.catissuecore.domain.Address','zipCode',NULL,1,'0000-00-00'),(171,'Address_phoneNumber','Address phoneNumber attribute','edu.wustl.catissuecore.domain.Address','phoneNumber',NULL,1,'0000-00-00'),(172,'Address_faxNumber','Address faxNumber attribute','edu.wustl.catissuecore.domain.Address','faxNumber',NULL,1,'0000-00-00'),(173,'Address_emailAddress','Address emailAddress attribute','edu.wustl.catissuecore.domain.Address','emailAddress',NULL,1,'0000-00-00'),(174,'User_systemIdentifier','User systemIdentifier attribute','edu.wustl.catissuecore.domain.User','systemIdentifier',NULL,1,'0000-00-00'),(175,'User_lastName','User lastName attribute','edu.wustl.catissuecore.domain.User','lastName',NULL,1,'0000-00-00'),(176,'User_firstName','User firstName attribute','edu.wustl.catissuecore.domain.User','firstName',NULL,1,'0000-00-00'),(177,'User_password','User password attribute','edu.wustl.catissuecore.domain.User','password',NULL,1,'0000-00-00'),(178,'User_dateAdded','User dateAdded attribute','edu.wustl.catissuecore.domain.User','dateAdded',NULL,1,'0000-00-00'),(179,'User_activityStatus','User activityStatus attribute','edu.wustl.catissuecore.domain.User','activityStatus',NULL,1,'0000-00-00'),(180,'User_comments','User comments attribute','edu.wustl.catissuecore.domain.User','comments',NULL,1,'0000-00-00'),(181,'StorageContainerDetails_systemIdentifier','StorageContainerDetails systemIdentifier attribute','edu.wustl.catissuecore.domain.StorageContainerDetails','systemIdentifier',NULL,1,'0000-00-00'),(182,'StorageContainerDetails_parameterName','StorageContainerDetails parameterName attribute','edu.wustl.catissuecore.domain.StorageContainerDetails','parameterName',NULL,1,'0000-00-00'),(183,'StorageContainerDetails_parameterValue','StorageContainerDetails parameterValue attribute','edu.wustl.catissuecore.domain.StorageContainerDetails','parameterValue',NULL,1,'0000-00-00'),(184,'StorageContainerCapacity_systemIdentifier','StorageContainerCapacity systemIdentifier attribute','edu.wustl.catissuecore.domain.StorageContainerCapacity','systemIdentifier',NULL,1,'0000-00-00'),(185,'StorageContainerCapacity_oneDimensionCapacity','StorageContainerCapacity oneDimensionCapacity attribute','edu.wustl.catissuecore.domain.StorageContainerCapacity','oneDimensionCapacity',NULL,1,'0000-00-00'),(186,'StorageContainerCapacity_twoDimensionCapacity','StorageContainerCapacity twoDimensionCapacity attribute','edu.wustl.catissuecore.domain.StorageContainerCapacity','twoDimensionCapacity',NULL,1,'0000-00-00'),(187,' StorageType_systemIdentifier',' StorageType systemIdentifier attribute','edu.wustl.catissuecore.domain. StorageType','systemIdentifier',NULL,1,'0000-00-00'),(188,' StorageType_type',' StorageType type attribute','edu.wustl.catissuecore.domain. StorageType','type',NULL,1,'0000-00-00'),(189,' StorageType_defaultTempratureInCentigrade',' StorageType defaultTempratureInCentigrade attribute','edu.wustl.catissuecore.domain. StorageType','defaultTempratureInCentigrade',NULL,1,'0000-00-00'),(190,' StorageType_oneDimensionLabel',' StorageType oneDimensionLabel attribute','edu.wustl.catissuecore.domain. StorageType','oneDimensionLabel',NULL,1,'0000-00-00'),(191,' StorageType_twoDimensionLabel',' StorageType twoDimensionLabel attribute','edu.wustl.catissuecore.domain. StorageType','twoDimensionLabel',NULL,1,'0000-00-00'),(192,'Institution_systemIdentifier','Institution systemIdentifier attribute','edu.wustl.catissuecore.domain.Institution','systemIdentifier',NULL,1,'0000-00-00'),(193,'Institution_name','Institution name attribute','edu.wustl.catissuecore.domain.Institution','name',NULL,1,'0000-00-00'),(194,'Department_systemIdentifier','Department systemIdentifier attribute','edu.wustl.catissuecore.domain.Department','systemIdentifier',NULL,1,'0000-00-00'),(195,'Department_name','Department name attribute','edu.wustl.catissuecore.domain.Department','name',NULL,1,'0000-00-00'),(196,'CancerResearchGroup_systemIdentifier','CancerResearchGroup systemIdentifier attribute','edu.wustl.catissuecore.domain.CancerResearchGroup','systemIdentifier',NULL,1,'0000-00-00'),(197,'CancerResearchGroup_name','CancerResearchGroup name attribute','edu.wustl.catissuecore.domain.CancerResearchGroup','name',NULL,1,'0000-00-00'),(198,'CollectionProtocolEvent_systemIdentifier','CollectionProtocolEvent systemIdentifier attribute','edu.wustl.catissuecore.domain.CollectionProtocolEvent','systemIdentifier',NULL,1,'0000-00-00'),(199,'CollectionProtocolEvent_clinicalStatus','CollectionProtocolEvent clinicalStatus attribute','edu.wustl.catissuecore.domain.CollectionProtocolEvent','clinicalStatus',NULL,1,'0000-00-00'),(200,'CollectionProtocolEvent_studyCalendarEventPoint','CollectionProtocolEvent studyCalendarEventPoint attribute','edu.wustl.catissuecore.domain.CollectionProtocolEvent','studyCalendarEventPoint',NULL,1,'0000-00-00'),(201,'MolecularSpecimenRequirement_quantityInMicrogram','MolecularSpecimenRequirement quantityInMicrogram attribute','edu.wustl.catissuecore.domain.MolecularSpecimenRequirement','quantityInMicrogram',NULL,1,'0000-00-00'),(202,'FluidSpecimenRequirement_quantityInMilliliter','FluidSpecimenRequirement quantityInMilliliter attribute','edu.wustl.catissuecore.domain.FluidSpecimenRequirement','quantityInMilliliter',NULL,1,'0000-00-00'),(203,'CellSpecimenRequirement_quantityInCellCount','CellSpecimenRequirement quantityInCellCount attribute','edu.wustl.catissuecore.domain.CellSpecimenRequirement','quantityInCellCount',NULL,1,'0000-00-00'),(204,'TissueSpecimenRequirement_quantityInGram','TissueSpecimenRequirement quantityInGram attribute','edu.wustl.catissuecore.domain.TissueSpecimenRequirement','quantityInGram',NULL,1,'0000-00-00'),(205,'SpecimenRequirement_systemIdentifier','SpecimenRequirement systemIdentifier attribute','edu.wustl.catissuecore.domain.SpecimenRequirement','systemIdentifier',NULL,1,'0000-00-00'),(206,'SpecimenRequirement_specimenType','SpecimenRequirement specimenType attribute','edu.wustl.catissuecore.domain.SpecimenRequirement','specimenType',NULL,1,'0000-00-00'),(207,'SpecimenRequirement_tissueSite','SpecimenRequirement tissueSite attribute','edu.wustl.catissuecore.domain.SpecimenRequirement','tissueSite',NULL,1,'0000-00-00'),(208,'SpecimenRequirement_pathologyStatus','SpecimenRequirement pathologyStatus attribute','edu.wustl.catissuecore.domain.SpecimenRequirement','pathologyStatus',NULL,1,'0000-00-00'),(209,'SpecimenProtocol_systemIdentifier','SpecimenProtocol systemIdentifier attribute','edu.wustl.catissuecore.domain.SpecimenProtocol','systemIdentifier',NULL,1,'0000-00-00'),(210,'SpecimenProtocol_principalInvestigator','SpecimenProtocol principalInvestigator attribute','edu.wustl.catissuecore.domain.SpecimenProtocol','principalInvestigator',NULL,1,'0000-00-00'),(211,'SpecimenProtocol_title','SpecimenProtocol title attribute','edu.wustl.catissuecore.domain.SpecimenProtocol','title',NULL,1,'0000-00-00'),(212,'SpecimenProtocol_shortTitle','SpecimenProtocol shortTitle attribute','edu.wustl.catissuecore.domain.SpecimenProtocol','shortTitle',NULL,1,'0000-00-00'),(213,'SpecimenProtocol_irbIdentifier','SpecimenProtocol irbIdentifier attribute','edu.wustl.catissuecore.domain.SpecimenProtocol','irbIdentifier',NULL,1,'0000-00-00'),(214,'SpecimenProtocol_startDate','SpecimenProtocol startDate attribute','edu.wustl.catissuecore.domain.SpecimenProtocol','startDate',NULL,1,'0000-00-00'),(215,'SpecimenProtocol_endDate','SpecimenProtocol endDate attribute','edu.wustl.catissuecore.domain.SpecimenProtocol','endDate',NULL,1,'0000-00-00'),(216,'SpecimenProtocol_enrollment','SpecimenProtocol enrollment attribute','edu.wustl.catissuecore.domain.SpecimenProtocol','enrollment',NULL,1,'0000-00-00'),(217,'SpecimenProtocol_descriptionURL','SpecimenProtocol descriptionURL attribute','edu.wustl.catissuecore.domain.SpecimenProtocol','descriptionURL',NULL,1,'0000-00-00'),(218,'SpecimenProtocol_activityStatus','SpecimenProtocol activityStatus attribute','edu.wustl.catissuecore.domain.SpecimenProtocol','activityStatus',NULL,1,'0000-00-00'),(223,'edu.wustl.catissuecore.action.DepartmentAction','edu.wustl.catissuecore.action.DepartmentAction','edu.wustl.catissuecore.action.DepartmentAction',NULL,NULL,1,'2005-08-30'),(224,'edu.wustl.catissuecore.action.CancerResearchGroupAction','edu.wustl.catissuecore.action.CancerResearchGroupAction','edu.wustl.catissuecore.action.CancerResearchGroupAction',NULL,NULL,1,'2005-08-30'),(225,'edu.wustl.catissuecore.action.BiohazardAction','edu.wustl.catissuecore.action.BiohazardAction','edu.wustl.catissuecore.action.BiohazardAction',NULL,NULL,1,'2005-08-30'),(226,'edu.wustl.catissuecore.action.InstitutionAction','edu.wustl.catissuecore.action.InstitutionAction','edu.wustl.catissuecore.action.InstitutionAction',NULL,NULL,1,'2005-08-30'),(227,'edu.wustl.catissuecore.action.SiteAction','edu.wustl.catissuecore.action.SiteAction','edu.wustl.catissuecore.action.SiteAction',NULL,NULL,1,'2005-08-30'),(228,'edu.wustl.catissuecore.action.StorageTypeAction','edu.wustl.catissuecore.action.StorageTypeAction','edu.wustl.catissuecore.action.StorageTypeAction',NULL,NULL,1,'2005-08-30'),(229,'edu.wustl.catissuecore.action.StorageContainerAction','edu.wustl.catissuecore.action.StorageContainerAction','edu.wustl.catissuecore.action.StorageContainerAction',NULL,NULL,1,'2005-08-30'),(230,'edu.wustl.catissuecore.action.CollectionProtocolAction','edu.wustl.catissuecore.action.CollectionProtocolAction','edu.wustl.catissuecore.action.CollectionProtocolAction',NULL,NULL,1,'2005-08-30'),(231,'edu.wustl.catissuecore.action.DistributionAction','edu.wustl.catissuecore.action.DistributionAction','edu.wustl.catissuecore.action.DistributionAction',NULL,NULL,1,'2005-08-30'),(234,'edu.wustl.catissuecore.action.DistributionProtocolAction','edu.wustl.catissuecore.action.DistributionProtocolAction','edu.wustl.catissuecore.action.DistributionProtocolAction',NULL,NULL,1,'2005-08-31'),(235,'edu.wustl.catissuecore.action.UserAction','edu.wustl.catissuecore.action.UserAction','edu.wustl.catissuecore.action.UserAction',NULL,NULL,1,'2005-08-31'),(236,'edu.wustl.catissuecore.action.DomainObjectListAction','edu.wustl.catissuecore.action.DomainObjectListAction','edu.wustl.catissuecore.action.DomainObjectListAction',NULL,NULL,1,'2005-08-31'),(237,'edu.wustl.catissuecore.action.ParticipantAction','edu.wustl.catissuecore.action.ParticipantAction','edu.wustl.catissuecore.action.ParticipantAction',NULL,NULL,1,'2005-08-31'),(238,'edu.wustl.catissuecore.action.CollectionProtocolRegistrationAction','edu.wustl.catissuecore.action.CollectionProtocolRegistrationAction','edu.wustl.catissuecore.action.CollectionProtocolRegistrationAction',NULL,NULL,1,'2005-08-31'),(239,'edu.wustl.catissuecore.action.SpecimenCollectionGroupAction','edu.wustl.catissuecore.action.SpecimenCollectionGroupAction','edu.wustl.catissuecore.action.SpecimenCollectionGroupAction',NULL,NULL,1,'2005-08-31'),(240,'edu.wustl.catissuecore.action.NewSpecimenAction','edu.wustl.catissuecore.action.NewSpecimenAction','edu.wustl.catissuecore.action.NewSpecimenAction',NULL,NULL,1,'2005-08-31'),(241,'edu.wustl.catissuecore.action.CreateSpecimenAction','edu.wustl.catissuecore.action.CreateSpecimenAction','edu.wustl.catissuecore.action.CreateSpecimenAction',NULL,NULL,1,'2005-08-31'),(242,'edu.wustl.catissuecore.action.DistributionAction','edu.wustl.catissuecore.action.DistributionAction','edu.wustl.catissuecore.action.DistributionAction',NULL,NULL,1,'2005-08-31'),(243,'edu.wustl.catissuecore.action.FrozenEventParametersAction','edu.wustl.catissuecore.action.FrozenEventParametersAction','edu.wustl.catissuecore.action.FrozenEventParametersAction',NULL,NULL,1,'2005-08-31'),(244,'edu.wustl.catissuecore.action.CheckInCheckOutEventParametersAction','edu.wustl.catissuecore.action.CheckInCheckOutEventParametersAction','edu.wustl.catissuecore.action.CheckInCheckOutEventParametersAction',NULL,NULL,1,'2005-08-31'),(245,'edu.wustl.catissuecore.action.ReceivedEventParametersAction','edu.wustl.catissuecore.action.ReceivedEventParametersAction','edu.wustl.catissuecore.action.ReceivedEventParametersAction',NULL,NULL,1,'2005-08-31'),(246,'edu.wustl.catissuecore.action.SpecimenEventParametersAction','edu.wustl.catissuecore.action.SpecimenEventParametersAction','edu.wustl.catissuecore.action.SpecimenEventParametersAction',NULL,NULL,1,'2005-08-31'),(247,'edu.wustl.catissuecore.action.TissueSpecimenReviewEventParametersAction','edu.wustl.catissuecore.action.TissueSpecimenReviewEventParametersAction','edu.wustl.catissuecore.action.TissueSpecimenReviewEventParametersAction',NULL,NULL,1,'2005-08-31'),(248,'edu.wustl.catissuecore.action.TransferEventParametersAction','edu.wustl.catissuecore.action.TransferEventParametersAction','edu.wustl.catissuecore.action.TransferEventParametersAction',NULL,NULL,1,'2005-08-31'),(249,'edu.wustl.catissuecore.action.EmbeddedEventParametersAction','edu.wustl.catissuecore.action.EmbeddedEventParametersAction','edu.wustl.catissuecore.action.EmbeddedEventParametersAction',NULL,NULL,1,'2005-08-31'),(250,'edu.wustl.catissuecore.action.FixedEventParametersAction','edu.wustl.catissuecore.action.FixedEventParametersAction','edu.wustl.catissuecore.action.FixedEventParametersAction',NULL,NULL,1,'2005-08-31'),(251,'edu.wustl.catissuecore.action.CollectionEventParametersAction','edu.wustl.catissuecore.action.CollectionEventParametersAction','edu.wustl.catissuecore.action.CollectionEventParametersAction',NULL,NULL,1,'2005-08-31'),(252,'edu.wustl.catissuecore.action.SimpleQueryInterfaceAction','edu.wustl.catissuecore.action.SimpleQueryInterfaceAction','edu.wustl.catissuecore.action.SimpleQueryInterfaceAction',NULL,NULL,1,'2005-08-31'),(253,'edu.wustl.catissuecore.action.SimpleQueryInterfaceAction_User','edu.wustl.catissuecore.action.SimpleQueryInterfaceAction_User','edu.wustl.catissuecore.action.SimpleQueryInterfaceAction_User',NULL,NULL,1,'2005-08-31'),(254,'edu.wustl.catissuecore.action.SimpleQueryInterfaceAction_Institution','edu.wustl.catissuecore.action.SimpleQueryInterfaceAction_Institution','edu.wustl.catissuecore.action.SimpleQueryInterfaceAction_Institution',NULL,NULL,1,'2005-08-31'),(255,'edu.wustl.catissuecore.action.SimpleQueryInterfaceAction_Department','edu.wustl.catissuecore.action.SimpleQueryInterfaceAction_Department','edu.wustl.catissuecore.action.SimpleQueryInterfaceAction_Department',NULL,NULL,1,'2005-08-31'),(256,'edu.wustl.catissuecore.action.SimpleQueryInterfaceAction_CancerResearchGroup','edu.wustl.catissuecore.action.SimpleQueryInterfaceAction_CancerResearchGroup','edu.wustl.catissuecore.action.SimpleQueryInterfaceAction_CancerResearchGroup',NULL,NULL,1,'2005-08-31'),(257,'edu.wustl.catissuecore.action.SimpleQueryInterfaceAction_Site','edu.wustl.catissuecore.action.SimpleQueryInterfaceAction_Site','edu.wustl.catissuecore.action.SimpleQueryInterfaceAction_Site',NULL,NULL,1,'2005-08-31'),(258,'edu.wustl.catissuecore.action.SimpleQueryInterfaceAction_StorageType','edu.wustl.catissuecore.action.SimpleQueryInterfaceAction_StorageType','edu.wustl.catissuecore.action.SimpleQueryInterfaceAction_StorageType',NULL,NULL,1,'2005-08-31'),(259,'edu.wustl.catissuecore.action.SimpleQueryInterfaceAction_StorageContainer','edu.wustl.catissuecore.action.SimpleQueryInterfaceAction_StorageContainer','edu.wustl.catissuecore.action.SimpleQueryInterfaceAction_StorageContainer',NULL,NULL,1,'2005-08-31'),(260,'edu.wustl.catissuecore.action.SimpleQueryInterfaceAction_Biohazard','edu.wustl.catissuecore.action.SimpleQueryInterfaceAction_Biohazard','edu.wustl.catissuecore.action.SimpleQueryInterfaceAction_Biohazard',NULL,NULL,1,'2005-08-31'),(261,'edu.wustl.catissuecore.action.SimpleQueryInterfaceAction_CollectionProtocol','edu.wustl.catissuecore.action.SimpleQueryInterfaceAction_CollectionProtocol','edu.wustl.catissuecore.action.SimpleQueryInterfaceAction_CollectionProtocol',NULL,NULL,1,'2005-08-31'),(262,'edu.wustl.catissuecore.action.SimpleQueryInterfaceAction_DistributionProtocol','edu.wustl.catissuecore.action.SimpleQueryInterfaceAction_DistributionProtocol','edu.wustl.catissuecore.action.SimpleQueryInterfaceAction_DistributionProtocol',NULL,NULL,1,'2005-08-31'),(263,'edu.wustl.catissuecore.action.SimpleQueryInterfaceAction_Participant','edu.wustl.catissuecore.action.SimpleQueryInterfaceAction_Participant','edu.wustl.catissuecore.action.SimpleQueryInterfaceAction_Participant',NULL,NULL,1,'2005-08-31'),(264,'edu.wustl.catissuecore.action.SimpleQueryInterfaceAction_CollectionProtocolRegistration','edu.wustl.catissuecore.action.SimpleQueryInterfaceAction_CollectionProtocolRegistration','edu.wustl.catissuecore.action.SimpleQueryInterfaceAction_CollectionProtReg',NULL,NULL,1,'2005-08-31'),(265,'edu.wustl.catissuecore.action.SimpleQueryInterfaceAction_SpecimenCollectionGroup','edu.wustl.catissuecore.action.SimpleQueryInterfaceAction_SpecimenCollectionGroup','edu.wustl.catissuecore.action.SimpleQueryInterfaceAction_SpecimenCollectionGroup',NULL,NULL,1,'2005-08-31'),(266,'edu.wustl.catissuecore.action.SimpleQueryInterfaceAction_Specimen','edu.wustl.catissuecore.action.SimpleQueryInterfaceAction_Specimen','edu.wustl.catissuecore.action.SimpleQueryInterfaceAction_Specimen',NULL,NULL,1,'2005-08-31'),(267,'edu.wustl.catissuecore.action.SimpleQueryInterfaceAction_Distribution','edu.wustl.catissuecore.action.SimpleQueryInterfaceAction_Distribution','edu.wustl.catissuecore.action.SimpleQueryInterfaceAction_Distribution',NULL,NULL,1,'2005-08-31'),(268,'edu.wustl.catissuecore.action.DomainObjectDetailsAction','edu.wustl.catissuecore.action.DomainObjectDetailsAction','edu.wustl.catissuecore.action.DomainObjectDetailsAction',NULL,NULL,1,'2005-08-31'),(269,'edu.wustl.catissuecore.domain.ReportedProblem','edu.wustl.catissuecore.domain.ReportedProblem','edu.wustl.catissuecore.domain.ReportedProblem',NULL,NULL,1,'2005-08-31'),(270,'edu.wustl.catissuecore.action.ReportedProblemPendingCloseAction','edu.wustl.catissuecore.action.ReportedProblemPendingCloseAction','edu.wustl.catissuecore.action.ReportedProblemPendingCloseAction',NULL,NULL,1,'2005-08-31'),(271,'edu.wustl.catissuecore.action.ListSpecimenEventParametersAction','edu.wustl.catissuecore.action.ListSpecimenEventParametersAction','edu.wustl.catissuecore.action.ListSpecimenEventParametersAction',NULL,NULL,1,'2005-08-31'),(272,'edu.wustl.catissuecore.domain.SignUpUser','edu.wustl.catissuecore.domain.SignUpUser','edu.wustl.catissuecore.domain.SignUpUser',NULL,NULL,1,'2005-08-31'),(273,'edu.wustl.catissuecore.action.MolecularSpecimenReviewParametersAction','edu.wustl.catissuecore.action.MolecularSpecimenReviewParametersAction','edu.wustl.catissuecore.action.MolecularSpecimenReviewParametersAction',NULL,NULL,1,'2005-08-31');
UNLOCK TABLES;
/*!40000 ALTER TABLE `csm_protection_element` ENABLE KEYS */;

--
-- Table structure for table `csm_protection_group`
--

DROP TABLE IF EXISTS `csm_protection_group`;
CREATE TABLE `csm_protection_group` (
  `PROTECTION_GROUP_ID` bigint(20) NOT NULL auto_increment,
  `PROTECTION_GROUP_NAME` varchar(100) NOT NULL default '',
  `PROTECTION_GROUP_DESCRIPTION` varchar(200) default NULL,
  `APPLICATION_ID` bigint(20) NOT NULL default '0',
  `LARGE_ELEMENT_COUNT_FLAG` tinyint(1) NOT NULL default '0',
  `UPDATE_DATE` date NOT NULL default '0000-00-00',
  `PARENT_PROTECTION_GROUP_ID` bigint(20) default NULL,
  PRIMARY KEY  (`PROTECTION_GROUP_ID`),
  UNIQUE KEY `UQ_PROTECTION_GROUP_PROTECTION_GROUP_NAME` (`APPLICATION_ID`,`PROTECTION_GROUP_NAME`),
  KEY `idx_APPLICATION_ID` (`APPLICATION_ID`),
  KEY `idx_PARENT_PROTECTION_GROUP_ID` (`PARENT_PROTECTION_GROUP_ID`),
  CONSTRAINT `csm_protection_group_ibfk_1` FOREIGN KEY (`APPLICATION_ID`) REFERENCES `csm_application` (`APPLICATION_ID`) ON DELETE CASCADE,
  CONSTRAINT `csm_protection_group_ibfk_10` FOREIGN KEY (`PARENT_PROTECTION_GROUP_ID`) REFERENCES `csm_protection_group` (`PROTECTION_GROUP_ID`),
  CONSTRAINT `csm_protection_group_ibfk_2` FOREIGN KEY (`PARENT_PROTECTION_GROUP_ID`) REFERENCES `csm_protection_group` (`PROTECTION_GROUP_ID`),
  CONSTRAINT `csm_protection_group_ibfk_3` FOREIGN KEY (`APPLICATION_ID`) REFERENCES `csm_application` (`APPLICATION_ID`) ON DELETE CASCADE,
  CONSTRAINT `csm_protection_group_ibfk_4` FOREIGN KEY (`PARENT_PROTECTION_GROUP_ID`) REFERENCES `csm_protection_group` (`PROTECTION_GROUP_ID`),
  CONSTRAINT `csm_protection_group_ibfk_5` FOREIGN KEY (`APPLICATION_ID`) REFERENCES `csm_application` (`APPLICATION_ID`) ON DELETE CASCADE,
  CONSTRAINT `csm_protection_group_ibfk_6` FOREIGN KEY (`PARENT_PROTECTION_GROUP_ID`) REFERENCES `csm_protection_group` (`PROTECTION_GROUP_ID`),
  CONSTRAINT `csm_protection_group_ibfk_7` FOREIGN KEY (`APPLICATION_ID`) REFERENCES `csm_application` (`APPLICATION_ID`) ON DELETE CASCADE,
  CONSTRAINT `csm_protection_group_ibfk_8` FOREIGN KEY (`PARENT_PROTECTION_GROUP_ID`) REFERENCES `csm_protection_group` (`PROTECTION_GROUP_ID`),
  CONSTRAINT `csm_protection_group_ibfk_9` FOREIGN KEY (`APPLICATION_ID`) REFERENCES `csm_application` (`APPLICATION_ID`) ON DELETE CASCADE
) ENGINE=InnoDB DEFAULT CHARSET=latin1;

--
-- Dumping data for table `csm_protection_group`
--


/*!40000 ALTER TABLE `csm_protection_group` DISABLE KEYS */;
LOCK TABLES `csm_protection_group` WRITE;
INSERT INTO `csm_protection_group` VALUES (1,'ADMINISTRATOR_PROTECTION_GROUP','Protection elements for class names of objects that belong to Administrative data',1,0,'0000-00-00',NULL),(2,'SUPERVISOR_PROTECTION_GROUP','Protection elements for class names of objects that belong to Supervisor\'s data',1,0,'0000-00-00',NULL),(3,'TECHNICIAN_PROTECTION_GROUP','Protection elements for class names of objects that belong to Technician data',1,0,'0000-00-00',NULL),(4,'ADMIN_DATA_USE_GROUP',NULL,1,0,'0000-00-00',NULL),(5,'DISTRIBUTION_PROTOCOL_GROUP',NULL,1,0,'0000-00-00',NULL),(6,'COLLECTION_PROTOCOL_GROUP',NULL,1,0,'0000-00-00',NULL),(7,'COLLECTION_PROTOCOL_PROTECTED_ATTRIBUTES',NULL,1,0,'0000-00-00',NULL),(8,'COLLECTION_PROTOCOL_PUBLIC_ATTRIBUTES',NULL,1,0,'0000-00-00',NULL),(9,'DISTRIBUTION_PROTOCOL_PROTECTED_ATTRIBUTES',NULL,1,0,'0000-00-00',NULL),(10,'DISTRIBUTION_PROTOCOL_PUBLIC_ATTRIBUTES',NULL,1,0,'0000-00-00',NULL),(11,'ADMINISTRATIVE_DATA_PROTECTED_ATTRIBUTES',NULL,1,0,'0000-00-00',NULL),(12,'ADMINISTRATIVE_DATA_PUBLIC_ATTRIBUTES',NULL,1,0,'0000-00-00',NULL),(13,'PARTICIPANT_DATA_PROTECTED_ATTRIBUTES',NULL,1,0,'0000-00-00',NULL),(14,'PARTICIPANT_DATA_PUBLIC_ATTRIBUTES',NULL,1,0,'0000-00-00',NULL),(15,'BIOSPECIMEN_DATA_PROTECTED_ATTRIBUTES',NULL,1,0,'0000-00-00',NULL),(16,'BIOSPECIMEN_DATA_PUBLIC_ATTRIBUTES',NULL,1,0,'0000-00-00',NULL),(17,'SECURED_ADMINISTRATIVE_ACTIONS',NULL,1,0,'0000-00-00',NULL),(18,'SECURED_SUPERVISORY_ACTIONS',NULL,1,0,'0000-00-00',NULL),(19,'SECURED_TECHNICIAN_ACTIONS',NULL,1,0,'0000-00-00',NULL),(20,'PUBLIC_DATA_GROUP',NULL,1,0,'0000-00-00',NULL),(21,'ADMINISTRATORS_DATA_GROUP',NULL,1,0,'0000-00-00',NULL),(22,'SUPERVISORS_DATA_GROUP',NULL,1,0,'0000-00-00',NULL),(23,'TECHNICIANS_DATA_GROUP',NULL,1,0,'0000-00-00',NULL),(24,'SECURED_PUBLIC_ACTIONS',NULL,1,0,'0000-00-00',NULL);
UNLOCK TABLES;
/*!40000 ALTER TABLE `csm_protection_group` ENABLE KEYS */;

--
-- Table structure for table `csm_role`
--

DROP TABLE IF EXISTS `csm_role`;
CREATE TABLE `csm_role` (
  `ROLE_ID` bigint(20) NOT NULL auto_increment,
  `ROLE_NAME` varchar(100) NOT NULL default '',
  `ROLE_DESCRIPTION` varchar(200) default NULL,
  `APPLICATION_ID` bigint(20) NOT NULL default '0',
  `ACTIVE_FLAG` tinyint(1) NOT NULL default '0',
  `UPDATE_DATE` date NOT NULL default '0000-00-00',
  PRIMARY KEY  (`ROLE_ID`),
  UNIQUE KEY `UQ_ROLE_ROLE_NAME` (`APPLICATION_ID`,`ROLE_NAME`),
  KEY `idx_APPLICATION_ID` (`APPLICATION_ID`),
  CONSTRAINT `csm_role_ibfk_1` FOREIGN KEY (`APPLICATION_ID`) REFERENCES `csm_application` (`APPLICATION_ID`) ON DELETE CASCADE,
  CONSTRAINT `csm_role_ibfk_2` FOREIGN KEY (`APPLICATION_ID`) REFERENCES `csm_application` (`APPLICATION_ID`) ON DELETE CASCADE,
  CONSTRAINT `csm_role_ibfk_3` FOREIGN KEY (`APPLICATION_ID`) REFERENCES `csm_application` (`APPLICATION_ID`) ON DELETE CASCADE,
  CONSTRAINT `csm_role_ibfk_4` FOREIGN KEY (`APPLICATION_ID`) REFERENCES `csm_application` (`APPLICATION_ID`) ON DELETE CASCADE,
  CONSTRAINT `csm_role_ibfk_5` FOREIGN KEY (`APPLICATION_ID`) REFERENCES `csm_application` (`APPLICATION_ID`) ON DELETE CASCADE
) ENGINE=InnoDB DEFAULT CHARSET=latin1;

--
-- Dumping data for table `csm_role`
--


/*!40000 ALTER TABLE `csm_role` DISABLE KEYS */;
LOCK TABLES `csm_role` WRITE;
INSERT INTO `csm_role` VALUES (1,'Administrator','Role for Administrator',1,0,'0000-00-00'),(2,'Supervisor','Role for Supervisor',1,0,'0000-00-00'),(3,'Technician','Role for Technician',1,0,'0000-00-00'),(4,'PI','Role for Principal Investigator',1,0,'0000-00-00'),(5,'READ_ONLY','Read Only Role',1,0,'0000-00-00'),(6,'USE_ONLY','Use Only Role',1,0,'0000-00-00'),(7,'Scientist','Role for Public',1,0,'0000-00-00'),(8,'UPDATE_ONLY','Update Only Role',1,0,'0000-00-00'),(9,'EXECUTE_ONLY','Execute Only Role',1,0,'0000-00-00'),(10,'READ_DENIED','Read Denied Role',1,0,'0000-00-00');
UNLOCK TABLES;
/*!40000 ALTER TABLE `csm_role` ENABLE KEYS */;

--
-- Table structure for table `csm_role_privilege`
--

DROP TABLE IF EXISTS `csm_role_privilege`;
CREATE TABLE `csm_role_privilege` (
  `ROLE_PRIVILEGE_ID` bigint(20) NOT NULL auto_increment,
  `ROLE_ID` bigint(20) NOT NULL default '0',
  `PRIVILEGE_ID` bigint(20) NOT NULL default '0',
  `UPDATE_DATE` date NOT NULL default '0000-00-00',
  PRIMARY KEY  (`ROLE_PRIVILEGE_ID`),
  UNIQUE KEY `UQ_ROLE_PRIVILEGE_ROLE_ID` (`PRIVILEGE_ID`,`ROLE_ID`),
  KEY `idx_PRIVILEGE_ID` (`PRIVILEGE_ID`),
  KEY `idx_ROLE_ID` (`ROLE_ID`),
  CONSTRAINT `csm_role_privilege_ibfk_1` FOREIGN KEY (`PRIVILEGE_ID`) REFERENCES `csm_privilege` (`PRIVILEGE_ID`) ON DELETE CASCADE,
  CONSTRAINT `csm_role_privilege_ibfk_2` FOREIGN KEY (`ROLE_ID`) REFERENCES `csm_role` (`ROLE_ID`) ON DELETE CASCADE
) ENGINE=InnoDB DEFAULT CHARSET=latin1;

--
-- Dumping data for table `csm_role_privilege`
--


/*!40000 ALTER TABLE `csm_role_privilege` DISABLE KEYS */;
LOCK TABLES `csm_role_privilege` WRITE;
INSERT INTO `csm_role_privilege` VALUES (1,1,1,'0000-00-00'),(2,1,3,'0000-00-00'),(3,1,5,'0000-00-00'),(4,1,7,'0000-00-00'),(5,1,8,'0000-00-00'),(6,1,9,'0000-00-00'),(7,1,10,'0000-00-00'),(8,2,3,'0000-00-00'),(9,2,7,'0000-00-00'),(10,2,8,'0000-00-00'),(11,3,1,'0000-00-00'),(12,3,3,'0000-00-00'),(13,3,5,'0000-00-00'),(14,3,7,'0000-00-00'),(15,3,8,'0000-00-00'),(16,4,3,'0000-00-00'),(17,4,9,'0000-00-00'),(18,5,3,'0000-00-00'),(19,6,8,'0000-00-00'),(20,8,5,'0000-00-00'),(21,9,7,'0000-00-00'),(22,6,3,'0000-00-00'),(23,8,3,'0000-00-00'),(24,1,11,'0000-00-00'),(25,2,11,'0000-00-00'),(26,4,11,'0000-00-00'),(27,10,12,'0000-00-00');
UNLOCK TABLES;
/*!40000 ALTER TABLE `csm_role_privilege` ENABLE KEYS */;

--
-- Table structure for table `csm_user`
--

DROP TABLE IF EXISTS `csm_user`;
CREATE TABLE `csm_user` (
  `USER_ID` bigint(20) NOT NULL auto_increment,
  `LOGIN_NAME` varchar(100) NOT NULL default '',
  `FIRST_NAME` varchar(100) NOT NULL default '',
  `LAST_NAME` varchar(100) NOT NULL default '',
  `ORGANIZATION` varchar(100) default NULL,
  `DEPARTMENT` varchar(100) default NULL,
  `TITLE` varchar(100) default NULL,
  `PHONE_NUMBER` varchar(15) default NULL,
  `PASSWORD` varchar(100) default NULL,
  `EMAIL_ID` varchar(100) default NULL,
  `START_DATE` date default NULL,
  `END_DATE` date default NULL,
  `UPDATE_DATE` date NOT NULL default '0000-00-00',
  PRIMARY KEY  (`USER_ID`),
  UNIQUE KEY `UQ_LOGIN_NAME` (`LOGIN_NAME`)
) ENGINE=InnoDB DEFAULT CHARSET=latin1;

--
-- Dumping data for table `csm_user`
--


/*!40000 ALTER TABLE `csm_user` DISABLE KEYS */;
LOCK TABLES `csm_user` WRITE;
INSERT INTO `csm_user` VALUES (1,'admin@admin.com','Admin','Admin',NULL,NULL,NULL,NULL,'6c416f576765696c6e63316f326d3365','admin@admin.com','2005-08-30',NULL,'2005-08-30'),(2,'admin_wake_forest@catissue.com','University','Wake Forest',NULL,NULL,NULL,NULL,'4c416f576765696c6e63316f326d3365','admin_wake_forest@catissue.com','2005-12-12',NULL,'2006-01-11'),(3,'supervisor_wake_forest@catissue.com','University','Wake Forest',NULL,NULL,NULL,NULL,'6c416f576765696c6e63316f326d3365','supervisor_wake_forest@catissue.com','2005-12-12',NULL,'2005-12-12'),(4,'technician_wake_forest@catissue.com','Univerisity','Wake Forest',NULL,NULL,NULL,NULL,'6c416f576765696c6e63316f326d3365','technician_wake_forest@catissue.com','2005-12-12',NULL,'2005-12-12'),(5,'scientist_wake_forest@catissue.com','University','Wake Forest',NULL,NULL,NULL,NULL,'6c416f576765696c6e63316f326d3365','scientist_wake_forest@catissue.com','2005-12-12',NULL,'2005-12-12'),(6,'admin_thomas_jefferson@catissue.com','University','Thomas Jefferson',NULL,NULL,NULL,NULL,'6c416f576765696c6e63316f326d3365','admin_thomas_jefferson@catissue.com','2005-12-12',NULL,'2005-12-12'),(7,'supervisor_thomas_jefferson@catissue.com','University','Thomas Jefferson',NULL,NULL,NULL,NULL,'6c416f576765696c6e63316f326d3365','supervisor_thomas_jefferson@catissue.com','2005-12-12',NULL,'2005-12-12'),(8,'technician_thomas_jefferson@catissue.com','University','Thomas Jefferson',NULL,NULL,NULL,NULL,'6c416f576765696c6e63316f326d3365','technician_thomas_jefferson@catissue.com','2005-12-12',NULL,'2005-12-12'),(9,'scientist_thomas_jefferson@catissue.com','University','Thomas Jefferson',NULL,NULL,NULL,NULL,'6c416f576765696c6e63316f326d3365','scientist_thomas_jefferson@catissue.com','2005-12-12',NULL,'2005-12-12'),(10,'admin_dartmouth@catissue.com','Admin','Dartmouth',NULL,NULL,NULL,NULL,'6c416f576765696c6e63316f326d3365','admin_dartmouth@catissue.com','2005-12-12',NULL,'2006-01-17'),(11,'supervisor_dartmouth@catissue.com','Supervisor','Dartmouth',NULL,NULL,NULL,NULL,'6c416f576765696c6e63316f326d3365','supervisor_dartmouth@catissue.com','2005-12-12',NULL,'2006-01-17'),(12,'technician_dartmouth@catissue.com','Technician','Dartmouth',NULL,NULL,NULL,NULL,'6c416f576765696c6e63316f326d3365','technician_dartmouth@catissue.com','2005-12-12',NULL,'2006-01-17'),(13,'scientist_dartmouth@catissue.com','Scientist','Dartmouth',NULL,NULL,NULL,NULL,'6c416f576765696c6e63316f326d3365','scientist_dartmouth@catissue.com','2005-12-12',NULL,'2006-01-17'),(14,'admin_pennsylvania@catissue.com','University','Pennsylvania',NULL,NULL,NULL,NULL,'4c416f576765696c6e63316f326d3365','admin_pennsylvania@catissue.com','2005-12-12',NULL,'2005-12-23'),(15,'supervisor_pennsylvania@catissue.com','University','Pennsylvania',NULL,NULL,NULL,NULL,'6c416f576765696c6e63316f326d3365','supervisor_pennsylvania@catissue.com','2005-12-12',NULL,'2005-12-12'),(16,'technician_pennsylvania@catissue.com','University','Pennsylvania',NULL,NULL,NULL,NULL,'6c416f576765696c6e63316f326d3365','technician_pennsylvania@catissue.com','2005-12-12',NULL,'2005-12-12'),(17,'admin_upmc@catissue.com','University','UPMC',NULL,NULL,NULL,NULL,'6c416f576765696c6e63316f326d3365','admin_upmc@catissue.com','2005-12-12',NULL,'2005-12-12'),(18,'scientist_penn@catissue.com','University','Pennsylvania',NULL,NULL,NULL,NULL,'6c416f576765696c6e63316f326d3365','scientist_penn@catissue.com','2005-12-12',NULL,'2005-12-12'),(19,'supervisor_upmc@catissue.com','University','UPMC',NULL,NULL,NULL,NULL,'6c416f576765696c6e63316f326d3365','supervisor_upmc@catissue.com','2005-12-12',NULL,'2005-12-12'),(20,'admin_duke@catissue.com','University','Duke',NULL,NULL,NULL,NULL,'6c416f576765696c6e63316f326d3365','admin_duke@catissue.com','2005-12-12',NULL,'2005-12-12'),(21,'technician_upmc@catissue.com','University','UPMC',NULL,NULL,NULL,NULL,'6c416f576765696c6e63316f326d3365','technician_upmc@catissue.com','2005-12-12',NULL,'2005-12-12'),(22,'supervisor_duke@catissue.com','University','Duke',NULL,NULL,NULL,NULL,'6c416f576765696c6e63316f326d3365','supervisor_duke@catissue.com','2005-12-12',NULL,'2005-12-12'),(23,'scientist_upmc@catissue.com','University','UPMC',NULL,NULL,NULL,NULL,'6c416f576765696c6e63316f326d3365','scientist_upmc@catissue.com','2005-12-12',NULL,'2005-12-12'),(24,'technician_duke@catissue.com','University','Duke',NULL,NULL,NULL,NULL,'6c416f576765696c6e63316f326d3365','technician_duke@catissue.com','2005-12-12',NULL,'2005-12-12'),(25,'admin_mskcc@catissue.com','University','MSKCC',NULL,NULL,NULL,NULL,'6c416f576765696c6e63316f326d3365','admin_mskcc@catissue.com','2005-12-12',NULL,'2005-12-12'),(26,'scientist_duke@catissue.com','University','Duke',NULL,NULL,NULL,NULL,'6c416f576765696c6e63316f326d3365','scientist_duke@catissue.com','2005-12-12',NULL,'2005-12-12'),(27,'supervisor_mskcc@catissue.com','University','MSKCC',NULL,NULL,NULL,NULL,'6c416f576765696c6e63316f326d3365','supervisor_mskcc@catissue.com','2005-12-12',NULL,'2005-12-12'),(28,'admin_indiana@catissue.com','Rakesh','Dhaval',NULL,NULL,NULL,NULL,'4c416f576765696c6e63316f326d3365','admin_indiana@catissue.com','2005-12-12',NULL,'2006-01-18'),(29,'technician_mskcc@catissue.com','University','MSKCC',NULL,NULL,NULL,NULL,'6c416f576765696c6e63316f326d3365','technician_mskcc@catissue.com','2005-12-12',NULL,'2005-12-12'),(30,'supervisor_indiana@catissue.com','IU','Supervisor',NULL,NULL,NULL,NULL,'6c416f576765696c6e63316f326d3365','supervisor_indiana@catissue.com','2005-12-12',NULL,'2006-01-18'),(31,'scientist_mskcc@catissue.com','University','MSKCC',NULL,NULL,NULL,NULL,'6c416f576765696c6e63316f326d3365','scientist_mskcc@catissue.com','2005-12-12',NULL,'2005-12-12'),(32,'technician_indiana@catissue.com','IU','Technician',NULL,NULL,NULL,NULL,'6c416f576765696c6e63316f326d3365','technician_indiana@catissue.com','2005-12-12',NULL,'2006-01-18'),(33,'technician_unc@catissue.com','University','UNC',NULL,NULL,NULL,NULL,'4c416f576765696c6e63316f326d3365','technician_unc@catissue.com','2005-12-12',NULL,'2006-01-24'),(34,'scientist_indiana@catissue.com','IU','Scientist',NULL,NULL,NULL,NULL,'6c416f576765696c6e63316f326d3365','scientist_indiana@catissue.com','2005-12-12',NULL,'2006-01-18'),(35,'admin_unc@catissue.com','Xu','Min',NULL,NULL,NULL,NULL,'4c416f576765696c6e63316f326d3365','admin_unc@catissue.com','2005-12-12',NULL,'2006-01-24'),(36,'scientist_unc@catissue.com','University','UNC',NULL,NULL,NULL,NULL,'6c416f576765696c6e63316f326d3365','scientist_unc@catissue.com','2005-12-12',NULL,'2006-01-24'),(37,'supervisor_unc@catissue.com','University','Unc',NULL,NULL,NULL,NULL,'6c416f576765696c6e63316f326d3365','supervisor_unc@catissue.com','2005-12-12',NULL,'2005-12-12'),(38,'sragg@iupui.edu','Susanne','Ragg',NULL,NULL,NULL,NULL,'704151574e656d6c32636e6f','sragg@iupui.edu','2005-12-12',NULL,'2005-12-12'),(39,'adm@indiana.com','admin','admin',NULL,NULL,NULL,NULL,'664147575a65796c7863636f','adm@indiana.com','2005-12-12',NULL,'2005-12-12'),(40,'sup@indiana.com','Supervisor','Super',NULL,NULL,NULL,NULL,'744169575465366c6a636a6f','sup@indiana.com','2005-12-12',NULL,'2005-12-12'),(41,'tech@indiana.com','tech','tech',NULL,NULL,NULL,NULL,'734179573565766c57634d6f','tech@indiana.com','2005-12-12',NULL,'2005-12-12'),(42,'sci@indiana.com','sci','sci',NULL,NULL,NULL,NULL,'33416f574e65626c5663386f','sci@indiana.com','2005-12-12',NULL,'2005-12-12'),(43,'bmorrell@wfubmc.edu','Bob','Morrell',NULL,NULL,NULL,NULL,'424165576c65676c6963756f6d6d34653254','bmorrell@wfubmc.edu','2005-12-12',NULL,'2005-12-12'),(44,'zcheng@wfubmc.edu','Zhiqiang','Cheng',NULL,NULL,NULL,NULL,'4c416f576765696c6e63316f326d3365','zcheng@wfubmc.edu','2005-12-12',NULL,'2006-02-17'),(45,'zz@wfubmc.edu','Zhiqiang','Cheng',NULL,NULL,NULL,NULL,'32414b5739656a6c5663706f','zz@wfubmc.edu','2005-12-13',NULL,'2005-12-13'),(46,'xumin@bme.unc.edu','Min','Xu',NULL,NULL,NULL,NULL,'484174575565566c4863336f','xumin@bme.unc.edu','2005-12-14',NULL,'2005-12-14'),(47,'janet_stone01@yahoo.com','Camryn','Stone',NULL,NULL,NULL,NULL,'35414b577465386c6b63786f','janet_stone01@yahoo.com','2005-12-14',NULL,'2006-01-06'),(48,'jstone@pathbox.wustl.edu','Janet','Stone',NULL,NULL,NULL,NULL,'5441775769656e6c6763696f726d6c657354326f','jstone@pathbox.wustl.edu','2005-12-14',NULL,'2006-02-08'),(49,'garfinkle@site.com','Joe','Garfinkle',NULL,NULL,NULL,NULL,'5a4151576565696c6a63696f','garfinkle@site.com','2005-12-15',NULL,'2005-12-15'),(50,'admin_catissuecore@Dana-Farber.com','Catissuecore','Admin',NULL,NULL,NULL,NULL,'6c416f576765696c6e63316f326d3365','admin_catissuecore@Dana-Farber.com','2005-12-15',NULL,'2005-12-15'),(51,'supervisor_catissuecore@Dana-Farber.com','supervisor','catissuecore',NULL,NULL,NULL,NULL,'6c416f576765696c6e63316f326d3365','supervisor_catissuecore@Dana-Farber.com','2005-12-15',NULL,'2005-12-15'),(52,'technician_catissuecore@Dana-Farber.com','catissuecore','technician',NULL,NULL,NULL,NULL,'6c416f576765696c6e63316f326d3365','technician_catissuecore@Dana-Farber.com','2005-12-15',NULL,'2005-12-15'),(53,'scientist_catissuecore@Dana-Farber.com','catissuecore','scientist',NULL,NULL,NULL,NULL,'6c416f576765696c6e63316f326d3365','scientist_catissuecore@Dana-Farber.com','2005-12-15',NULL,'2005-12-15'),(54,'lmcwilli@wfubmc.edu','Libby','McWilliams',NULL,NULL,NULL,NULL,'4d4175577265706c6863796f306d3565','lmcwilli@wfubmc.edu','2005-12-15',NULL,'2005-12-15'),(55,'elevine@wfubmc.edu','Edward','Levine',NULL,NULL,NULL,NULL,'6d4163575565686c5363776f','elevine@wfubmc.edu','2005-12-15',NULL,'2005-12-15'),(56,'TomCat@myhome.com','Cat','Ho',NULL,NULL,NULL,NULL,'734138576965676c3063666f','TomCat@myhome.com','2005-12-16',NULL,'2005-12-17'),(57,'pkarnam@partners.org','Puru','Karnam',NULL,NULL,NULL,NULL,'674172577665576c6a63336f','pkarnam@partners.org','2005-12-16',NULL,'2005-12-16'),(58,'paul.k.courtney@dartmouth.edu','Paul','Courtney',NULL,NULL,NULL,NULL,'36414a574d654a6c5663316f','paul.k.courtney@dartmouth.edu','2005-12-16',NULL,'2005-12-16'),(59,'aborras@partners.org','Ana','Borras',NULL,NULL,NULL,NULL,'564158575265366c78634a6f','aborras@partners.org','2005-12-16',NULL,'2005-12-16'),(60,'forei@mail.nih.gov','Ian','Fore',NULL,NULL,NULL,NULL,'4d4161576365616c7263696f316d','forei@mail.nih.gov','2005-12-16',NULL,'2005-12-16'),(61,'somebody@dartmouth.edu','Jayne','Weston',NULL,NULL,NULL,NULL,'734138573065746c55636e6f','somebody@dartmouth.edu','2005-12-17',NULL,'2005-12-17'),(62,'rabbit@cartoon.com','bugs','bunny',NULL,NULL,NULL,NULL,'4f41335744656b6c4c63756f','rabbit@cartoon.com','2005-12-21',NULL,'2005-12-21'),(63,'ques@mail.med.upenn.edu','Susie','Queue',NULL,NULL,NULL,NULL,'76416e576865576c6e63696f','ques@mail.med.upenn.edu','2005-12-22',NULL,'2005-12-22'),(64,'donk@dfci.com','Don','King',NULL,NULL,NULL,NULL,'304164576165706c7163306f','donk@dfci.com','2006-01-03',NULL,'2006-01-04'),(65,'dwjones@dfci.com','David','Jones',NULL,NULL,NULL,NULL,'534147573965686c54636d6f','dwjones@dfci.com','2006-01-04',NULL,'2006-01-04'),(66,'rerere@dfci.com','Seller','Tom',NULL,NULL,NULL,NULL,'5a416d573465786c6563466f','rerere@dfci.com','2006-01-05',NULL,'2006-01-05'),(67,'gautam3@gautam3.com','a','a',NULL,NULL,NULL,NULL,'4c416f576765696c6e63316f326d3365','gautam3@gautam3.com','2006-01-06',NULL,'2006-01-23'),(68,'taralmc@mail.med.upenn.edu','Jane','Smithe',NULL,NULL,NULL,NULL,'4a4178575365626c4863306f','taralmc@mail.med.upenn.edu','2006-01-06',NULL,'2006-01-06'),(69,'jstone@wustl.edu','Nicholas','Stone',NULL,NULL,NULL,NULL,'6c416f576765696c6e63316f326d3365','jstone@wustl.edu','2006-01-06',NULL,'2006-02-08'),(70,'srikanth@persistent.co.in','srikanth','adiga',NULL,NULL,NULL,NULL,'6c416f576765696c6e63316f326d3365','srikanth@persistent.co.in','2006-01-06',NULL,'2006-01-06'),(71,'gsaluta@wfubmc.edu','Gilda','Saluta',NULL,NULL,NULL,NULL,'5a4159576265706c7963596f','gsaluta@wfubmc.edu','2006-01-18',NULL,'2006-01-18'),(72,'jac@webmail.unc.edu','James','Carreey',NULL,NULL,NULL,NULL,'6f4166574665586c4c63536f','jac@webmail.unc.edu','2006-01-25',NULL,'2006-01-25'),(73,'bill.martin@duke.edu','Bill','Martin',NULL,NULL,NULL,NULL,'4e4177573265386c3163646f','bill.martin@duke.edu','2006-02-15',NULL,'2006-02-15'),(74,'a@b.com','Vishal','Nayak',NULL,NULL,NULL,NULL,'53416d576665796c74634a6f','a@b.com','2006-02-28',NULL,'2006-02-28'),(75,'ff@comcast.net','Grief','Fred',NULL,NULL,NULL,NULL,'764131577165576c6963796f','ff@comcast.net','2006-03-10',NULL,'2006-03-10'),(76,'test@test.edu','test','test',NULL,NULL,NULL,NULL,'334175573165776c5363556f','test@test.edu','2006-03-27',NULL,'2006-03-27'),(77,'JPhilipMiller@WUSTL.edu','J. Philip','Miller',NULL,NULL,NULL,NULL,'524138575665546c63636e6f','JPhilipMiller@WUSTL.edu','2006-03-28',NULL,'2006-03-28'),(78,'john.forbes@anzbctg.newcastle.edu.au','John','Forbes',NULL,NULL,NULL,NULL,'72414b573365396c61634c6f','john.forbes@anzbctg.newcastle.edu.au','2006-03-28',NULL,'2006-03-28'),(79,'vishalkn@mail.med.upenn.edu','Vishal','Nayak',NULL,NULL,NULL,NULL,'4141765741656c6c62634d6f','vishalkn@mail.med.upenn.edu','2006-03-29',NULL,'2006-03-29'),(80,'ianfore@comcast.net','Alfred','Macfarlane',NULL,NULL,NULL,NULL,'4f4139575465416c4d63546f','ianfore@comcast.net','2006-04-02',NULL,'2006-04-02'),(81,'nwang@bccrc.ca','nathan','wang',NULL,NULL,NULL,NULL,'6541535778656c6c5663436f','nwang@bccrc.ca','2006-04-03',NULL,'2006-04-03'),(82,'nwang@bccancer.bc.ca','nathan','wang',NULL,NULL,NULL,NULL,'6641565755654a6c7463766f','nwang@bccancer.bc.ca','2006-04-04',NULL,'2006-04-04'),(83,'madhavas@mail.nih.gov','Subha','Madhavan',NULL,NULL,NULL,NULL,'664131574e65616c6f63686f','madhavas@mail.nih.gov','2006-04-04',NULL,'2006-04-04'),(84,'william.t.holden@dartmouth.edu','Todd','Holden',NULL,NULL,NULL,NULL,'474159573965346c38634d6f','william.t.holden@dartmouth.edu','2006-04-04',NULL,'2006-04-04'),(85,'sean.kelly@jpl.nasa.gov','Sean','Kelly',NULL,NULL,NULL,NULL,'464133577465476c43636d6f','sean.kelly@jpl.nasa.gov','2006-04-04',NULL,'2006-04-04'),(86,'shchen@biofortis.com','Steve','Chen',NULL,NULL,NULL,NULL,'734179577965356c4163336f','shchen@biofortis.com','2006-04-04',NULL,'2006-04-04'),(87,'xiaoming@uchicago.edu','xiaoming','wang',NULL,NULL,NULL,NULL,'524142577a65686c7263676f','xiaoming@uchicago.edu','2006-04-04',NULL,'2006-04-04'),(88,'lyman@virginia.edu','Jason','Lyman',NULL,NULL,NULL,NULL,'704166573565456c6a63356f','lyman@virginia.edu','2006-04-04',NULL,'2006-04-04'),(89,'david.rose@med.va.gov','David','Rose',NULL,NULL,NULL,NULL,'744158576465756c6e63646f','david.rose@med.va.gov','2006-04-04',NULL,'2006-04-04'),(90,'asawyers@skcc.org','Anne','Sawyers',NULL,NULL,NULL,NULL,'774146576365776c6863476f','asawyers@skcc.org','2006-04-04',NULL,'2006-04-04'),(91,'chhubba@emory.edu','Cynthia','Hubbard',NULL,NULL,NULL,NULL,'4141765770654b6c7363656f','chhubba@emory.edu','2006-04-04',NULL,'2006-04-04'),(92,'barkerli@umdnj.edu','Linda','Barker',NULL,NULL,NULL,NULL,'514177574a655a6c7663486f','barkerli@umdnj.edu','2006-04-04',NULL,'2006-04-04'),(93,'guseyal@jhmi.edu','Alla','Guseynova',NULL,NULL,NULL,NULL,'56415a576965526c5163516f','guseyal@jhmi.edu','2006-04-04',NULL,'2006-04-04'),(94,'david.tuck@yale.edu','David','Tuck',NULL,NULL,NULL,NULL,'7a41495732656f6c3563466f','david.tuck@yale.edu','2006-04-04',NULL,'2006-04-04'),(95,'stephanie.soares@ucdmc.ucdavis.edu','Stephanie','Soares',NULL,NULL,NULL,NULL,'464158576e65436c3863326f','stephanie.soares@ucdmc.ucdavis.edu','2006-04-04',NULL,'2006-04-04'),(96,'soon.paik@nsabp.org','Soonmyung','Paik',NULL,NULL,NULL,NULL,'454154573965486c5963536f','soon.paik@nsabp.org','2006-04-04',NULL,'2006-04-04'),(97,'richardsonb@niehs.nih.gov','William','Richardson',NULL,NULL,NULL,NULL,'5741435778656a6c4463776f','richardsonb@niehs.nih.gov','2006-04-04',NULL,'2006-04-04'),(98,'chew@cc.ucsf.edu','karen','chew',NULL,NULL,NULL,NULL,'3741425759656b6c5963796f','chew@cc.ucsf.edu','2006-04-04',NULL,'2006-04-04'),(99,'camer@bmi.osu.edu','Tee','camer',NULL,NULL,NULL,NULL,'434177575165466c6e63696f','camer@bmi.osu.edu','2006-04-06',NULL,'2006-04-06'),(100,'PI@CCRI.NET','P','I',NULL,NULL,NULL,NULL,'334153573065586c6c63716f','PI@CCRI.NET','2006-04-07',NULL,'2006-04-10'),(101,'nq2eq3r@gfsdkg.com','n','n',NULL,NULL,NULL,NULL,'6a41695763656a6c4a637a6f','nq2eq3r@gfsdkg.com','2006-04-07',NULL,'2006-04-07'),(102,'scientist@institute.edu','Senior','Scientist',NULL,NULL,NULL,NULL,'78415a574365756c4b63526f','scientist@institute.edu','2006-04-08',NULL,'2006-04-25'),(103,'researcher@cancercenter.edu','Breast','Researcher',NULL,NULL,NULL,NULL,'75416f575065596c7863766f','researcher@cancercenter.edu','2006-04-08',NULL,'2006-04-08'),(104,'newuser@cancercenter.edu','New','User',NULL,NULL,NULL,NULL,'58417a575065756c3463686f','newuser@cancercenter.edu','2006-04-08',NULL,'2006-04-08'),(105,'kmcclain@pathology.wustl.edu','Kristen','McClain',NULL,NULL,NULL,NULL,'6d4165574465646c6a636f6f','kmcclain@pathology.wustl.edu','2006-04-21',NULL,'2006-04-21'),(106,'yawang@coh.org','Yafan','Wang',NULL,NULL,NULL,NULL,'694166574265486c42635a6f','yawang@coh.org','2006-05-01',NULL,'2006-05-01'),(107,'nohle.1@osu.edu','David','Nohle',NULL,NULL,NULL,NULL,'6b4157573365706c65634b6f','nohle.1@osu.edu','2006-05-15',NULL,'2006-05-15'),(108,'peter@peter.com','peter','peter',NULL,NULL,NULL,NULL,'694131577865566c4963326f','peter@peter.com','2006-05-15',NULL,'2006-05-15'),(109,'kenny@kenny.com','Kenny','Someone',NULL,NULL,NULL,NULL,'7241345730655a6c4f63766f','kenny@kenny.com','2006-05-17',NULL,'2006-05-17'),(110,'srikanth.adiga@gmail.com','adiga','sri',NULL,NULL,NULL,NULL,'6841735756656e6c6e634a6f','srikanth.adiga@gmail.com','2006-05-22',NULL,'2006-06-23'),(111,'jtm@osc.edu','Joe','Miller',NULL,NULL,NULL,NULL,'564164575965516c7463496f','jtm@osc.edu','2006-05-22',NULL,'2006-05-22'),(112,'scientist1@inst.edu','Joe','Scientist',NULL,NULL,NULL,NULL,'6b4134574565696c7463506f','scientist1@inst.edu','2006-06-04',NULL,'2006-06-04'),(113,'scientist2@inst.edu','Jane','Scientist2',NULL,NULL,NULL,NULL,'65414a5749656e6c3063366f','scientist2@inst.edu','2006-06-04',NULL,'2006-06-04'),(114,'scientist3@inst2.edu','Wanda','Scientist3',NULL,NULL,NULL,NULL,'36415a575965596c45636e6f','scientist3@inst2.edu','2006-06-04',NULL,'2006-06-04'),(115,'scientist4@inst4.edu','Jack','Scientist4',NULL,NULL,NULL,NULL,'6d4131574665776c4d63626f','scientist4@inst4.edu','2006-06-04',NULL,'2006-06-04'),(116,'pnorris@urology.ucsf.edu','Paul','Norris',NULL,NULL,NULL,NULL,'57416a576a65416c6463756f','pnorris@urology.ucsf.edu','2006-06-05',NULL,'2006-07-06'),(117,'rdennis@mednet.ucla.edu','Dennis','Robert',NULL,NULL,NULL,NULL,'724175576c654c6c5563596f','rdennis@mednet.ucla.edu','2006-06-05',NULL,'2006-06-05'),(118,'klenk_juergen@bah.com','Juergen','Klenk',NULL,NULL,NULL,NULL,'494177575565746c5a63726f','klenk_juergen@bah.com','2006-06-05',NULL,'2006-06-05'),(119,'steffen@bcm.edu','David','Steffen',NULL,NULL,NULL,NULL,'654169577065566c7463746f','steffen@bcm.edu','2006-06-05',NULL,'2006-06-05'),(120,'preethkaran@gmail.com','preeth','karan',NULL,NULL,NULL,NULL,'3341675765654f6c3963676f','preethkaran@gmail.com','2006-06-07',NULL,'2006-06-07'),(121,'rkaake@fhcrc.org','Russ','Kaake',NULL,NULL,NULL,NULL,'5341395749654e6c5a63536f','rkaake@fhcrc.org','2006-06-15',NULL,'2006-06-15'),(122,'julie.mcdowell@cytomyx.com','J','Demo',NULL,NULL,NULL,NULL,'644175577365536c4263646f','julie.mcdowell@cytomyx.com','2006-06-20',NULL,'2006-06-20'),(123,'e@e.com','a','a',NULL,NULL,NULL,NULL,'544148574b65396c58634b6f','e@e.com','2006-06-29',NULL,'2006-06-30'),(124,'billandz@nc.rr.com','Billl','Martin',NULL,NULL,NULL,NULL,'634149576b656d6c4963456f','billandz@nc.rr.com','2006-07-19',NULL,'2006-07-19');
UNLOCK TABLES;
/*!40000 ALTER TABLE `csm_user` ENABLE KEYS */;

--
-- Table structure for table `csm_user_group`
--

DROP TABLE IF EXISTS `csm_user_group`;
CREATE TABLE `csm_user_group` (
  `USER_GROUP_ID` bigint(20) NOT NULL auto_increment,
  `USER_ID` bigint(20) NOT NULL default '0',
  `GROUP_ID` bigint(20) NOT NULL default '0',
  PRIMARY KEY  (`USER_GROUP_ID`),
  KEY `idx_USER_ID` (`USER_ID`),
  KEY `idx_GROUP_ID` (`GROUP_ID`),
  CONSTRAINT `csm_user_group_ibfk_1` FOREIGN KEY (`GROUP_ID`) REFERENCES `csm_group` (`GROUP_ID`) ON DELETE CASCADE,
  CONSTRAINT `csm_user_group_ibfk_2` FOREIGN KEY (`USER_ID`) REFERENCES `csm_user` (`USER_ID`) ON DELETE CASCADE
) ENGINE=InnoDB DEFAULT CHARSET=latin1;

--
-- Dumping data for table `csm_user_group`
--


/*!40000 ALTER TABLE `csm_user_group` DISABLE KEYS */;
LOCK TABLES `csm_user_group` WRITE;
INSERT INTO `csm_user_group` VALUES (1,1,1);
UNLOCK TABLES;
/*!40000 ALTER TABLE `csm_user_group` ENABLE KEYS */;

--
-- Table structure for table `csm_user_group_role_pg`
--

DROP TABLE IF EXISTS `csm_user_group_role_pg`;
CREATE TABLE `csm_user_group_role_pg` (
  `USER_GROUP_ROLE_PG_ID` bigint(20) NOT NULL auto_increment,
  `USER_ID` bigint(20) default NULL,
  `GROUP_ID` bigint(20) default NULL,
  `ROLE_ID` bigint(20) NOT NULL default '0',
  `PROTECTION_GROUP_ID` bigint(20) NOT NULL default '0',
  `UPDATE_DATE` date NOT NULL default '0000-00-00',
  PRIMARY KEY  (`USER_GROUP_ROLE_PG_ID`),
  KEY `idx_GROUP_ID` (`GROUP_ID`),
  KEY `idx_ROLE_ID` (`ROLE_ID`),
  KEY `idx_PROTECTION_GROUP_ID` (`PROTECTION_GROUP_ID`),
  KEY `idx_USER_ID` (`USER_ID`),
  CONSTRAINT `csm_user_group_role_pg_ibfk_1` FOREIGN KEY (`GROUP_ID`) REFERENCES `csm_group` (`GROUP_ID`) ON DELETE CASCADE,
  CONSTRAINT `csm_user_group_role_pg_ibfk_2` FOREIGN KEY (`PROTECTION_GROUP_ID`) REFERENCES `csm_protection_group` (`PROTECTION_GROUP_ID`) ON DELETE CASCADE,
  CONSTRAINT `csm_user_group_role_pg_ibfk_3` FOREIGN KEY (`ROLE_ID`) REFERENCES `csm_role` (`ROLE_ID`) ON DELETE CASCADE,
  CONSTRAINT `csm_user_group_role_pg_ibfk_4` FOREIGN KEY (`USER_ID`) REFERENCES `csm_user` (`USER_ID`) ON DELETE CASCADE
) ENGINE=InnoDB DEFAULT CHARSET=latin1;

--
-- Dumping data for table `csm_user_group_role_pg`
--


/*!40000 ALTER TABLE `csm_user_group_role_pg` DISABLE KEYS */;
LOCK TABLES `csm_user_group_role_pg` WRITE;
INSERT INTO `csm_user_group_role_pg` VALUES (3,NULL,4,5,1,'0000-00-00'),(4,NULL,1,1,1,'0000-00-00'),(5,NULL,1,1,2,'0000-00-00'),(6,NULL,1,1,3,'0000-00-00'),(7,NULL,1,1,4,'0000-00-00'),(8,NULL,1,1,5,'0000-00-00'),(9,NULL,1,1,6,'0000-00-00'),(10,NULL,1,1,7,'0000-00-00'),(11,NULL,1,1,8,'0000-00-00'),(12,NULL,1,1,9,'0000-00-00'),(13,NULL,1,1,10,'0000-00-00'),(14,NULL,1,1,11,'0000-00-00'),(15,NULL,1,1,12,'0000-00-00'),(16,NULL,1,1,13,'0000-00-00'),(17,NULL,1,1,14,'0000-00-00'),(18,NULL,1,1,15,'0000-00-00'),(19,NULL,1,1,16,'0000-00-00'),(20,NULL,1,1,17,'0000-00-00'),(21,NULL,1,1,18,'0000-00-00'),(22,NULL,1,1,19,'0000-00-00'),(23,NULL,1,1,20,'0000-00-00'),(24,NULL,1,1,21,'0000-00-00'),(25,NULL,1,1,22,'0000-00-00'),(26,NULL,1,1,23,'0000-00-00'),(27,NULL,2,1,2,'0000-00-00'),(28,NULL,2,1,3,'0000-00-00'),(29,NULL,2,1,13,'0000-00-00'),(30,NULL,2,1,14,'0000-00-00'),(31,NULL,2,1,15,'0000-00-00'),(32,NULL,2,1,16,'0000-00-00'),(33,NULL,2,1,22,'0000-00-00'),(34,NULL,2,1,23,'0000-00-00'),(35,NULL,2,2,1,'0000-00-00'),(36,NULL,2,2,7,'0000-00-00'),(37,NULL,2,2,8,'0000-00-00'),(38,NULL,2,2,11,'0000-00-00'),(39,NULL,2,2,12,'0000-00-00'),(40,NULL,2,2,18,'0000-00-00'),(41,NULL,2,2,19,'0000-00-00'),(42,NULL,2,2,5,'0000-00-00'),(43,NULL,2,2,6,'0000-00-00'),(44,NULL,2,2,9,'0000-00-00'),(45,NULL,2,2,10,'0000-00-00'),(46,NULL,2,2,21,'0000-00-00'),(47,NULL,3,3,3,'0000-00-00'),(48,NULL,3,3,15,'0000-00-00'),(49,NULL,3,3,16,'0000-00-00'),(50,NULL,3,3,19,'0000-00-00'),(51,NULL,3,5,1,'0000-00-00'),(52,NULL,3,5,2,'0000-00-00'),(53,NULL,3,5,8,'0000-00-00'),(54,NULL,3,5,12,'0000-00-00'),(55,NULL,3,5,14,'0000-00-00'),(56,NULL,3,5,21,'0000-00-00'),(57,NULL,3,5,22,'0000-00-00'),(58,NULL,3,6,5,'0000-00-00'),(59,NULL,3,6,9,'0000-00-00'),(60,NULL,3,6,10,'0000-00-00'),(61,NULL,4,5,2,'0000-00-00'),(62,NULL,4,5,3,'0000-00-00'),(63,NULL,4,5,5,'0000-00-00'),(64,NULL,4,5,6,'0000-00-00'),(65,NULL,4,5,8,'0000-00-00'),(66,NULL,4,5,10,'0000-00-00'),(67,NULL,4,5,14,'0000-00-00'),(68,NULL,4,5,16,'0000-00-00'),(69,NULL,4,5,20,'0000-00-00'),(70,NULL,1,1,24,'2005-08-24'),(71,NULL,2,2,24,'2005-08-24'),(72,NULL,3,3,24,'2005-08-24'),(73,NULL,4,9,24,'2005-08-24'),(74,NULL,2,2,20,'2006-01-18');
UNLOCK TABLES;
/*!40000 ALTER TABLE `csm_user_group_role_pg` ENABLE KEYS */;

--
-- Table structure for table `csm_user_pe`
--

DROP TABLE IF EXISTS `csm_user_pe`;
CREATE TABLE `csm_user_pe` (
  `USER_PROTECTION_ELEMENT_ID` bigint(20) NOT NULL auto_increment,
  `PROTECTION_ELEMENT_ID` bigint(20) NOT NULL default '0',
  `USER_ID` bigint(20) NOT NULL default '0',
  `UPDATE_DATE` date NOT NULL default '0000-00-00',
  PRIMARY KEY  (`USER_PROTECTION_ELEMENT_ID`),
  UNIQUE KEY `UQ_USER_PROTECTION_ELEMENT_PROTECTION_ELEMENT_ID` (`USER_ID`,`PROTECTION_ELEMENT_ID`),
  KEY `idx_USER_ID` (`USER_ID`),
  KEY `idx_PROTECTION_ELEMENT_ID` (`PROTECTION_ELEMENT_ID`),
  CONSTRAINT `csm_user_pe_ibfk_1` FOREIGN KEY (`USER_ID`) REFERENCES `csm_user` (`USER_ID`) ON DELETE CASCADE,
  CONSTRAINT `csm_user_pe_ibfk_2` FOREIGN KEY (`PROTECTION_ELEMENT_ID`) REFERENCES `csm_protection_element` (`PROTECTION_ELEMENT_ID`) ON DELETE CASCADE
) ENGINE=InnoDB DEFAULT CHARSET=latin1;

--
-- Dumping data for table `csm_user_pe`
--


/*!40000 ALTER TABLE `csm_user_pe` DISABLE KEYS */;
LOCK TABLES `csm_user_pe` WRITE;
UNLOCK TABLES;
/*!40000 ALTER TABLE `csm_user_pe` ENABLE KEYS */;

/*!40101 SET SQL_MODE=@OLD_SQL_MODE */;
/*!40014 SET FOREIGN_KEY_CHECKS=@OLD_FOREIGN_KEY_CHECKS */;
/*!40014 SET UNIQUE_CHECKS=@OLD_UNIQUE_CHECKS */;
/*!40101 SET CHARACTER_SET_CLIENT=@OLD_CHARACTER_SET_CLIENT */;
/*!40101 SET CHARACTER_SET_RESULTS=@OLD_CHARACTER_SET_RESULTS */;
/*!40101 SET COLLATION_CONNECTION=@OLD_COLLATION_CONNECTION */;
/*!40111 SET SQL_NOTES=@OLD_SQL_NOTES */;

