UMLClass,UMLEntity,UMLDescription,ConceptName,ConceptPreferredName,Classification,ConceptCode,ConceptDefinition,ConceptDefinitionSource,ModifiedDate,HumanVerified
Logical View.Data Model.Logical Model.edu.pitt.cabig.cae.domain.general.NeoplasmHistologicType,Logical View.Data Model.Logical Model.edu.pitt.cabig.cae.domain.general.NeoplasmHistologicType,The diagnostic subclassification of invasive general carcinoma,Type,Type,ObjectClass,C25284,Something distinguishable as an identifiable class based on common qualities.,NCI,,1
Logical View.Data Model.Logical Model.edu.pitt.cabig.cae.domain.general.NeoplasmHistologicType,Logical View.Data Model.Logical Model.edu.pitt.cabig.cae.domain.general.NeoplasmHistologicType,The diagnostic subclassification of invasive general carcinoma,Histologic,Histologic,ObjectClass,C25526,Pertaining to the combined microscopic physical features of cells and their surrounding extracellular environment in tissues.,NCI,,1
Logical View.Data Model.Logical Model.edu.pitt.cabig.cae.domain.general.NeoplasmHistologicType,Logical View.Data Model.Logical Model.edu.pitt.cabig.cae.domain.general.NeoplasmHistologicType,The diagnostic subclassification of invasive general carcinoma,Neoplasm,Neoplasm,ObjectClass,C3262,"An abnormal tissue growth resulted from uncontrolled cell proliferation.  Benign neoplastic cells resemble normal cells without exhibiting significant cytologic atypia, while malignant ones exhibit overt signs such as dysplastic features, atypical mitotic figures, necrosis, nuclear pleomorphism, and anaplasia.  Representative examples of benign neoplasms include papillomas, cystadenomas, and lipomas; malignant neoplasms include carcinomas, sarcomas, lymphomas, and leukemias. -- 2004",NCI,,1
Logical View.Data Model.Logical Model.edu.pitt.cabig.cae.domain.general.NeoplasmHistologicType,name,The name of the histologic type.,Name_Generic_Concept,Name,Property,C42614,The words or language units by which a thing is known.,NCI,,1
Logical View.Data Model.Logical Model.edu.pitt.cabig.cae.domain.general.NeoplasmHistologicType,name,The name of the histologic type.,Carney_Complex,Carney Syndrome,Property,C4705,,,,1
Logical View.Data Model.Logical Model.edu.pitt.cabig.cae.domain.general.NeoplasmHistologicType,name,The name of the histologic type.,Name,Person Name,Property,C25191,A word or group of words indicating the identity of a person usually consisting of a first (personal) name and a last (family) name with an optional middle name.  In some cultural traditions the family name comes first.,NCI,,1
Logical View.Data Model.Logical Model.edu.pitt.cabig.cae.domain.general.NeoplasmHistologicType,nameMVR,The name of the histologic type,Name_Generic_Concept,Name,Property,C42614,The words or language units by which a thing is known.,NCI,,1
Logical View.Data Model.Logical Model.edu.pitt.cabig.cae.domain.general.NeoplasmHistologicType,nameMVR,The name of the histologic type,Carney_Complex,Carney Syndrome,Property,C4705,,,,1
Logical View.Data Model.Logical Model.edu.pitt.cabig.cae.domain.general.NeoplasmHistologicType,nameMVR,The name of the histologic type,Name,Person Name,Property,C25191,A word or group of words indicating the identity of a person usually consisting of a first (personal) name and a last (family) name with an optional middle name.  In some cultural traditions the family name comes first.,NCI,,1
Logical View.Data Model.Logical Model.edu.pitt.cabig.cae.domain.general.NeoplasmHistologicType,nameMVR,The name of the histologic type,Missing_Value_Reason,Missing Value Reason,Property,C48655,"A specific reason explaining why a meaningful value is not available.  A meaningful value answers the question posed by a Data Element Concept.  In contrast, a Missing Value Reason answers the implicit question ""Why is there no 'meaningful' value?"", when there is none.",NCI,,1
Logical View.Data Model.Logical Model.edu.pitt.cabig.cae.domain.general.NeoplasmHistologicType,otherName,User-entered text indicating a histologic type not specified within the listed values,Other_Routes_of_Drug_Administration,Other Route of Administration,Property,C38290,Route of drug administration not specified on this list.,NCI,,1
Logical View.Data Model.Logical Model.edu.pitt.cabig.cae.domain.general.NeoplasmHistologicType,otherName,User-entered text indicating a histologic type not specified within the listed values,Other_Health_Care_Professional,Other Health Care Professional,Property,C53289,Health care professional other than listed in section D5 of FDA MedWatch form 3500A.,NCI,,1
Logical View.Data Model.Logical Model.edu.pitt.cabig.cae.domain.general.NeoplasmHistologicType,otherName,User-entered text indicating a histologic type not specified within the listed values,Name,Person Name,Property,C25191,A word or group of words indicating the identity of a person usually consisting of a first (personal) name and a last (family) name with an optional middle name.  In some cultural traditions the family name comes first.,NCI,,1
Logical View.Data Model.Logical Model.edu.pitt.cabig.cae.domain.general.NeoplasmHistologicType,otherName,User-entered text indicating a histologic type not specified within the listed values,Other,Other,Property,C17649,Different than the one(s) previously specified or mentioned.,NCI,,1
Logical View.Data Model.Logical Model.edu.pitt.cabig.cae.domain.general.ThreeDimensionalTumorSize,Logical View.Data Model.Logical Model.edu.pitt.cabig.cae.domain.general.ThreeDimensionalTumorSize,General measurement of tumor size in 3 dimensions,Size,Size,ObjectClass,C25681,The physical magnitude of something.,NCI,,1
Logical View.Data Model.Logical Model.edu.pitt.cabig.cae.domain.general.ThreeDimensionalTumorSize,Logical View.Data Model.Logical Model.edu.pitt.cabig.cae.domain.general.ThreeDimensionalTumorSize,General measurement of tumor size in 3 dimensions,Neoplasm,Neoplasm,ObjectClass,C3262,"An abnormal tissue growth resulted from uncontrolled cell proliferation.  Benign neoplastic cells resemble normal cells without exhibiting significant cytologic atypia, while malignant ones exhibit overt signs such as dysplastic features, atypical mitotic figures, necrosis, nuclear pleomorphism, and anaplasia.  Representative examples of benign neoplasms include papillomas, cystadenomas, and lipomas; malignant neoplasms include carcinomas, sarcomas, lymphomas, and leukemias. -- 2004",NCI,,1
Logical View.Data Model.Logical Model.edu.pitt.cabig.cae.domain.general.ThreeDimensionalTumorSize,greatestDimension,Greatest length of three dimensions.,Dimension,Dimension,Property,C25483,"The magnitude of something in a particular direction, especially length or width or height.",NCI,,1
Logical View.Data Model.Logical Model.edu.pitt.cabig.cae.domain.general.ThreeDimensionalTumorSize,greatestDimension,Greatest length of three dimensions.,Most,Most,Property,C25258,"Greatest in amount, extent, or degree.",NCI,,1
Logical View.Data Model.Logical Model.edu.pitt.cabig.cae.domain.general.ThreeDimensionalTumorSize,additionalDimensionY,Second dimension length.,Yes,Yes,Property,C49488,The affirmative response to a question.,NCI,,1
Logical View.Data Model.Logical Model.edu.pitt.cabig.cae.domain.general.ThreeDimensionalTumorSize,additionalDimensionY,Second dimension length.,Dimension,Dimension,Property,C25483,"The magnitude of something in a particular direction, especially length or width or height.",NCI,,1
Logical View.Data Model.Logical Model.edu.pitt.cabig.cae.domain.general.ThreeDimensionalTumorSize,additionalDimensionY,Second dimension length.,Additional,Additional,Property,C25406,Added; extra; further.,NCI,,1
Logical View.Data Model.Logical Model.edu.pitt.cabig.cae.domain.general.ThreeDimensionalTumorSize,additionalDimensionY,Second dimension length.,Y-Dimension,Y-Dimension,Property,C45785,The magnitude of something in a vertical direction.,NCI,,1
Logical View.Data Model.Logical Model.edu.pitt.cabig.cae.domain.general.ThreeDimensionalTumorSize,additionalDimensionY,Second dimension length.,Y-Coordinate,Y-Coordinate,Property,C44478,A vertical coordinate that is used together with a horizontal coordinate to specify an exact point in space.,NCI,,1
Logical View.Data Model.Logical Model.edu.pitt.cabig.cae.domain.general.ThreeDimensionalTumorSize,additionalDimensionZ,Second dimension length,Z-Dimension,Z-Dimension,Property,C49150,"The magnitude of something in a third direction, generally representing depth.",NCI,,1
Logical View.Data Model.Logical Model.edu.pitt.cabig.cae.domain.general.ThreeDimensionalTumorSize,additionalDimensionZ,Second dimension length,Z-Coordinate,Z-Coordinate,Property,C44479,A third coordinate that is used together with horizontal (x) and vertical (y) coordinates to specify an exact point in a three dimensional space.,NCI,,1
Logical View.Data Model.Logical Model.edu.pitt.cabig.cae.domain.general.ThreeDimensionalTumorSize,additionalDimensionZ,Second dimension length,Dimension,Dimension,Property,C25483,"The magnitude of something in a particular direction, especially length or width or height.",NCI,,1
Logical View.Data Model.Logical Model.edu.pitt.cabig.cae.domain.general.ThreeDimensionalTumorSize,additionalDimensionZ,Second dimension length,Additional,Additional,Property,C25406,Added; extra; further.,NCI,,1
Logical View.Data Model.Logical Model.edu.pitt.cabig.cae.domain.general.ThreeDimensionalTumorSize,MVR,Third dimension length,Missing_Value_Reason,Missing Value Reason,Property,C48655,"A specific reason explaining why a meaningful value is not available.  A meaningful value answers the question posed by a Data Element Concept.  In contrast, a Missing Value Reason answers the implicit question ""Why is there no 'meaningful' value?"", when there is none.",NCI,,1
Logical View.Data Model.Logical Model.edu.pitt.cabig.cae.domain.general.HistologicGrade,Logical View.Data Model.Logical Model.edu.pitt.cabig.cae.domain.general.HistologicGrade,The microscopic classification of degree of abnormality of a neoplasm.,Grade,Grade,ObjectClass,C48309,A position on a scale of intensity or amount or quality.,NCI,,1
Logical View.Data Model.Logical Model.edu.pitt.cabig.cae.domain.general.HistologicGrade,Logical View.Data Model.Logical Model.edu.pitt.cabig.cae.domain.general.HistologicGrade,The microscopic classification of degree of abnormality of a neoplasm.,Histologic,Histologic,ObjectClass,C25526,Pertaining to the combined microscopic physical features of cells and their surrounding extracellular environment in tissues.,NCI,,1
Logical View.Data Model.Logical Model.edu.pitt.cabig.cae.domain.general.HistologicGrade,Logical View.Data Model.Logical Model.edu.pitt.cabig.cae.domain.general.HistologicGrade,The microscopic classification of degree of abnormality of a neoplasm.,Histopathologic_Grade,Histologic Grade,ObjectClass,C18000,"The degree of abnormality of cancer cells, a measure of differentiation, the extent to which cancer cells are similar in appearance and function to healthy cells of the same tissue type. The degree of differentiation often relates to the clinical behavior of the particular tumor. Based on the microscopic findings, tumor grade is commonly described by one of four degrees of severity. Histopathologic grade of a tumor may be used to plan treatment and estimate the future course, outcome, and overall prognosis of disease. Certain types of cancers, such as soft tissue sarcoma, primary brain tumors, lymphomas, and breast have special grading systems.",NCI,,1
Logical View.Data Model.Logical Model.edu.pitt.cabig.cae.domain.general.Accession,Logical View.Data Model.Logical Model.edu.pitt.cabig.cae.domain.general.Accession,A procedure event,Accession,Accession,ObjectClass,C45257,A process of increasing by addition (as to a collection or group).,NCI,,1
Logical View.Data Model.Logical Model.edu.pitt.cabig.cae.domain.general.Accession,diseaseType,The organ where the primary tumor is located.,Type,Type,Property,C25284,Something distinguishable as an identifiable class based on common qualities.,NCI,,1
Logical View.Data Model.Logical Model.edu.pitt.cabig.cae.domain.general.Accession,diseaseType,The organ where the primary tumor is located.,Diseases_and_Disorders,Diseases and Disorders,Property,C2991,"Any abnormal condition of the body or mind that causes discomfort, dysfunction, or distress to the person affected or those in contact with the person. Sometimes the term is used broadly to include injuries, disabilities, syndromes, symptoms, deviant behaviors, and atypical variations of structure and function.",NCI,,1
Logical View.Data Model.Logical Model.edu.pitt.cabig.cae.domain.general.AnnotationEventParameters,Logical View.Data Model.Logical Model.edu.pitt.cabig.cae.domain.general.AnnotationEventParameters,The parameters used in the annotation,Annotation,Annotation,ObjectClass,C44272,An explanatory or critical comment that has been added to a text.,NCI,,1
Logical View.Data Model.Logical Model.edu.pitt.cabig.cae.domain.general.AnnotationEventParameters,Logical View.Data Model.Logical Model.edu.pitt.cabig.cae.domain.general.AnnotationEventParameters,The parameters used in the annotation,Event,Event,ObjectClass,C25499,Something that happens at a given place and time.,NCI,,1
Logical View.Data Model.Logical Model.edu.pitt.cabig.cae.domain.general.AnnotationEventParameters,source,The date the annotation data was entered into CAE or imported from other source to CAE,Term_Source,Term Source,Property,C43822,An indicator of the particular group or agency that supplied a specific term.,NCI,,1
Logical View.Data Model.Logical Model.edu.pitt.cabig.cae.domain.general.AnnotationEventParameters,source,The date the annotation data was entered into CAE or imported from other source to CAE,Source,Source,Property,C25683,Where something is available or from where it originates.,NCI,,1
Logical View.Data Model.Logical Model.edu.pitt.cabig.cae.domain.general.AnnotationEventParameters,sourceDate,The date the annotation data was input into CAE or import from other source to CAE.,Date,Date,Property,C25164,"The particular day, month and year an event has happened or will happen.",NCI,,1
Logical View.Data Model.Logical Model.edu.pitt.cabig.cae.domain.general.AnnotationEventParameters,sourceDate,The date the annotation data was input into CAE or import from other source to CAE.,Term_Source,Term Source,Property,C43822,An indicator of the particular group or agency that supplied a specific term.,NCI,,1
Logical View.Data Model.Logical Model.edu.pitt.cabig.cae.domain.general.AnnotationEventParameters,sourceDate,The date the annotation data was input into CAE or import from other source to CAE.,Source,Source,Property,C25683,Where something is available or from where it originates.,NCI,,1
Logical View.Data Model.Logical Model.edu.pitt.cabig.cae.domain.general.AccessionCharacteristics,Logical View.Data Model.Logical Model.edu.pitt.cabig.cae.domain.general.AccessionCharacteristics,Annotations specific to an Accession that are not Protected Health Information,Accession,Accession,ObjectClass,C45257,A process of increasing by addition (as to a collection or group).,NCI,,1
Logical View.Data Model.Logical Model.edu.pitt.cabig.cae.domain.general.AccessionCharacteristics,Logical View.Data Model.Logical Model.edu.pitt.cabig.cae.domain.general.AccessionCharacteristics,Annotations specific to an Accession that are not Protected Health Information,Characteristics,Characteristic,ObjectClass,C25447,"The distinguishing qualities or prominent aspect of a person, object, action, process, or substance.",NCI,,1
Logical View.Data Model.Logical Model.edu.pitt.cabig.cae.domain.general.AccessionCharacteristics,surgicalProcedure,The surgical procedure by which one or more biospecimens was obtained.,Surgical_Procedure,Surgical Procedure,Property,C15329,"A diagnostic or treatment procedure performed by manual and/or instrumental means, often involving an incision and the removal or replacement of a diseased organ or tissue; of or relating to or involving or used in surgery or requiring or amenable to treatment by surgery.",NCI,,1
Logical View.Data Model.Logical Model.edu.pitt.cabig.cae.domain.general.AccessionCharacteristics,surgicalProcedure,The surgical procedure by which one or more biospecimens was obtained.,Surgical,Surgical,Property,C25698,Of or relating to or involving or used in surgery or requiring or amenable to treatment by surgery.,NCI,,1
Logical View.Data Model.Logical Model.edu.pitt.cabig.cae.domain.general.AccessionCharacteristics,surgicalProcedure,The surgical procedure by which one or more biospecimens was obtained.,Procedure,Procedure,Property,C25218,A particular course of action intended to achieve a result.,NCI,,1
Logical View.Data Model.Logical Model.edu.pitt.cabig.cae.domain.general.AccessionCharacteristics,otherSurgicalProcedure,User-entered text specifying a surgical procedure that is not in the list of values provided,Other_Routes_of_Drug_Administration,Other Route of Administration,Property,C38290,Route of drug administration not specified on this list.,NCI,,1
Logical View.Data Model.Logical Model.edu.pitt.cabig.cae.domain.general.AccessionCharacteristics,otherSurgicalProcedure,User-entered text specifying a surgical procedure that is not in the list of values provided,Surgical,Surgical,Property,C25698,Of or relating to or involving or used in surgery or requiring or amenable to treatment by surgery.,NCI,,1
Logical View.Data Model.Logical Model.edu.pitt.cabig.cae.domain.general.AccessionCharacteristics,otherSurgicalProcedure,User-entered text specifying a surgical procedure that is not in the list of values provided,Procedure,Procedure,Property,C25218,A particular course of action intended to achieve a result.,NCI,,1
Logical View.Data Model.Logical Model.edu.pitt.cabig.cae.domain.general.AccessionCharacteristics,otherSurgicalProcedure,User-entered text specifying a surgical procedure that is not in the list of values provided,Other_Health_Care_Professional,Other Health Care Professional,Property,C53289,Health care professional other than listed in section D5 of FDA MedWatch form 3500A.,NCI,,1
Logical View.Data Model.Logical Model.edu.pitt.cabig.cae.domain.general.AccessionCharacteristics,otherSurgicalProcedure,User-entered text specifying a surgical procedure that is not in the list of values provided,Other,Other,Property,C17649,Different than the one(s) previously specified or mentioned.,NCI,,1
Logical View.Data Model.Logical Model.edu.pitt.cabig.cae.domain.general.Participant,Logical View.Data Model.Logical Model.edu.pitt.cabig.cae.domain.general.Participant,An individual from whom a specimen is collected,Participant,Participant,ObjectClass,C29867,Someone who takes part in an activity.,NCI,,1
Logical View.Data Model.Logical Model.edu.pitt.cabig.cae.domain.general.SpecimenCharacteristics,Logical View.Data Model.Logical Model.edu.pitt.cabig.cae.domain.general.SpecimenCharacteristics,"This is a class from the caTISSUE Core model.  However, they put tissueSide as an attribute on this class, which doesn't seem accurate, since that is not relevant for some specimens.   They also include pathological[sic]Status (malignant, non-malignant, non-malignant diseases, pre-malignant).  So far in CAE, all are malignant.",Specimen,Specimen,ObjectClass,C19157,"A part of a thing, or of several things, taken to demonstrate or to determine the character of the whole, e.g. a substance, or portion of material obtained for use in testing, examination, or study; particularly, a preparation of tissue or bodily fluid taken for examination or diagnosis.",NCI,,1
Logical View.Data Model.Logical Model.edu.pitt.cabig.cae.domain.general.SpecimenCharacteristics,Logical View.Data Model.Logical Model.edu.pitt.cabig.cae.domain.general.SpecimenCharacteristics,"This is a class from the caTISSUE Core model.  However, they put tissueSide as an attribute on this class, which doesn't seem accurate, since that is not relevant for some specimens.   They also include pathological[sic]Status (malignant, non-malignant, non-malignant diseases, pre-malignant).  So far in CAE, all are malignant.",Characteristics,Characteristic,ObjectClass,C25447,"The distinguishing qualities or prominent aspect of a person, object, action, process, or substance.",NCI,,1
Logical View.Data Model.Logical Model.edu.pitt.cabig.cae.domain.general.CancerTNMFinding,Logical View.Data Model.Logical Model.edu.pitt.cabig.cae.domain.general.CancerTNMFinding,TNM finding of the American Joint Committee on Cancer (AJCC) and International Union Against Cancer (UICC) recommended classification system for cancers.,Malignant_Neoplasm,Malignant Neoplasm,ObjectClass,C9305,"A tumor composed of atypical neoplastic, often pleomorphic cells that invade other tissues.  Malignant neoplasms often metastasize to distant anatomic sites and may recur after excision.",NCI,,1
Logical View.Data Model.Logical Model.edu.pitt.cabig.cae.domain.general.CancerTNMFinding,category,"Type of cancer TNM finding category, for example pathologic classification (p), classification following initial treatment (y),  recurrent tumor (r), stage determined at autopsy (a).",Category,Category,Property,C25372,This term is used informally to mean a class of things.,NCI,,1
Logical View.Data Model.Logical Model.edu.pitt.cabig.cae.domain.general.CancerTNMFinding,primaryTumorFinding,"Type of cancer TNM finding category, for example pathologic classification (p), classification following initial treatment (y),  recurrent tumor (r), stage determined at autopsy (a)",Neoplasm,Neoplasm,Property,C3262,"An abnormal tissue growth resulted from uncontrolled cell proliferation.  Benign neoplastic cells resemble normal cells without exhibiting significant cytologic atypia, while malignant ones exhibit overt signs such as dysplastic features, atypical mitotic figures, necrosis, nuclear pleomorphism, and anaplasia.  Representative examples of benign neoplasms include papillomas, cystadenomas, and lipomas; malignant neoplasms include carcinomas, sarcomas, lymphomas, and leukemias. -- 2004",NCI,,1
Logical View.Data Model.Logical Model.edu.pitt.cabig.cae.domain.general.CancerTNMFinding,primaryTumorFinding,"Type of cancer TNM finding category, for example pathologic classification (p), classification following initial treatment (y),  recurrent tumor (r), stage determined at autopsy (a)",Primary,Primary,Property,C25251,Occurring first in time or sequence; original; of greatest rank or importance or value.,NCI,,1
Logical View.Data Model.Logical Model.edu.pitt.cabig.cae.domain.general.CancerTNMFinding,primaryTumorFinding,"Type of cancer TNM finding category, for example pathologic classification (p), classification following initial treatment (y),  recurrent tumor (r), stage determined at autopsy (a)",Finding,Finding,Property,C3367,Objective evidence of disease perceptible to the examining physician (sign) and subjective evidence of disease perceived by the patient (symptom).,NCI,,1
Logical View.Data Model.Logical Model.edu.pitt.cabig.cae.domain.general.CancerTNMFinding,regionalLymphNodesFinding,Classification of primary tumor based on AJCC Staging guidelines,Regional,Regional,Property,C25643,Limited to a particular location or area.,NCI,,1
Logical View.Data Model.Logical Model.edu.pitt.cabig.cae.domain.general.CancerTNMFinding,regionalLymphNodesFinding,Classification of primary tumor based on AJCC Staging guidelines,Lymph,Lymph,Property,C13252,"A clear, transparent, sometimes faintly yellow and slightly opalescent fluid that is collected from the tissues throughout the body, flows in the lymphatic vessels (through the lymph nodes), and is eventually added to the venous blood circulation. Lymph consists of a clear liquid portion, varying numbers of white blood cells (chiefly lymphocytes), and a few red blood cells.",NCI,,1
Logical View.Data Model.Logical Model.edu.pitt.cabig.cae.domain.general.CancerTNMFinding,regionalLymphNodesFinding,Classification of primary tumor based on AJCC Staging guidelines,Local-Regional,Local,Property,C25388,Affecting only a restricted part or area (of the body).,NCI,,1
Logical View.Data Model.Logical Model.edu.pitt.cabig.cae.domain.general.CancerTNMFinding,regionalLymphNodesFinding,Classification of primary tumor based on AJCC Staging guidelines,Finding,Finding,Property,C3367,Objective evidence of disease perceptible to the examining physician (sign) and subjective evidence of disease perceived by the patient (symptom).,NCI,,1
Logical View.Data Model.Logical Model.edu.pitt.cabig.cae.domain.general.CancerTNMFinding,distantMetastasisFinding,Classification of distant metastases based on AJCC Staging guidelines.,Distant,Distant,Property,C25321,"Far apart in space, time, or relevance.",NCI,,1
Logical View.Data Model.Logical Model.edu.pitt.cabig.cae.domain.general.CancerTNMFinding,distantMetastasisFinding,Classification of distant metastases based on AJCC Staging guidelines.,Metastasis,Metastasis,Property,C19151,"Metastasis is the spread or migration of cancer cells from one part of the body (the organ in which it first appeared) to another. The secondary tumor contains cells that are like those in the original (primary) tumor. For example, breast cancer cells may spread (metastasize) to the lungs and cause the growth of a new tumor. When this happens, the disease is called metastatic breast cancer. (NCI)",NCI,,1
Logical View.Data Model.Logical Model.edu.pitt.cabig.cae.domain.general.CancerTNMFinding,distantMetastasisFinding,Classification of distant metastases based on AJCC Staging guidelines.,Finding,Finding,Property,C3367,Objective evidence of disease perceptible to the examining physician (sign) and subjective evidence of disease perceived by the patient (symptom).,NCI,,1
Logical View.Data Model.Logical Model.edu.pitt.cabig.cae.domain.general.AnnotationSet,Logical View.Data Model.Logical Model.edu.pitt.cabig.cae.domain.general.AnnotationSet,The collection of all the data in the annotation,Annotation,Annotation,ObjectClass,C44272,An explanatory or critical comment that has been added to a text.,NCI,,1
Logical View.Data Model.Logical Model.edu.pitt.cabig.cae.domain.general.AnnotationSet,Logical View.Data Model.Logical Model.edu.pitt.cabig.cae.domain.general.AnnotationSet,The collection of all the data in the annotation,Set,Set,ObjectClass,C47894,A group of things of the same kind that belong together and are so used.,NCI,,1
Logical View.Data Model.Logical Model.edu.pitt.cabig.cae.domain.general.AnnotationSet,id,System-generated internal identifier,Idaho,Idaho,Property,C43499,A state in the northern Rocky Mountains of western United States. Its capital is Boise.,NCI,,1
Logical View.Data Model.Logical Model.edu.pitt.cabig.cae.domain.general.AnnotationSet,id,System-generated internal identifier,Indonesia,Indonesia,Property,C16728,"A country in Southeastern Asia, comprising the archipelago between the Indian Ocean and the Pacific Ocean.",NCI,,1
Logical View.Data Model.Logical Model.edu.pitt.cabig.cae.domain.general.AnnotationSet,id,System-generated internal identifier,Identifier,Identifier,Property,C25364,"One or more characters used to identify, name, or characterize the nature, properties, or contents of a thing.",NCI,,1
Logical View.Data Model.Logical Model.edu.pitt.cabig.cae.domain.general.AdditionalFindings,Logical View.Data Model.Logical Model.edu.pitt.cabig.cae.domain.general.AdditionalFindings,Significant pathologic findings that are present in addition to the tumor.,Additional,Additional,ObjectClass,C25406,Added; extra; further.,NCI,,1
Logical View.Data Model.Logical Model.edu.pitt.cabig.cae.domain.general.AdditionalFindings,otherFindings,User-entered text describing additional finding or findings not elsewhere described in synoptic report,Other_Routes_of_Drug_Administration,Other Route of Administration,Property,C38290,Route of drug administration not specified on this list.,NCI,,1
Logical View.Data Model.Logical Model.edu.pitt.cabig.cae.domain.general.AdditionalFindings,otherFindings,User-entered text describing additional finding or findings not elsewhere described in synoptic report,Other_Health_Care_Professional,Other Health Care Professional,Property,C53289,Health care professional other than listed in section D5 of FDA MedWatch form 3500A.,NCI,,1
Logical View.Data Model.Logical Model.edu.pitt.cabig.cae.domain.general.AdditionalFindings,otherFindings,User-entered text describing additional finding or findings not elsewhere described in synoptic report,Other,Other,Property,C17649,Different than the one(s) previously specified or mentioned.,NCI,,1
Logical View.Data Model.Logical Model.edu.pitt.cabig.cae.domain.general.AdditionalFindings,MVR,Reason no additional findings are specified,Missing_Value_Reason,Missing Value Reason,Property,C48655,"A specific reason explaining why a meaningful value is not available.  A meaningful value answers the question posed by a Data Element Concept.  In contrast, a Missing Value Reason answers the implicit question ""Why is there no 'meaningful' value?"", when there is none.",NCI,,1
Logical View.Data Model.Logical Model.edu.pitt.cabig.cae.domain.general.Neoplasm,Logical View.Data Model.Logical Model.edu.pitt.cabig.cae.domain.general.Neoplasm,A neoplastic growth.,Neoplasm,Neoplasm,ObjectClass,C3262,"An abnormal tissue growth resulted from uncontrolled cell proliferation.  Benign neoplastic cells resemble normal cells without exhibiting significant cytologic atypia, while malignant ones exhibit overt signs such as dysplastic features, atypical mitotic figures, necrosis, nuclear pleomorphism, and anaplasia.  Representative examples of benign neoplasms include papillomas, cystadenomas, and lipomas; malignant neoplasms include carcinomas, sarcomas, lymphomas, and leukemias. -- 2004",NCI,,1
Logical View.Data Model.Logical Model.edu.pitt.cabig.cae.domain.general.AnnotatableEntity,Logical View.Data Model.Logical Model.edu.pitt.cabig.cae.domain.general.AnnotatableEntity,"Any items that can be annotated by CAE, i.e. Accession, Specimen",Entity,Entity,ObjectClass,C51070,An independently existing thing (living or nonliving).,NCI,,1
Logical View.Data Model.Logical Model.edu.pitt.cabig.cae.domain.general.AnnotatableEntity,id,System generated internal identifier,Idaho,Idaho,Property,C43499,A state in the northern Rocky Mountains of western United States. Its capital is Boise.,NCI,,1
Logical View.Data Model.Logical Model.edu.pitt.cabig.cae.domain.general.AnnotatableEntity,id,System generated internal identifier,Indonesia,Indonesia,Property,C16728,"A country in Southeastern Asia, comprising the archipelago between the Indian Ocean and the Pacific Ocean.",NCI,,1
Logical View.Data Model.Logical Model.edu.pitt.cabig.cae.domain.general.AnnotatableEntity,id,System generated internal identifier,Identifier,Identifier,Property,C25364,"One or more characters used to identify, name, or characterize the nature, properties, or contents of a thing.",NCI,,1
Logical View.Data Model.Logical Model.edu.pitt.cabig.cae.domain.general.EventParameters,Logical View.Data Model.Logical Model.edu.pitt.cabig.cae.domain.general.EventParameters,The parameters for an event,Event,Event,ObjectClass,C25499,Something that happens at a given place and time.,NCI,,1
Logical View.Data Model.Logical Model.edu.pitt.cabig.cae.domain.general.EventParameters,id,System generated internal identifier.,Idaho,Idaho,Property,C43499,A state in the northern Rocky Mountains of western United States. Its capital is Boise.,NCI,,1
Logical View.Data Model.Logical Model.edu.pitt.cabig.cae.domain.general.EventParameters,id,System generated internal identifier.,Indonesia,Indonesia,Property,C16728,"A country in Southeastern Asia, comprising the archipelago between the Indian Ocean and the Pacific Ocean.",NCI,,1
Logical View.Data Model.Logical Model.edu.pitt.cabig.cae.domain.general.EventParameters,id,System generated internal identifier.,Identifier,Identifier,Property,C25364,"One or more characters used to identify, name, or characterize the nature, properties, or contents of a thing.",NCI,,1
Logical View.Data Model.Logical Model.edu.pitt.cabig.cae.domain.general.EventParameters,timeStamp,System-generated internal identifier,Time,Time,Property,C25207,The continuum of experience in which events pass from the future through the present to the past; a specific point in this continuum or the interval separating two points.,NCI,,1
Logical View.Data Model.Logical Model.edu.pitt.cabig.cae.domain.general.EventParameters,timeStamp,System-generated internal identifier,Timestamp_Value,Timestamp,Property,C54086,"A variation of the Date datatype that's useful for storing very precise datetime values, down to small fractions of seconds. The Timestamp datatype stores all the information that the Date datatype stores, but also includes fractional seconds.",NCI,,1
Logical View.Data Model.Logical Model.edu.pitt.cabig.cae.domain.general.EventParameters,timeStamp,System-generated internal identifier,STAMP,STAMP,Property,C29438,,,,1
Logical View.Data Model.Logical Model.edu.pitt.cabig.cae.domain.general.Specimen,Logical View.Data Model.Logical Model.edu.pitt.cabig.cae.domain.general.Specimen,A piece of tissue  from surgery for banking. It can be a part or block.,Specimen,Specimen,ObjectClass,C19157,"A part of a thing, or of several things, taken to demonstrate or to determine the character of the whole, e.g. a substance, or portion of material obtained for use in testing, examination, or study; particularly, a preparation of tissue or bodily fluid taken for examination or diagnosis.",NCI,,1
Logical View.Data Model.Logical Model.edu.pitt.cabig.cae.domain.general.breast.BreastCancerBiomarkers,Logical View.Data Model.Logical Model.edu.pitt.cabig.cae.domain.general.breast.BreastCancerBiomarkers,The collection of results of testing for breast cancer biomarkers,Breast,Breast,ObjectClass,C12971,One of two hemispheric projections of variable size situated in the subcutaneous layer over the pectoralis major muscle on either side of the chest.,NCI,,1
Logical View.Data Model.Logical Model.edu.pitt.cabig.cae.domain.general.breast.BreastCancerBiomarkers,Logical View.Data Model.Logical Model.edu.pitt.cabig.cae.domain.general.breast.BreastCancerBiomarkers,The collection of results of testing for breast cancer biomarkers,Biomarker,Biomarker,ObjectClass,C16342,"Objectively measurable phenotypic parameters (e.g., specific enzyme concentration, specific hormone concentration, specific gene phenotype, presence of biological substances) that characterize an organism's state of health or disease, likelihood of developing a disease, or response to a particular therapeutic intervention.",NCI,,1
Logical View.Data Model.Logical Model.edu.pitt.cabig.cae.domain.general.breast.BreastCancerBiomarkers,Logical View.Data Model.Logical Model.edu.pitt.cabig.cae.domain.general.breast.BreastCancerBiomarkers,The collection of results of testing for breast cancer biomarkers,Malignant_Neoplasm,Malignant Neoplasm,ObjectClass,C9305,"A tumor composed of atypical neoplastic, often pleomorphic cells that invade other tissues.  Malignant neoplasms often metastasize to distant anatomic sites and may recur after excision.",NCI,,1
Logical View.Data Model.Logical Model.edu.pitt.cabig.cae.domain.general.breast.BreastCancerBiomarkers,estrogenReceptor,Pathologist's interpretation of the result of an Estrogen Receptor assay.,Estrogen,Estrogen,Property,C2293,,,,1
Logical View.Data Model.Logical Model.edu.pitt.cabig.cae.domain.general.breast.BreastCancerBiomarkers,estrogenReceptor,Pathologist's interpretation of the result of an Estrogen Receptor assay.,Estrogen_Receptor_1,Estrogen Receptor 1,Property,C38361,"Encoded by human ESR1 Gene (NR3 Family) as 2 alternative isoforms, Estrogen Receptor 1 is a ligand-activated nuclear hormone receptor transcription factor composed of an N-terminal transcription activation/modulation domain, a DNA-binding domain, and a C-terminal steroid-binding domain. ESR1 binds DNA as a homodimer or as a heterodimer with ESR2 and interacts with NCOA3, NCOA5, and NCOA6 coactivators. Hormone-ESR1 complexes appear to recognize discrete upstream target ERE DNA sequences to regulate gene expression, cell proliferation, and differentiation. Phosphorylated by cyclin A/CDK2 may enhances transcriptional activity. (NCI)",NCI,,1
Logical View.Data Model.Logical Model.edu.pitt.cabig.cae.domain.general.breast.BreastCancerBiomarkers,estrogenReceptor,Pathologist's interpretation of the result of an Estrogen Receptor assay.,Receptor,Receptor,Property,C18106,"A receptor is a protein located on the cell surface, or in the cytoplasm, that binds to a specific signaling factor, such as a hormone, antigen, or neurotransmitter, causing a conformational and functional change in the receptor molecule.  The ligand-bound receptor then alters its interaction with target molecules, which leads to changes in cellular physiology through modification of the activity of one or more signal transduction pathways.",NCI,,1
Logical View.Data Model.Logical Model.edu.pitt.cabig.cae.domain.general.breast.BreastCancerBiomarkers,estrogenReceptor,Pathologist's interpretation of the result of an Estrogen Receptor assay.,Estrogen_Receptor,Estrogen Receptor,Property,C17069,"Widely expressed human Estrogen Receptors (NR3 Family) are cytoplasmic hormone-activated receptors that act as nuclear transcription factors composed of an N-terminal transcription activation/modulation domain, a DNA-binding domain, and a C-terminal steroid-binding domain. Binding to DNA as a homo- or heterodimer, ESR interacts with NCOA3, NCOA5, and NCOA6 coactivators. Hormone-ESR complexes appear to recognize discrete upstream target ERE DNA sequences to regulate gene expression, cell proliferation, and differentiation. DNA-binding is lost in the absence of ligand. (NCI)",NCI,,1
Logical View.Data Model.Logical Model.edu.pitt.cabig.cae.domain.general.breast.BreastCancerBiomarkers,progesteroneReceptor,Pathologist's interpretation of the result of a Progesterone Receptor assay.,Progesterone,Progesterone,Property,C2297,"Produced in the corpus luteum and by the placenta, as an antagonist of estrogens. Promotes proliferation of uterine mucosa and the implantation of the blastocyst, prevents further follicular development.",NCI,,1
Logical View.Data Model.Logical Model.edu.pitt.cabig.cae.domain.general.breast.BreastCancerBiomarkers,progesteroneReceptor,Pathologist's interpretation of the result of a Progesterone Receptor assay.,Receptor,Receptor,Property,C18106,"A receptor is a protein located on the cell surface, or in the cytoplasm, that binds to a specific signaling factor, such as a hormone, antigen, or neurotransmitter, causing a conformational and functional change in the receptor molecule.  The ligand-bound receptor then alters its interaction with target molecules, which leads to changes in cellular physiology through modification of the activity of one or more signal transduction pathways.",NCI,,1
Logical View.Data Model.Logical Model.edu.pitt.cabig.cae.domain.general.breast.BreastCancerBiomarkers,progesteroneReceptor,Pathologist's interpretation of the result of a Progesterone Receptor assay.,Progesterone_Receptor,Progesterone Receptor,Property,C17075,"Specific proteins found in or on cells of progesterone target tissues that specifically combine with progesterone. The cytosol progesterone-receptor complex then associates with the nucleic acids to initiate protein synthesis. There are two kinds of progesterone receptors, A and B. Both are induced by estrogen and have short half-lives.",NCI,,1
Logical View.Data Model.Logical Model.edu.pitt.cabig.cae.domain.general.breast.BreastCancerBiomarkers,progesteroneReceptor,Pathologist's interpretation of the result of a Progesterone Receptor assay.,Therapeutic_Progesterone,Therapeutic Progesterone,Property,C777,"A synthetic form of the endogenous hormone progesterone.  Progesterone binds to the progesterone receptor, resulting in dissociation of heat shock proteins, receptor phosphorylation, and transcription activation through direct or indirect interaction with transcription factors.  This agent exerts inhibitory effects on estrogens by decreasing the number of estrogen receptors and increasing its metabolism to inactive metabolites.  Progesterone induces secretory changes in the endometrium, decreases uterine contractility during pregnancy, and maintains pregnancy. (NCI04)",NCI,,1
Logical View.Data Model.Logical Model.edu.pitt.cabig.cae.domain.general.breast.BreastCancerBiomarkers,HER2Status,Pathologist's interpretation of the value of a HER2/neu test,Status,Status,Property,C25688,A condition or state at a particular time.,NCI,,1
Logical View.Data Model.Logical Model.edu.pitt.cabig.cae.domain.general.breast.BreastCancerBiomarkers,HER2Status,Pathologist's interpretation of the value of a HER2/neu test,ERBB2_Receptor_Protein-Tyrosine_Kinase,ERBB2 Receptor Protein-Tyrosine Kinase,Property,C17319,"The ERBB2 gene encodes a putative tyrosine kinase growth factor receptor EGFR2, p185 HER2/NEU antigen, similar to the EGF receptor.  The ERBB2, ERBB3, and ERBB4 genes encode heregulin/neuregulin receptors, members of the EGFR-related type I receptor tyrosine kinase subfamily.  The encoded proteins form homo- and heterodimers, which complicates assignment of function: ERBB2 homodimers do not bind heregulin, but ERBB2/ERBB3 heterodimers do.  Herstatin is a secreted alternative ERBB2 product, of the extracellular domain, that binds to p185ERBB2, disrupts ERBB2 dimers, reduces p185 phosphorylation, and inhibits growth.  Human ERBB2 gene is located at 17p12-21.  Overexpression of HER-2 correlates with poor prognosis in breast carcinoma.",NCI,,1
Logical View.Data Model.Logical Model.edu.pitt.cabig.cae.domain.general.breast.BreastCancerBiomarkers,HER2Status,Pathologist's interpretation of the value of a HER2/neu test,ERBB2_wt_Allele,ERBB2 wt Allele,Property,C52166,"Human ERBB2 wild-type allele is located in the vicinity of 17q21.1 and is approximately 29 kb in length. This allele, which encodes receptor tyrosine-protein kinase erbB-2 protein, plays a role in EGF receptor signal transduction pathways and cellular growth. Amplification or overexpression of this gene is involved in the progression of several forms of cancer, including breast and ovarian tumors.",NCI,,1
Logical View.Data Model.Logical Model.edu.pitt.cabig.cae.domain.general.breast.BreastCancerBiomarkers,HER2TestType,The type of HER2 test that resulted in the specified value,Type,Type,Property,C25284,Something distinguishable as an identifiable class based on common qualities.,NCI,,1
Logical View.Data Model.Logical Model.edu.pitt.cabig.cae.domain.general.breast.BreastCancerBiomarkers,HER2TestType,The type of HER2 test that resulted in the specified value,ERBB2_Receptor_Protein-Tyrosine_Kinase,ERBB2 Receptor Protein-Tyrosine Kinase,Property,C17319,"The ERBB2 gene encodes a putative tyrosine kinase growth factor receptor EGFR2, p185 HER2/NEU antigen, similar to the EGF receptor.  The ERBB2, ERBB3, and ERBB4 genes encode heregulin/neuregulin receptors, members of the EGFR-related type I receptor tyrosine kinase subfamily.  The encoded proteins form homo- and heterodimers, which complicates assignment of function: ERBB2 homodimers do not bind heregulin, but ERBB2/ERBB3 heterodimers do.  Herstatin is a secreted alternative ERBB2 product, of the extracellular domain, that binds to p185ERBB2, disrupts ERBB2 dimers, reduces p185 phosphorylation, and inhibits growth.  Human ERBB2 gene is located at 17p12-21.  Overexpression of HER-2 correlates with poor prognosis in breast carcinoma.",NCI,,1
Logical View.Data Model.Logical Model.edu.pitt.cabig.cae.domain.general.breast.BreastCancerBiomarkers,HER2TestType,The type of HER2 test that resulted in the specified value,Test,Laboratory Procedure,Property,C25294,,,,1
Logical View.Data Model.Logical Model.edu.pitt.cabig.cae.domain.general.breast.BreastCancerBiomarkers,HER2TestType,The type of HER2 test that resulted in the specified value,ERBB2_wt_Allele,ERBB2 wt Allele,Property,C52166,"Human ERBB2 wild-type allele is located in the vicinity of 17q21.1 and is approximately 29 kb in length. This allele, which encodes receptor tyrosine-protein kinase erbB-2 protein, plays a role in EGF receptor signal transduction pathways and cellular growth. Amplification or overexpression of this gene is involved in the progression of several forms of cancer, including breast and ovarian tumors.",NCI,,1
Logical View.Data Model.Logical Model.edu.pitt.cabig.cae.domain.general.breast.BreastCancerBiomarkers,EGFRStatus,Pathologist's interpretation of the result of the EGFR test,,,,,,,,1
Logical View.Data Model.Logical Model.edu.pitt.cabig.cae.domain.general.breast.NottinghamHistologicGrade,Logical View.Data Model.Logical Model.edu.pitt.cabig.cae.domain.general.breast.NottinghamHistologicGrade,A grading system for breast cancer.,Grade,Grade,ObjectClass,C48309,A position on a scale of intensity or amount or quality.,NCI,,1
Logical View.Data Model.Logical Model.edu.pitt.cabig.cae.domain.general.breast.NottinghamHistologicGrade,Logical View.Data Model.Logical Model.edu.pitt.cabig.cae.domain.general.breast.NottinghamHistologicGrade,A grading system for breast cancer.,Histologic,Histologic,ObjectClass,C25526,Pertaining to the combined microscopic physical features of cells and their surrounding extracellular environment in tissues.,NCI,,1
Logical View.Data Model.Logical Model.edu.pitt.cabig.cae.domain.general.breast.NottinghamHistologicGrade,tubuleFormation,Degree of tubule formation.,Formation,Formation,Property,C25513,The act of forming something or the structure formed.,NCI,,1
Logical View.Data Model.Logical Model.edu.pitt.cabig.cae.domain.general.breast.NottinghamHistologicGrade,tubuleFormation,Degree of tubule formation.,Tubule_Formation,Tubule Formation,Property,C62448,The presence of malignant tubular formations which are thought to represent malignant counterparts of the terminal ductal-lobular units of the breast.,NCI,,1
Logical View.Data Model.Logical Model.edu.pitt.cabig.cae.domain.general.breast.NottinghamHistologicGrade,nuclearPleomorphism,Degree of varation of nuclear shapes,Nuclear_Pleomorphism,Nuclear Pleomorphism,Property,C38721,Having nuclei with various distinct forms.,NCI,,1
Logical View.Data Model.Logical Model.edu.pitt.cabig.cae.domain.general.breast.NottinghamHistologicGrade,nuclearPleomorphism,Degree of varation of nuclear shapes,Nuclear,Nuclear,Property,C13361,Pertaining to the nucleus.,NCI,,1
Logical View.Data Model.Logical Model.edu.pitt.cabig.cae.domain.general.breast.NottinghamHistologicGrade,nuclearPleomorphism,Degree of varation of nuclear shapes,Pleomorphism,Pleomorphism,Property,C17000,Having different forms at different stages of the life cycle.,NCI,,1
Logical View.Data Model.Logical Model.edu.pitt.cabig.cae.domain.general.breast.NottinghamHistologicGrade,mitoticCount,An index of mitotic activity performed by counting and averaging the number mitoses within a specified area.,Mitotic,Mitotic,Property,C37993,Pertaining to mitosis.,NCI,,1
Logical View.Data Model.Logical Model.edu.pitt.cabig.cae.domain.general.breast.NottinghamHistologicGrade,mitoticCount,An index of mitotic activity performed by counting and averaging the number mitoses within a specified area.,Mitotic_Count,Mitotic Count,Property,C47864,"The number of mitoses identified under the microscope in tumors.  It is one of the parameters that determine the grade of malignant tumors.  The method of counting varies, according to the specific tumor examined.  Usually the mitotic count is determined based on the number of mitoses per high power field (40X) or 10 high power fields.",NCI,,1
Logical View.Data Model.Logical Model.edu.pitt.cabig.cae.domain.general.breast.NottinghamHistologicGrade,mitoticCount,An index of mitotic activity performed by counting and averaging the number mitoses within a specified area.,Count,Count,Property,C25463,To determine the number or amount of something; the result of this activity.,NCI,,1
Logical View.Data Model.Logical Model.edu.pitt.cabig.cae.domain.general.breast.NottinghamHistologicGrade,totalScore,"Sum of nuclear pleomorphism, tubule formation, and mitotic count grades.",Score,Score,Property,C25338,"A number or range of numeric values measuring performance, function, quality, or ability.",NCI,,1
Logical View.Data Model.Logical Model.edu.pitt.cabig.cae.domain.general.breast.NottinghamHistologicGrade,totalScore,"Sum of nuclear pleomorphism, tubule formation, and mitotic count grades.",Total,Total,Property,C25304,"Pertaining to an entirety or whole, also constituting the full quantity or extent; complete; derived by addition.",NCI,,1
Logical View.Data Model.Logical Model.edu.pitt.cabig.cae.domain.general.breast.NottinghamHistologicGrade,totalScoreMVR,Indicates the reason that Nottingham Histopathologic Grade totalScore is missing,Score,Score,Property,C25338,"A number or range of numeric values measuring performance, function, quality, or ability.",NCI,,1
Logical View.Data Model.Logical Model.edu.pitt.cabig.cae.domain.general.breast.NottinghamHistologicGrade,totalScoreMVR,Indicates the reason that Nottingham Histopathologic Grade totalScore is missing,Missing_Value_Reason,Missing Value Reason,Property,C48655,"A specific reason explaining why a meaningful value is not available.  A meaningful value answers the question posed by a Data Element Concept.  In contrast, a Missing Value Reason answers the implicit question ""Why is there no 'meaningful' value?"", when there is none.",NCI,,1
Logical View.Data Model.Logical Model.edu.pitt.cabig.cae.domain.general.breast.NottinghamHistologicGrade,totalScoreMVR,Indicates the reason that Nottingham Histopathologic Grade totalScore is missing,Total,Total,Property,C25304,"Pertaining to an entirety or whole, also constituting the full quantity or extent; complete; derived by addition.",NCI,,1
Logical View.Data Model.Logical Model.edu.pitt.cabig.cae.domain.general.breast.BreastSpecimenCharacteristics,Logical View.Data Model.Logical Model.edu.pitt.cabig.cae.domain.general.breast.BreastSpecimenCharacteristics,Description of a surgical pathologic specimen resulting from a surgical procedure for breast cancer; does not include Protected Health Information,Breast,Breast,ObjectClass,C12971,One of two hemispheric projections of variable size situated in the subcutaneous layer over the pectoralis major muscle on either side of the chest.,NCI,,1
Logical View.Data Model.Logical Model.edu.pitt.cabig.cae.domain.general.breast.BreastSpecimenCharacteristics,Logical View.Data Model.Logical Model.edu.pitt.cabig.cae.domain.general.breast.BreastSpecimenCharacteristics,Description of a surgical pathologic specimen resulting from a surgical procedure for breast cancer; does not include Protected Health Information,Specimen,Specimen,ObjectClass,C19157,"A part of a thing, or of several things, taken to demonstrate or to determine the character of the whole, e.g. a substance, or portion of material obtained for use in testing, examination, or study; particularly, a preparation of tissue or bodily fluid taken for examination or diagnosis.",NCI,,1
Logical View.Data Model.Logical Model.edu.pitt.cabig.cae.domain.general.breast.BreastSpecimenCharacteristics,Logical View.Data Model.Logical Model.edu.pitt.cabig.cae.domain.general.breast.BreastSpecimenCharacteristics,Description of a surgical pathologic specimen resulting from a surgical procedure for breast cancer; does not include Protected Health Information,Characteristics,Characteristic,ObjectClass,C25447,"The distinguishing qualities or prominent aspect of a person, object, action, process, or substance.",NCI,,1
Logical View.Data Model.Logical Model.edu.pitt.cabig.cae.domain.general.breast.BreastSpecimenCharacteristics,lymphNodeSamplingProcedure,Type of lymph node sampling performed.,Sampling,Sampling,Property,C25662,"The selection and obtaining of small representative quantities of biological material for the purpose of analysis; also, in biomedical statistics, sampling is the selection and implementation of statistical observations in order to estimate properties of an underlying population; also, in environmental science, the collection of representative specimens analyzed to characterize site conditions.",NCI,,1
Logical View.Data Model.Logical Model.edu.pitt.cabig.cae.domain.general.breast.BreastSpecimenCharacteristics,lymphNodeSamplingProcedure,Type of lymph node sampling performed.,Procedure,Procedure,Property,C25218,A particular course of action intended to achieve a result.,NCI,,1
Logical View.Data Model.Logical Model.edu.pitt.cabig.cae.domain.general.breast.BreastSpecimenCharacteristics,lymphNodeSamplingProcedure,Type of lymph node sampling performed.,Node,Node,Property,C45804,Any bulge or swelling of an anatomical structure or part.,NCI,,1
Logical View.Data Model.Logical Model.edu.pitt.cabig.cae.domain.general.breast.BreastSpecimenCharacteristics,lymphNodeSamplingProcedure,Type of lymph node sampling performed.,Lymph,Lymph,Property,C13252,"A clear, transparent, sometimes faintly yellow and slightly opalescent fluid that is collected from the tissues throughout the body, flows in the lymphatic vessels (through the lymph nodes), and is eventually added to the venous blood circulation. Lymph consists of a clear liquid portion, varying numbers of white blood cells (chiefly lymphocytes), and a few red blood cells.",NCI,,1
Logical View.Data Model.Logical Model.edu.pitt.cabig.cae.domain.general.breast.BreastSpecimenCharacteristics,laterality,Type of lymph node sampling performed,Laterality,Laterality,Property,C25185,Dominant use or manifestations of one side of the body versus the other; referring to a side of the body or of a structure.,NCI,,1
Logical View.Data Model.Logical Model.edu.pitt.cabig.cae.domain.general.breast.BreastSpecimenCharacteristics,lateralityMVR,Indicates the reason that Breast Surgical Pathology Specimen laterality is missing,Laterality,Laterality,Property,C25185,Dominant use or manifestations of one side of the body versus the other; referring to a side of the body or of a structure.,NCI,,1
Logical View.Data Model.Logical Model.edu.pitt.cabig.cae.domain.general.breast.BreastSpecimenCharacteristics,lateralityMVR,Indicates the reason that Breast Surgical Pathology Specimen laterality is missing,Missing_Value_Reason,Missing Value Reason,Property,C48655,"A specific reason explaining why a meaningful value is not available.  A meaningful value answers the question posed by a Data Element Concept.  In contrast, a Missing Value Reason answers the implicit question ""Why is there no 'meaningful' value?"", when there is none.",NCI,,1
Logical View.Data Model.Logical Model.edu.pitt.cabig.cae.domain.general.breast.OtherBreastCancerHistologicGrade,Logical View.Data Model.Logical Model.edu.pitt.cabig.cae.domain.general.breast.OtherBreastCancerHistologicGrade,A system used to grade invasive breast carcinomas which is not the Nottingham Histologic Grade.,Breast,Breast,ObjectClass,C12971,One of two hemispheric projections of variable size situated in the subcutaneous layer over the pectoralis major muscle on either side of the chest.,NCI,,1
Logical View.Data Model.Logical Model.edu.pitt.cabig.cae.domain.general.breast.OtherBreastCancerHistologicGrade,Logical View.Data Model.Logical Model.edu.pitt.cabig.cae.domain.general.breast.OtherBreastCancerHistologicGrade,A system used to grade invasive breast carcinomas which is not the Nottingham Histologic Grade.,Grade,Grade,ObjectClass,C48309,A position on a scale of intensity or amount or quality.,NCI,,1
Logical View.Data Model.Logical Model.edu.pitt.cabig.cae.domain.general.breast.OtherBreastCancerHistologicGrade,Logical View.Data Model.Logical Model.edu.pitt.cabig.cae.domain.general.breast.OtherBreastCancerHistologicGrade,A system used to grade invasive breast carcinomas which is not the Nottingham Histologic Grade.,Histologic,Histologic,ObjectClass,C25526,Pertaining to the combined microscopic physical features of cells and their surrounding extracellular environment in tissues.,NCI,,1
Logical View.Data Model.Logical Model.edu.pitt.cabig.cae.domain.general.breast.OtherBreastCancerHistologicGrade,Logical View.Data Model.Logical Model.edu.pitt.cabig.cae.domain.general.breast.OtherBreastCancerHistologicGrade,A system used to grade invasive breast carcinomas which is not the Nottingham Histologic Grade.,Malignant_Neoplasm,Malignant Neoplasm,ObjectClass,C9305,"A tumor composed of atypical neoplastic, often pleomorphic cells that invade other tissues.  Malignant neoplasms often metastasize to distant anatomic sites and may recur after excision.",NCI,,1
Logical View.Data Model.Logical Model.edu.pitt.cabig.cae.domain.general.breast.OtherBreastCancerHistologicGrade,Logical View.Data Model.Logical Model.edu.pitt.cabig.cae.domain.general.breast.OtherBreastCancerHistologicGrade,A system used to grade invasive breast carcinomas which is not the Nottingham Histologic Grade.,Other,Other,ObjectClass,C17649,Different than the one(s) previously specified or mentioned.,NCI,,1
Logical View.Data Model.Logical Model.edu.pitt.cabig.cae.domain.general.breast.OtherBreastCancerHistologicGrade,systemName,"The commonly used name of the scoring system, often eponymic.",System_LOINC_Axis_4,"System, LOINC Axis 4",Property,C40568,"The physical environment (milieu, context) within which an observation is made.  For example, the system in which a sodium concentration is measured could be a urine sample, serum sample, or a plasma sample.",NCI,,1
Logical View.Data Model.Logical Model.edu.pitt.cabig.cae.domain.general.breast.OtherBreastCancerHistologicGrade,systemName,"The commonly used name of the scoring system, often eponymic.",Device_Component_System,Device Component System,Property,C50311,,,,1
Logical View.Data Model.Logical Model.edu.pitt.cabig.cae.domain.general.breast.OtherBreastCancerHistologicGrade,systemName,"The commonly used name of the scoring system, often eponymic.",Name,Person Name,Property,C25191,A word or group of words indicating the identity of a person usually consisting of a first (personal) name and a last (family) name with an optional middle name.  In some cultural traditions the family name comes first.,NCI,,1
Logical View.Data Model.Logical Model.edu.pitt.cabig.cae.domain.general.breast.OtherBreastCancerHistologicGrade,systemName,"The commonly used name of the scoring system, often eponymic.",System,System,Property,C25700,A group of independent but interrelated elements comprising a unified whole.,NCI,,1
Logical View.Data Model.Logical Model.edu.pitt.cabig.cae.domain.general.breast.OtherBreastCancerHistologicGrade,score,"The commonly used name of the scoring system, often eponymic",Score,Score,Property,C25338,"A number or range of numeric values measuring performance, function, quality, or ability.",NCI,,1
Logical View.Data Model.Logical Model.edu.pitt.cabig.cae.domain.general.breast.OtherBreastCancerHistologicGrade,scoreMVR,Indicates the reason that Other Histopathologic Grade score is missing,Score,Score,Property,C25338,"A number or range of numeric values measuring performance, function, quality, or ability.",NCI,,1
Logical View.Data Model.Logical Model.edu.pitt.cabig.cae.domain.general.breast.OtherBreastCancerHistologicGrade,scoreMVR,Indicates the reason that Other Histopathologic Grade score is missing,Missing_Value_Reason,Missing Value Reason,Property,C48655,"A specific reason explaining why a meaningful value is not available.  A meaningful value answers the question posed by a Data Element Concept.  In contrast, a Missing Value Reason answers the implicit question ""Why is there no 'meaningful' value?"", when there is none.",NCI,,1
Logical View.Data Model.Logical Model.edu.pitt.cabig.cae.domain.general.breast.OtherBreastCancerHistologicGrade,mitoticCount,The number of mitoses per 10 high powered fields,Mitotic,Mitotic,Property,C37993,Pertaining to mitosis.,NCI,,1
Logical View.Data Model.Logical Model.edu.pitt.cabig.cae.domain.general.breast.OtherBreastCancerHistologicGrade,mitoticCount,The number of mitoses per 10 high powered fields,Mitotic_Count,Mitotic Count,Property,C47864,"The number of mitoses identified under the microscope in tumors.  It is one of the parameters that determine the grade of malignant tumors.  The method of counting varies, according to the specific tumor examined.  Usually the mitotic count is determined based on the number of mitoses per high power field (40X) or 10 high power fields.",NCI,,1
Logical View.Data Model.Logical Model.edu.pitt.cabig.cae.domain.general.breast.OtherBreastCancerHistologicGrade,mitoticCount,The number of mitoses per 10 high powered fields,Count,Count,Property,C25463,To determine the number or amount of something; the result of this activity.,NCI,,1
Logical View.Data Model.Logical Model.edu.pitt.cabig.cae.domain.general.breast.BreastCancerTNMFinding,Logical View.Data Model.Logical Model.edu.pitt.cabig.cae.domain.general.breast.BreastCancerTNMFinding,TNM finding of the American Joint Committee on Cancer (AJCC) and Internation Union Against Cancer (UICC) recommended classification system for breast cancers.,Breast,Breast,ObjectClass,C12971,One of two hemispheric projections of variable size situated in the subcutaneous layer over the pectoralis major muscle on either side of the chest.,NCI,,1
Logical View.Data Model.Logical Model.edu.pitt.cabig.cae.domain.general.breast.BreastCancerTNMFinding,Logical View.Data Model.Logical Model.edu.pitt.cabig.cae.domain.general.breast.BreastCancerTNMFinding,TNM finding of the American Joint Committee on Cancer (AJCC) and Internation Union Against Cancer (UICC) recommended classification system for breast cancers.,Malignant_Neoplasm,Malignant Neoplasm,ObjectClass,C9305,"A tumor composed of atypical neoplastic, often pleomorphic cells that invade other tissues.  Malignant neoplasms often metastasize to distant anatomic sites and may recur after excision.",NCI,,1
Logical View.Data Model.Logical Model.edu.pitt.cabig.cae.domain.general.breast.BreastCancerTNMFinding,numberLymphNodesExamined,Sites of metastatic neoplasm,Lymph,Lymph,Property,C13252,"A clear, transparent, sometimes faintly yellow and slightly opalescent fluid that is collected from the tissues throughout the body, flows in the lymphatic vessels (through the lymph nodes), and is eventually added to the venous blood circulation. Lymph consists of a clear liquid portion, varying numbers of white blood cells (chiefly lymphocytes), and a few red blood cells.",NCI,,1
Logical View.Data Model.Logical Model.edu.pitt.cabig.cae.domain.general.breast.BreastCancerTNMFinding,numberLymphNodesExamined,Sites of metastatic neoplasm,Number,Number,Property,C25337,"A numeral or string of numerals expressing value, quantity, or identification.",NCI,,1
Logical View.Data Model.Logical Model.edu.pitt.cabig.cae.domain.general.breast.BreastCancerTNMFinding,numberLymphNodesExamined,Sites of metastatic neoplasm,Examined,Examined,Property,C25500,Having been subjected to inspection or evaluation.,NCI,,1
Logical View.Data Model.Logical Model.edu.pitt.cabig.cae.domain.general.breast.BreastCancerTNMFinding,numberLymphNodesInvolved,Number of lymph nodes examined that are involved by metastatic neoplasm,Lymph,Lymph,Property,C13252,"A clear, transparent, sometimes faintly yellow and slightly opalescent fluid that is collected from the tissues throughout the body, flows in the lymphatic vessels (through the lymph nodes), and is eventually added to the venous blood circulation. Lymph consists of a clear liquid portion, varying numbers of white blood cells (chiefly lymphocytes), and a few red blood cells.",NCI,,1
Logical View.Data Model.Logical Model.edu.pitt.cabig.cae.domain.general.breast.BreastCancerTNMFinding,numberLymphNodesInvolved,Number of lymph nodes examined that are involved by metastatic neoplasm,Number,Number,Property,C25337,"A numeral or string of numerals expressing value, quantity, or identification.",NCI,,1
Logical View.Data Model.Logical Model.edu.pitt.cabig.cae.domain.general.breast.BreastCancerTNMFinding,numberLymphNodesInvolved,Number of lymph nodes examined that are involved by metastatic neoplasm,Involved,Involved,Property,C25547,"To be part of or connected by participation, association or use.",NCI,,1
Logical View.Data Model.Logical Model.edu.pitt.cabig.cae.domain.general.breast.BreastCancerTNMFinding,metastasisAnatomicSite,Sites of metastatic neoplasm.,Anatomic,Anatomic,Property,C25421,Relating to anatomy.,NCI,,1
Logical View.Data Model.Logical Model.edu.pitt.cabig.cae.domain.general.breast.BreastCancerTNMFinding,metastasisAnatomicSite,Sites of metastatic neoplasm.,Site,Site,Property,C37901,A position in relation to its surroundings.,NCI,,1
Logical View.Data Model.Logical Model.edu.pitt.cabig.cae.domain.general.breast.BreastCancerTNMFinding,metastasisAnatomicSite,Sites of metastatic neoplasm.,Metastasis,Metastasis,Property,C19151,"Metastasis is the spread or migration of cancer cells from one part of the body (the organ in which it first appeared) to another. The secondary tumor contains cells that are like those in the original (primary) tumor. For example, breast cancer cells may spread (metastasize) to the lungs and cause the growth of a new tumor. When this happens, the disease is called metastatic breast cancer. (NCI)",NCI,,1
Logical View.Data Model.Logical Model.edu.pitt.cabig.cae.domain.general.breast.BreastCancerTNMFinding,otherMetastaticAnatomicSite,User-entered text describing other sites of metastasis not present in listed values,Other_Routes_of_Drug_Administration,Other Route of Administration,Property,C38290,Route of drug administration not specified on this list.,NCI,,1
Logical View.Data Model.Logical Model.edu.pitt.cabig.cae.domain.general.breast.BreastCancerTNMFinding,otherMetastaticAnatomicSite,User-entered text describing other sites of metastasis not present in listed values,Anatomic,Anatomic,Property,C25421,Relating to anatomy.,NCI,,1
Logical View.Data Model.Logical Model.edu.pitt.cabig.cae.domain.general.breast.BreastCancerTNMFinding,otherMetastaticAnatomicSite,User-entered text describing other sites of metastasis not present in listed values,Site,Site,Property,C37901,A position in relation to its surroundings.,NCI,,1
Logical View.Data Model.Logical Model.edu.pitt.cabig.cae.domain.general.breast.BreastCancerTNMFinding,otherMetastaticAnatomicSite,User-entered text describing other sites of metastasis not present in listed values,Other_Health_Care_Professional,Other Health Care Professional,Property,C53289,Health care professional other than listed in section D5 of FDA MedWatch form 3500A.,NCI,,1
Logical View.Data Model.Logical Model.edu.pitt.cabig.cae.domain.general.breast.BreastCancerTNMFinding,otherMetastaticAnatomicSite,User-entered text describing other sites of metastasis not present in listed values,Other,Other,Property,C17649,Different than the one(s) previously specified or mentioned.,NCI,,1
Logical View.Data Model.Logical Model.edu.pitt.cabig.cae.domain.general.breast.BreastCancerTNMFinding,otherMetastaticAnatomicSite,User-entered text describing other sites of metastasis not present in listed values,Metastatic,Metastatic,Property,C14174,,,,1
Logical View.Data Model.Logical Model.edu.pitt.cabig.cae.domain.general.breast.BreastCancerAccessionCharacteristics,Logical View.Data Model.Logical Model.edu.pitt.cabig.cae.domain.general.breast.BreastCancerAccessionCharacteristics,Characteristics that are specific to an accession of biospecimens from the breast,Breast,Breast,ObjectClass,C12971,One of two hemispheric projections of variable size situated in the subcutaneous layer over the pectoralis major muscle on either side of the chest.,NCI,,1
Logical View.Data Model.Logical Model.edu.pitt.cabig.cae.domain.general.breast.BreastCancerAccessionCharacteristics,Logical View.Data Model.Logical Model.edu.pitt.cabig.cae.domain.general.breast.BreastCancerAccessionCharacteristics,Characteristics that are specific to an accession of biospecimens from the breast,Accession,Accession,ObjectClass,C45257,A process of increasing by addition (as to a collection or group).,NCI,,1
Logical View.Data Model.Logical Model.edu.pitt.cabig.cae.domain.general.breast.BreastCancerAccessionCharacteristics,Logical View.Data Model.Logical Model.edu.pitt.cabig.cae.domain.general.breast.BreastCancerAccessionCharacteristics,Characteristics that are specific to an accession of biospecimens from the breast,Malignant_Neoplasm,Malignant Neoplasm,ObjectClass,C9305,"A tumor composed of atypical neoplastic, often pleomorphic cells that invade other tissues.  Malignant neoplasms often metastasize to distant anatomic sites and may recur after excision.",NCI,,1
Logical View.Data Model.Logical Model.edu.pitt.cabig.cae.domain.general.breast.BreastCancerAccessionCharacteristics,Logical View.Data Model.Logical Model.edu.pitt.cabig.cae.domain.general.breast.BreastCancerAccessionCharacteristics,Characteristics that are specific to an accession of biospecimens from the breast,Characteristics,Characteristic,ObjectClass,C25447,"The distinguishing qualities or prominent aspect of a person, object, action, process, or substance.",NCI,,1
Logical View.Data Model.Logical Model.edu.pitt.cabig.cae.domain.general.breast.InvasiveBreastCarcinoma,Logical View.Data Model.Logical Model.edu.pitt.cabig.cae.domain.general.breast.InvasiveBreastCarcinoma,A primary infiltrating carcinoma of the breast.,Carcinoma,Carcinoma,ObjectClass,C2916,"A malignant tumor arising from epithelial cells.  Carcinomas that arise from glandular epithelium are called adenocarcinomas, those that arise from squamous epithelium are called squamous cell carcinomas, and those that arise from transitional epithelium are called transitional cell carcinomas.  Morphologically, the malignant epithelial cells may display abnormal mitotic figures, anaplasia, and necrosis.  Carcinomas are graded by the degree of cellular differentiation as well, moderately, or poorly differentiated.  Carcinomas invade the surrounding tissues and tend to metastasize to other anatomic sites.  Lung carcinoma, skin carcinoma, breast carcinoma, and prostate carcinoma are the most frequently seen carcinomas. -- 2004",NCI,,1
Logical View.Data Model.Logical Model.edu.pitt.cabig.cae.domain.general.breast.InvasiveBreastCarcinoma,Logical View.Data Model.Logical Model.edu.pitt.cabig.cae.domain.general.breast.InvasiveBreastCarcinoma,A primary infiltrating carcinoma of the breast.,Breast,Breast,ObjectClass,C12971,One of two hemispheric projections of variable size situated in the subcutaneous layer over the pectoralis major muscle on either side of the chest.,NCI,,1
Logical View.Data Model.Logical Model.edu.pitt.cabig.cae.domain.general.breast.InvasiveBreastCarcinoma,Logical View.Data Model.Logical Model.edu.pitt.cabig.cae.domain.general.breast.InvasiveBreastCarcinoma,A primary infiltrating carcinoma of the breast.,Invasive,Invasive,ObjectClass,C14159,"Marked by a tendency to spread, especially into healthy surrounding tissue.",NCI,,1
Logical View.Data Model.Logical Model.edu.pitt.cabig.cae.domain.general.breast.InvasiveBreastCarcinoma,Logical View.Data Model.Logical Model.edu.pitt.cabig.cae.domain.general.breast.InvasiveBreastCarcinoma,A primary infiltrating carcinoma of the breast.,Invasive_Breast_Carcinoma,Invasive Breast Carcinoma,ObjectClass,C9245,"A carcinoma that infiltrates the breast parenchyma.  The vast majority are adenocarcinomas arising from the terminal ductal lobular unit (TDLU).  Often, the invasive adenocarcinoma co-exists with ductal or lobular carcinoma in situ.  It is the most common carcinoma affecting women. --2003",NCI,,1
Logical View.Data Model.Logical Model.edu.pitt.cabig.cae.domain.general.breast.InvasiveBreastCarcinoma,location,The location of the tumor within the primary site.,Anatomic_Sites,Anatomic Site,Property,C13717,Named locations of or within the body.,NCI,,1
Logical View.Data Model.Logical Model.edu.pitt.cabig.cae.domain.general.breast.InvasiveBreastCarcinoma,location,The location of the tumor within the primary site.,Location,Location,Property,C25341,"A position, site, or point in space where something can be found.",NCI,,1
Logical View.Data Model.Logical Model.edu.pitt.cabig.cae.domain.general.breast.InvasiveBreastCarcinoma,locationMVR,Indicates the reason that the location of the tumor within the primary site is not specified,Anatomic_Sites,Anatomic Site,Property,C13717,Named locations of or within the body.,NCI,,1
Logical View.Data Model.Logical Model.edu.pitt.cabig.cae.domain.general.breast.InvasiveBreastCarcinoma,locationMVR,Indicates the reason that the location of the tumor within the primary site is not specified,Missing_Value_Reason,Missing Value Reason,Property,C48655,"A specific reason explaining why a meaningful value is not available.  A meaningful value answers the question posed by a Data Element Concept.  In contrast, a Missing Value Reason answers the implicit question ""Why is there no 'meaningful' value?"", when there is none.",NCI,,1
Logical View.Data Model.Logical Model.edu.pitt.cabig.cae.domain.general.breast.InvasiveBreastCarcinoma,locationMVR,Indicates the reason that the location of the tumor within the primary site is not specified,Location,Location,Property,C25341,"A position, site, or point in space where something can be found.",NCI,,1
Logical View.Data Model.Logical Model.edu.pitt.cabig.cae.domain.general.breast.InvasiveBreastCarcinoma,venousLymphaticInvasion,Description of presence or absence of venous and lymphatic invasion,Tumor_Cell_Invasion,Tumor Cell Invasion,Property,C20625,"The local spread of tumor cells of a malignant neoplasm through infiltration or destruction of adjacent tissue; for epithelial neoplasms, invasion signifies infiltration beneath the epithelial basement membrane.",NCI,,1
Logical View.Data Model.Logical Model.edu.pitt.cabig.cae.domain.general.breast.InvasiveBreastCarcinoma,venousLymphaticInvasion,Description of presence or absence of venous and lymphatic invasion,Vein,Vein,Property,C12814,A blood vessel that carries blood toward the heart.,NCI,,1
Logical View.Data Model.Logical Model.edu.pitt.cabig.cae.domain.general.breast.InvasiveBreastCarcinoma,venousLymphaticInvasion,Description of presence or absence of venous and lymphatic invasion,Venous,Venous,Property,C25291,"Of, or pertaining to, or contained in, or performing the function of the veins.",NCI,,1
Logical View.Data Model.Logical Model.edu.pitt.cabig.cae.domain.general.breast.InvasiveBreastCarcinoma,venousLymphaticInvasion,Description of presence or absence of venous and lymphatic invasion,Lymphatic,Lymphatic,Property,C25267,"Of, or relating to, or produced by lymph.",NCI,,1
Logical View.Data Model.Logical Model.edu.pitt.cabig.cae.domain.general.breast.InvasiveBreastCarcinoma,microcalcificationLocation,Indicates where the microcalcifications are found within tumor and or tissue,Location,Location,Property,C25341,"A position, site, or point in space where something can be found.",NCI,,1
Logical View.Data Model.Logical Model.edu.pitt.cabig.cae.domain.general.breast.InvasiveBreastCarcinoma,microcalcificationLocation,Indicates where the microcalcifications are found within tumor and or tissue,Microcalcification,Microcalcification,Property,C8433,"Tiny deposits of calcium in tissue.  In the breast they can be seen using mammography, and if found in clusters may be indicative of breast cancer.",NCI,,1
Logical View.Data Model.Logical Model.edu.pitt.cabig.cae.domain.general.breast.InvasiveBreastCarcinomaNeoplasmHistologicType,Logical View.Data Model.Logical Model.edu.pitt.cabig.cae.domain.general.breast.InvasiveBreastCarcinomaNeoplasmHistologicType,The diagnostic subclassification of invasive breast carcinoma.   ,Type,Type,ObjectClass,C25284,Something distinguishable as an identifiable class based on common qualities.,NCI,,1
Logical View.Data Model.Logical Model.edu.pitt.cabig.cae.domain.general.breast.InvasiveBreastCarcinomaNeoplasmHistologicType,Logical View.Data Model.Logical Model.edu.pitt.cabig.cae.domain.general.breast.InvasiveBreastCarcinomaNeoplasmHistologicType,The diagnostic subclassification of invasive breast carcinoma.   ,Carcinoma,Carcinoma,ObjectClass,C2916,"A malignant tumor arising from epithelial cells.  Carcinomas that arise from glandular epithelium are called adenocarcinomas, those that arise from squamous epithelium are called squamous cell carcinomas, and those that arise from transitional epithelium are called transitional cell carcinomas.  Morphologically, the malignant epithelial cells may display abnormal mitotic figures, anaplasia, and necrosis.  Carcinomas are graded by the degree of cellular differentiation as well, moderately, or poorly differentiated.  Carcinomas invade the surrounding tissues and tend to metastasize to other anatomic sites.  Lung carcinoma, skin carcinoma, breast carcinoma, and prostate carcinoma are the most frequently seen carcinomas. -- 2004",NCI,,1
Logical View.Data Model.Logical Model.edu.pitt.cabig.cae.domain.general.breast.InvasiveBreastCarcinomaNeoplasmHistologicType,Logical View.Data Model.Logical Model.edu.pitt.cabig.cae.domain.general.breast.InvasiveBreastCarcinomaNeoplasmHistologicType,The diagnostic subclassification of invasive breast carcinoma.   ,Breast,Breast,ObjectClass,C12971,One of two hemispheric projections of variable size situated in the subcutaneous layer over the pectoralis major muscle on either side of the chest.,NCI,,1
Logical View.Data Model.Logical Model.edu.pitt.cabig.cae.domain.general.breast.InvasiveBreastCarcinomaNeoplasmHistologicType,Logical View.Data Model.Logical Model.edu.pitt.cabig.cae.domain.general.breast.InvasiveBreastCarcinomaNeoplasmHistologicType,The diagnostic subclassification of invasive breast carcinoma.   ,Histologic,Histologic,ObjectClass,C25526,Pertaining to the combined microscopic physical features of cells and their surrounding extracellular environment in tissues.,NCI,,1
Logical View.Data Model.Logical Model.edu.pitt.cabig.cae.domain.general.breast.InvasiveBreastCarcinomaNeoplasmHistologicType,Logical View.Data Model.Logical Model.edu.pitt.cabig.cae.domain.general.breast.InvasiveBreastCarcinomaNeoplasmHistologicType,The diagnostic subclassification of invasive breast carcinoma.   ,Invasive,Invasive,ObjectClass,C14159,"Marked by a tendency to spread, especially into healthy surrounding tissue.",NCI,,1
Logical View.Data Model.Logical Model.edu.pitt.cabig.cae.domain.general.breast.InvasiveBreastCarcinomaNeoplasmHistologicType,Logical View.Data Model.Logical Model.edu.pitt.cabig.cae.domain.general.breast.InvasiveBreastCarcinomaNeoplasmHistologicType,The diagnostic subclassification of invasive breast carcinoma.   ,Neoplasm,Neoplasm,ObjectClass,C3262,"An abnormal tissue growth resulted from uncontrolled cell proliferation.  Benign neoplastic cells resemble normal cells without exhibiting significant cytologic atypia, while malignant ones exhibit overt signs such as dysplastic features, atypical mitotic figures, necrosis, nuclear pleomorphism, and anaplasia.  Representative examples of benign neoplasms include papillomas, cystadenomas, and lipomas; malignant neoplasms include carcinomas, sarcomas, lymphomas, and leukemias. -- 2004",NCI,,1
Logical View.Data Model.Logical Model.edu.pitt.duke.catrip.cae.domain.general.Specimen,Logical View.Data Model.Logical Model.edu.pitt.duke.catrip.cae.domain.general.Specimen,The attributes that can be used to identify a specimen.,Specimen,Specimen,ObjectClass,C19157,"A part of a thing, or of several things, taken to demonstrate or to determine the character of the whole, e.g. a substance, or portion of material obtained for use in testing, examination, or study; particularly, a preparation of tissue or bodily fluid taken for examination or diagnosis.",NCI,,1
Logical View.Data Model.Logical Model.edu.pitt.duke.catrip.cae.domain.general.Specimen,surgicalLabel,"The surgical label assigned to a biospecimen; for example, Block A or Part 2 ",Surgical_Procedure,Surgical Procedure,Property,C15329,"A diagnostic or treatment procedure performed by manual and/or instrumental means, often involving an incision and the removal or replacement of a diseased organ or tissue; of or relating to or involving or used in surgery or requiring or amenable to treatment by surgery.",NCI,,1
Logical View.Data Model.Logical Model.edu.pitt.duke.catrip.cae.domain.general.Specimen,surgicalLabel,"The surgical label assigned to a biospecimen; for example, Block A or Part 2 ",Surgical,Surgical,Property,C25698,Of or relating to or involving or used in surgery or requiring or amenable to treatment by surgery.,NCI,,1
Logical View.Data Model.Logical Model.edu.pitt.duke.catrip.cae.domain.general.Specimen,surgicalLabel,"The surgical label assigned to a biospecimen; for example, Block A or Part 2 ",Label,Medical Product Label,Property,C41203,"Any display of a written, printed, or graphic matter upon the immediate container of any substance or device to identify something and to indicate the nature, ownership, contents and other characteristic particulars of the object. FDA and the Supreme Court have stated that label is to be interpreted liberally, and includes not only that which accompanies an article but also that which spiritually accompanies an article as well as supplements. Drug label must include: trademark and category of product, description of product chemical and physical characteristics, clinical pharmacology, pharmacokinetics, data on absorption, distribution, metabolism and excretion, special populations, clinical studies, efficacy and safety data, indications, contraindications, adverse events warnings and precautions including lab tests; potential drug interactions, carcinogens statement, pregnancy category.",NCI,,1
Logical View.Data Model.Logical Model.edu.pitt.duke.catrip.cae.domain.general.Participant,Logical View.Data Model.Logical Model.edu.pitt.duke.catrip.cae.domain.general.Participant,A medical record identification number that refers to a Participant,Participant,Participant,ObjectClass,C29867,Someone who takes part in an activity.,NCI,,1
Logical View.Data Model.Logical Model.edu.pitt.duke.catrip.cae.domain.general.Participant,lastName,Last name of the participant.,Last_Name,Last Name,Property,C40975,A word or group of words indicating a person's last (family) name.,NCI,,1
Logical View.Data Model.Logical Model.edu.pitt.duke.catrip.cae.domain.general.Participant,lastName,Last name of the participant.,Last,Last,Property,C25551,Coming after all others in time or space or degree or being the only one remaining.,NCI,,1
Logical View.Data Model.Logical Model.edu.pitt.duke.catrip.cae.domain.general.Participant,lastName,Last name of the participant.,Name,Person Name,Property,C25191,A word or group of words indicating the identity of a person usually consisting of a first (personal) name and a last (family) name with an optional middle name.  In some cultural traditions the family name comes first.,NCI,,1
Logical View.Data Model.Logical Model.edu.pitt.duke.catrip.cae.domain.general.Participant,firstName,Last name of the participant,First,First,Property,C25509,Preceding all others in time or space or degree.,NCI,,1
Logical View.Data Model.Logical Model.edu.pitt.duke.catrip.cae.domain.general.Participant,firstName,Last name of the participant,Name,Person Name,Property,C25191,A word or group of words indicating the identity of a person usually consisting of a first (personal) name and a last (family) name with an optional middle name.  In some cultural traditions the family name comes first.,NCI,,1
Logical View.Data Model.Logical Model.edu.pitt.duke.catrip.cae.domain.general.Participant,firstName,Last name of the participant,First_Name,First Name,Property,C40974,A word or group of words indicating a person's first (personal or given) name; the name that precedes the surname.,NCI,,1
Logical View.Data Model.Logical Model.edu.pitt.duke.catrip.cae.domain.general.Participant,middleName,First name of the participant,Middle,Middle,Property,C25569,An intermediate part or section; an area that is approximately central within some larger region.,NCI,,1
Logical View.Data Model.Logical Model.edu.pitt.duke.catrip.cae.domain.general.Participant,middleName,First name of the participant,Name,Person Name,Property,C25191,A word or group of words indicating the identity of a person usually consisting of a first (personal) name and a last (family) name with an optional middle name.  In some cultural traditions the family name comes first.,NCI,,1
Logical View.Data Model.Logical Model.edu.pitt.duke.catrip.cae.domain.general.Participant,birthDate,Birth date of participant.,Birth_Date,Birth Date,Property,C25296,The calendar date on which a person was born.,NCI,,1
Logical View.Data Model.Logical Model.edu.pitt.duke.catrip.cae.domain.general.Participant,birthDate,Birth date of participant.,Date,Date,Property,C25164,"The particular day, month and year an event has happened or will happen.",NCI,,1
Logical View.Data Model.Logical Model.edu.pitt.duke.catrip.cae.domain.general.Participant,birthDate,Birth date of participant.,Birth,Birth,Property,C25155,The event of being born.,NCI,,1
Logical View.Data Model.Logical Model.edu.pitt.duke.catrip.cae.domain.general.Participant,uniquePatientIdentifier,"Unique patient identifier of participant, such as Social Security Number.",Unique,Unique,Property,C45282,The single one of its kind.,NCI,,1
Logical View.Data Model.Logical Model.edu.pitt.duke.catrip.cae.domain.general.Participant,uniquePatientIdentifier,"Unique patient identifier of participant, such as Social Security Number.",Identifier,Identifier,Property,C25364,"One or more characters used to identify, name, or characterize the nature, properties, or contents of a thing.",NCI,,1
Logical View.Data Model.Logical Model.edu.pitt.duke.catrip.cae.domain.general.Participant,uniquePatientIdentifier,"Unique patient identifier of participant, such as Social Security Number.",Patient,Patient,Property,C16960,"A person who receives medical attention, care, or treatment, or who is registered with medical professional or institution with the purpose to receive medical care when necessary.",NCI,,1
Logical View.Data Model.Logical Model.edu.pitt.duke.catrip.cae.domain.general.Participant,medicalRecordNumber,Participant's medical record number; an identifying number used by an organization providing treatment.,Medical,Medical,Property,C25261,Relating to the study or practice of medicine.,NCI,,1
Logical View.Data Model.Logical Model.edu.pitt.duke.catrip.cae.domain.general.Participant,medicalRecordNumber,Participant's medical record number; an identifying number used by an organization providing treatment.,Number,Number,Property,C25337,"A numeral or string of numerals expressing value, quantity, or identification.",NCI,,1
Logical View.Data Model.Logical Model.edu.pitt.duke.catrip.cae.domain.general.Participant,medicalRecordNumber,Participant's medical record number; an identifying number used by an organization providing treatment.,Record,Record,Property,C25198,"Anything (e.g., a document) providing permanent evidence of or information about past events.",NCI,,1
Logical View.Data Model.Logical Model.edu.pitt.duke.catrip.cae.domain.general.Participant,gender,Gender of a Person. Person Gender Text Type. Text designations that identify gender. Gender is described as the assemblage of properties that distinguish people on the basis of their societal roles. (caDSR CDE Public ID: 2200604 Version 2.0),Gender,Gender,Property,C17357,The assemblage of properties that distinguish people on the basis of their societal roles.,NCI,,1
Logical View.Data Model.Logical Model.edu.pitt.duke.catrip.cae.domain.general.Participant,race,The race of a patient. Race category text. The text for reporting information about race based on the Office of Management and Budget (OMB) categories. (caDSR CDE Public ID: 2192199 version 1.0),Race,Race,Property,C17049,"An arbitrary classification of taxonomic group that is a division of a species; usually arise as a consequence of geographical isolation within a species and characterised by shared heredity, physical attributes and behavior, and in case of humans, by common history, nationality, or geographic distribution.",NCI,,1
Logical View.Data Model.Logical Model.edu.pitt.duke.catrip.cae.domain.general.Participant,race,The race of a patient. Race category text. The text for reporting information about race based on the Office of Management and Budget (OMB) categories. (caDSR CDE Public ID: 2192199 version 1.0),Alpha-methylacyl-CoA_Racemase_Gene,AMACR Gene,Property,C48210,This gene plays a role in the formation of cholic acid in peroxisomes.,NCI,,1
Logical View.Data Model.Logical Model.edu.pitt.duke.catrip.cae.domain.general.Participant,ethnicity,Patient's ethnicity status. Ethnic Group Category Text.  The text for reporting information about ethnicity based on the Office of Management and Budget (OMB) categories. (caDSR CDE Public ID: 2192217 version 2.0).,Ethnicity,Ethnicity,Property,C29933,"Ethnicity - an arbitrary classification of the social group a person belongs to, and either identifies with or is identified with by others, as a result of a complex of cultural, biological, geographical and other factors such as linguistic, dietary and religion traditions; ancestry, background, allegiance, or association; and physical characteristics traditionally associated with race. Increasingly the concept is used synonymously with race but this use trend has a pragmatic basis rather than scientific.  Also, sImilar to the concept of ethnic origin which is an attempt to classify people, not according to their current ethnicity, but according to where their ancestors came from.  Ethnic origin has become a popular classification in statistics, where the concept of race has been largely discarded.",NCI,,1
Logical View.Data Model.Logical Model.edu.pitt.duke.catrip.cae.domain.general.Participant,ethnicity,Patient's ethnicity status. Ethnic Group Category Text.  The text for reporting information about ethnicity based on the Office of Management and Budget (OMB) categories. (caDSR CDE Public ID: 2192217 version 2.0).,Ethnic_Group,Ethnic Group,Property,C16564,"A social group characterized by a distinctive social and cultural tradition maintained from generation to generation, a common history and origin and a sense of identification with the group; members of the group have distinctive features in their way of life, shared experiences and often a common genetic heritage; these features may be reflected in their experience of health and disease.",NCI,,1
Logical View.Data Model.Logical Model.edu.pitt.duke.catrip.cae.domain.general.Accession,Logical View.Data Model.Logical Model.edu.pitt.duke.catrip.cae.domain.general.Accession,Protected Health Information that uniquely identifies an accession within an institution,Accession,Accession,ObjectClass,C45257,A process of increasing by addition (as to a collection or group).,NCI,,1
Logical View.Data Model.Logical Model.edu.pitt.duke.catrip.cae.domain.general.Accession,accessionDate,The date the procedure event was done,Accession,Accession,Property,C45257,A process of increasing by addition (as to a collection or group).,NCI,,1
Logical View.Data Model.Logical Model.edu.pitt.duke.catrip.cae.domain.general.Accession,accessionDate,The date the procedure event was done,Date,Date,Property,C25164,"The particular day, month and year an event has happened or will happen.",NCI,,1
Logical View.Data Model.Logical Model.edu.pitt.duke.catrip.cae.domain.general.Accession,accessionDate,The date the procedure event was done,Accession_Number,Accession Number,Property,C25402,"A control number unique to an object, used to identify it among the other objects in a collection.",NCI,,1
Logical View.Data Model.Logical Model.edu.pitt.duke.catrip.cae.domain.general.Accession,surgicalPathologyNumber,Hospital surgical pathology number associated with the current specimen collection event,Surgical_Procedure,Surgical Procedure,Property,C15329,"A diagnostic or treatment procedure performed by manual and/or instrumental means, often involving an incision and the removal or replacement of a diseased organ or tissue; of or relating to or involving or used in surgery or requiring or amenable to treatment by surgery.",NCI,,1
Logical View.Data Model.Logical Model.edu.pitt.duke.catrip.cae.domain.general.Accession,surgicalPathologyNumber,Hospital surgical pathology number associated with the current specimen collection event,Surgical,Surgical,Property,C25698,Of or relating to or involving or used in surgery or requiring or amenable to treatment by surgery.,NCI,,1
Logical View.Data Model.Logical Model.edu.pitt.duke.catrip.cae.domain.general.Accession,surgicalPathologyNumber,Hospital surgical pathology number associated with the current specimen collection event,Number,Number,Property,C25337,"A numeral or string of numerals expressing value, quantity, or identification.",NCI,,1
Logical View.Data Model.Logical Model.edu.pitt.duke.catrip.cae.domain.general.Accession,surgicalPathologyNumber,Hospital surgical pathology number associated with the current specimen collection event,Pathology,Pathology,Property,C18189,"The medical science, and specialty practice, concerned with all aspects of disease, but with special reference to the essential nature, causes, and development of abnormal conditions, as well as the structural and functional changes that result from the disease processes. Informally used to mean the result of such an examination.",NCI,,1
Logical View.Data Model.Logical Model.edu.pitt.duke.catrip.cae.domain.general.ParticipantMedicalIdentifier,Logical View.Data Model.Logical Model.edu.pitt.duke.catrip.cae.domain.general.ParticipantMedicalIdentifier,Unique patient identifier of participant,Participant,Participant,ObjectClass,C29867,Someone who takes part in an activity.,NCI,,1
Logical View.Data Model.Logical Model.edu.pitt.duke.catrip.cae.domain.general.ParticipantMedicalIdentifier,Logical View.Data Model.Logical Model.edu.pitt.duke.catrip.cae.domain.general.ParticipantMedicalIdentifier,Unique patient identifier of participant,Medical,Medical,ObjectClass,C25261,Relating to the study or practice of medicine.,NCI,,1
Logical View.Data Model.Logical Model.edu.pitt.duke.catrip.cae.domain.general.ParticipantMedicalIdentifier,Logical View.Data Model.Logical Model.edu.pitt.duke.catrip.cae.domain.general.ParticipantMedicalIdentifier,Unique patient identifier of participant,Identifier,Identifier,ObjectClass,C25364,"One or more characters used to identify, name, or characterize the nature, properties, or contents of a thing.",NCI,,1
Logical View.Data Model.Logical Model.edu.pitt.duke.catrip.cae.domain.general.ParticipantMedicalIdentifier,id,System generated internal identifier,Idaho,Idaho,Property,C43499,A state in the northern Rocky Mountains of western United States. Its capital is Boise.,NCI,,1
Logical View.Data Model.Logical Model.edu.pitt.duke.catrip.cae.domain.general.ParticipantMedicalIdentifier,id,System generated internal identifier,Indonesia,Indonesia,Property,C16728,"A country in Southeastern Asia, comprising the archipelago between the Indian Ocean and the Pacific Ocean.",NCI,,1
Logical View.Data Model.Logical Model.edu.pitt.duke.catrip.cae.domain.general.ParticipantMedicalIdentifier,id,System generated internal identifier,Identifier,Identifier,Property,C25364,"One or more characters used to identify, name, or characterize the nature, properties, or contents of a thing.",NCI,,1
Logical View.Data Model.Logical Model.edu.pitt.duke.catrip.cae.domain.general.ParticipantMedicalIdentifier,medicalRecordNumber,Participant's medical record number; an identifying number used by an organization providing treatment.,Medical,Medical,Property,C25261,Relating to the study or practice of medicine.,NCI,,1
Logical View.Data Model.Logical Model.edu.pitt.duke.catrip.cae.domain.general.ParticipantMedicalIdentifier,medicalRecordNumber,Participant's medical record number; an identifying number used by an organization providing treatment.,Number,Number,Property,C25337,"A numeral or string of numerals expressing value, quantity, or identification.",NCI,,1
Logical View.Data Model.Logical Model.edu.pitt.duke.catrip.cae.domain.general.ParticipantMedicalIdentifier,medicalRecordNumber,Participant's medical record number; an identifying number used by an organization providing treatment.,Record,Record,Property,C25198,"Anything (e.g., a document) providing permanent evidence of or information about past events.",NCI,,1
Logical View.Data Model.Logical Model.edu.java.lang.String,Logical View.Data Model.Logical Model.edu.java.lang.String,a character value,String_Value,String,ObjectClass,C45253,An expression consisting of a linear sequence of symbols (characters or words or phrases).,NCI,,1
Logical View.Data Model.Logical Model.edu.java.lang.Float,Logical View.Data Model.Logical Model.edu.java.lang.Float,A value that is a floating point number,Float_Value,Float,ObjectClass,C48150,A number that can have its decimal point in any position.,NCI,,1
Logical View.Data Model.Logical Model.edu.java.lang.Double,Logical View.Data Model.Logical Model.edu.java.lang.Double,A value that is a double-precision floating point number,Double,Double,ObjectClass,C54574,A twofold increase.,NCI,,1
Logical View.Data Model.Logical Model.edu.java.lang.Boolean,Logical View.Data Model.Logical Model.edu.java.lang.Boolean,A binary value,Boolean_Value,Boolean,ObjectClass,C45254,"The type of an expression with two possible values, ""true"" and ""false"". Also, a variable of Boolean type or a function with Boolean arguments or result. The most common Boolean functions are AND, OR and NOT.",NCI,,1
Logical View.Data Model.Logical Model.edu.java.lang.Long,Logical View.Data Model.Logical Model.edu.java.lang.Long,"A value that is a long integer; that is, one that is >= -2,147,483,647   and <=  2,147,483,620    ",Long,Long,ObjectClass,C25248,Of relatively great or greater than average spatial extension or temporal duration.,NCI,,1
Logical View.Data Model.Logical Model.edu.java.lang.Integer,Logical View.Data Model.Logical Model.edu.java.lang.Integer,an integer value,Integer,Integer,ObjectClass,C45255,"A number with no fractional part, including the negative and positive numbers as well as zero.",NCI,,1
Logical View.Data Model.Logical Model.edu.java.lang.util.Collection,Logical View.Data Model.Logical Model.edu.java.lang.util.Collection,Data type indicating that the attribute allows multiple instances of value,Collection,Collection,ObjectClass,C25453,The act of gathering things together; having been brought together in one place.,NCI,,1
Logical View.Data Model.Logical Model.edu.java.lang.util.Date,Logical View.Data Model.Logical Model.edu.java.lang.util.Date,A value that is a date,Date,Date,ObjectClass,C25164,"The particular day, month and year an event has happened or will happen.",NCI,,1
