-- MySQL dump 10.9
--
-- Host: localhost    Database: catissuecore
-- ------------------------------------------------------
-- Server version	4.1.16

/*!40101 SET @OLD_CHARACTER_SET_CLIENT=@@CHARACTER_SET_CLIENT */;
/*!40101 SET @OLD_CHARACTER_SET_RESULTS=@@CHARACTER_SET_RESULTS */;
/*!40101 SET @OLD_COLLATION_CONNECTION=@@COLLATION_CONNECTION */;
/*!40101 SET NAMES utf8 */;
/*!40014 SET @OLD_UNIQUE_CHECKS=@@UNIQUE_CHECKS, UNIQUE_CHECKS=0 */;
/*!40014 SET @OLD_FOREIGN_KEY_CHECKS=@@FOREIGN_KEY_CHECKS, FOREIGN_KEY_CHECKS=0 */;
/*!40101 SET @OLD_SQL_MODE=@@SQL_MODE, SQL_MODE='NO_AUTO_VALUE_ON_ZERO' */;
/*!40111 SET @OLD_SQL_NOTES=@@SQL_NOTES, SQL_NOTES=0 */;

--
-- Table structure for table `catissue_address`
--

DROP TABLE IF EXISTS `catissue_address`;
CREATE TABLE `catissue_address` (
  `IDENTIFIER` bigint(20) NOT NULL auto_increment,
  `STREET` varchar(50) default NULL,
  `CITY` varchar(50) default NULL,
  `STATE` varchar(50) default NULL,
  `COUNTRY` varchar(50) default NULL,
  `ZIPCODE` varchar(30) default NULL,
  `PHONE_NUMBER` varchar(50) default NULL,
  `FAX_NUMBER` varchar(50) default NULL,
  PRIMARY KEY  (`IDENTIFIER`)
) ENGINE=MyISAM;

--
-- Dumping data for table `catissue_address`
--


/*!40000 ALTER TABLE `catissue_address` DISABLE KEYS */;
LOCK TABLES `catissue_address` WRITE;
INSERT INTO `catissue_address` VALUES (1,'','Columbus','Ohio','United States','43205','614-000-0000',''),(2,'288 WhereAmI','Columbus','Ohio','United States','44130','',''),(3,'420 W. 12th Ave.','Columbus','Ohio','United States','43210','',''),(4,'','n','Alabama','Afghanistan','23534','2353466',''),(5,'Box 111 660 S. Euclid Ave.','St. Louis','Missouri','United States','63110','314-454-7919','314-454-5525'),(6,'Box 111 660 S. Euclid Ave.','St. Louis','Missouri','United States','63110','314-454-7919','314-454-5525'),(7,'Box 111  660 S. Euclid Ave.','St. Louis','Missouri','United States','63110','314-454-7615','314-454-5525'),(8,'Room 2320 216 S. Kingshighway','St. Louis','Missouri','United States','63110','314-454-7615','314-454-5525'),(9,'1 Barnes Plaza','St. Louis','Missouri','United States','63110','',''),(10,'','Columbus','Ohio','United States','43210','6142933554',''),(11,'312 Beech Ave.','Baltimore','Maryland','United States','21211','410-366-1986',''),(12,'','St. Louis','Missouri','United States','63110','314-362-9224',''),(13,'123 street','victoria','Other','Canada','32145','',''),(14,'','Duarte','California','United States','91010','626-256-4673',''),(15,'1500E. Duarte','Duarte','California','United States','91010','',''),(16,'','Springfield','Ohio','United States','45502','937--324-2231',''),(17,'peter street','peter','Alabama','United States','10001','101001','-'),(18,'','Wpg','Alabama','Canada','15151','204-123-1234',''),(19,'123 Nowhere Ave','Wpg','Alabama','Canada','15151','204-123-1234',''),(20,'','Lexington','Kentucky','United States','40503','8888888888',''),(21,'','asd','Alabama','Afghanistan','12123','123-123-1234',''),(22,'','LExington','Kentucky','United States','40503','(859)423-3488',''),(23,'','st. louis','Washington','India','63110-1093','02030235996',''),(24,'','St. Louis','Missouri','United States','63110','314-454-0000',''),(25,'100 Street','Someplace','Ohio','United States','11111','',''),(26,'100 Seattle St.','Seattle','Washington','United States','99999','',''),(27,'','St. Louis','Missouri','United States','63110','314-555-5555',''),(28,'','Indiannopolis','Indiana','United States','77777','555-555-1212',''),(29,'','Columbus','Ohio','United States','88888','444-555-1212',''),(30,'111 Research St.','Houston','Texas','United States','99999','',''),(31,'7777 Research Blvd.','Boston','Massachusetts','United States','77777','',''),(32,'S Euclid','Saint louis','Missouri','United States','63108','',''),(33,'','San Francisco','California','United States','94118','415-514-0692',''),(34,'1600 Divisadero Street','San Francisco','California','United States','94118','415-514-0692',''),(35,'','LA','California','United States','90095','X66556',''),(36,'8281 Greensboro Dr','McLean','Virginia','United States','22101','703-377-7205',''),(37,'One Baylor Plaza','Houston','Texas','United States','77030','713-798-2098','713-798-0000'),(38,'dfgd','dfgd','Arizona','Algeria','34555','',''),(39,'sdfs','dfsdfsd','Arizona','American Samoa','45555','',''),(40,'Thomas Bldg','Seattle','Washington','United States','98109','555-1212',''),(41,'Fairview','Seattle','Washington','United States','98109','',''),(42,'1100 Fairview','Seattle','Washington','United States','98109','206-667-4136',''),(43,'','Testcity','California','United States','99999','999-999-9999',''),(44,'','Stockholm','Missouri','Sweden','17100','+46852483978',''),(45,'a','a','Nebraska','United States','12345','34534533',''),(46,'3 Mulford St','Brookline','Massachusetts','United States','02445','617-319-3419',''),(47,'','baltimore','Maryland','United States','21212','410 6145686',''),(48,'','Durham','North Carolina','United States','27710','9196889317',''),(49,'20 Overland street','Boston','Massachusetts','United States','02215','(617)582-8506','');
UNLOCK TABLES;
/*!40000 ALTER TABLE `catissue_address` ENABLE KEYS */;

--
-- Table structure for table `catissue_audit_event`
--

DROP TABLE IF EXISTS `catissue_audit_event`;
CREATE TABLE `catissue_audit_event` (
  `IDENTIFIER` bigint(20) NOT NULL auto_increment,
  `IP_ADDRESS` varchar(20) default NULL,
  `EVENT_TIMESTAMP` datetime default NULL,
  `USER_ID` bigint(20) default NULL,
  `COMMENTS` text,
  PRIMARY KEY  (`IDENTIFIER`),
  KEY `FKACAF697A2206F20F` (`USER_ID`)
) ENGINE=MyISAM;

--
-- Dumping data for table `catissue_audit_event`
--


/*!40000 ALTER TABLE `catissue_audit_event` DISABLE KEYS */;
LOCK TABLES `catissue_audit_event` WRITE;
INSERT INTO `catissue_audit_event` VALUES (1,'127.0.0.1','2006-07-19 11:50:19',1,NULL),(2,'127.0.0.1','2006-07-19 15:09:46',1,NULL),(3,'127.0.0.1','2006-07-19 17:56:47',1,NULL),(4,'127.0.0.1','2006-07-20 11:21:39',1,NULL),(5,'127.0.0.1','2006-07-20 11:21:49',1,NULL),(6,'127.0.0.1','2006-07-20 11:22:03',1,NULL),(7,'127.0.0.1','2006-07-20 11:22:09',1,NULL),(8,'127.0.0.1','2006-07-20 12:42:02',1,NULL),(9,'140.254.63.2','2006-04-07 10:58:45',1,NULL),(10,'140.254.63.2','2006-04-07 11:01:01',1,NULL),(11,'140.254.63.2','2006-04-07 11:01:09',1,NULL),(12,'140.254.63.2','2006-04-07 11:01:22',1,NULL),(13,'140.254.63.2','2006-04-07 11:02:24',1,NULL),(14,'140.254.63.2','2006-04-07 11:06:05',1,NULL),(15,'140.254.63.2','2006-04-07 11:07:10',1,NULL),(16,'140.254.63.2','2006-04-07 11:08:16',1,NULL),(17,'140.254.63.2','2006-04-07 11:10:08',1,NULL),(18,'140.254.63.2','2006-04-07 11:10:37',1,NULL),(19,'140.254.63.2','2006-04-07 11:11:56',1,NULL),(20,'140.254.63.2','2006-04-07 11:13:41',1,NULL),(21,'140.254.63.2','2006-04-07 11:14:04',1,NULL),(22,'140.254.63.2','2006-04-07 11:14:48',1,NULL),(23,'140.254.63.2','2006-04-07 11:15:26',1,NULL),(24,'140.254.45.26','2006-04-07 12:36:59',1,NULL),(25,'140.254.45.26','2006-04-07 12:37:18',1,NULL),(26,'140.254.45.26','2006-04-07 12:37:40',1,NULL),(27,'140.254.45.26','2006-04-07 12:41:38',1,NULL),(28,'140.254.45.26','2006-04-07 12:50:24',1,NULL),(29,'140.254.45.26','2006-04-07 12:57:59',1,NULL),(30,'140.254.45.26','2006-04-07 13:01:10',1,NULL),(31,'140.254.45.26','2006-04-07 13:02:55',1,NULL),(32,'142.103.207.10','2006-04-07 13:14:07',1,NULL),(33,'140.254.45.26','2006-04-07 13:20:49',1,NULL),(34,'140.254.45.26','2006-04-07 13:22:30',1,NULL),(35,'140.254.45.26','2006-04-07 13:24:34',1,NULL),(36,'140.254.45.26','2006-04-07 13:24:57',1,NULL),(37,'65.125.12.222','2006-04-07 14:24:13',1,NULL),(38,'142.103.207.10','2006-04-07 18:13:07',1,NULL),(39,'142.103.207.10','2006-04-07 18:15:11',1,NULL),(40,'24.107.18.244','2006-04-08 01:53:22',1,NULL),(41,'24.107.18.244','2006-04-08 01:53:43',1,NULL),(42,'24.107.18.244','2006-04-08 01:54:00',1,NULL),(43,'24.107.18.244','2006-04-08 01:55:38',1,NULL),(44,NULL,'2006-04-08 02:00:03',NULL,NULL),(45,'24.107.18.244','2006-04-08 02:03:13',1,NULL),(46,'24.107.18.244','2006-04-08 02:03:59',1,NULL),(47,'24.107.18.244','2006-04-08 02:12:00',1,NULL),(48,'24.107.18.244','2006-04-08 02:15:33',1,NULL),(49,'24.107.18.244','2006-04-08 02:16:30',1,NULL),(50,'24.107.18.244','2006-04-08 02:17:10',1,NULL),(51,'24.107.18.244','2006-04-08 02:17:45',1,NULL),(52,'24.107.18.244','2006-04-08 02:19:36',1,NULL),(53,'24.107.18.244','2006-04-08 02:21:03',1,NULL),(54,'24.107.18.244','2006-04-08 02:22:20',1,NULL),(55,'24.107.18.244','2006-04-08 02:23:20',1,NULL),(56,'24.107.18.244','2006-04-08 02:24:22',1,NULL),(57,'24.107.18.244','2006-04-08 02:39:35',1,NULL),(58,'24.107.18.244','2006-04-08 02:44:30',1,NULL),(59,'24.107.18.244','2006-04-08 02:45:36',1,NULL),(60,'24.107.18.244','2006-04-08 02:46:16',1,NULL),(61,'24.107.18.244','2006-04-08 02:48:43',1,NULL),(62,'24.107.18.244','2006-04-08 02:50:18',1,NULL),(63,'24.107.18.244','2006-04-08 02:51:39',1,NULL),(64,'24.107.18.244','2006-04-08 02:53:45',1,NULL),(65,'24.107.18.244','2006-04-08 02:54:50',1,NULL),(66,'24.107.18.244','2006-04-08 02:55:50',1,NULL),(67,'24.107.18.244','2006-04-08 02:56:45',1,NULL),(68,'24.107.18.244','2006-04-08 02:58:56',1,NULL),(69,'24.107.18.244','2006-04-08 02:59:21',1,NULL),(70,'24.107.18.244','2006-04-08 02:59:57',1,NULL),(71,'24.107.18.244','2006-04-08 03:01:01',1,NULL),(72,'24.107.18.244','2006-04-08 03:02:15',1,NULL),(73,'216.7.7.57','2006-04-10 08:01:11',1,NULL),(74,'216.7.7.57','2006-04-10 08:02:18',1,NULL),(75,'140.254.45.26','2006-04-10 12:16:03',1,NULL),(76,'140.254.45.26','2006-04-10 12:16:13',1,NULL),(77,'140.254.45.26','2006-04-10 12:18:29',1,NULL),(78,'140.254.45.26','2006-04-10 12:18:40',1,NULL),(79,'140.254.45.26','2006-04-10 13:54:21',1,NULL),(80,'140.254.45.26','2006-04-10 13:57:25',1,NULL),(81,NULL,'2006-04-10 17:21:55',NULL,NULL),(82,'165.124.162.17','2006-04-14 10:55:13',1,NULL),(83,'165.124.162.17','2006-04-14 10:55:36',1,NULL),(84,'165.124.162.17','2006-04-14 10:55:56',1,NULL),(85,NULL,'2006-04-16 20:59:39',NULL,NULL),(86,'67.130.62.209','2006-04-17 12:38:44',1,NULL),(87,'67.130.62.209','2006-04-17 12:39:34',1,NULL),(88,'67.130.62.209','2006-04-17 12:41:12',1,NULL),(89,'67.130.62.209','2006-04-17 12:41:29',1,NULL),(90,'67.130.62.209','2006-04-17 12:43:04',1,NULL),(91,'67.130.62.209','2006-04-17 13:02:36',1,NULL),(92,'24.107.18.244','2006-04-17 23:37:58',1,NULL),(93,'24.107.18.244','2006-04-17 23:39:31',1,NULL),(94,'24.107.18.244','2006-04-17 23:40:16',1,NULL),(95,'24.107.18.244','2006-04-17 23:41:18',1,NULL),(96,'24.107.18.244','2006-04-17 23:42:06',1,NULL),(97,'143.111.174.56','2006-04-18 19:36:31',1,NULL),(98,'143.111.174.56','2006-04-18 19:38:09',1,NULL),(99,'128.252.10.114','2006-04-20 15:38:52',1,NULL),(100,'128.252.10.114','2006-04-20 15:40:04',1,NULL),(101,'128.252.10.114','2006-04-20 15:40:10',1,NULL),(102,'128.252.10.114','2006-04-20 15:40:16',1,NULL),(103,'128.252.10.114','2006-04-20 15:40:41',1,NULL),(104,'128.252.10.114','2006-04-20 15:40:51',1,NULL),(105,'128.252.10.114','2006-04-20 15:40:59',1,NULL),(106,'142.103.207.10','2006-04-20 17:07:35',1,NULL),(107,'142.103.207.10','2006-04-20 17:08:22',1,NULL),(108,'142.103.207.10','2006-04-20 17:11:44',1,NULL),(109,'142.103.207.10','2006-04-20 17:19:37',1,NULL),(110,'142.103.207.10','2006-04-20 17:19:55',1,NULL),(111,'142.103.207.10','2006-04-20 18:22:40',1,NULL),(112,'142.103.207.10','2006-04-20 18:23:38',1,NULL),(113,'142.103.207.10','2006-04-20 18:32:46',1,NULL),(114,'142.103.207.10','2006-04-20 18:34:38',1,NULL),(115,'24.107.18.244','2006-04-20 23:43:09',1,NULL),(116,'128.252.10.114','2006-04-21 09:49:49',1,NULL),(117,'151.152.101.44','2006-04-21 18:33:37',1,NULL),(118,'151.152.101.44','2006-04-21 18:40:25',1,NULL),(119,'151.152.101.44','2006-04-21 18:41:29',1,NULL),(120,'129.176.151.118','2006-04-24 12:06:01',1,NULL),(121,'128.252.10.114','2006-04-24 12:31:33',1,NULL),(122,'151.152.101.44','2006-04-24 12:33:41',1,NULL),(123,'66.210.248.69','2006-04-24 16:35:15',1,NULL),(124,'66.210.248.69','2006-04-24 16:35:35',1,NULL),(125,'66.210.248.69','2006-04-24 16:36:05',1,NULL),(126,'151.152.101.44','2006-04-25 11:45:07',1,NULL),(127,'151.152.101.44','2006-04-25 11:47:15',1,NULL),(128,'151.152.101.44','2006-04-25 11:51:20',1,NULL),(129,'151.152.101.44','2006-04-25 12:17:46',1,NULL),(130,'64.42.209.81','2006-04-25 12:35:52',1,NULL),(131,'64.42.209.81','2006-04-25 12:36:00',1,NULL),(132,'64.42.209.81','2006-04-25 13:18:19',1,NULL),(133,'142.103.207.10','2006-04-26 11:52:24',1,NULL),(134,'142.103.207.10','2006-04-26 18:00:26',1,NULL),(135,'142.103.207.10','2006-04-26 18:00:51',1,NULL),(136,'142.103.207.10','2006-04-26 18:01:01',1,NULL),(137,'142.103.207.10','2006-04-26 18:02:33',1,NULL),(138,'142.103.207.10','2006-04-26 18:03:28',1,NULL),(139,'142.103.207.10','2006-04-26 18:05:27',1,NULL),(140,'142.103.207.10','2006-04-26 18:05:52',1,NULL),(141,'142.103.207.10','2006-04-26 18:07:38',1,NULL),(142,'142.103.207.10','2006-04-26 18:09:57',1,NULL),(143,'142.103.207.10','2006-04-26 18:10:54',1,NULL),(144,'142.103.207.10','2006-04-26 18:11:24',1,NULL),(145,'142.103.207.10','2006-04-26 18:11:51',1,NULL),(146,'147.126.101.197','2006-04-27 16:07:30',1,NULL),(147,'147.126.101.197','2006-04-27 16:10:50',1,NULL),(148,'68.188.91.150','2006-04-27 22:46:28',1,NULL),(149,'151.152.101.44','2006-05-01 11:41:01',1,NULL),(150,'151.152.101.44','2006-05-01 11:44:01',1,NULL),(151,'151.152.101.44','2006-05-01 11:44:46',1,NULL),(152,'151.152.101.44','2006-05-01 11:45:22',1,NULL),(153,'151.152.101.44','2006-05-01 11:47:27',1,NULL),(154,'151.152.101.44','2006-05-01 11:48:51',1,NULL),(155,'151.152.101.44','2006-05-01 11:49:40',1,NULL),(156,'151.152.101.44','2006-05-01 11:50:17',1,NULL),(157,'151.152.101.44','2006-05-01 12:01:16',1,NULL),(158,'151.152.101.44','2006-05-01 12:12:21',1,NULL),(159,'128.252.11.235','2006-05-01 12:16:17',1,NULL),(160,'128.252.11.235','2006-05-01 12:16:53',1,NULL),(161,'128.252.11.235','2006-05-01 12:18:28',1,NULL),(162,'128.252.11.235','2006-05-01 12:22:06',1,NULL),(163,'128.252.11.235','2006-05-01 12:23:17',1,NULL),(164,'220.225.70.2','2006-05-02 00:30:21',1,NULL),(165,'220.225.70.2','2006-05-02 00:30:44',1,NULL),(166,'220.225.70.2','2006-05-02 00:32:54',1,NULL),(167,'220.225.70.2','2006-05-02 03:19:23',1,NULL),(168,'220.225.70.2','2006-05-02 03:23:17',1,NULL),(169,'220.225.70.2','2006-05-02 03:39:39',1,NULL),(170,'220.225.70.2','2006-05-02 03:40:27',1,NULL),(171,'220.225.70.2','2006-05-02 03:59:09',1,NULL),(172,'220.225.70.2','2006-05-02 04:30:27',1,NULL),(173,'220.225.70.2','2006-05-02 04:53:58',1,NULL),(174,'220.225.70.2','2006-05-02 04:56:44',1,NULL),(175,'220.225.70.2','2006-05-02 04:59:06',1,NULL),(176,'220.225.70.2','2006-05-02 07:54:01',1,NULL),(177,'220.225.70.2','2006-05-02 09:43:38',1,NULL),(178,'220.225.70.2','2006-05-02 09:44:17',1,NULL),(179,'220.225.70.2','2006-05-02 10:05:00',1,NULL),(180,'220.225.70.2','2006-05-02 10:05:36',1,NULL),(181,'220.225.70.2','2006-05-02 10:06:06',1,NULL),(182,'24.94.31.40','2006-05-02 12:23:48',1,NULL),(183,'24.94.31.40','2006-05-02 12:29:12',1,NULL),(184,'24.94.31.40','2006-05-02 12:29:36',1,NULL),(185,'24.94.31.40','2006-05-02 13:00:59',1,NULL),(186,'24.94.31.40','2006-05-02 13:01:23',1,NULL),(187,'24.94.31.40','2006-05-02 13:02:11',1,NULL),(188,'24.107.18.244','2006-05-02 21:53:54',1,NULL),(189,'220.225.70.2','2006-05-08 07:49:54',1,NULL),(190,'220.225.70.2','2006-05-08 07:53:59',1,NULL),(191,'220.225.70.2','2006-05-08 07:54:50',1,NULL),(192,'220.225.70.2','2006-05-08 07:55:20',1,NULL),(193,NULL,'2006-05-08 10:33:52',NULL,NULL),(194,'24.107.18.244','2006-05-09 23:41:37',1,NULL),(195,'24.107.18.244','2006-05-09 23:46:24',1,NULL),(196,'24.107.18.244','2006-05-09 23:47:00',1,NULL),(197,'24.107.18.244','2006-05-09 23:49:50',1,NULL),(198,'24.107.18.244','2006-05-09 23:59:54',1,NULL),(199,'24.107.18.244','2006-05-10 00:00:08',1,NULL),(200,'220.225.70.2','2006-05-10 04:34:37',1,NULL),(201,'155.52.40.51','2006-05-10 16:21:32',1,NULL),(202,'68.188.91.150','2006-05-11 17:41:02',1,NULL),(203,'68.188.91.150','2006-05-11 17:42:20',1,NULL),(204,'128.252.11.235','2006-05-12 16:07:03',1,NULL),(205,'69.177.223.7','2006-05-15 21:55:15',1,NULL),(206,'69.177.223.7','2006-05-15 21:57:26',1,NULL),(207,'69.177.223.7','2006-05-15 21:58:31',1,NULL),(208,'69.177.223.7','2006-05-15 21:59:23',1,NULL),(209,NULL,'2006-05-15 22:04:49',NULL,NULL),(210,'69.177.223.7','2006-05-15 22:06:06',1,NULL),(211,'69.177.223.7','2006-05-15 22:11:08',1,NULL),(212,'69.177.223.7','2006-05-16 00:48:35',1,NULL),(213,'69.177.223.7','2006-05-16 00:49:44',1,NULL),(214,'69.177.223.7','2006-05-16 01:05:07',1,NULL),(215,'69.177.223.7','2006-05-16 01:28:05',1,NULL),(216,'69.177.223.7','2006-05-16 01:29:03',1,NULL),(217,'69.177.223.7','2006-05-16 01:34:07',1,NULL),(218,'69.177.223.7','2006-05-16 01:36:32',1,NULL),(219,'220.225.70.2','2006-05-16 08:15:03',1,NULL),(220,'220.225.70.2','2006-05-16 08:16:36',1,NULL),(221,'220.225.70.2','2006-05-16 08:23:56',1,NULL),(222,'220.225.70.2','2006-05-16 08:25:12',1,NULL),(223,'220.225.70.2','2006-05-16 08:30:20',1,NULL),(224,'220.225.70.2','2006-05-16 08:36:58',1,NULL),(225,'129.176.151.118','2006-05-16 09:15:40',1,NULL),(226,'129.176.151.118','2006-05-16 09:16:25',1,NULL),(227,'129.176.151.118','2006-05-16 09:19:11',1,NULL),(228,'129.176.151.118','2006-05-16 10:17:17',1,NULL),(229,'204.60.187.1','2006-05-16 13:49:30',1,NULL),(230,'204.60.187.1','2006-05-16 13:52:09',1,NULL),(231,'204.60.187.1','2006-05-16 13:58:54',1,NULL),(232,'204.60.187.1','2006-05-16 14:00:58',1,NULL),(233,'204.60.187.1','2006-05-16 14:07:25',1,NULL),(234,'24.107.18.244','2006-05-16 23:01:47',1,NULL),(235,'192.139.125.108','2006-05-17 16:06:10',1,NULL),(236,'192.139.125.108','2006-05-17 16:06:55',1,NULL),(237,'192.139.125.108','2006-05-17 16:07:47',1,NULL),(238,'192.139.125.108','2006-05-17 16:08:57',1,NULL),(239,'137.53.25.51','2006-05-17 16:42:00',1,NULL),(240,'157.142.58.58','2006-05-17 17:35:05',1,NULL),(241,'157.142.58.58','2006-05-17 17:35:46',1,NULL),(242,'157.142.58.58','2006-05-17 17:37:51',1,NULL),(243,'192.139.125.108','2006-05-17 17:41:22',1,NULL),(244,'192.139.125.108','2006-05-17 17:42:43',1,NULL),(245,'130.15.107.10','2006-05-19 13:52:16',1,NULL),(246,'128.252.119.120','2006-05-19 14:09:25',1,NULL),(247,NULL,'2006-05-20 15:02:20',NULL,NULL),(248,'128.252.115.239','2006-05-22 15:58:41',1,NULL),(249,'128.252.115.239','2006-05-22 16:00:17',1,NULL),(250,'128.252.115.239','2006-05-22 16:30:39',1,NULL),(251,'128.252.115.239','2006-05-22 17:51:16',1,NULL),(252,'74.131.248.160','2006-05-22 17:51:39',1,NULL),(253,NULL,'2006-05-22 17:56:31',NULL,NULL),(254,'74.131.248.160','2006-05-22 17:57:42',1,NULL),(255,'74.131.248.160','2006-05-22 18:01:21',1,NULL),(256,'74.131.248.160','2006-05-22 18:01:44',1,NULL),(257,'128.252.115.239','2006-05-22 18:11:07',1,NULL),(258,NULL,'2006-05-25 04:34:55',NULL,NULL),(259,'204.60.187.198','2006-05-31 20:28:11',1,NULL),(260,'204.60.187.198','2006-05-31 20:29:23',1,NULL),(261,'204.60.187.198','2006-05-31 20:30:09',1,NULL),(262,'204.60.187.198','2006-05-31 20:30:37',1,NULL),(263,'204.60.187.198','2006-05-31 20:30:45',1,NULL),(264,'204.60.187.198','2006-05-31 20:30:58',1,NULL),(265,'204.60.187.198','2006-05-31 20:31:09',1,NULL),(266,'204.60.187.198','2006-05-31 20:31:32',1,NULL),(267,'204.60.187.198','2006-05-31 20:32:26',1,NULL),(268,'69.177.223.7','2006-05-31 22:14:00',1,NULL),(269,'69.177.223.7','2006-05-31 22:26:24',1,NULL),(270,'69.177.223.7','2006-05-31 23:39:49',1,NULL),(271,'143.111.62.33','2006-06-02 17:02:35',1,NULL),(272,'209.222.199.126','2006-06-02 17:37:38',1,NULL),(273,'125.99.13.178','2006-06-04 01:48:47',1,NULL),(274,'24.107.18.244','2006-06-04 17:11:29',1,NULL),(275,'24.107.18.244','2006-06-04 17:12:18',1,NULL),(276,'24.107.18.244','2006-06-04 17:12:35',1,NULL),(277,'24.107.18.244','2006-06-04 17:12:49',1,NULL),(278,'24.107.18.244','2006-06-04 17:13:02',1,NULL),(279,'24.107.18.244','2006-06-04 17:13:24',1,NULL),(280,'24.107.18.244','2006-06-04 17:13:38',1,NULL),(281,'24.107.18.244','2006-06-04 17:13:56',1,NULL),(282,'24.107.18.244','2006-06-04 17:14:09',1,NULL),(283,'24.107.18.244','2006-06-04 17:14:22',1,NULL),(284,'24.107.18.244','2006-06-04 17:14:32',1,NULL),(285,'24.107.18.244','2006-06-04 17:14:42',1,NULL),(286,'24.107.18.244','2006-06-04 17:15:14',1,NULL),(287,'24.107.18.244','2006-06-04 17:15:23',1,NULL),(288,'24.107.18.244','2006-06-04 17:15:30',1,NULL),(289,'24.107.18.244','2006-06-04 17:15:38',1,NULL),(290,'24.107.18.244','2006-06-04 17:16:16',1,NULL),(291,'24.107.18.244','2006-06-04 17:16:24',1,NULL),(292,'24.107.18.244','2006-06-04 17:16:33',1,NULL),(293,'24.107.18.244','2006-06-04 17:16:43',1,NULL),(294,'24.107.18.244','2006-06-04 17:16:56',1,NULL),(295,'24.107.18.244','2006-06-04 17:19:44',1,NULL),(296,'24.107.18.244','2006-06-04 17:21:00',1,NULL),(297,'24.107.18.244','2006-06-04 17:22:15',1,NULL),(298,'24.107.18.244','2006-06-04 17:24:43',1,NULL),(299,'24.107.18.244','2006-06-04 17:25:53',1,NULL),(300,'24.107.18.244','2006-06-04 17:27:12',1,NULL),(301,'24.107.18.244','2006-06-04 17:28:29',1,NULL),(302,'24.107.18.244','2006-06-04 17:32:48',1,NULL),(303,'24.107.18.244','2006-06-04 17:37:43',1,NULL),(304,'24.107.18.244','2006-06-04 17:41:24',1,NULL),(305,'24.107.18.244','2006-06-04 17:42:08',1,NULL),(306,'24.107.18.244','2006-06-04 17:43:11',1,NULL),(307,'24.107.18.244','2006-06-04 17:43:44',1,NULL),(308,'24.107.18.244','2006-06-04 17:44:31',1,NULL),(309,'24.107.18.244','2006-06-04 17:45:59',1,NULL),(310,'24.107.18.244','2006-06-04 17:47:15',1,NULL),(311,'24.107.18.244','2006-06-04 17:48:17',1,NULL),(312,'24.107.18.244','2006-06-04 17:49:14',1,NULL),(313,'24.107.18.244','2006-06-04 17:51:24',1,NULL),(314,'24.107.18.244','2006-06-04 18:15:38',1,NULL),(315,'24.107.18.244','2006-06-04 18:17:12',1,NULL),(316,'24.107.18.244','2006-06-04 18:18:06',1,NULL),(317,'24.107.18.244','2006-06-04 18:18:47',1,NULL),(318,'24.107.18.244','2006-06-04 18:19:27',1,NULL),(319,'24.107.18.244','2006-06-04 18:20:04',1,NULL),(320,'24.107.18.244','2006-06-04 18:27:13',1,NULL),(321,'24.107.18.244','2006-06-04 18:27:33',1,NULL),(322,'24.107.18.244','2006-06-04 18:27:53',1,NULL),(323,'24.107.18.244','2006-06-04 18:28:23',1,NULL),(324,'24.107.18.244','2006-06-04 18:28:47',1,NULL),(325,'24.107.18.244','2006-06-04 18:29:10',1,NULL),(326,'24.107.18.244','2006-06-04 18:29:39',1,NULL),(327,'24.107.18.244','2006-06-04 18:29:54',1,NULL),(328,'24.107.18.244','2006-06-04 18:30:24',1,NULL),(329,'24.107.18.244','2006-06-04 18:30:38',1,NULL),(330,'24.107.18.244','2006-06-04 18:31:00',1,NULL),(331,'24.107.18.244','2006-06-04 18:34:30',1,NULL),(332,'24.107.18.244','2006-06-04 18:35:05',1,NULL),(333,'24.107.18.244','2006-06-04 18:35:37',1,NULL),(334,'24.107.18.244','2006-06-04 18:36:11',1,NULL),(335,'24.107.18.244','2006-06-04 18:36:41',1,NULL),(336,'24.107.18.244','2006-06-04 18:37:06',1,NULL),(337,'24.107.18.244','2006-06-04 18:37:43',1,NULL),(338,'24.107.18.244','2006-06-04 18:38:08',1,NULL),(339,'24.107.18.244','2006-06-04 18:38:37',1,NULL),(340,'24.107.18.244','2006-06-04 18:39:05',1,NULL),(341,'24.107.18.244','2006-06-04 18:39:45',1,NULL),(342,'24.107.18.244','2006-06-04 18:40:13',1,NULL),(343,'24.107.18.244','2006-06-04 18:52:02',1,NULL),(344,'24.107.18.244','2006-06-04 18:52:58',1,NULL),(345,'24.107.18.244','2006-06-04 18:54:24',1,NULL),(346,'24.107.18.244','2006-06-04 18:55:26',1,NULL),(347,'24.107.18.244','2006-06-04 18:56:08',1,NULL),(348,'24.107.18.244','2006-06-04 19:11:22',1,NULL),(349,'24.107.18.244','2006-06-04 22:15:11',1,NULL),(350,'24.107.18.244','2006-06-04 22:16:06',1,NULL),(351,'24.107.18.244','2006-06-04 22:16:56',1,NULL),(352,'24.107.18.244','2006-06-04 22:17:57',1,NULL),(353,'24.107.18.244','2006-06-04 22:18:49',1,NULL),(354,'24.107.18.244','2006-06-04 22:19:41',1,NULL),(355,'24.107.18.244','2006-06-04 22:20:38',1,NULL),(356,'24.107.18.244','2006-06-04 22:21:25',1,NULL),(357,'24.107.18.244','2006-06-04 22:22:22',1,NULL),(358,'24.107.18.244','2006-06-04 22:23:26',1,NULL),(359,'24.107.18.244','2006-06-04 22:24:31',1,NULL),(360,'24.107.18.244','2006-06-04 22:25:14',1,NULL),(361,'24.107.18.244','2006-06-04 22:25:55',1,NULL),(362,'24.107.18.244','2006-06-04 22:26:37',1,NULL),(363,'24.107.18.244','2006-06-04 22:27:21',1,NULL),(364,'24.107.18.244','2006-06-04 22:28:23',1,NULL),(365,'24.107.18.244','2006-06-04 22:29:40',1,NULL),(366,'24.107.18.244','2006-06-04 22:30:13',1,NULL),(367,'24.107.18.244','2006-06-04 22:30:50',1,NULL),(368,'24.107.18.244','2006-06-04 22:31:24',1,NULL),(369,'24.107.18.244','2006-06-04 22:32:07',1,NULL),(370,'24.107.18.244','2006-06-04 22:32:45',1,NULL),(371,'24.107.18.244','2006-06-04 22:33:20',1,NULL),(372,'24.107.18.244','2006-06-04 22:33:52',1,NULL),(373,'24.107.18.244','2006-06-04 22:34:21',1,NULL),(374,'24.107.18.244','2006-06-04 22:34:54',1,NULL),(375,'24.107.18.244','2006-06-04 22:35:16',1,NULL),(376,'24.107.18.244','2006-06-04 22:35:35',1,NULL),(377,'24.107.18.244','2006-06-04 22:35:59',1,NULL),(378,'24.107.18.244','2006-06-04 22:36:19',1,NULL),(379,'24.107.18.244','2006-06-04 22:36:53',1,NULL),(380,'24.107.18.244','2006-06-04 22:37:10',1,NULL),(381,'24.107.18.244','2006-06-04 22:37:30',1,NULL),(382,'24.107.18.244','2006-06-04 22:37:54',1,NULL),(383,'24.107.18.244','2006-06-04 22:38:10',1,NULL),(384,'24.107.18.244','2006-06-04 22:38:28',1,NULL),(385,'24.107.18.244','2006-06-04 22:38:51',1,NULL),(386,'24.107.18.244','2006-06-04 22:39:12',1,NULL),(387,'24.107.18.244','2006-06-04 22:39:31',1,NULL),(388,'24.107.18.244','2006-06-04 22:40:15',1,NULL),(389,'24.107.18.244','2006-06-04 22:40:44',1,NULL),(390,'24.107.18.244','2006-06-04 22:41:04',1,NULL),(391,'24.107.18.244','2006-06-04 22:41:32',1,NULL),(392,'24.107.18.244','2006-06-04 22:41:52',1,NULL),(393,'24.107.18.244','2006-06-04 22:43:54',1,NULL),(394,'24.107.18.244','2006-06-04 22:44:15',1,NULL),(395,'24.107.18.244','2006-06-04 22:44:39',1,NULL),(396,'24.107.18.244','2006-06-04 22:45:54',1,NULL),(397,'24.107.18.244','2006-06-04 22:47:37',1,NULL),(398,'24.107.18.244','2006-06-04 22:48:09',1,NULL),(399,'24.107.18.244','2006-06-04 22:48:53',1,NULL),(400,'24.107.18.244','2006-06-04 22:49:28',1,NULL),(401,'24.107.18.244','2006-06-04 22:50:04',1,NULL),(402,'24.107.18.244','2006-06-04 22:50:35',1,NULL),(403,'24.107.18.244','2006-06-04 22:51:08',1,NULL),(404,'24.107.18.244','2006-06-04 22:51:47',1,NULL),(405,'24.107.18.244','2006-06-04 22:52:26',1,NULL),(406,'24.107.18.244','2006-06-04 22:52:52',1,NULL),(407,'24.107.18.244','2006-06-04 22:53:33',1,NULL),(408,'24.107.18.244','2006-06-04 22:54:17',1,NULL),(409,'24.107.18.244','2006-06-04 22:54:54',1,NULL),(410,'24.107.18.244','2006-06-04 22:55:55',1,NULL),(411,'24.107.18.244','2006-06-04 22:56:42',1,NULL),(412,'24.107.18.244','2006-06-04 22:57:20',1,NULL),(413,'24.107.18.244','2006-06-04 22:57:54',1,NULL),(414,'24.107.18.244','2006-06-04 22:58:35',1,NULL),(415,'24.107.18.244','2006-06-04 22:59:11',1,NULL),(416,'24.107.18.244','2006-06-04 22:59:52',1,NULL),(417,'24.107.18.244','2006-06-04 23:00:30',1,NULL),(418,'24.107.18.244','2006-06-04 23:01:52',1,NULL),(419,'24.107.18.244','2006-06-04 23:02:26',1,NULL),(420,'24.107.18.244','2006-06-04 23:03:00',1,NULL),(421,'24.107.18.244','2006-06-04 23:03:38',1,NULL),(422,'24.107.18.244','2006-06-04 23:04:09',1,NULL),(423,'24.107.18.244','2006-06-04 23:04:42',1,NULL),(424,'24.107.18.244','2006-06-04 23:05:13',1,NULL),(425,'24.107.18.244','2006-06-04 23:05:56',1,NULL),(426,'24.107.18.244','2006-06-04 23:06:31',1,NULL),(427,'24.107.18.244','2006-06-04 23:07:10',1,NULL),(428,'24.107.18.244','2006-06-04 23:07:56',1,NULL),(429,'24.107.18.244','2006-06-04 23:08:46',1,NULL),(430,'24.107.18.244','2006-06-04 23:09:31',1,NULL),(431,'24.107.18.244','2006-06-04 23:10:03',1,NULL),(432,'24.107.18.244','2006-06-04 23:10:29',1,NULL),(433,'24.107.18.244','2006-06-04 23:12:09',1,NULL),(434,'24.107.18.244','2006-06-04 23:12:48',1,NULL),(435,'24.107.18.244','2006-06-04 23:13:30',1,NULL),(436,'24.107.18.244','2006-06-04 23:14:23',1,NULL),(437,'24.107.18.244','2006-06-04 23:14:59',1,NULL),(438,'24.107.18.244','2006-06-04 23:15:35',1,NULL),(439,'24.107.18.244','2006-06-04 23:26:56',1,NULL),(440,'24.107.18.244','2006-06-04 23:28:50',1,NULL),(441,'24.107.18.244','2006-06-04 23:29:21',1,NULL),(442,'24.107.18.244','2006-06-04 23:29:51',1,NULL),(443,'24.107.18.244','2006-06-04 23:30:26',1,NULL),(444,'24.107.18.244','2006-06-04 23:33:48',1,NULL),(445,'24.107.18.244','2006-06-04 23:34:25',1,NULL),(446,'24.107.18.244','2006-06-04 23:34:53',1,NULL),(447,'24.107.18.244','2006-06-04 23:35:26',1,NULL),(448,'24.107.18.244','2006-06-04 23:35:48',1,NULL),(449,'24.107.18.244','2006-06-04 23:36:14',1,NULL),(450,'12.31.48.107','2006-06-05 07:14:51',1,NULL),(451,'12.31.48.107','2006-06-05 07:15:51',1,NULL),(452,'12.31.48.107','2006-06-05 07:19:34',1,NULL),(453,'12.31.48.107','2006-06-05 07:21:27',1,NULL),(454,'12.31.48.107','2006-06-05 07:21:46',1,NULL),(455,'12.31.48.107','2006-06-05 07:23:01',1,NULL),(456,'12.31.48.107','2006-06-05 08:04:32',1,NULL),(457,'12.31.48.107','2006-06-05 08:09:53',1,NULL),(458,'12.31.48.107','2006-06-05 08:23:21',1,NULL),(459,'24.107.18.244','2006-06-05 10:41:09',1,NULL),(460,'24.107.18.244','2006-06-05 10:41:54',1,NULL),(461,'24.107.18.244','2006-06-05 10:42:33',1,NULL),(462,'24.107.18.244','2006-06-05 11:04:42',1,NULL),(463,'24.107.18.244','2006-06-05 11:05:16',1,NULL),(464,'74.131.248.160','2006-06-05 13:03:20',1,NULL),(465,'74.131.248.160','2006-06-05 13:06:50',1,NULL),(466,'74.131.248.160','2006-06-05 13:06:50',1,NULL),(467,'165.124.12.77','2006-06-05 13:13:11',1,NULL),(468,'165.124.12.77','2006-06-05 13:13:34',1,NULL),(469,'165.124.12.77','2006-06-05 13:13:56',1,NULL),(470,'165.124.12.77','2006-06-05 13:15:19',1,NULL),(471,'165.124.12.204','2006-06-05 13:15:34',1,NULL),(472,'165.124.12.204','2006-06-05 13:15:51',1,NULL),(473,'165.124.12.204','2006-06-05 13:15:53',1,NULL),(474,'140.163.53.251','2006-06-05 13:16:22',1,NULL),(475,'165.124.12.204','2006-06-05 13:16:34',1,NULL),(476,'165.124.12.204','2006-06-05 13:16:36',1,NULL),(477,'165.124.12.77','2006-06-05 13:16:54',1,NULL),(478,'165.124.12.204','2006-06-05 13:17:04',1,NULL),(479,'165.124.12.77','2006-06-05 13:17:31',1,NULL),(480,'165.124.12.58','2006-06-05 13:17:53',1,NULL),(481,'165.124.12.77','2006-06-05 13:20:03',1,NULL),(482,'165.124.12.204','2006-06-05 13:20:06',1,NULL),(483,'165.124.12.68','2006-06-05 13:20:06',1,NULL),(484,'165.124.12.204','2006-06-05 13:20:08',1,NULL),(485,'165.124.12.58','2006-06-05 13:20:11',1,NULL),(486,'129.176.151.118','2006-06-05 13:20:11',1,NULL),(487,'140.163.53.251','2006-06-05 13:20:17',1,NULL),(488,'140.163.53.251','2006-06-05 13:20:17',1,NULL),(489,'165.124.12.204','2006-06-05 13:20:20',1,NULL),(490,'165.124.12.56','2006-06-05 13:20:27',1,NULL),(491,'68.236.121.10','2006-06-05 13:20:30',1,NULL),(492,'165.124.12.77','2006-06-05 13:20:31',1,NULL),(493,'165.124.12.204','2006-06-05 13:20:33',1,NULL),(494,'141.214.17.5','2006-06-05 13:20:54',1,NULL),(495,'165.124.12.204','2006-06-05 13:21:25',1,NULL),(496,'165.124.12.204','2006-06-05 13:21:34',1,NULL),(497,'165.124.12.77','2006-06-05 13:21:51',1,NULL),(498,'165.124.12.204','2006-06-05 13:22:29',1,NULL),(499,'165.124.12.58','2006-06-05 13:22:30',1,NULL),(500,'129.176.151.118','2006-06-05 13:27:09',1,NULL),(501,'165.124.12.204','2006-06-05 13:27:27',1,NULL),(502,'165.124.12.204','2006-06-05 13:27:28',1,NULL),(503,'165.124.12.68','2006-06-05 13:27:29',1,NULL),(504,'165.124.12.56','2006-06-05 13:27:47',1,NULL),(505,'165.124.12.204','2006-06-05 13:27:49',1,NULL),(506,'165.124.12.77','2006-06-05 13:27:51',1,NULL),(507,'165.124.12.58','2006-06-05 13:29:53',1,NULL),(508,'165.124.12.204','2006-06-05 13:31:23',1,NULL),(509,'142.103.207.10','2006-06-05 13:43:56',1,NULL),(510,'165.124.12.77','2006-06-05 13:44:54',1,NULL),(511,'165.124.12.68','2006-06-05 13:45:43',1,NULL),(512,'165.124.12.77','2006-06-05 13:45:56',1,NULL),(513,'165.124.12.204','2006-06-05 13:45:59',1,NULL),(514,'129.176.151.118','2006-06-05 13:46:02',1,NULL),(515,'165.124.12.58','2006-06-05 13:46:18',1,NULL),(516,'165.124.12.58','2006-06-05 13:46:47',1,NULL),(517,'165.124.12.77','2006-06-05 13:47:02',1,NULL),(518,'165.124.12.68','2006-06-05 13:47:40',1,NULL),(519,'142.103.207.10','2006-06-05 13:48:23',1,NULL),(520,'165.124.12.68','2006-06-05 13:49:01',1,NULL),(521,'165.124.12.58','2006-06-05 13:49:07',1,NULL),(522,'165.124.12.204','2006-06-05 13:49:42',1,NULL),(523,'165.124.12.58','2006-06-05 13:50:02',1,NULL),(524,'165.124.12.204','2006-06-05 13:50:33',1,NULL),(525,'165.124.12.204','2006-06-05 13:53:15',1,NULL),(526,'165.124.12.68','2006-06-05 13:53:45',1,NULL),(527,'165.124.12.68','2006-06-05 13:57:14',1,NULL),(528,'128.252.11.235','2006-06-07 14:14:20',1,NULL),(529,'128.252.11.235','2006-06-07 14:18:53',1,NULL),(530,'128.252.11.235','2006-06-07 14:19:58',1,NULL),(531,'128.252.11.235','2006-06-07 14:22:19',1,NULL),(532,'128.252.11.235','2006-06-07 14:41:24',1,NULL),(533,'128.252.11.235','2006-06-07 14:41:39',1,NULL),(534,'128.252.11.235','2006-06-07 14:47:49',1,NULL),(535,'128.252.11.235','2006-06-07 14:48:36',1,NULL),(536,'128.252.11.235','2006-06-07 14:49:59',1,NULL),(537,'128.252.11.235','2006-06-07 14:52:37',1,NULL),(538,'128.252.11.235','2006-06-07 14:54:10',1,NULL),(539,'128.252.11.235','2006-06-07 14:54:37',1,NULL),(540,'128.252.11.235','2006-06-07 15:08:22',1,NULL),(541,'74.131.248.160','2006-06-07 19:47:02',1,NULL),(542,'74.131.248.160','2006-06-07 19:48:39',1,NULL),(543,'74.131.248.160','2006-06-07 19:49:19',1,NULL),(544,'74.131.248.160','2006-06-07 19:51:04',1,NULL),(545,'74.131.248.160','2006-06-07 19:52:31',1,NULL),(546,'74.131.248.160','2006-06-07 19:54:48',1,NULL),(547,'74.131.248.160','2006-06-07 19:56:23',1,NULL),(548,'74.131.248.160','2006-06-07 19:56:31',1,NULL),(549,'74.131.248.160','2006-06-07 19:56:58',1,NULL),(550,'74.131.248.160','2006-06-07 19:58:42',1,NULL),(551,'74.131.248.160','2006-06-07 19:59:49',1,NULL),(552,'74.131.248.160','2006-06-07 20:01:06',1,NULL),(553,'74.131.248.160','2006-06-07 20:02:34',1,NULL),(554,'74.131.248.160','2006-06-07 20:06:13',1,NULL),(555,'74.131.248.160','2006-06-07 20:06:59',1,NULL),(556,'74.131.248.160','2006-06-08 07:38:58',1,NULL),(557,'74.131.248.160','2006-06-08 07:40:12',1,NULL),(558,'74.131.248.160','2006-06-08 07:43:14',1,NULL),(559,'74.131.248.160','2006-06-08 07:44:46',1,NULL),(560,'74.131.248.160','2006-06-08 07:48:19',1,NULL),(561,'74.131.248.160','2006-06-08 07:48:57',1,NULL),(562,'74.131.248.160','2006-06-08 07:50:04',1,NULL),(563,'74.131.248.160','2006-06-08 07:51:57',1,NULL),(564,'74.131.248.160','2006-06-08 07:53:20',1,NULL),(565,'74.131.248.160','2006-06-08 07:58:53',1,NULL),(566,'170.140.121.217','2006-06-08 11:58:29',1,NULL),(567,'170.140.121.217','2006-06-08 12:51:45',1,NULL),(568,'74.131.248.160','2006-06-09 07:37:44',1,NULL),(569,'74.131.248.160','2006-06-09 07:39:01',1,NULL),(570,'74.131.248.160','2006-06-09 07:46:06',1,NULL),(571,'74.131.248.160','2006-06-09 07:51:29',1,NULL),(572,'74.131.248.160','2006-06-09 07:53:38',1,NULL),(573,'74.131.248.160','2006-06-09 07:57:34',1,NULL),(574,'74.131.248.160','2006-06-09 07:59:37',1,NULL),(575,'74.131.248.160','2006-06-09 08:00:38',1,NULL),(576,'74.131.248.160','2006-06-09 08:02:11',1,NULL),(577,'74.131.248.160','2006-06-09 08:02:46',1,NULL),(578,'74.131.248.160','2006-06-09 08:04:28',1,NULL),(579,'140.107.73.191','2006-06-09 17:42:33',1,NULL),(580,'140.107.73.191','2006-06-09 17:43:30',1,NULL),(581,'140.107.73.191','2006-06-09 17:43:44',1,NULL),(582,'140.107.73.191','2006-06-09 17:43:59',1,NULL),(583,'140.107.73.191','2006-06-09 17:44:14',1,NULL),(584,'140.107.73.191','2006-06-09 17:44:23',1,NULL),(585,'140.107.73.191','2006-06-09 17:46:30',1,NULL),(586,'140.254.45.26','2006-06-14 13:15:16',1,NULL),(587,'140.254.45.26','2006-06-14 13:15:28',1,NULL),(588,'140.254.45.26','2006-06-14 13:15:50',1,NULL),(589,'140.254.45.26','2006-06-14 13:16:56',1,NULL),(590,'140.254.45.26','2006-06-14 13:19:01',1,NULL),(591,'140.107.73.191','2006-06-14 14:42:47',1,NULL),(592,'140.107.73.191','2006-06-14 14:47:50',1,NULL),(593,'140.107.73.191','2006-06-14 14:53:16',1,NULL),(594,'140.107.73.191','2006-06-14 14:55:35',1,NULL),(595,'140.107.73.191','2006-06-14 14:56:33',1,NULL),(596,'140.107.73.191','2006-06-14 15:05:36',1,NULL),(597,'140.107.73.191','2006-06-14 15:09:55',1,NULL),(598,'140.107.73.191','2006-06-14 15:14:25',1,NULL),(599,'140.107.73.191','2006-06-14 15:18:20',1,NULL),(600,'140.107.73.191','2006-06-14 17:53:08',1,NULL),(601,'140.107.73.191','2006-06-14 17:55:53',1,NULL),(602,'140.107.73.191','2006-06-14 18:22:12',1,NULL),(603,'140.107.73.191','2006-06-14 18:23:10',1,NULL),(604,'140.107.73.191','2006-06-14 18:25:02',1,NULL),(605,'140.107.73.191','2006-06-14 18:25:28',1,NULL),(606,'140.107.73.191','2006-06-14 18:30:08',1,NULL),(607,'140.107.73.191','2006-06-14 19:06:33',1,NULL),(608,'140.107.73.191','2006-06-14 20:20:48',1,NULL),(609,'140.107.73.191','2006-06-15 12:42:45',1,NULL),(610,'140.107.73.191','2006-06-15 12:51:47',1,NULL),(611,'140.107.73.191','2006-06-15 12:53:24',1,NULL),(612,'140.107.73.191','2006-06-15 15:26:08',1,NULL),(613,'140.107.73.191','2006-06-15 15:40:42',1,NULL),(614,'140.107.73.191','2006-06-15 15:42:12',1,NULL),(615,'140.107.73.191','2006-06-15 15:43:05',1,NULL),(616,'140.107.73.191','2006-06-15 15:44:00',1,NULL),(617,'140.107.73.191','2006-06-15 16:27:39',1,NULL),(618,'140.107.73.191','2006-06-15 16:28:05',1,NULL),(619,'140.107.181.147','2006-06-15 17:27:48',1,NULL),(620,'140.107.181.147','2006-06-15 17:28:40',1,NULL),(621,'66.92.83.126','2006-06-20 14:20:22',1,NULL),(622,'66.92.83.126','2006-06-20 14:24:57',1,NULL),(623,'66.92.83.126','2006-06-20 16:19:20',1,NULL),(624,'66.92.83.126','2006-06-20 16:24:06',1,NULL),(625,'60.248.108.243','2006-06-27 03:00:07',1,NULL),(626,NULL,'2006-06-27 06:45:49',NULL,NULL),(627,'130.15.107.10','2006-06-27 08:59:11',1,NULL),(628,'130.15.107.10','2006-06-27 08:59:53',1,NULL),(629,'130.15.107.10','2006-06-27 09:00:58',1,NULL),(630,'130.15.107.10','2006-06-27 09:04:16',1,NULL),(631,'206.21.18.2','2006-06-28 12:11:07',1,NULL),(632,'69.182.66.126','2006-06-29 04:08:02',1,NULL),(633,'69.182.66.126','2006-06-29 04:21:43',1,NULL),(634,'69.182.66.126','2006-06-29 04:22:09',1,NULL),(635,'131.111.27.198','2006-06-30 11:25:08',1,NULL),(636,'131.111.27.198','2006-06-30 11:35:34',1,NULL),(637,'129.78.64.104','2006-07-03 23:38:23',1,NULL),(638,'129.78.64.104','2006-07-03 23:42:07',1,NULL),(639,'150.231.52.15','2006-07-05 13:06:50',1,NULL),(640,'150.231.52.15','2006-07-05 13:07:40',1,NULL),(641,'150.231.52.15','2006-07-05 13:09:37',1,NULL),(642,'150.231.52.15','2006-07-05 13:12:49',1,NULL),(643,'128.218.201.198','2006-07-06 17:18:28',1,NULL),(644,'66.92.83.126','2006-07-10 15:53:01',1,NULL),(645,'66.92.83.126','2006-07-10 15:56:28',1,NULL),(646,'66.92.83.126','2006-07-10 15:59:49',1,NULL),(647,'66.92.83.126','2006-07-10 16:01:41',1,NULL),(648,'66.92.83.126','2006-07-10 16:04:41',1,NULL),(649,'128.218.201.198','2006-07-10 19:27:05',1,NULL),(650,'128.218.201.198','2006-07-10 19:31:06',1,NULL),(651,'128.218.201.198','2006-07-10 19:31:30',1,NULL),(652,'64.54.103.126','2006-07-11 16:08:03',1,NULL),(653,'64.54.103.126','2006-07-11 16:12:14',1,NULL),(654,'64.54.103.126','2006-07-11 16:12:33',1,NULL),(655,'64.54.103.126','2006-07-11 16:17:00',1,NULL),(656,'64.54.103.126','2006-07-11 16:19:04',1,NULL),(657,'64.54.103.126','2006-07-11 16:25:02',1,NULL),(658,'64.54.103.126','2006-07-11 16:26:10',1,NULL),(659,'64.54.103.126','2006-07-11 16:26:39',1,NULL),(660,'64.54.103.126','2006-07-11 16:27:25',1,NULL),(661,'64.54.103.126','2006-07-11 16:30:45',1,NULL),(662,'64.54.103.126','2006-07-11 16:32:07',1,NULL),(663,'64.54.103.126','2006-07-11 16:33:33',1,NULL),(664,NULL,'2006-07-12 11:06:49',NULL,NULL),(665,'156.40.34.161','2006-07-13 10:21:33',1,NULL),(666,'72.255.34.121','2006-07-17 16:03:27',1,NULL),(667,'128.252.115.64','2006-07-17 17:33:53',1,NULL),(668,NULL,'2006-07-18 07:05:25',NULL,NULL),(669,NULL,'2006-07-19 13:27:20',NULL,NULL),(670,NULL,'2006-07-20 15:43:09',NULL,NULL),(671,'128.218.201.198','2006-07-20 17:45:02',1,NULL);
UNLOCK TABLES;
/*!40000 ALTER TABLE `catissue_audit_event` ENABLE KEYS */;

--
-- Table structure for table `catissue_audit_event_details`
--

DROP TABLE IF EXISTS `catissue_audit_event_details`;
CREATE TABLE `catissue_audit_event_details` (
  `IDENTIFIER` bigint(20) NOT NULL auto_increment,
  `ELEMENT_NAME` varchar(150) default NULL,
  `PREVIOUS_VALUE` varchar(150) default NULL,
  `CURRENT_VALUE` varchar(150) default NULL,
  `AUDIT_EVENT_LOG_ID` bigint(20) default NULL,
  PRIMARY KEY  (`IDENTIFIER`),
  KEY `FK5C07745D34FFD77F` (`AUDIT_EVENT_LOG_ID`)
) ENGINE=MyISAM;

--
-- Dumping data for table `catissue_audit_event_details`
--


/*!40000 ALTER TABLE `catissue_audit_event_details` DISABLE KEYS */;
LOCK TABLES `catissue_audit_event_details` WRITE;
INSERT INTO `catissue_audit_event_details` VALUES (1,'IDENTIFIER',NULL,'1',1),(2,'NAME',NULL,'WashU_Sanjuu',1),(3,'NAME',NULL,'WashU_sanju_baba',2),(4,'IDENTIFIER',NULL,'2',2),(5,'IDENTIFIER',NULL,'3',3),(6,'NAME',NULL,'WashU_sanju_b',3),(7,'IDENTIFIER',NULL,'1',4),(8,'NAME',NULL,'WashUniv',4),(9,'NAME','WashUniv','WashU_sanju',5),(10,'IDENTIFIER',NULL,'2',6),(11,'NAME',NULL,'WashU_baba',6),(12,'IDENTIFIER',NULL,'3',7),(13,'NAME',NULL,'WashUniv',7),(14,'IDENTIFIER',NULL,'4',8),(15,'NAME',NULL,'baba',8);
UNLOCK TABLES;
/*!40000 ALTER TABLE `catissue_audit_event_details` ENABLE KEYS */;

--
-- Table structure for table `catissue_audit_event_log`
--

DROP TABLE IF EXISTS `catissue_audit_event_log`;
CREATE TABLE `catissue_audit_event_log` (
  `IDENTIFIER` bigint(20) NOT NULL auto_increment,
  `OBJECT_IDENTIFIER` bigint(20) default NULL,
  `OBJECT_NAME` varchar(50) default NULL,
  `EVENT_TYPE` varchar(50) default NULL,
  `AUDIT_EVENT_ID` bigint(20) default NULL,
  PRIMARY KEY  (`IDENTIFIER`),
  KEY `FK8BB672DF77F0B904` (`AUDIT_EVENT_ID`)
) ENGINE=MyISAM;

--
-- Dumping data for table `catissue_audit_event_log`
--


/*!40000 ALTER TABLE `catissue_audit_event_log` DISABLE KEYS */;
LOCK TABLES `catissue_audit_event_log` WRITE;
INSERT INTO `catissue_audit_event_log` VALUES (1,1,'CATISSUE_INSTITUTION','INSERT',1),(2,2,'CATISSUE_INSTITUTION','INSERT',2),(3,3,'CATISSUE_INSTITUTION','INSERT',3),(4,1,'CATISSUE_DEPARTMENT','INSERT',4),(5,1,'CATISSUE_DEPARTMENT','UPDATE',5),(6,2,'CATISSUE_DEPARTMENT','INSERT',6),(7,3,'CATISSUE_DEPARTMENT','INSERT',7),(8,4,'CATISSUE_DEPARTMENT','INSERT',8),(9,1,'CATISSUE_SPECIMEN_REQUIREMENT','INSERT',7),(10,1,'CATISSUE_COLLECTION_PROTOCOL','INSERT',7),(11,1,'CATISSUE_PART_MEDICAL_ID','INSERT',8),(12,1,'CATISSUE_PARTICIPANT','INSERT',8),(13,1,'CATISSUE_COLL_PROT_REG','INSERT',9),(14,2,'CATISSUE_CANCER_RESEARCH_GROUP','INSERT',10),(15,2,'CATISSUE_CANCER_RESEARCH_GROUP','UPDATE',11),(16,2,'CATISSUE_CANCER_RESEARCH_GROUP','UPDATE',12),(17,3,'CATISSUE_CANCER_RESEARCH_GROUP','INSERT',13),(18,1,'CATISSUE_SITE','INSERT',14),(19,2,'CATISSUE_ADDRESS','INSERT',14),(20,1,'CATISSUE_SITE','UPDATE',15),(21,1,'CATISSUE_CLINICAL_REPORT','INSERT',16),(22,1,'CATISSUE_SPECIMEN_COLL_GROUP','INSERT',16),(23,1,'CATISSUE_STORAGE_CONT_CAPACITY','INSERT',17),(24,1,'CATISSUE_STORAGE_TYPE','INSERT',17),(25,15,'CATISSUE_STORAGE_CONT_DETAILS','INSERT',18),(26,15,'CATISSUE_STORAGE_CONTAINER','INSERT',18),(27,5,'CATISSUE_STORAGE_CONTAINER','INSERT',18),(28,12,'CATISSUE_STORAGE_CONT_CAPACITY','INSERT',18),(29,9,'CATISSUE_STORAGE_CONTAINER','INSERT',18),(30,7,'CATISSUE_STORAGE_CONTAINER','INSERT',18),(31,8,'CATISSUE_STORAGE_CONTAINER','INSERT',18),(32,10,'CATISSUE_STORAGE_CONT_CAPACITY','INSERT',18),(33,8,'CATISSUE_STORAGE_CONT_CAPACITY','INSERT',18),(34,3,'CATISSUE_STORAGE_CONTAINER','INSERT',18),(35,12,'CATISSUE_STORAGE_CONT_DETAILS','INSERT',18),(36,11,'CATISSUE_STORAGE_CONTAINER','INSERT',18),(37,14,'CATISSUE_STORAGE_CONT_DETAILS','INSERT',18),(38,3,'CATISSUE_STORAGE_CONT_CAPACITY','INSERT',18),(39,13,'CATISSUE_STORAGE_CONT_CAPACITY','INSERT',18),(40,8,'CATISSUE_STORAGE_CONT_DETAILS','INSERT',18),(41,13,'CATISSUE_STORAGE_CONT_DETAILS','INSERT',18),(42,1,'CATISSUE_STORAGE_CONTAINER','INSERT',18),(43,10,'CATISSUE_STORAGE_CONT_DETAILS','INSERT',18),(44,13,'CATISSUE_STORAGE_CONTAINER','INSERT',18),(45,6,'CATISSUE_STORAGE_CONTAINER','INSERT',18),(46,16,'CATISSUE_STORAGE_CONT_CAPACITY','INSERT',18),(47,12,'CATISSUE_STORAGE_CONTAINER','INSERT',18),(48,14,'CATISSUE_STORAGE_CONT_CAPACITY','INSERT',18),(49,3,'CATISSUE_STORAGE_CONT_DETAILS','INSERT',18),(50,11,'CATISSUE_STORAGE_CONT_CAPACITY','INSERT',18),(51,4,'CATISSUE_STORAGE_CONTAINER','INSERT',18),(52,2,'CATISSUE_STORAGE_CONT_DETAILS','INSERT',18),(53,2,'CATISSUE_STORAGE_CONTAINER','INSERT',18),(54,9,'CATISSUE_STORAGE_CONT_CAPACITY','INSERT',18),(55,4,'CATISSUE_STORAGE_CONT_CAPACITY','INSERT',18),(56,14,'CATISSUE_STORAGE_CONTAINER','INSERT',18),(57,2,'CATISSUE_STORAGE_CONT_CAPACITY','INSERT',18),(58,7,'CATISSUE_STORAGE_CONT_CAPACITY','INSERT',18),(59,9,'CATISSUE_STORAGE_CONT_DETAILS','INSERT',18),(60,11,'CATISSUE_STORAGE_CONT_DETAILS','INSERT',18),(61,10,'CATISSUE_STORAGE_CONTAINER','INSERT',18),(62,1,'CATISSUE_STORAGE_CONT_DETAILS','INSERT',18),(63,6,'CATISSUE_STORAGE_CONT_DETAILS','INSERT',18),(64,4,'CATISSUE_STORAGE_CONT_DETAILS','INSERT',18),(65,5,'CATISSUE_STORAGE_CONT_DETAILS','INSERT',18),(66,5,'CATISSUE_STORAGE_CONT_CAPACITY','INSERT',18),(67,15,'CATISSUE_STORAGE_CONT_CAPACITY','INSERT',18),(68,7,'CATISSUE_STORAGE_CONT_DETAILS','INSERT',18),(69,6,'CATISSUE_STORAGE_CONT_CAPACITY','INSERT',18),(70,1,'CATISSUE_SPECIMEN','INSERT',19),(71,1,'CATISSUE_SPECIMEN_CHAR','INSERT',19),(72,1,'CATISSUE_EXTERNAL_IDENTIFIER','INSERT',19),(73,4,'CATISSUE_CANCER_RESEARCH_GROUP','INSERT',20),(74,4,'CATISSUE_CANCER_RESEARCH_GROUP','UPDATE',21),(75,5,'CATISSUE_CANCER_RESEARCH_GROUP','INSERT',22),(76,6,'CATISSUE_CANCER_RESEARCH_GROUP','INSERT',23),(77,2,'CATISSUE_INSTITUTION','INSERT',24),(78,2,'CATISSUE_DEPARTMENT','INSERT',25),(79,7,'CATISSUE_CANCER_RESEARCH_GROUP','INSERT',26),(80,2,'CATISSUE_SITE','INSERT',27),(81,3,'CATISSUE_ADDRESS','INSERT',27),(82,1,'CATISSUE_STORAGE_CONT_CAPACITY','UPDATE',28),(83,1,'CATISSUE_STORAGE_TYPE','UPDATE',28),(84,16,'CATISSUE_STORAGE_CONT_DETAILS','INSERT',29),(85,16,'CATISSUE_STORAGE_CONTAINER','INSERT',29),(86,17,'CATISSUE_STORAGE_CONT_CAPACITY','INSERT',29),(87,16,'CATISSUE_STORAGE_CONT_DETAILS','UPDATE',30),(88,1,'CATISSUE_BIOHAZARD','INSERT',31),(89,4,'CATISSUE_ADDRESS','INSERT',32),(90,3,'CATISSUE_USER','INSERT',32),(91,9,'CATISSUE_SPECIMEN_REQUIREMENT','INSERT',33),(92,9,'CATISSUE_COLL_PROT_EVENT','INSERT',33),(93,2,'CATISSUE_COLLECTION_PROTOCOL','INSERT',33),(94,5,'CATISSUE_SPECIMEN_REQUIREMENT','INSERT',33),(95,8,'CATISSUE_COLL_PROT_EVENT','INSERT',33),(96,3,'CATISSUE_SPECIMEN_REQUIREMENT','INSERT',33),(97,10,'CATISSUE_COLL_PROT_EVENT','INSERT',33),(98,2,'CATISSUE_COLL_PROT_EVENT','INSERT',33),(99,6,'CATISSUE_SPECIMEN_REQUIREMENT','INSERT',33),(100,5,'CATISSUE_COLL_PROT_EVENT','INSERT',33),(101,7,'CATISSUE_SPECIMEN_REQUIREMENT','INSERT',33),(102,10,'CATISSUE_SPECIMEN_REQUIREMENT','INSERT',33),(103,4,'CATISSUE_SPECIMEN_REQUIREMENT','INSERT',33),(104,8,'CATISSUE_SPECIMEN_REQUIREMENT','INSERT',33),(105,3,'CATISSUE_COLL_PROT_EVENT','INSERT',33),(106,2,'CATISSUE_SPECIMEN_REQUIREMENT','INSERT',33),(107,7,'CATISSUE_COLL_PROT_EVENT','INSERT',33),(108,6,'CATISSUE_COLL_PROT_EVENT','INSERT',33),(109,4,'CATISSUE_COLL_PROT_EVENT','INSERT',33),(110,3,'CATISSUE_DISTRIBUTION_PROTOCOL','INSERT',34),(111,11,'CATISSUE_SPECIMEN_REQUIREMENT','INSERT',34),(112,2,'CATISSUE_EXTERNAL_IDENTIFIER','INSERT',35),(113,2,'CATISSUE_SPECIMEN','INSERT',35),(114,1,'CATISSUE_FROZEN_EVENT_PARAM','INSERT',36),(115,3,'CATISSUE_EXTERNAL_IDENTIFIER','INSERT',37),(116,3,'CATISSUE_SPECIMEN','INSERT',37),(117,2,'CATISSUE_COLL_PROT_REG','INSERT',38),(118,2,'CATISSUE_SPECIMEN_CHAR','INSERT',39),(119,4,'CATISSUE_SPECIMEN','INSERT',39),(120,4,'CATISSUE_EXTERNAL_IDENTIFIER','INSERT',39),(121,3,'CATISSUE_INSTITUTION','INSERT',40),(122,3,'CATISSUE_DEPARTMENT','INSERT',41),(123,8,'CATISSUE_CANCER_RESEARCH_GROUP','INSERT',42),(124,5,'CATISSUE_ADDRESS','INSERT',43),(125,4,'CATISSUE_USER','INSERT',43),(126,5,'CATISSUE_USER','INSERT',44),(127,6,'CATISSUE_ADDRESS','INSERT',44),(128,6,'CATISSUE_USER','INSERT',45),(129,7,'CATISSUE_ADDRESS','INSERT',45),(130,5,'CATISSUE_USER','UPDATE',46),(131,8,'CATISSUE_ADDRESS','INSERT',47),(132,3,'CATISSUE_SITE','INSERT',47),(133,18,'CATISSUE_STORAGE_CONT_CAPACITY','INSERT',48),(134,2,'CATISSUE_STORAGE_TYPE','INSERT',48),(135,19,'CATISSUE_STORAGE_CONT_CAPACITY','INSERT',49),(136,3,'CATISSUE_STORAGE_TYPE','INSERT',49),(137,4,'CATISSUE_STORAGE_TYPE','INSERT',50),(138,20,'CATISSUE_STORAGE_CONT_CAPACITY','INSERT',50),(139,5,'CATISSUE_STORAGE_TYPE','INSERT',51),(140,21,'CATISSUE_STORAGE_CONT_CAPACITY','INSERT',51),(141,22,'CATISSUE_STORAGE_CONT_CAPACITY','INSERT',52),(142,17,'CATISSUE_STORAGE_CONTAINER','INSERT',52),(143,17,'CATISSUE_STORAGE_CONT_DETAILS','INSERT',52),(144,23,'CATISSUE_STORAGE_CONT_CAPACITY','INSERT',53),(145,18,'CATISSUE_STORAGE_CONT_DETAILS','INSERT',53),(146,18,'CATISSUE_STORAGE_CONTAINER','INSERT',53),(147,19,'CATISSUE_STORAGE_CONTAINER','INSERT',54),(148,19,'CATISSUE_STORAGE_CONT_DETAILS','INSERT',54),(149,24,'CATISSUE_STORAGE_CONT_CAPACITY','INSERT',54),(150,36,'CATISSUE_STORAGE_CONTAINER','INSERT',55),(151,33,'CATISSUE_STORAGE_CONTAINER','INSERT',55),(152,33,'CATISSUE_STORAGE_CONT_DETAILS','INSERT',55),(153,29,'CATISSUE_STORAGE_CONT_DETAILS','INSERT',55),(154,34,'CATISSUE_STORAGE_CONTAINER','INSERT',55),(155,28,'CATISSUE_STORAGE_CONT_DETAILS','INSERT',55),(156,42,'CATISSUE_STORAGE_CONT_CAPACITY','INSERT',55),(157,23,'CATISSUE_STORAGE_CONTAINER','INSERT',55),(158,35,'CATISSUE_STORAGE_CONT_DETAILS','INSERT',55),(159,28,'CATISSUE_STORAGE_CONT_CAPACITY','INSERT',55),(160,30,'CATISSUE_STORAGE_CONT_CAPACITY','INSERT',55),(161,30,'CATISSUE_STORAGE_CONTAINER','INSERT',55),(162,22,'CATISSUE_STORAGE_CONTAINER','INSERT',55),(163,24,'CATISSUE_STORAGE_CONTAINER','INSERT',55),(164,31,'CATISSUE_STORAGE_CONT_DETAILS','INSERT',55),(165,41,'CATISSUE_STORAGE_CONT_CAPACITY','INSERT',55),(166,38,'CATISSUE_STORAGE_CONTAINER','INSERT',55),(167,28,'CATISSUE_STORAGE_CONTAINER','INSERT',55),(168,32,'CATISSUE_STORAGE_CONT_DETAILS','INSERT',55),(169,31,'CATISSUE_STORAGE_CONTAINER','INSERT',55),(170,24,'CATISSUE_STORAGE_CONT_DETAILS','INSERT',55),(171,20,'CATISSUE_STORAGE_CONT_DETAILS','INSERT',55),(172,32,'CATISSUE_STORAGE_CONTAINER','INSERT',55),(173,34,'CATISSUE_STORAGE_CONT_CAPACITY','INSERT',55),(174,43,'CATISSUE_STORAGE_CONT_CAPACITY','INSERT',55),(175,30,'CATISSUE_STORAGE_CONT_DETAILS','INSERT',55),(176,29,'CATISSUE_STORAGE_CONT_CAPACITY','INSERT',55),(177,27,'CATISSUE_STORAGE_CONT_DETAILS','INSERT',55),(178,32,'CATISSUE_STORAGE_CONT_CAPACITY','INSERT',55),(179,25,'CATISSUE_STORAGE_CONT_CAPACITY','INSERT',55),(180,34,'CATISSUE_STORAGE_CONT_DETAILS','INSERT',55),(181,44,'CATISSUE_STORAGE_CONT_CAPACITY','INSERT',55),(182,36,'CATISSUE_STORAGE_CONT_DETAILS','INSERT',55),(183,37,'CATISSUE_STORAGE_CONT_CAPACITY','INSERT',55),(184,21,'CATISSUE_STORAGE_CONT_DETAILS','INSERT',55),(185,40,'CATISSUE_STORAGE_CONT_CAPACITY','INSERT',55),(186,38,'CATISSUE_STORAGE_CONT_CAPACITY','INSERT',55),(187,23,'CATISSUE_STORAGE_CONT_DETAILS','INSERT',55),(188,36,'CATISSUE_STORAGE_CONT_CAPACITY','INSERT',55),(189,20,'CATISSUE_STORAGE_CONTAINER','INSERT',55),(190,27,'CATISSUE_STORAGE_CONTAINER','INSERT',55),(191,25,'CATISSUE_STORAGE_CONT_DETAILS','INSERT',55),(192,39,'CATISSUE_STORAGE_CONT_DETAILS','INSERT',55),(193,27,'CATISSUE_STORAGE_CONT_CAPACITY','INSERT',55),(194,26,'CATISSUE_STORAGE_CONT_CAPACITY','INSERT',55),(195,31,'CATISSUE_STORAGE_CONT_CAPACITY','INSERT',55),(196,39,'CATISSUE_STORAGE_CONTAINER','INSERT',55),(197,38,'CATISSUE_STORAGE_CONT_DETAILS','INSERT',55),(198,25,'CATISSUE_STORAGE_CONTAINER','INSERT',55),(199,21,'CATISSUE_STORAGE_CONTAINER','INSERT',55),(200,37,'CATISSUE_STORAGE_CONT_DETAILS','INSERT',55),(201,35,'CATISSUE_STORAGE_CONTAINER','INSERT',55),(202,39,'CATISSUE_STORAGE_CONT_CAPACITY','INSERT',55),(203,33,'CATISSUE_STORAGE_CONT_CAPACITY','INSERT',55),(204,29,'CATISSUE_STORAGE_CONTAINER','INSERT',55),(205,26,'CATISSUE_STORAGE_CONTAINER','INSERT',55),(206,26,'CATISSUE_STORAGE_CONT_DETAILS','INSERT',55),(207,35,'CATISSUE_STORAGE_CONT_CAPACITY','INSERT',55),(208,37,'CATISSUE_STORAGE_CONTAINER','INSERT',55),(209,22,'CATISSUE_STORAGE_CONT_DETAILS','INSERT',55),(210,40,'CATISSUE_STORAGE_CONT_DETAILS','INSERT',56),(211,44,'CATISSUE_STORAGE_CONTAINER','INSERT',56),(212,41,'CATISSUE_STORAGE_CONTAINER','INSERT',56),(213,46,'CATISSUE_STORAGE_CONT_DETAILS','INSERT',56),(214,63,'CATISSUE_STORAGE_CONT_CAPACITY','INSERT',56),(215,48,'CATISSUE_STORAGE_CONTAINER','INSERT',56),(216,42,'CATISSUE_STORAGE_CONTAINER','INSERT',56),(217,58,'CATISSUE_STORAGE_CONTAINER','INSERT',56),(218,52,'CATISSUE_STORAGE_CONT_DETAILS','INSERT',56),(219,46,'CATISSUE_STORAGE_CONTAINER','INSERT',56),(220,50,'CATISSUE_STORAGE_CONTAINER','INSERT',56),(221,45,'CATISSUE_STORAGE_CONTAINER','INSERT',56),(222,55,'CATISSUE_STORAGE_CONTAINER','INSERT',56),(223,40,'CATISSUE_STORAGE_CONTAINER','INSERT',56),(224,50,'CATISSUE_STORAGE_CONT_CAPACITY','INSERT',56),(225,42,'CATISSUE_STORAGE_CONT_DETAILS','INSERT',56),(226,41,'CATISSUE_STORAGE_CONT_DETAILS','INSERT',56),(227,52,'CATISSUE_STORAGE_CONT_CAPACITY','INSERT',56),(228,50,'CATISSUE_STORAGE_CONT_DETAILS','INSERT',56),(229,54,'CATISSUE_STORAGE_CONT_DETAILS','INSERT',56),(230,57,'CATISSUE_STORAGE_CONT_DETAILS','INSERT',56),(231,53,'CATISSUE_STORAGE_CONT_CAPACITY','INSERT',56),(232,44,'CATISSUE_STORAGE_CONT_DETAILS','INSERT',56),(233,43,'CATISSUE_STORAGE_CONTAINER','INSERT',56),(234,46,'CATISSUE_STORAGE_CONT_CAPACITY','INSERT',56),(235,45,'CATISSUE_STORAGE_CONT_DETAILS','INSERT',56),(236,52,'CATISSUE_STORAGE_CONTAINER','INSERT',56),(237,47,'CATISSUE_STORAGE_CONT_DETAILS','INSERT',56),(238,49,'CATISSUE_STORAGE_CONT_DETAILS','INSERT',56),(239,55,'CATISSUE_STORAGE_CONT_CAPACITY','INSERT',56),(240,57,'CATISSUE_STORAGE_CONT_CAPACITY','INSERT',56),(241,64,'CATISSUE_STORAGE_CONT_CAPACITY','INSERT',56),(242,53,'CATISSUE_STORAGE_CONT_DETAILS','INSERT',56),(243,62,'CATISSUE_STORAGE_CONT_CAPACITY','INSERT',56),(244,57,'CATISSUE_STORAGE_CONTAINER','INSERT',56),(245,49,'CATISSUE_STORAGE_CONTAINER','INSERT',56),(246,58,'CATISSUE_STORAGE_CONT_CAPACITY','INSERT',56),(247,43,'CATISSUE_STORAGE_CONT_DETAILS','INSERT',56),(248,59,'CATISSUE_STORAGE_CONT_DETAILS','INSERT',56),(249,59,'CATISSUE_STORAGE_CONT_CAPACITY','INSERT',56),(250,47,'CATISSUE_STORAGE_CONTAINER','INSERT',56),(251,56,'CATISSUE_STORAGE_CONTAINER','INSERT',56),(252,54,'CATISSUE_STORAGE_CONTAINER','INSERT',56),(253,53,'CATISSUE_STORAGE_CONTAINER','INSERT',56),(254,51,'CATISSUE_STORAGE_CONT_DETAILS','INSERT',56),(255,51,'CATISSUE_STORAGE_CONTAINER','INSERT',56),(256,60,'CATISSUE_STORAGE_CONT_CAPACITY','INSERT',56),(257,61,'CATISSUE_STORAGE_CONT_CAPACITY','INSERT',56),(258,48,'CATISSUE_STORAGE_CONT_DETAILS','INSERT',56),(259,48,'CATISSUE_STORAGE_CONT_CAPACITY','INSERT',56),(260,59,'CATISSUE_STORAGE_CONTAINER','INSERT',56),(261,56,'CATISSUE_STORAGE_CONT_DETAILS','INSERT',56),(262,56,'CATISSUE_STORAGE_CONT_CAPACITY','INSERT',56),(263,47,'CATISSUE_STORAGE_CONT_CAPACITY','INSERT',56),(264,49,'CATISSUE_STORAGE_CONT_CAPACITY','INSERT',56),(265,45,'CATISSUE_STORAGE_CONT_CAPACITY','INSERT',56),(266,51,'CATISSUE_STORAGE_CONT_CAPACITY','INSERT',56),(267,58,'CATISSUE_STORAGE_CONT_DETAILS','INSERT',56),(268,55,'CATISSUE_STORAGE_CONT_DETAILS','INSERT',56),(269,54,'CATISSUE_STORAGE_CONT_CAPACITY','INSERT',56),(270,4,'CATISSUE_COLLECTION_PROTOCOL','INSERT',57),(271,16,'CATISSUE_SPECIMEN_REQUIREMENT','INSERT',57),(272,12,'CATISSUE_COLL_PROT_EVENT','INSERT',57),(273,12,'CATISSUE_SPECIMEN_REQUIREMENT','INSERT',57),(274,11,'CATISSUE_COLL_PROT_EVENT','INSERT',57),(275,15,'CATISSUE_SPECIMEN_REQUIREMENT','INSERT',57),(276,13,'CATISSUE_SPECIMEN_REQUIREMENT','INSERT',57),(277,17,'CATISSUE_SPECIMEN_REQUIREMENT','INSERT',57),(278,14,'CATISSUE_SPECIMEN_REQUIREMENT','INSERT',57),(279,2,'CATISSUE_PART_MEDICAL_ID','INSERT',58),(280,2,'CATISSUE_PARTICIPANT','INSERT',58),(281,3,'CATISSUE_COLL_PROT_REG','INSERT',59),(282,3,'CATISSUE_PARTICIPANT','INSERT',60),(283,3,'CATISSUE_PART_MEDICAL_ID','INSERT',60),(284,4,'CATISSUE_COLL_PROT_REG','INSERT',60),(285,4,'CATISSUE_SITE','INSERT',61),(286,9,'CATISSUE_ADDRESS','INSERT',61),(287,2,'CATISSUE_CLINICAL_REPORT','INSERT',62),(288,2,'CATISSUE_SPECIMEN_COLL_GROUP','INSERT',62),(289,3,'CATISSUE_CLINICAL_REPORT','INSERT',63),(290,3,'CATISSUE_SPECIMEN_COLL_GROUP','INSERT',63),(291,5,'CATISSUE_SPECIMEN','INSERT',64),(292,5,'CATISSUE_EXTERNAL_IDENTIFIER','INSERT',64),(293,3,'CATISSUE_SPECIMEN_CHAR','INSERT',64),(294,6,'CATISSUE_EXTERNAL_IDENTIFIER','INSERT',65),(295,4,'CATISSUE_SPECIMEN_CHAR','INSERT',65),(296,6,'CATISSUE_SPECIMEN','INSERT',65),(297,2,'CATISSUE_TIS_SPE_EVENT_PARAM','INSERT',66),(298,3,'CATISSUE_THAW_EVENT_PARAMETERS','INSERT',67),(299,6,'CATISSUE_STORAGE_TYPE','INSERT',68),(300,65,'CATISSUE_STORAGE_CONT_CAPACITY','INSERT',68),(301,60,'CATISSUE_STORAGE_CONTAINER','INSERT',69),(302,66,'CATISSUE_STORAGE_CONT_CAPACITY','INSERT',69),(303,60,'CATISSUE_STORAGE_CONT_DETAILS','INSERT',69),(304,70,'CATISSUE_STORAGE_CONT_DETAILS','INSERT',70),(305,76,'CATISSUE_STORAGE_CONT_DETAILS','INSERT',70),(306,67,'CATISSUE_STORAGE_CONT_DETAILS','INSERT',70),(307,72,'CATISSUE_STORAGE_CONTAINER','INSERT',70),(308,70,'CATISSUE_STORAGE_CONT_CAPACITY','INSERT',70),(309,70,'CATISSUE_STORAGE_CONTAINER','INSERT',70),(310,69,'CATISSUE_STORAGE_CONTAINER','INSERT',70),(311,65,'CATISSUE_STORAGE_CONTAINER','INSERT',70),(312,67,'CATISSUE_STORAGE_CONTAINER','INSERT',70),(313,69,'CATISSUE_STORAGE_CONT_CAPACITY','INSERT',70),(314,76,'CATISSUE_STORAGE_CONT_CAPACITY','INSERT',70),(315,80,'CATISSUE_STORAGE_CONT_CAPACITY','INSERT',70),(316,78,'CATISSUE_STORAGE_CONTAINER','INSERT',70),(317,65,'CATISSUE_STORAGE_CONT_DETAILS','INSERT',70),(318,71,'CATISSUE_STORAGE_CONT_CAPACITY','INSERT',70),(319,79,'CATISSUE_STORAGE_CONT_DETAILS','INSERT',70),(320,61,'CATISSUE_STORAGE_CONTAINER','INSERT',70),(321,75,'CATISSUE_STORAGE_CONT_CAPACITY','INSERT',70),(322,71,'CATISSUE_STORAGE_CONTAINER','INSERT',70),(323,77,'CATISSUE_STORAGE_CONT_CAPACITY','INSERT',70),(324,68,'CATISSUE_STORAGE_CONTAINER','INSERT',70),(325,74,'CATISSUE_STORAGE_CONTAINER','INSERT',70),(326,68,'CATISSUE_STORAGE_CONT_CAPACITY','INSERT',70),(327,68,'CATISSUE_STORAGE_CONT_DETAILS','INSERT',70),(328,63,'CATISSUE_STORAGE_CONT_DETAILS','INSERT',70),(329,61,'CATISSUE_STORAGE_CONT_DETAILS','INSERT',70),(330,74,'CATISSUE_STORAGE_CONT_DETAILS','INSERT',70),(331,73,'CATISSUE_STORAGE_CONTAINER','INSERT',70),(332,79,'CATISSUE_STORAGE_CONT_CAPACITY','INSERT',70),(333,62,'CATISSUE_STORAGE_CONTAINER','INSERT',70),(334,74,'CATISSUE_STORAGE_CONT_CAPACITY','INSERT',70),(335,75,'CATISSUE_STORAGE_CONT_DETAILS','INSERT',70),(336,82,'CATISSUE_STORAGE_CONT_CAPACITY','INSERT',70),(337,78,'CATISSUE_STORAGE_CONT_DETAILS','INSERT',70),(338,63,'CATISSUE_STORAGE_CONTAINER','INSERT',70),(339,80,'CATISSUE_STORAGE_CONTAINER','INSERT',70),(340,86,'CATISSUE_STORAGE_CONT_CAPACITY','INSERT',70),(341,72,'CATISSUE_STORAGE_CONT_CAPACITY','INSERT',70),(342,77,'CATISSUE_STORAGE_CONTAINER','INSERT',70),(343,66,'CATISSUE_STORAGE_CONTAINER','INSERT',70),(344,75,'CATISSUE_STORAGE_CONTAINER','INSERT',70),(345,76,'CATISSUE_STORAGE_CONTAINER','INSERT',70),(346,79,'CATISSUE_STORAGE_CONTAINER','INSERT',70),(347,73,'CATISSUE_STORAGE_CONT_CAPACITY','INSERT',70),(348,77,'CATISSUE_STORAGE_CONT_DETAILS','INSERT',70),(349,71,'CATISSUE_STORAGE_CONT_DETAILS','INSERT',70),(350,84,'CATISSUE_STORAGE_CONT_CAPACITY','INSERT',70),(351,62,'CATISSUE_STORAGE_CONT_DETAILS','INSERT',70),(352,64,'CATISSUE_STORAGE_CONT_DETAILS','INSERT',70),(353,69,'CATISSUE_STORAGE_CONT_DETAILS','INSERT',70),(354,78,'CATISSUE_STORAGE_CONT_CAPACITY','INSERT',70),(355,64,'CATISSUE_STORAGE_CONTAINER','INSERT',70),(356,67,'CATISSUE_STORAGE_CONT_CAPACITY','INSERT',70),(357,73,'CATISSUE_STORAGE_CONT_DETAILS','INSERT',70),(358,81,'CATISSUE_STORAGE_CONT_CAPACITY','INSERT',70),(359,72,'CATISSUE_STORAGE_CONT_DETAILS','INSERT',70),(360,80,'CATISSUE_STORAGE_CONT_DETAILS','INSERT',70),(361,66,'CATISSUE_STORAGE_CONT_DETAILS','INSERT',70),(362,85,'CATISSUE_STORAGE_CONT_CAPACITY','INSERT',70),(363,83,'CATISSUE_STORAGE_CONT_CAPACITY','INSERT',70),(364,7,'CATISSUE_SPECIMEN','INSERT',71),(365,7,'CATISSUE_EXTERNAL_IDENTIFIER','INSERT',71),(366,4,'CATISSUE_MOL_SPE_REVIEW_PARAM','INSERT',72),(367,5,'CATISSUE_COLL_PROT_REG','INSERT',73),(368,4,'CATISSUE_CLINICAL_REPORT','INSERT',74),(369,4,'CATISSUE_SPECIMEN_COLL_GROUP','INSERT',74),(370,2,'CATISSUE_USER','UPDATE',75),(371,2,'CATISSUE_USER','UPDATE',76),(372,2,'CATISSUE_STORAGE_TYPE','UPDATE',77),(373,2,'CATISSUE_STORAGE_TYPE','UPDATE',78),(374,5,'CATISSUE_CLINICAL_REPORT','INSERT',79),(375,5,'CATISSUE_SPECIMEN_COLL_GROUP','INSERT',79),(376,8,'CATISSUE_EXTERNAL_IDENTIFIER','INSERT',80),(377,5,'CATISSUE_SPECIMEN_CHAR','INSERT',80),(378,8,'CATISSUE_SPECIMEN','INSERT',80),(379,10,'CATISSUE_ADDRESS','INSERT',81),(380,7,'CATISSUE_USER','INSERT',81),(381,4,'CATISSUE_INSTITUTION','INSERT',82),(382,4,'CATISSUE_DEPARTMENT','INSERT',83),(383,9,'CATISSUE_CANCER_RESEARCH_GROUP','INSERT',84),(384,8,'CATISSUE_USER','INSERT',85),(385,11,'CATISSUE_ADDRESS','INSERT',85),(386,1,'CATISSUE_DISTRIBUTED_ITEM','INSERT',86),(387,1,'CATISSUE_DISTRIBUTION','INSERT',86),(388,1,'CATISSUE_DISTRIBUTION','UPDATE',87),(389,6,'CATISSUE_SPECIMEN_CHAR','INSERT',88),(390,9,'CATISSUE_SPECIMEN','INSERT',88),(391,9,'CATISSUE_EXTERNAL_IDENTIFIER','INSERT',88),(392,5,'CATISSUE_THAW_EVENT_PARAMETERS','INSERT',89),(393,10,'CATISSUE_SPECIMEN','INSERT',90),(394,10,'CATISSUE_EXTERNAL_IDENTIFIER','INSERT',90),(395,10,'CATISSUE_EXTERNAL_IDENTIFIER','UPDATE',91),(396,11,'CATISSUE_EXTERNAL_IDENTIFIER','UPDATE',91),(397,81,'CATISSUE_STORAGE_CONT_DETAILS','INSERT',92),(398,81,'CATISSUE_STORAGE_CONTAINER','INSERT',92),(399,87,'CATISSUE_STORAGE_CONT_CAPACITY','INSERT',92),(400,19,'CATISSUE_STORAGE_CONT_CAPACITY','UPDATE',93),(401,81,'CATISSUE_STORAGE_CONTAINER','UPDATE',94),(402,82,'CATISSUE_STORAGE_CONTAINER','INSERT',95),(403,82,'CATISSUE_STORAGE_CONT_DETAILS','INSERT',95),(404,88,'CATISSUE_STORAGE_CONT_CAPACITY','INSERT',95),(405,83,'CATISSUE_STORAGE_CONT_DETAILS','INSERT',96),(406,83,'CATISSUE_STORAGE_CONTAINER','INSERT',96),(407,89,'CATISSUE_STORAGE_CONT_CAPACITY','INSERT',96),(408,4,'CATISSUE_PART_MEDICAL_ID','INSERT',97),(409,4,'CATISSUE_PARTICIPANT','INSERT',97),(410,6,'CATISSUE_COLL_PROT_REG','INSERT',98),(411,12,'CATISSUE_EXTERNAL_IDENTIFIER','INSERT',99),(412,7,'CATISSUE_SPECIMEN_CHAR','INSERT',99),(413,11,'CATISSUE_SPECIMEN','INSERT',99),(414,2,'CATISSUE_BIOHAZARD','INSERT',100),(415,2,'CATISSUE_BIOHAZARD','UPDATE',101),(416,2,'CATISSUE_BIOHAZARD','UPDATE',102),(417,3,'CATISSUE_BIOHAZARD','INSERT',103),(418,3,'CATISSUE_BIOHAZARD','UPDATE',104),(419,3,'CATISSUE_BIOHAZARD','UPDATE',105),(420,5,'CATISSUE_PART_MEDICAL_ID','INSERT',106),(421,5,'CATISSUE_PARTICIPANT','INSERT',106),(422,7,'CATISSUE_COLL_PROT_REG','INSERT',107),(423,13,'CATISSUE_EXTERNAL_IDENTIFIER','INSERT',108),(424,12,'CATISSUE_SPECIMEN','INSERT',108),(425,6,'CATISSUE_IN_OUT_EVENT_PARAM','INSERT',109),(426,7,'CATISSUE_IN_OUT_EVENT_PARAM','INSERT',110),(427,8,'CATISSUE_THAW_EVENT_PARAMETERS','INSERT',111),(428,9,'CATISSUE_TRANSFER_EVENT_PARAM','INSERT',112),(429,13,'CATISSUE_SPECIMEN','INSERT',113),(430,14,'CATISSUE_EXTERNAL_IDENTIFIER','INSERT',113),(431,8,'CATISSUE_SPECIMEN_CHAR','INSERT',113),(432,15,'CATISSUE_EXTERNAL_IDENTIFIER','INSERT',114),(433,14,'CATISSUE_SPECIMEN','INSERT',114),(434,5,'CATISSUE_COLLECTION_PROTOCOL','INSERT',115),(435,18,'CATISSUE_SPECIMEN_REQUIREMENT','INSERT',115),(436,13,'CATISSUE_COLL_PROT_EVENT','INSERT',115),(437,9,'CATISSUE_USER','INSERT',116),(438,12,'CATISSUE_ADDRESS','INSERT',116),(439,6,'CATISSUE_PARTICIPANT','INSERT',117),(440,6,'CATISSUE_PART_MEDICAL_ID','INSERT',117),(441,7,'CATISSUE_PARTICIPANT','INSERT',118),(442,7,'CATISSUE_PART_MEDICAL_ID','INSERT',118),(443,8,'CATISSUE_COLL_PROT_REG','INSERT',118),(444,6,'CATISSUE_SPECIMEN_COLL_GROUP','INSERT',119),(445,6,'CATISSUE_CLINICAL_REPORT','INSERT',119),(446,5,'CATISSUE_INSTITUTION','INSERT',120),(447,15,'CATISSUE_SPECIMEN','INSERT',121),(448,9,'CATISSUE_SPECIMEN_CHAR','INSERT',121),(449,16,'CATISSUE_EXTERNAL_IDENTIFIER','INSERT',121),(450,8,'CATISSUE_PART_MEDICAL_ID','INSERT',122),(451,8,'CATISSUE_PARTICIPANT','INSERT',122),(452,17,'CATISSUE_EXTERNAL_IDENTIFIER','INSERT',123),(453,16,'CATISSUE_SPECIMEN','INSERT',123),(454,10,'CATISSUE_IN_OUT_EVENT_PARAM','INSERT',124),(455,11,'CATISSUE_RECEIVED_EVENT_PARAM','INSERT',125),(456,9,'CATISSUE_PART_MEDICAL_ID','INSERT',126),(457,10,'CATISSUE_PARTICIPANT','INSERT',126),(458,9,'CATISSUE_COLL_PROT_REG','INSERT',127),(459,7,'CATISSUE_SPECIMEN_COLL_GROUP','INSERT',128),(460,7,'CATISSUE_CLINICAL_REPORT','INSERT',128),(461,2,'CATISSUE_DISTRIBUTION','INSERT',129),(462,2,'CATISSUE_DISTRIBUTED_ITEM','INSERT',129),(463,4,'CATISSUE_USER','UPDATE',130),(464,4,'CATISSUE_USER','UPDATE',131),(465,17,'CATISSUE_SPECIMEN','INSERT',132),(466,18,'CATISSUE_EXTERNAL_IDENTIFIER','INSERT',132),(467,12,'CATISSUE_COLL_EVENT_PARAM','INSERT',133),(468,6,'CATISSUE_INSTITUTION','INSERT',134),(469,5,'CATISSUE_DEPARTMENT','INSERT',135),(470,10,'CATISSUE_CANCER_RESEARCH_GROUP','INSERT',136),(471,5,'CATISSUE_SITE','INSERT',137),(472,13,'CATISSUE_ADDRESS','INSERT',137),(473,7,'CATISSUE_STORAGE_TYPE','INSERT',138),(474,90,'CATISSUE_STORAGE_CONT_CAPACITY','INSERT',138),(475,11,'CATISSUE_PARTICIPANT','INSERT',139),(476,10,'CATISSUE_PART_MEDICAL_ID','INSERT',139),(477,10,'CATISSUE_COLL_PROT_REG','INSERT',140),(478,8,'CATISSUE_SPECIMEN_COLL_GROUP','INSERT',141),(479,8,'CATISSUE_CLINICAL_REPORT','INSERT',141),(480,10,'CATISSUE_SPECIMEN_CHAR','INSERT',142),(481,19,'CATISSUE_EXTERNAL_IDENTIFIER','INSERT',142),(482,18,'CATISSUE_SPECIMEN','INSERT',142),(483,20,'CATISSUE_EXTERNAL_IDENTIFIER','INSERT',143),(484,19,'CATISSUE_SPECIMEN','INSERT',143),(485,13,'CATISSUE_IN_OUT_EVENT_PARAM','INSERT',144),(486,14,'CATISSUE_SPUN_EVENT_PARAMETERS','INSERT',145),(487,11,'CATISSUE_CANCER_RESEARCH_GROUP','INSERT',146),(488,8,'CATISSUE_STORAGE_TYPE','INSERT',147),(489,91,'CATISSUE_STORAGE_CONT_CAPACITY','INSERT',147),(490,12,'CATISSUE_PARTICIPANT','INSERT',148),(491,11,'CATISSUE_PART_MEDICAL_ID','INSERT',148),(492,14,'CATISSUE_ADDRESS','INSERT',149),(493,10,'CATISSUE_USER','INSERT',149),(494,7,'CATISSUE_INSTITUTION','INSERT',150),(495,6,'CATISSUE_DEPARTMENT','INSERT',151),(496,12,'CATISSUE_CANCER_RESEARCH_GROUP','INSERT',152),(497,6,'CATISSUE_SITE','INSERT',153),(498,15,'CATISSUE_ADDRESS','INSERT',153),(499,92,'CATISSUE_STORAGE_CONT_CAPACITY','INSERT',154),(500,9,'CATISSUE_STORAGE_TYPE','INSERT',154),(501,84,'CATISSUE_STORAGE_CONT_DETAILS','INSERT',155),(502,93,'CATISSUE_STORAGE_CONT_CAPACITY','INSERT',155),(503,84,'CATISSUE_STORAGE_CONTAINER','INSERT',155),(504,4,'CATISSUE_BIOHAZARD','INSERT',156),(505,19,'CATISSUE_SPECIMEN_REQUIREMENT','INSERT',157),(506,6,'CATISSUE_COLLECTION_PROTOCOL','INSERT',157),(507,14,'CATISSUE_COLL_PROT_EVENT','INSERT',157),(508,20,'CATISSUE_SPECIMEN_REQUIREMENT','INSERT',158),(509,7,'CATISSUE_DISTRIBUTION_PROTOCOL','INSERT',158),(510,11,'CATISSUE_SPECIMEN_CHAR','INSERT',159),(511,20,'CATISSUE_SPECIMEN','INSERT',159),(512,21,'CATISSUE_EXTERNAL_IDENTIFIER','INSERT',159),(513,22,'CATISSUE_EXTERNAL_IDENTIFIER','INSERT',160),(514,21,'CATISSUE_SPECIMEN','INSERT',160),(515,12,'CATISSUE_SPECIMEN_CHAR','INSERT',160),(516,23,'CATISSUE_EXTERNAL_IDENTIFIER','INSERT',161),(517,13,'CATISSUE_SPECIMEN_CHAR','INSERT',161),(518,22,'CATISSUE_SPECIMEN','INSERT',161),(519,23,'CATISSUE_SPECIMEN','INSERT',162),(520,14,'CATISSUE_SPECIMEN_CHAR','INSERT',162),(521,24,'CATISSUE_EXTERNAL_IDENTIFIER','INSERT',162),(522,24,'CATISSUE_EXTERNAL_IDENTIFIER','UPDATE',163),(523,27,'CATISSUE_SPECIMEN','INSERT',164),(524,18,'CATISSUE_SPECIMEN_CHAR','INSERT',164),(525,25,'CATISSUE_EXTERNAL_IDENTIFIER','INSERT',164),(526,28,'CATISSUE_SPECIMEN','INSERT',165),(527,19,'CATISSUE_SPECIMEN_CHAR','INSERT',165),(528,26,'CATISSUE_EXTERNAL_IDENTIFIER','INSERT',165),(529,20,'CATISSUE_SPECIMEN_CHAR','INSERT',166),(530,27,'CATISSUE_EXTERNAL_IDENTIFIER','INSERT',166),(531,29,'CATISSUE_SPECIMEN','INSERT',166),(532,28,'CATISSUE_EXTERNAL_IDENTIFIER','INSERT',167),(533,22,'CATISSUE_SPECIMEN_CHAR','INSERT',167),(534,31,'CATISSUE_SPECIMEN','INSERT',167),(535,29,'CATISSUE_EXTERNAL_IDENTIFIER','INSERT',168),(536,32,'CATISSUE_SPECIMEN','INSERT',168),(537,23,'CATISSUE_SPECIMEN_CHAR','INSERT',168),(538,5,'CATISSUE_BIOHAZARD','INSERT',169),(539,33,'CATISSUE_SPECIMEN','INSERT',170),(540,24,'CATISSUE_SPECIMEN_CHAR','INSERT',170),(541,30,'CATISSUE_EXTERNAL_IDENTIFIER','INSERT',170),(542,26,'CATISSUE_SPECIMEN_CHAR','INSERT',171),(543,35,'CATISSUE_SPECIMEN','INSERT',171),(544,31,'CATISSUE_EXTERNAL_IDENTIFIER','INSERT',171),(545,27,'CATISSUE_SPECIMEN_CHAR','INSERT',172),(546,32,'CATISSUE_EXTERNAL_IDENTIFIER','INSERT',172),(547,36,'CATISSUE_SPECIMEN','INSERT',172),(548,33,'CATISSUE_EXTERNAL_IDENTIFIER','INSERT',173),(549,38,'CATISSUE_SPECIMEN','INSERT',173),(550,29,'CATISSUE_SPECIMEN_CHAR','INSERT',173),(551,40,'CATISSUE_SPECIMEN','INSERT',174),(552,31,'CATISSUE_SPECIMEN_CHAR','INSERT',174),(553,34,'CATISSUE_EXTERNAL_IDENTIFIER','INSERT',174),(554,35,'CATISSUE_EXTERNAL_IDENTIFIER','INSERT',175),(555,32,'CATISSUE_SPECIMEN_CHAR','INSERT',175),(556,41,'CATISSUE_SPECIMEN','INSERT',175),(557,34,'CATISSUE_SPECIMEN_CHAR','INSERT',176),(558,43,'CATISSUE_SPECIMEN','INSERT',176),(559,36,'CATISSUE_EXTERNAL_IDENTIFIER','INSERT',176),(560,37,'CATISSUE_EXTERNAL_IDENTIFIER','INSERT',177),(561,45,'CATISSUE_SPECIMEN','INSERT',177),(562,36,'CATISSUE_SPECIMEN_CHAR','INSERT',177),(563,38,'CATISSUE_EXTERNAL_IDENTIFIER','INSERT',178),(564,46,'CATISSUE_SPECIMEN','INSERT',178),(565,37,'CATISSUE_SPECIMEN_CHAR','INSERT',178),(566,47,'CATISSUE_SPECIMEN','INSERT',179),(567,39,'CATISSUE_EXTERNAL_IDENTIFIER','INSERT',179),(568,38,'CATISSUE_SPECIMEN_CHAR','INSERT',179),(569,40,'CATISSUE_EXTERNAL_IDENTIFIER','INSERT',180),(570,48,'CATISSUE_SPECIMEN','INSERT',180),(571,39,'CATISSUE_SPECIMEN_CHAR','INSERT',180),(572,41,'CATISSUE_EXTERNAL_IDENTIFIER','INSERT',181),(573,40,'CATISSUE_SPECIMEN_CHAR','INSERT',181),(574,49,'CATISSUE_SPECIMEN','INSERT',181),(575,8,'CATISSUE_DISTRIBUTION_PROTOCOL','INSERT',182),(576,22,'CATISSUE_SPECIMEN_REQUIREMENT','INSERT',182),(577,21,'CATISSUE_SPECIMEN_REQUIREMENT','INSERT',182),(578,9,'CATISSUE_COLLECTION_PROTOCOL','INSERT',183),(579,15,'CATISSUE_COLL_PROT_EVENT','INSERT',183),(580,24,'CATISSUE_SPECIMEN_REQUIREMENT','INSERT',183),(581,23,'CATISSUE_SPECIMEN_REQUIREMENT','INSERT',183),(582,15,'CATISSUE_COLL_PROT_EVENT','UPDATE',184),(583,12,'CATISSUE_PART_MEDICAL_ID','INSERT',185),(584,13,'CATISSUE_PARTICIPANT','INSERT',185),(585,11,'CATISSUE_COLL_PROT_REG','INSERT',186),(586,9,'CATISSUE_SPECIMEN_COLL_GROUP','INSERT',187),(587,9,'CATISSUE_CLINICAL_REPORT','INSERT',187),(588,50,'CATISSUE_SPECIMEN','INSERT',188),(589,41,'CATISSUE_SPECIMEN_CHAR','INSERT',188),(590,42,'CATISSUE_EXTERNAL_IDENTIFIER','INSERT',188),(591,42,'CATISSUE_SPECIMEN_CHAR','INSERT',189),(592,51,'CATISSUE_SPECIMEN','INSERT',189),(593,43,'CATISSUE_EXTERNAL_IDENTIFIER','INSERT',189),(594,43,'CATISSUE_SPECIMEN_CHAR','INSERT',190),(595,52,'CATISSUE_SPECIMEN','INSERT',190),(596,44,'CATISSUE_EXTERNAL_IDENTIFIER','INSERT',190),(597,44,'CATISSUE_SPECIMEN_CHAR','INSERT',191),(598,53,'CATISSUE_SPECIMEN','INSERT',191),(599,45,'CATISSUE_EXTERNAL_IDENTIFIER','INSERT',191),(600,54,'CATISSUE_SPECIMEN','INSERT',192),(601,46,'CATISSUE_EXTERNAL_IDENTIFIER','INSERT',192),(602,16,'CATISSUE_ADDRESS','INSERT',193),(603,11,'CATISSUE_USER','INSERT',193),(604,14,'CATISSUE_PARTICIPANT','INSERT',194),(605,12,'CATISSUE_COLL_PROT_REG','INSERT',194),(606,13,'CATISSUE_PART_MEDICAL_ID','INSERT',194),(607,10,'CATISSUE_SPECIMEN_COLL_GROUP','INSERT',195),(608,10,'CATISSUE_CLINICAL_REPORT','INSERT',195),(609,47,'CATISSUE_EXTERNAL_IDENTIFIER','INSERT',196),(610,55,'CATISSUE_SPECIMEN','INSERT',196),(611,45,'CATISSUE_SPECIMEN_CHAR','INSERT',196),(612,14,'CATISSUE_PARTICIPANT','UPDATE',197),(613,56,'CATISSUE_SPECIMEN','INSERT',198),(614,48,'CATISSUE_EXTERNAL_IDENTIFIER','INSERT',198),(615,46,'CATISSUE_SPECIMEN_CHAR','INSERT',198),(616,15,'CATISSUE_COLL_EVENT_PARAM','INSERT',199),(617,16,'CATISSUE_COLL_EVENT_PARAM','INSERT',200),(618,8,'CATISSUE_INSTITUTION','INSERT',201),(619,49,'CATISSUE_EXTERNAL_IDENTIFIER','INSERT',202),(620,57,'CATISSUE_SPECIMEN','INSERT',202),(621,47,'CATISSUE_SPECIMEN_CHAR','INSERT',202),(622,50,'CATISSUE_EXTERNAL_IDENTIFIER','INSERT',203),(623,48,'CATISSUE_SPECIMEN_CHAR','INSERT',203),(624,58,'CATISSUE_SPECIMEN','INSERT',203),(625,17,'CATISSUE_TRANSFER_EVENT_PARAM','INSERT',204),(626,7,'CATISSUE_USER','UPDATE',205),(627,15,'CATISSUE_PARTICIPANT','INSERT',206),(628,14,'CATISSUE_PART_MEDICAL_ID','INSERT',206),(629,13,'CATISSUE_COLL_PROT_REG','INSERT',207),(630,11,'CATISSUE_CLINICAL_REPORT','INSERT',208),(631,11,'CATISSUE_SPECIMEN_COLL_GROUP','INSERT',208),(632,12,'CATISSUE_USER','INSERT',209),(633,17,'CATISSUE_ADDRESS','INSERT',209),(634,12,'CATISSUE_USER','UPDATE',210),(635,59,'CATISSUE_SPECIMEN','INSERT',211),(636,51,'CATISSUE_EXTERNAL_IDENTIFIER','INSERT',211),(637,14,'CATISSUE_COLL_PROT_REG','INSERT',212),(638,12,'CATISSUE_CLINICAL_REPORT','INSERT',213),(639,12,'CATISSUE_SPECIMEN_COLL_GROUP','INSERT',213),(640,15,'CATISSUE_COLL_PROT_REG','INSERT',214),(641,15,'CATISSUE_PART_MEDICAL_ID','INSERT',214),(642,16,'CATISSUE_PARTICIPANT','INSERT',214),(643,13,'CATISSUE_SPECIMEN_COLL_GROUP','INSERT',215),(644,13,'CATISSUE_CLINICAL_REPORT','INSERT',215),(645,14,'CATISSUE_SPECIMEN_COLL_GROUP','INSERT',216),(646,14,'CATISSUE_CLINICAL_REPORT','INSERT',216),(647,60,'CATISSUE_SPECIMEN','INSERT',217),(648,52,'CATISSUE_EXTERNAL_IDENTIFIER','INSERT',217),(649,61,'CATISSUE_SPECIMEN','INSERT',218),(650,53,'CATISSUE_EXTERNAL_IDENTIFIER','INSERT',218),(651,62,'CATISSUE_SPECIMEN','INSERT',219),(652,49,'CATISSUE_SPECIMEN_CHAR','INSERT',219),(653,54,'CATISSUE_EXTERNAL_IDENTIFIER','INSERT',219),(654,50,'CATISSUE_SPECIMEN_CHAR','INSERT',220),(655,63,'CATISSUE_SPECIMEN','INSERT',220),(656,55,'CATISSUE_EXTERNAL_IDENTIFIER','INSERT',220),(657,51,'CATISSUE_SPECIMEN_CHAR','INSERT',221),(658,64,'CATISSUE_SPECIMEN','INSERT',221),(659,56,'CATISSUE_EXTERNAL_IDENTIFIER','INSERT',221),(660,65,'CATISSUE_SPECIMEN','INSERT',222),(661,57,'CATISSUE_EXTERNAL_IDENTIFIER','INSERT',222),(662,52,'CATISSUE_SPECIMEN_CHAR','INSERT',222),(663,18,'CATISSUE_TRANSFER_EVENT_PARAM','INSERT',223),(664,66,'CATISSUE_SPECIMEN','INSERT',224),(665,58,'CATISSUE_EXTERNAL_IDENTIFIER','INSERT',224),(666,16,'CATISSUE_PART_MEDICAL_ID','INSERT',225),(667,17,'CATISSUE_PARTICIPANT','INSERT',225),(668,16,'CATISSUE_COLL_PROT_REG','INSERT',226),(669,15,'CATISSUE_CLINICAL_REPORT','INSERT',227),(670,15,'CATISSUE_SPECIMEN_COLL_GROUP','INSERT',227),(671,67,'CATISSUE_SPECIMEN','INSERT',228),(672,53,'CATISSUE_SPECIMEN_CHAR','INSERT',228),(673,59,'CATISSUE_EXTERNAL_IDENTIFIER','INSERT',228),(674,17,'CATISSUE_COLL_PROT_REG','INSERT',229),(675,16,'CATISSUE_CLINICAL_REPORT','INSERT',230),(676,16,'CATISSUE_SPECIMEN_COLL_GROUP','INSERT',230),(677,68,'CATISSUE_SPECIMEN','INSERT',231),(678,60,'CATISSUE_EXTERNAL_IDENTIFIER','INSERT',231),(679,54,'CATISSUE_SPECIMEN_CHAR','INSERT',231),(680,69,'CATISSUE_SPECIMEN','INSERT',232),(681,61,'CATISSUE_EXTERNAL_IDENTIFIER','INSERT',232),(682,19,'CATISSUE_COLL_EVENT_PARAM','INSERT',233),(683,20,'CATISSUE_TRANSFER_EVENT_PARAM','INSERT',234),(684,9,'CATISSUE_INSTITUTION','INSERT',235),(685,7,'CATISSUE_DEPARTMENT','INSERT',236),(686,9,'CATISSUE_INSTITUTION','UPDATE',237),(687,13,'CATISSUE_CANCER_RESEARCH_GROUP','INSERT',238),(688,55,'CATISSUE_SPECIMEN_CHAR','INSERT',239),(689,70,'CATISSUE_SPECIMEN','INSERT',239),(690,62,'CATISSUE_EXTERNAL_IDENTIFIER','INSERT',239),(691,17,'CATISSUE_PART_MEDICAL_ID','INSERT',240),(692,18,'CATISSUE_PARTICIPANT','INSERT',240),(693,18,'CATISSUE_COLL_PROT_REG','INSERT',241),(694,63,'CATISSUE_EXTERNAL_IDENTIFIER','INSERT',242),(695,56,'CATISSUE_SPECIMEN_CHAR','INSERT',242),(696,71,'CATISSUE_SPECIMEN','INSERT',242),(697,18,'CATISSUE_ADDRESS','INSERT',243),(698,13,'CATISSUE_USER','INSERT',243),(699,7,'CATISSUE_SITE','INSERT',244),(700,19,'CATISSUE_ADDRESS','INSERT',244),(701,17,'CATISSUE_SPECIMEN_COLL_GROUP','INSERT',245),(702,17,'CATISSUE_CLINICAL_REPORT','INSERT',245),(703,19,'CATISSUE_COLL_PROT_REG','INSERT',246),(704,20,'CATISSUE_ADDRESS','INSERT',247),(705,14,'CATISSUE_USER','INSERT',247),(706,21,'CATISSUE_ADDRESS','INSERT',248),(707,15,'CATISSUE_USER','INSERT',248),(708,20,'CATISSUE_COLL_PROT_REG','INSERT',249),(709,19,'CATISSUE_PARTICIPANT','INSERT',249),(710,18,'CATISSUE_PART_MEDICAL_ID','INSERT',249),(711,8,'CATISSUE_USER','UPDATE',250),(712,8,'CATISSUE_USER','UPDATE',251),(713,14,'CATISSUE_CANCER_RESEARCH_GROUP','INSERT',252),(714,22,'CATISSUE_ADDRESS','INSERT',253),(715,16,'CATISSUE_USER','INSERT',253),(716,14,'CATISSUE_USER','UPDATE',254),(717,16,'CATISSUE_USER','UPDATE',255),(718,11,'CATISSUE_USER','UPDATE',256),(719,2,'CATISSUE_STORAGE_CONT_CAPACITY','UPDATE',257),(720,23,'CATISSUE_ADDRESS','INSERT',258),(721,17,'CATISSUE_USER','INSERT',258),(722,18,'CATISSUE_CLINICAL_REPORT','INSERT',259),(723,18,'CATISSUE_SPECIMEN_COLL_GROUP','INSERT',259),(724,57,'CATISSUE_SPECIMEN_CHAR','INSERT',260),(725,72,'CATISSUE_SPECIMEN','INSERT',260),(726,64,'CATISSUE_EXTERNAL_IDENTIFIER','INSERT',260),(727,21,'CATISSUE_EMBEDDED_EVENT_PARAM','INSERT',261),(728,22,'CATISSUE_DISPOSAL_EVENT_PARAM','INSERT',262),(729,23,'CATISSUE_CELL_SPE_REVIEW_PARAM','INSERT',263),(730,24,'CATISSUE_FLUID_SPE_EVENT_PARAM','INSERT',264),(731,25,'CATISSUE_FLUID_SPE_EVENT_PARAM','INSERT',265),(732,26,'CATISSUE_EMBEDDED_EVENT_PARAM','INSERT',266),(733,27,'CATISSUE_IN_OUT_EVENT_PARAM','INSERT',267),(734,65,'CATISSUE_EXTERNAL_IDENTIFIER','INSERT',268),(735,73,'CATISSUE_SPECIMEN','INSERT',268),(736,58,'CATISSUE_SPECIMEN_CHAR','INSERT',268),(737,85,'CATISSUE_STORAGE_CONT_DETAILS','INSERT',269),(738,85,'CATISSUE_STORAGE_CONTAINER','INSERT',269),(739,94,'CATISSUE_STORAGE_CONT_CAPACITY','INSERT',269),(740,19,'CATISSUE_SPECIMEN_COLL_GROUP','INSERT',270),(741,19,'CATISSUE_CLINICAL_REPORT','INSERT',270),(742,10,'CATISSUE_INSTITUTION','INSERT',271),(743,20,'CATISSUE_CLINICAL_REPORT','INSERT',272),(744,20,'CATISSUE_SPECIMEN_COLL_GROUP','INSERT',272),(745,8,'CATISSUE_DEPARTMENT','INSERT',273),(746,18,'CATISSUE_USER','INSERT',274),(747,24,'CATISSUE_ADDRESS','INSERT',274),(748,11,'CATISSUE_INSTITUTION','INSERT',275),(749,12,'CATISSUE_INSTITUTION','INSERT',276),(750,13,'CATISSUE_INSTITUTION','INSERT',277),(751,14,'CATISSUE_INSTITUTION','INSERT',278),(752,15,'CATISSUE_INSTITUTION','INSERT',279),(753,16,'CATISSUE_INSTITUTION','INSERT',280),(754,17,'CATISSUE_INSTITUTION','INSERT',281),(755,18,'CATISSUE_INSTITUTION','INSERT',282),(756,19,'CATISSUE_INSTITUTION','INSERT',283),(757,20,'CATISSUE_INSTITUTION','INSERT',284),(758,21,'CATISSUE_INSTITUTION','INSERT',285),(759,9,'CATISSUE_DEPARTMENT','INSERT',286),(760,10,'CATISSUE_DEPARTMENT','INSERT',287),(761,11,'CATISSUE_DEPARTMENT','INSERT',288),(762,12,'CATISSUE_DEPARTMENT','INSERT',289),(763,15,'CATISSUE_CANCER_RESEARCH_GROUP','INSERT',290),(764,16,'CATISSUE_CANCER_RESEARCH_GROUP','INSERT',291),(765,17,'CATISSUE_CANCER_RESEARCH_GROUP','INSERT',292),(766,18,'CATISSUE_CANCER_RESEARCH_GROUP','INSERT',293),(767,19,'CATISSUE_CANCER_RESEARCH_GROUP','INSERT',294),(768,25,'CATISSUE_ADDRESS','INSERT',295),(769,8,'CATISSUE_SITE','INSERT',295),(770,9,'CATISSUE_SITE','INSERT',296),(771,26,'CATISSUE_ADDRESS','INSERT',296),(772,19,'CATISSUE_USER','INSERT',297),(773,27,'CATISSUE_ADDRESS','INSERT',297),(774,20,'CATISSUE_USER','INSERT',298),(775,28,'CATISSUE_ADDRESS','INSERT',298),(776,21,'CATISSUE_USER','INSERT',299),(777,29,'CATISSUE_ADDRESS','INSERT',299),(778,10,'CATISSUE_SITE','INSERT',300),(779,30,'CATISSUE_ADDRESS','INSERT',300),(780,31,'CATISSUE_ADDRESS','INSERT',301),(781,11,'CATISSUE_SITE','INSERT',301),(782,26,'CATISSUE_SPECIMEN_REQUIREMENT','INSERT',302),(783,17,'CATISSUE_COLL_PROT_EVENT','INSERT',302),(784,27,'CATISSUE_SPECIMEN_REQUIREMENT','INSERT',302),(785,10,'CATISSUE_COLLECTION_PROTOCOL','INSERT',302),(786,25,'CATISSUE_SPECIMEN_REQUIREMENT','INSERT',302),(787,16,'CATISSUE_COLL_PROT_EVENT','INSERT',302),(788,18,'CATISSUE_COLL_PROT_EVENT','INSERT',303),(789,29,'CATISSUE_SPECIMEN_REQUIREMENT','INSERT',303),(790,11,'CATISSUE_COLLECTION_PROTOCOL','INSERT',303),(791,28,'CATISSUE_SPECIMEN_REQUIREMENT','INSERT',303),(792,30,'CATISSUE_SPECIMEN_REQUIREMENT','INSERT',303),(793,32,'CATISSUE_SPECIMEN_REQUIREMENT','INSERT',304),(794,19,'CATISSUE_COLL_PROT_EVENT','INSERT',304),(795,31,'CATISSUE_SPECIMEN_REQUIREMENT','INSERT',304),(796,12,'CATISSUE_COLLECTION_PROTOCOL','INSERT',304),(797,20,'CATISSUE_COLL_PROT_EVENT','INSERT',304),(798,33,'CATISSUE_SPECIMEN_REQUIREMENT','INSERT',304),(799,10,'CATISSUE_STORAGE_TYPE','INSERT',305),(800,95,'CATISSUE_STORAGE_CONT_CAPACITY','INSERT',305),(801,11,'CATISSUE_STORAGE_TYPE','INSERT',306),(802,97,'CATISSUE_STORAGE_CONT_CAPACITY','INSERT',306),(803,12,'CATISSUE_STORAGE_TYPE','INSERT',307),(804,98,'CATISSUE_STORAGE_CONT_CAPACITY','INSERT',307),(805,13,'CATISSUE_STORAGE_TYPE','INSERT',308),(806,100,'CATISSUE_STORAGE_CONT_CAPACITY','INSERT',308),(807,101,'CATISSUE_STORAGE_CONT_CAPACITY','INSERT',309),(808,86,'CATISSUE_STORAGE_CONT_DETAILS','INSERT',309),(809,86,'CATISSUE_STORAGE_CONTAINER','INSERT',309),(810,99,'CATISSUE_STORAGE_CONTAINER','INSERT',310),(811,94,'CATISSUE_STORAGE_CONTAINER','INSERT',310),(812,100,'CATISSUE_STORAGE_CONTAINER','INSERT',310),(813,110,'CATISSUE_STORAGE_CONT_CAPACITY','INSERT',310),(814,87,'CATISSUE_STORAGE_CONTAINER','INSERT',310),(815,97,'CATISSUE_STORAGE_CONTAINER','INSERT',310),(816,93,'CATISSUE_STORAGE_CONT_DETAILS','INSERT',310),(817,95,'CATISSUE_STORAGE_CONTAINER','INSERT',310),(818,113,'CATISSUE_STORAGE_CONT_CAPACITY','INSERT',310),(819,99,'CATISSUE_STORAGE_CONT_DETAILS','INSERT',310),(820,98,'CATISSUE_STORAGE_CONT_DETAILS','INSERT',310),(821,112,'CATISSUE_STORAGE_CONT_CAPACITY','INSERT',310),(822,117,'CATISSUE_STORAGE_CONT_CAPACITY','INSERT',310),(823,88,'CATISSUE_STORAGE_CONTAINER','INSERT',310),(824,115,'CATISSUE_STORAGE_CONT_CAPACITY','INSERT',310),(825,104,'CATISSUE_STORAGE_CONT_CAPACITY','INSERT',310),(826,91,'CATISSUE_STORAGE_CONT_DETAILS','INSERT',310),(827,106,'CATISSUE_STORAGE_CONT_CAPACITY','INSERT',310),(828,90,'CATISSUE_STORAGE_CONTAINER','INSERT',310),(829,102,'CATISSUE_STORAGE_CONT_CAPACITY','INSERT',310),(830,114,'CATISSUE_STORAGE_CONT_CAPACITY','INSERT',310),(831,90,'CATISSUE_STORAGE_CONT_DETAILS','INSERT',310),(832,94,'CATISSUE_STORAGE_CONT_DETAILS','INSERT',310),(833,88,'CATISSUE_STORAGE_CONT_DETAILS','INSERT',310),(834,109,'CATISSUE_STORAGE_CONT_CAPACITY','INSERT',310),(835,87,'CATISSUE_STORAGE_CONT_DETAILS','INSERT',310),(836,101,'CATISSUE_STORAGE_CONTAINER','INSERT',310),(837,91,'CATISSUE_STORAGE_CONTAINER','INSERT',310),(838,98,'CATISSUE_STORAGE_CONTAINER','INSERT',310),(839,102,'CATISSUE_STORAGE_CONT_DETAILS','INSERT',310),(840,108,'CATISSUE_STORAGE_CONT_CAPACITY','INSERT',310),(841,93,'CATISSUE_STORAGE_CONTAINER','INSERT',310),(842,103,'CATISSUE_STORAGE_CONT_CAPACITY','INSERT',310),(843,96,'CATISSUE_STORAGE_CONT_DETAILS','INSERT',310),(844,95,'CATISSUE_STORAGE_CONT_DETAILS','INSERT',310),(845,107,'CATISSUE_STORAGE_CONT_CAPACITY','INSERT',310),(846,92,'CATISSUE_STORAGE_CONTAINER','INSERT',310),(847,102,'CATISSUE_STORAGE_CONTAINER','INSERT',310),(848,92,'CATISSUE_STORAGE_CONT_DETAILS','INSERT',310),(849,96,'CATISSUE_STORAGE_CONTAINER','INSERT',310),(850,89,'CATISSUE_STORAGE_CONTAINER','INSERT',310),(851,101,'CATISSUE_STORAGE_CONT_DETAILS','INSERT',310),(852,116,'CATISSUE_STORAGE_CONT_CAPACITY','INSERT',310),(853,105,'CATISSUE_STORAGE_CONT_CAPACITY','INSERT',310),(854,89,'CATISSUE_STORAGE_CONT_DETAILS','INSERT',310),(855,100,'CATISSUE_STORAGE_CONT_DETAILS','INSERT',310),(856,111,'CATISSUE_STORAGE_CONT_CAPACITY','INSERT',310),(857,97,'CATISSUE_STORAGE_CONT_DETAILS','INSERT',310),(858,109,'CATISSUE_STORAGE_CONT_DETAILS','INSERT',311),(859,118,'CATISSUE_STORAGE_CONTAINER','INSERT',311),(860,104,'CATISSUE_STORAGE_CONTAINER','INSERT',311),(861,140,'CATISSUE_STORAGE_CONT_CAPACITY','INSERT',311),(862,119,'CATISSUE_STORAGE_CONT_CAPACITY','INSERT',311),(863,137,'CATISSUE_STORAGE_CONT_CAPACITY','INSERT',311),(864,106,'CATISSUE_STORAGE_CONTAINER','INSERT',311),(865,112,'CATISSUE_STORAGE_CONT_DETAILS','INSERT',311),(866,128,'CATISSUE_STORAGE_CONT_CAPACITY','INSERT',311),(867,114,'CATISSUE_STORAGE_CONT_DETAILS','INSERT',311),(868,103,'CATISSUE_STORAGE_CONT_DETAILS','INSERT',311),(869,131,'CATISSUE_STORAGE_CONT_CAPACITY','INSERT',311),(870,133,'CATISSUE_STORAGE_CONT_CAPACITY','INSERT',311),(871,121,'CATISSUE_STORAGE_CONT_CAPACITY','INSERT',311),(872,122,'CATISSUE_STORAGE_CONT_CAPACITY','INSERT',311),(873,126,'CATISSUE_STORAGE_CONT_CAPACITY','INSERT',311),(874,122,'CATISSUE_STORAGE_CONT_DETAILS','INSERT',311),(875,126,'CATISSUE_STORAGE_CONT_DETAILS','INSERT',311),(876,138,'CATISSUE_STORAGE_CONT_CAPACITY','INSERT',311),(877,119,'CATISSUE_STORAGE_CONTAINER','INSERT',311),(878,116,'CATISSUE_STORAGE_CONTAINER','INSERT',311),(879,142,'CATISSUE_STORAGE_CONT_CAPACITY','INSERT',311),(880,111,'CATISSUE_STORAGE_CONT_DETAILS','INSERT',311),(881,135,'CATISSUE_STORAGE_CONT_CAPACITY','INSERT',311),(882,121,'CATISSUE_STORAGE_CONT_DETAILS','INSERT',311),(883,120,'CATISSUE_STORAGE_CONT_CAPACITY','INSERT',311),(884,124,'CATISSUE_STORAGE_CONTAINER','INSERT',311),(885,123,'CATISSUE_STORAGE_CONT_CAPACITY','INSERT',311),(886,117,'CATISSUE_STORAGE_CONTAINER','INSERT',311),(887,118,'CATISSUE_STORAGE_CONT_CAPACITY','INSERT',311),(888,124,'CATISSUE_STORAGE_CONT_DETAILS','INSERT',311),(889,127,'CATISSUE_STORAGE_CONT_DETAILS','INSERT',311),(890,125,'CATISSUE_STORAGE_CONT_DETAILS','INSERT',311),(891,127,'CATISSUE_STORAGE_CONTAINER','INSERT',311),(892,132,'CATISSUE_STORAGE_CONT_CAPACITY','INSERT',311),(893,117,'CATISSUE_STORAGE_CONT_DETAILS','INSERT',311),(894,119,'CATISSUE_STORAGE_CONT_DETAILS','INSERT',311),(895,112,'CATISSUE_STORAGE_CONTAINER','INSERT',311),(896,130,'CATISSUE_STORAGE_CONT_CAPACITY','INSERT',311),(897,104,'CATISSUE_STORAGE_CONT_DETAILS','INSERT',311),(898,114,'CATISSUE_STORAGE_CONTAINER','INSERT',311),(899,103,'CATISSUE_STORAGE_CONTAINER','INSERT',311),(900,141,'CATISSUE_STORAGE_CONT_CAPACITY','INSERT',311),(901,109,'CATISSUE_STORAGE_CONTAINER','INSERT',311),(902,125,'CATISSUE_STORAGE_CONTAINER','INSERT',311),(903,139,'CATISSUE_STORAGE_CONT_CAPACITY','INSERT',311),(904,113,'CATISSUE_STORAGE_CONT_DETAILS','INSERT',311),(905,125,'CATISSUE_STORAGE_CONT_CAPACITY','INSERT',311),(906,136,'CATISSUE_STORAGE_CONT_CAPACITY','INSERT',311),(907,108,'CATISSUE_STORAGE_CONT_DETAILS','INSERT',311),(908,108,'CATISSUE_STORAGE_CONTAINER','INSERT',311),(909,107,'CATISSUE_STORAGE_CONT_DETAILS','INSERT',311),(910,113,'CATISSUE_STORAGE_CONTAINER','INSERT',311),(911,120,'CATISSUE_STORAGE_CONT_DETAILS','INSERT',311),(912,134,'CATISSUE_STORAGE_CONT_CAPACITY','INSERT',311),(913,122,'CATISSUE_STORAGE_CONTAINER','INSERT',311),(914,115,'CATISSUE_STORAGE_CONT_DETAILS','INSERT',311),(915,129,'CATISSUE_STORAGE_CONT_CAPACITY','INSERT',311),(916,107,'CATISSUE_STORAGE_CONTAINER','INSERT',311),(917,123,'CATISSUE_STORAGE_CONT_DETAILS','INSERT',311),(918,116,'CATISSUE_STORAGE_CONT_DETAILS','INSERT',311),(919,123,'CATISSUE_STORAGE_CONTAINER','INSERT',311),(920,110,'CATISSUE_STORAGE_CONT_DETAILS','INSERT',311),(921,126,'CATISSUE_STORAGE_CONTAINER','INSERT',311),(922,115,'CATISSUE_STORAGE_CONTAINER','INSERT',311),(923,111,'CATISSUE_STORAGE_CONTAINER','INSERT',311),(924,121,'CATISSUE_STORAGE_CONTAINER','INSERT',311),(925,110,'CATISSUE_STORAGE_CONTAINER','INSERT',311),(926,105,'CATISSUE_STORAGE_CONT_DETAILS','INSERT',311),(927,127,'CATISSUE_STORAGE_CONT_CAPACITY','INSERT',311),(928,105,'CATISSUE_STORAGE_CONTAINER','INSERT',311),(929,120,'CATISSUE_STORAGE_CONTAINER','INSERT',311),(930,106,'CATISSUE_STORAGE_CONT_DETAILS','INSERT',311),(931,124,'CATISSUE_STORAGE_CONT_CAPACITY','INSERT',311),(932,118,'CATISSUE_STORAGE_CONT_DETAILS','INSERT',311),(933,140,'CATISSUE_STORAGE_CONTAINER','INSERT',312),(934,130,'CATISSUE_STORAGE_CONT_DETAILS','INSERT',312),(935,145,'CATISSUE_STORAGE_CONT_CAPACITY','INSERT',312),(936,154,'CATISSUE_STORAGE_CONT_CAPACITY','INSERT',312),(937,135,'CATISSUE_STORAGE_CONT_DETAILS','INSERT',312),(938,148,'CATISSUE_STORAGE_CONT_DETAILS','INSERT',312),(939,129,'CATISSUE_STORAGE_CONTAINER','INSERT',312),(940,141,'CATISSUE_STORAGE_CONT_DETAILS','INSERT',312),(941,143,'CATISSUE_STORAGE_CONTAINER','INSERT',312),(942,144,'CATISSUE_STORAGE_CONT_DETAILS','INSERT',312),(943,128,'CATISSUE_STORAGE_CONT_DETAILS','INSERT',312),(944,137,'CATISSUE_STORAGE_CONTAINER','INSERT',312),(945,161,'CATISSUE_STORAGE_CONT_CAPACITY','INSERT',312),(946,152,'CATISSUE_STORAGE_CONT_DETAILS','INSERT',312),(947,149,'CATISSUE_STORAGE_CONTAINER','INSERT',312),(948,145,'CATISSUE_STORAGE_CONTAINER','INSERT',312),(949,129,'CATISSUE_STORAGE_CONT_DETAILS','INSERT',312),(950,158,'CATISSUE_STORAGE_CONT_CAPACITY','INSERT',312),(951,145,'CATISSUE_STORAGE_CONT_DETAILS','INSERT',312),(952,155,'CATISSUE_STORAGE_CONT_CAPACITY','INSERT',312),(953,131,'CATISSUE_STORAGE_CONTAINER','INSERT',312),(954,137,'CATISSUE_STORAGE_CONT_DETAILS','INSERT',312),(955,142,'CATISSUE_STORAGE_CONT_DETAILS','INSERT',312),(956,167,'CATISSUE_STORAGE_CONT_CAPACITY','INSERT',312),(957,163,'CATISSUE_STORAGE_CONT_CAPACITY','INSERT',312),(958,143,'CATISSUE_STORAGE_CONT_DETAILS','INSERT',312),(959,151,'CATISSUE_STORAGE_CONTAINER','INSERT',312),(960,139,'CATISSUE_STORAGE_CONT_DETAILS','INSERT',312),(961,150,'CATISSUE_STORAGE_CONTAINER','INSERT',312),(962,136,'CATISSUE_STORAGE_CONT_DETAILS','INSERT',312),(963,149,'CATISSUE_STORAGE_CONT_DETAILS','INSERT',312),(964,160,'CATISSUE_STORAGE_CONT_CAPACITY','INSERT',312),(965,133,'CATISSUE_STORAGE_CONT_DETAILS','INSERT',312),(966,148,'CATISSUE_STORAGE_CONT_CAPACITY','INSERT',312),(967,164,'CATISSUE_STORAGE_CONT_CAPACITY','INSERT',312),(968,148,'CATISSUE_STORAGE_CONTAINER','INSERT',312),(969,132,'CATISSUE_STORAGE_CONT_DETAILS','INSERT',312),(970,143,'CATISSUE_STORAGE_CONT_CAPACITY','INSERT',312),(971,136,'CATISSUE_STORAGE_CONTAINER','INSERT',312),(972,140,'CATISSUE_STORAGE_CONT_DETAILS','INSERT',312),(973,147,'CATISSUE_STORAGE_CONT_DETAILS','INSERT',312),(974,134,'CATISSUE_STORAGE_CONTAINER','INSERT',312),(975,146,'CATISSUE_STORAGE_CONTAINER','INSERT',312),(976,156,'CATISSUE_STORAGE_CONT_CAPACITY','INSERT',312),(977,152,'CATISSUE_STORAGE_CONTAINER','INSERT',312),(978,139,'CATISSUE_STORAGE_CONTAINER','INSERT',312),(979,141,'CATISSUE_STORAGE_CONTAINER','INSERT',312),(980,149,'CATISSUE_STORAGE_CONT_CAPACITY','INSERT',312),(981,159,'CATISSUE_STORAGE_CONT_CAPACITY','INSERT',312),(982,130,'CATISSUE_STORAGE_CONTAINER','INSERT',312),(983,166,'CATISSUE_STORAGE_CONT_CAPACITY','INSERT',312),(984,162,'CATISSUE_STORAGE_CONT_CAPACITY','INSERT',312),(985,150,'CATISSUE_STORAGE_CONT_CAPACITY','INSERT',312),(986,152,'CATISSUE_STORAGE_CONT_CAPACITY','INSERT',312),(987,147,'CATISSUE_STORAGE_CONT_CAPACITY','INSERT',312),(988,157,'CATISSUE_STORAGE_CONT_CAPACITY','INSERT',312),(989,151,'CATISSUE_STORAGE_CONT_CAPACITY','INSERT',312),(990,134,'CATISSUE_STORAGE_CONT_DETAILS','INSERT',312),(991,138,'CATISSUE_STORAGE_CONTAINER','INSERT',312),(992,165,'CATISSUE_STORAGE_CONT_CAPACITY','INSERT',312),(993,147,'CATISSUE_STORAGE_CONTAINER','INSERT',312),(994,146,'CATISSUE_STORAGE_CONT_DETAILS','INSERT',312),(995,128,'CATISSUE_STORAGE_CONTAINER','INSERT',312),(996,144,'CATISSUE_STORAGE_CONTAINER','INSERT',312),(997,142,'CATISSUE_STORAGE_CONTAINER','INSERT',312),(998,151,'CATISSUE_STORAGE_CONT_DETAILS','INSERT',312),(999,133,'CATISSUE_STORAGE_CONTAINER','INSERT',312),(1000,131,'CATISSUE_STORAGE_CONT_DETAILS','INSERT',312),(1001,138,'CATISSUE_STORAGE_CONT_DETAILS','INSERT',312),(1002,150,'CATISSUE_STORAGE_CONT_DETAILS','INSERT',312),(1003,153,'CATISSUE_STORAGE_CONT_CAPACITY','INSERT',312),(1004,132,'CATISSUE_STORAGE_CONTAINER','INSERT',312),(1005,146,'CATISSUE_STORAGE_CONT_CAPACITY','INSERT',312),(1006,135,'CATISSUE_STORAGE_CONTAINER','INSERT',312),(1007,144,'CATISSUE_STORAGE_CONT_CAPACITY','INSERT',312),(1008,172,'CATISSUE_STORAGE_CONTAINER','INSERT',313),(1009,169,'CATISSUE_STORAGE_CONTAINER','INSERT',313),(1010,160,'CATISSUE_STORAGE_CONT_DETAILS','INSERT',313),(1011,174,'CATISSUE_STORAGE_CONTAINER','INSERT',313),(1012,166,'CATISSUE_STORAGE_CONT_DETAILS','INSERT',313),(1013,179,'CATISSUE_STORAGE_CONT_CAPACITY','INSERT',313),(1014,156,'CATISSUE_STORAGE_CONTAINER','INSERT',313),(1015,167,'CATISSUE_STORAGE_CONT_DETAILS','INSERT',313),(1016,190,'CATISSUE_STORAGE_CONT_CAPACITY','INSERT',313),(1017,169,'CATISSUE_STORAGE_CONT_CAPACITY','INSERT',313),(1018,177,'CATISSUE_STORAGE_CONT_DETAILS','INSERT',313),(1019,175,'CATISSUE_STORAGE_CONT_CAPACITY','INSERT',313),(1020,191,'CATISSUE_STORAGE_CONT_CAPACITY','INSERT',313),(1021,187,'CATISSUE_STORAGE_CONT_CAPACITY','INSERT',313),(1022,161,'CATISSUE_STORAGE_CONT_DETAILS','INSERT',313),(1023,181,'CATISSUE_STORAGE_CONT_CAPACITY','INSERT',313),(1024,173,'CATISSUE_STORAGE_CONT_DETAILS','INSERT',313),(1025,168,'CATISSUE_STORAGE_CONTAINER','INSERT',313),(1026,160,'CATISSUE_STORAGE_CONTAINER','INSERT',313),(1027,177,'CATISSUE_STORAGE_CONT_CAPACITY','INSERT',313),(1028,177,'CATISSUE_STORAGE_CONTAINER','INSERT',313),(1029,165,'CATISSUE_STORAGE_CONTAINER','INSERT',313),(1030,183,'CATISSUE_STORAGE_CONT_CAPACITY','INSERT',313),(1031,175,'CATISSUE_STORAGE_CONT_DETAILS','INSERT',313),(1032,189,'CATISSUE_STORAGE_CONT_CAPACITY','INSERT',313),(1033,164,'CATISSUE_STORAGE_CONTAINER','INSERT',313),(1034,155,'CATISSUE_STORAGE_CONT_DETAILS','INSERT',313),(1035,176,'CATISSUE_STORAGE_CONT_CAPACITY','INSERT',313),(1036,173,'CATISSUE_STORAGE_CONT_CAPACITY','INSERT',313),(1037,171,'CATISSUE_STORAGE_CONT_CAPACITY','INSERT',313),(1038,169,'CATISSUE_STORAGE_CONT_DETAILS','INSERT',313),(1039,170,'CATISSUE_STORAGE_CONTAINER','INSERT',313),(1040,166,'CATISSUE_STORAGE_CONTAINER','INSERT',313),(1041,170,'CATISSUE_STORAGE_CONT_CAPACITY','INSERT',313),(1042,161,'CATISSUE_STORAGE_CONTAINER','INSERT',313),(1043,162,'CATISSUE_STORAGE_CONT_DETAILS','INSERT',313),(1044,175,'CATISSUE_STORAGE_CONTAINER','INSERT',313),(1045,168,'CATISSUE_STORAGE_CONT_CAPACITY','INSERT',313),(1046,178,'CATISSUE_STORAGE_CONT_CAPACITY','INSERT',313),(1047,163,'CATISSUE_STORAGE_CONTAINER','INSERT',313),(1048,171,'CATISSUE_STORAGE_CONTAINER','INSERT',313),(1049,173,'CATISSUE_STORAGE_CONTAINER','INSERT',313),(1050,176,'CATISSUE_STORAGE_CONT_DETAILS','INSERT',313),(1051,155,'CATISSUE_STORAGE_CONTAINER','INSERT',313),(1052,158,'CATISSUE_STORAGE_CONT_DETAILS','INSERT',313),(1053,162,'CATISSUE_STORAGE_CONTAINER','INSERT',313),(1054,172,'CATISSUE_STORAGE_CONT_DETAILS','INSERT',313),(1055,186,'CATISSUE_STORAGE_CONT_CAPACITY','INSERT',313),(1056,172,'CATISSUE_STORAGE_CONT_CAPACITY','INSERT',313),(1057,165,'CATISSUE_STORAGE_CONT_DETAILS','INSERT',313),(1058,188,'CATISSUE_STORAGE_CONT_CAPACITY','INSERT',313),(1059,159,'CATISSUE_STORAGE_CONTAINER','INSERT',313),(1060,176,'CATISSUE_STORAGE_CONTAINER','INSERT',313),(1061,159,'CATISSUE_STORAGE_CONT_DETAILS','INSERT',313),(1062,164,'CATISSUE_STORAGE_CONT_DETAILS','INSERT',313),(1063,184,'CATISSUE_STORAGE_CONT_CAPACITY','INSERT',313),(1064,192,'CATISSUE_STORAGE_CONT_CAPACITY','INSERT',313),(1065,182,'CATISSUE_STORAGE_CONT_CAPACITY','INSERT',313),(1066,157,'CATISSUE_STORAGE_CONTAINER','INSERT',313),(1067,185,'CATISSUE_STORAGE_CONT_CAPACITY','INSERT',313),(1068,174,'CATISSUE_STORAGE_CONT_CAPACITY','INSERT',313),(1069,153,'CATISSUE_STORAGE_CONTAINER','INSERT',313),(1070,153,'CATISSUE_STORAGE_CONT_DETAILS','INSERT',313),(1071,171,'CATISSUE_STORAGE_CONT_DETAILS','INSERT',313),(1072,158,'CATISSUE_STORAGE_CONTAINER','INSERT',313),(1073,156,'CATISSUE_STORAGE_CONT_DETAILS','INSERT',313),(1074,174,'CATISSUE_STORAGE_CONT_DETAILS','INSERT',313),(1075,170,'CATISSUE_STORAGE_CONT_DETAILS','INSERT',313),(1076,154,'CATISSUE_STORAGE_CONT_DETAILS','INSERT',313),(1077,180,'CATISSUE_STORAGE_CONT_CAPACITY','INSERT',313),(1078,157,'CATISSUE_STORAGE_CONT_DETAILS','INSERT',313),(1079,154,'CATISSUE_STORAGE_CONTAINER','INSERT',313),(1080,168,'CATISSUE_STORAGE_CONT_DETAILS','INSERT',313),(1081,167,'CATISSUE_STORAGE_CONTAINER','INSERT',313),(1082,163,'CATISSUE_STORAGE_CONT_DETAILS','INSERT',313),(1083,20,'CATISSUE_PARTICIPANT','INSERT',314),(1084,19,'CATISSUE_PART_MEDICAL_ID','INSERT',314),(1085,20,'CATISSUE_PART_MEDICAL_ID','INSERT',315),(1086,21,'CATISSUE_PARTICIPANT','INSERT',315),(1087,22,'CATISSUE_PARTICIPANT','INSERT',316),(1088,21,'CATISSUE_PART_MEDICAL_ID','INSERT',316),(1089,23,'CATISSUE_PARTICIPANT','INSERT',317),(1090,22,'CATISSUE_PART_MEDICAL_ID','INSERT',317),(1091,23,'CATISSUE_PART_MEDICAL_ID','INSERT',318),(1092,24,'CATISSUE_PARTICIPANT','INSERT',318),(1093,25,'CATISSUE_PARTICIPANT','INSERT',319),(1094,24,'CATISSUE_PART_MEDICAL_ID','INSERT',319),(1095,21,'CATISSUE_COLL_PROT_REG','INSERT',320),(1096,22,'CATISSUE_COLL_PROT_REG','INSERT',321),(1097,23,'CATISSUE_COLL_PROT_REG','INSERT',322),(1098,24,'CATISSUE_COLL_PROT_REG','INSERT',323),(1099,25,'CATISSUE_COLL_PROT_REG','INSERT',324),(1100,26,'CATISSUE_COLL_PROT_REG','INSERT',325),(1101,27,'CATISSUE_COLL_PROT_REG','INSERT',326),(1102,28,'CATISSUE_COLL_PROT_REG','INSERT',327),(1103,26,'CATISSUE_PARTICIPANT','INSERT',327),(1104,25,'CATISSUE_PART_MEDICAL_ID','INSERT',327),(1105,29,'CATISSUE_COLL_PROT_REG','INSERT',328),(1106,26,'CATISSUE_PART_MEDICAL_ID','INSERT',329),(1107,30,'CATISSUE_COLL_PROT_REG','INSERT',329),(1108,27,'CATISSUE_PARTICIPANT','INSERT',329),(1109,31,'CATISSUE_COLL_PROT_REG','INSERT',330),(1110,21,'CATISSUE_CLINICAL_REPORT','INSERT',331),(1111,21,'CATISSUE_SPECIMEN_COLL_GROUP','INSERT',331),(1112,22,'CATISSUE_SPECIMEN_COLL_GROUP','INSERT',332),(1113,22,'CATISSUE_CLINICAL_REPORT','INSERT',332),(1114,23,'CATISSUE_SPECIMEN_COLL_GROUP','INSERT',333),(1115,23,'CATISSUE_CLINICAL_REPORT','INSERT',333),(1116,24,'CATISSUE_CLINICAL_REPORT','INSERT',334),(1117,24,'CATISSUE_SPECIMEN_COLL_GROUP','INSERT',334),(1118,25,'CATISSUE_SPECIMEN_COLL_GROUP','INSERT',335),(1119,25,'CATISSUE_CLINICAL_REPORT','INSERT',335),(1120,26,'CATISSUE_CLINICAL_REPORT','INSERT',336),(1121,26,'CATISSUE_SPECIMEN_COLL_GROUP','INSERT',336),(1122,27,'CATISSUE_SPECIMEN_COLL_GROUP','INSERT',337),(1123,27,'CATISSUE_CLINICAL_REPORT','INSERT',337),(1124,28,'CATISSUE_CLINICAL_REPORT','INSERT',338),(1125,28,'CATISSUE_SPECIMEN_COLL_GROUP','INSERT',338),(1126,29,'CATISSUE_CLINICAL_REPORT','INSERT',339),(1127,29,'CATISSUE_SPECIMEN_COLL_GROUP','INSERT',339),(1128,30,'CATISSUE_SPECIMEN_COLL_GROUP','INSERT',340),(1129,30,'CATISSUE_CLINICAL_REPORT','INSERT',340),(1130,31,'CATISSUE_SPECIMEN_COLL_GROUP','INSERT',341),(1131,31,'CATISSUE_CLINICAL_REPORT','INSERT',341),(1132,32,'CATISSUE_CLINICAL_REPORT','INSERT',342),(1133,32,'CATISSUE_SPECIMEN_COLL_GROUP','INSERT',342),(1134,66,'CATISSUE_EXTERNAL_IDENTIFIER','INSERT',343),(1135,59,'CATISSUE_SPECIMEN_CHAR','INSERT',343),(1136,74,'CATISSUE_SPECIMEN','INSERT',343),(1137,75,'CATISSUE_SPECIMEN','INSERT',344),(1138,67,'CATISSUE_EXTERNAL_IDENTIFIER','INSERT',344),(1139,60,'CATISSUE_SPECIMEN_CHAR','INSERT',344),(1140,61,'CATISSUE_SPECIMEN_CHAR','INSERT',345),(1141,68,'CATISSUE_EXTERNAL_IDENTIFIER','INSERT',345),(1142,76,'CATISSUE_SPECIMEN','INSERT',345),(1143,62,'CATISSUE_SPECIMEN_CHAR','INSERT',346),(1144,77,'CATISSUE_SPECIMEN','INSERT',346),(1145,69,'CATISSUE_EXTERNAL_IDENTIFIER','INSERT',346),(1146,63,'CATISSUE_SPECIMEN_CHAR','INSERT',347),(1147,70,'CATISSUE_EXTERNAL_IDENTIFIER','INSERT',347),(1148,78,'CATISSUE_SPECIMEN','INSERT',347),(1149,28,'CATISSUE_TIS_SPE_EVENT_PARAM','INSERT',348),(1150,27,'CATISSUE_PART_MEDICAL_ID','INSERT',349),(1151,28,'CATISSUE_PARTICIPANT','INSERT',349),(1152,29,'CATISSUE_PARTICIPANT','INSERT',350),(1153,28,'CATISSUE_PART_MEDICAL_ID','INSERT',350),(1154,30,'CATISSUE_PARTICIPANT','INSERT',351),(1155,29,'CATISSUE_PART_MEDICAL_ID','INSERT',351),(1156,31,'CATISSUE_PARTICIPANT','INSERT',352),(1157,30,'CATISSUE_PART_MEDICAL_ID','INSERT',352),(1158,32,'CATISSUE_PARTICIPANT','INSERT',353),(1159,31,'CATISSUE_PART_MEDICAL_ID','INSERT',353),(1160,33,'CATISSUE_PARTICIPANT','INSERT',354),(1161,32,'CATISSUE_PART_MEDICAL_ID','INSERT',354),(1162,34,'CATISSUE_PARTICIPANT','INSERT',355),(1163,33,'CATISSUE_PART_MEDICAL_ID','INSERT',355),(1164,35,'CATISSUE_PARTICIPANT','INSERT',356),(1165,34,'CATISSUE_PART_MEDICAL_ID','INSERT',356),(1166,35,'CATISSUE_PART_MEDICAL_ID','INSERT',357),(1167,36,'CATISSUE_PARTICIPANT','INSERT',357),(1168,37,'CATISSUE_PARTICIPANT','INSERT',358),(1169,36,'CATISSUE_PART_MEDICAL_ID','INSERT',358),(1170,37,'CATISSUE_PART_MEDICAL_ID','INSERT',359),(1171,38,'CATISSUE_PARTICIPANT','INSERT',359),(1172,39,'CATISSUE_PARTICIPANT','INSERT',360),(1173,38,'CATISSUE_PART_MEDICAL_ID','INSERT',360),(1174,40,'CATISSUE_PARTICIPANT','INSERT',361),(1175,39,'CATISSUE_PART_MEDICAL_ID','INSERT',361),(1176,41,'CATISSUE_PARTICIPANT','INSERT',362),(1177,40,'CATISSUE_PART_MEDICAL_ID','INSERT',362),(1178,42,'CATISSUE_PARTICIPANT','INSERT',363),(1179,41,'CATISSUE_PART_MEDICAL_ID','INSERT',363),(1180,43,'CATISSUE_PARTICIPANT','INSERT',364),(1181,42,'CATISSUE_PART_MEDICAL_ID','INSERT',364),(1182,44,'CATISSUE_PARTICIPANT','INSERT',365),(1183,43,'CATISSUE_PART_MEDICAL_ID','INSERT',365),(1184,44,'CATISSUE_PART_MEDICAL_ID','INSERT',366),(1185,45,'CATISSUE_PARTICIPANT','INSERT',366),(1186,45,'CATISSUE_PART_MEDICAL_ID','INSERT',367),(1187,46,'CATISSUE_PARTICIPANT','INSERT',367),(1188,46,'CATISSUE_PART_MEDICAL_ID','INSERT',368),(1189,47,'CATISSUE_PARTICIPANT','INSERT',368),(1190,48,'CATISSUE_PARTICIPANT','INSERT',369),(1191,47,'CATISSUE_PART_MEDICAL_ID','INSERT',369),(1192,48,'CATISSUE_PART_MEDICAL_ID','INSERT',370),(1193,49,'CATISSUE_PARTICIPANT','INSERT',370),(1194,50,'CATISSUE_PARTICIPANT','INSERT',371),(1195,49,'CATISSUE_PART_MEDICAL_ID','INSERT',371),(1196,50,'CATISSUE_PART_MEDICAL_ID','INSERT',372),(1197,51,'CATISSUE_PARTICIPANT','INSERT',372),(1198,52,'CATISSUE_PARTICIPANT','INSERT',373),(1199,51,'CATISSUE_PART_MEDICAL_ID','INSERT',373),(1200,32,'CATISSUE_COLL_PROT_REG','INSERT',374),(1201,33,'CATISSUE_COLL_PROT_REG','INSERT',375),(1202,34,'CATISSUE_COLL_PROT_REG','INSERT',376),(1203,35,'CATISSUE_COLL_PROT_REG','INSERT',377),(1204,36,'CATISSUE_COLL_PROT_REG','INSERT',378),(1205,37,'CATISSUE_COLL_PROT_REG','INSERT',379),(1206,38,'CATISSUE_COLL_PROT_REG','INSERT',380),(1207,39,'CATISSUE_COLL_PROT_REG','INSERT',381),(1208,40,'CATISSUE_COLL_PROT_REG','INSERT',382),(1209,41,'CATISSUE_COLL_PROT_REG','INSERT',383),(1210,42,'CATISSUE_COLL_PROT_REG','INSERT',384),(1211,43,'CATISSUE_COLL_PROT_REG','INSERT',385),(1212,44,'CATISSUE_COLL_PROT_REG','INSERT',386),(1213,45,'CATISSUE_COLL_PROT_REG','INSERT',387),(1214,46,'CATISSUE_COLL_PROT_REG','INSERT',388),(1215,47,'CATISSUE_COLL_PROT_REG','INSERT',389),(1216,48,'CATISSUE_COLL_PROT_REG','INSERT',390),(1217,49,'CATISSUE_COLL_PROT_REG','INSERT',391),(1218,50,'CATISSUE_COLL_PROT_REG','INSERT',392),(1219,34,'CATISSUE_SPECIMEN_REQUIREMENT','INSERT',393),(1220,35,'CATISSUE_SPECIMEN_REQUIREMENT','INSERT',393),(1221,21,'CATISSUE_COLL_PROT_EVENT','INSERT',393),(1222,13,'CATISSUE_COLLECTION_PROTOCOL','INSERT',393),(1223,51,'CATISSUE_COLL_PROT_REG','INSERT',394),(1224,52,'CATISSUE_COLL_PROT_REG','INSERT',395),(1225,33,'CATISSUE_CLINICAL_REPORT','INSERT',396),(1226,33,'CATISSUE_SPECIMEN_COLL_GROUP','INSERT',396),(1227,71,'CATISSUE_EXTERNAL_IDENTIFIER','INSERT',397),(1228,79,'CATISSUE_SPECIMEN','INSERT',397),(1229,64,'CATISSUE_SPECIMEN_CHAR','INSERT',397),(1230,34,'CATISSUE_SPECIMEN_COLL_GROUP','INSERT',398),(1231,34,'CATISSUE_CLINICAL_REPORT','INSERT',398),(1232,80,'CATISSUE_SPECIMEN','INSERT',399),(1233,72,'CATISSUE_EXTERNAL_IDENTIFIER','INSERT',399),(1234,65,'CATISSUE_SPECIMEN_CHAR','INSERT',399),(1235,35,'CATISSUE_CLINICAL_REPORT','INSERT',400),(1236,35,'CATISSUE_SPECIMEN_COLL_GROUP','INSERT',400),(1237,66,'CATISSUE_SPECIMEN_CHAR','INSERT',401),(1238,81,'CATISSUE_SPECIMEN','INSERT',401),(1239,73,'CATISSUE_EXTERNAL_IDENTIFIER','INSERT',401),(1240,36,'CATISSUE_SPECIMEN_COLL_GROUP','INSERT',402),(1241,36,'CATISSUE_CLINICAL_REPORT','INSERT',402),(1242,74,'CATISSUE_EXTERNAL_IDENTIFIER','INSERT',403),(1243,82,'CATISSUE_SPECIMEN','INSERT',403),(1244,67,'CATISSUE_SPECIMEN_CHAR','INSERT',403),(1245,37,'CATISSUE_SPECIMEN_COLL_GROUP','INSERT',404),(1246,37,'CATISSUE_CLINICAL_REPORT','INSERT',404),(1247,75,'CATISSUE_EXTERNAL_IDENTIFIER','INSERT',405),(1248,83,'CATISSUE_SPECIMEN','INSERT',405),(1249,68,'CATISSUE_SPECIMEN_CHAR','INSERT',405),(1250,38,'CATISSUE_CLINICAL_REPORT','INSERT',406),(1251,38,'CATISSUE_SPECIMEN_COLL_GROUP','INSERT',406),(1252,76,'CATISSUE_EXTERNAL_IDENTIFIER','INSERT',407),(1253,69,'CATISSUE_SPECIMEN_CHAR','INSERT',407),(1254,84,'CATISSUE_SPECIMEN','INSERT',407),(1255,39,'CATISSUE_CLINICAL_REPORT','INSERT',408),(1256,39,'CATISSUE_SPECIMEN_COLL_GROUP','INSERT',408),(1257,85,'CATISSUE_SPECIMEN','INSERT',409),(1258,77,'CATISSUE_EXTERNAL_IDENTIFIER','INSERT',409),(1259,70,'CATISSUE_SPECIMEN_CHAR','INSERT',409),(1260,40,'CATISSUE_SPECIMEN_COLL_GROUP','INSERT',410),(1261,40,'CATISSUE_CLINICAL_REPORT','INSERT',410),(1262,78,'CATISSUE_EXTERNAL_IDENTIFIER','INSERT',411),(1263,71,'CATISSUE_SPECIMEN_CHAR','INSERT',411),(1264,86,'CATISSUE_SPECIMEN','INSERT',411),(1265,87,'CATISSUE_SPECIMEN','INSERT',412),(1266,79,'CATISSUE_EXTERNAL_IDENTIFIER','INSERT',412),(1267,72,'CATISSUE_SPECIMEN_CHAR','INSERT',412),(1268,73,'CATISSUE_SPECIMEN_CHAR','INSERT',413),(1269,88,'CATISSUE_SPECIMEN','INSERT',413),(1270,80,'CATISSUE_EXTERNAL_IDENTIFIER','INSERT',413),(1271,41,'CATISSUE_CLINICAL_REPORT','INSERT',414),(1272,41,'CATISSUE_SPECIMEN_COLL_GROUP','INSERT',414),(1273,81,'CATISSUE_EXTERNAL_IDENTIFIER','INSERT',415),(1274,74,'CATISSUE_SPECIMEN_CHAR','INSERT',415),(1275,89,'CATISSUE_SPECIMEN','INSERT',415),(1276,75,'CATISSUE_SPECIMEN_CHAR','INSERT',416),(1277,90,'CATISSUE_SPECIMEN','INSERT',416),(1278,82,'CATISSUE_EXTERNAL_IDENTIFIER','INSERT',416),(1279,83,'CATISSUE_EXTERNAL_IDENTIFIER','INSERT',417),(1280,91,'CATISSUE_SPECIMEN','INSERT',417),(1281,76,'CATISSUE_SPECIMEN_CHAR','INSERT',417),(1282,42,'CATISSUE_CLINICAL_REPORT','INSERT',418),(1283,42,'CATISSUE_SPECIMEN_COLL_GROUP','INSERT',418),(1284,84,'CATISSUE_EXTERNAL_IDENTIFIER','INSERT',419),(1285,77,'CATISSUE_SPECIMEN_CHAR','INSERT',419),(1286,92,'CATISSUE_SPECIMEN','INSERT',419),(1287,78,'CATISSUE_SPECIMEN_CHAR','INSERT',420),(1288,85,'CATISSUE_EXTERNAL_IDENTIFIER','INSERT',420),(1289,93,'CATISSUE_SPECIMEN','INSERT',420),(1290,43,'CATISSUE_SPECIMEN_COLL_GROUP','INSERT',421),(1291,43,'CATISSUE_CLINICAL_REPORT','INSERT',421),(1292,86,'CATISSUE_EXTERNAL_IDENTIFIER','INSERT',422),(1293,94,'CATISSUE_SPECIMEN','INSERT',422),(1294,79,'CATISSUE_SPECIMEN_CHAR','INSERT',422),(1295,44,'CATISSUE_CLINICAL_REPORT','INSERT',423),(1296,44,'CATISSUE_SPECIMEN_COLL_GROUP','INSERT',423),(1297,87,'CATISSUE_EXTERNAL_IDENTIFIER','INSERT',424),(1298,95,'CATISSUE_SPECIMEN','INSERT',424),(1299,80,'CATISSUE_SPECIMEN_CHAR','INSERT',424),(1300,88,'CATISSUE_EXTERNAL_IDENTIFIER','INSERT',425),(1301,96,'CATISSUE_SPECIMEN','INSERT',425),(1302,81,'CATISSUE_SPECIMEN_CHAR','INSERT',425),(1303,45,'CATISSUE_CLINICAL_REPORT','INSERT',426),(1304,45,'CATISSUE_SPECIMEN_COLL_GROUP','INSERT',426),(1305,97,'CATISSUE_SPECIMEN','INSERT',427),(1306,89,'CATISSUE_EXTERNAL_IDENTIFIER','INSERT',427),(1307,82,'CATISSUE_SPECIMEN_CHAR','INSERT',427),(1308,46,'CATISSUE_CLINICAL_REPORT','INSERT',428),(1309,46,'CATISSUE_SPECIMEN_COLL_GROUP','INSERT',428),(1310,90,'CATISSUE_EXTERNAL_IDENTIFIER','INSERT',429),(1311,98,'CATISSUE_SPECIMEN','INSERT',429),(1312,83,'CATISSUE_SPECIMEN_CHAR','INSERT',429),(1313,91,'CATISSUE_EXTERNAL_IDENTIFIER','INSERT',430),(1314,99,'CATISSUE_SPECIMEN','INSERT',430),(1315,84,'CATISSUE_SPECIMEN_CHAR','INSERT',430),(1316,47,'CATISSUE_SPECIMEN_COLL_GROUP','INSERT',431),(1317,47,'CATISSUE_CLINICAL_REPORT','INSERT',431),(1318,92,'CATISSUE_EXTERNAL_IDENTIFIER','INSERT',432),(1319,85,'CATISSUE_SPECIMEN_CHAR','INSERT',432),(1320,100,'CATISSUE_SPECIMEN','INSERT',432),(1321,48,'CATISSUE_CLINICAL_REPORT','INSERT',433),(1322,48,'CATISSUE_SPECIMEN_COLL_GROUP','INSERT',433),(1323,93,'CATISSUE_EXTERNAL_IDENTIFIER','INSERT',434),(1324,86,'CATISSUE_SPECIMEN_CHAR','INSERT',434),(1325,101,'CATISSUE_SPECIMEN','INSERT',434),(1326,49,'CATISSUE_SPECIMEN_COLL_GROUP','INSERT',435),(1327,49,'CATISSUE_CLINICAL_REPORT','INSERT',435),(1328,102,'CATISSUE_SPECIMEN','INSERT',436),(1329,87,'CATISSUE_SPECIMEN_CHAR','INSERT',436),(1330,94,'CATISSUE_EXTERNAL_IDENTIFIER','INSERT',436),(1331,50,'CATISSUE_CLINICAL_REPORT','INSERT',437),(1332,50,'CATISSUE_SPECIMEN_COLL_GROUP','INSERT',437),(1333,103,'CATISSUE_SPECIMEN','INSERT',438),(1334,95,'CATISSUE_EXTERNAL_IDENTIFIER','INSERT',438),(1335,88,'CATISSUE_SPECIMEN_CHAR','INSERT',438),(1336,39,'CATISSUE_PARTICIPANT','UPDATE',439),(1337,96,'CATISSUE_EXTERNAL_IDENTIFIER','INSERT',440),(1338,104,'CATISSUE_SPECIMEN','INSERT',440),(1339,105,'CATISSUE_SPECIMEN','INSERT',441),(1340,97,'CATISSUE_EXTERNAL_IDENTIFIER','INSERT',441),(1341,106,'CATISSUE_SPECIMEN','INSERT',442),(1342,98,'CATISSUE_EXTERNAL_IDENTIFIER','INSERT',442),(1343,99,'CATISSUE_EXTERNAL_IDENTIFIER','INSERT',443),(1344,107,'CATISSUE_SPECIMEN','INSERT',443),(1345,29,'CATISSUE_TIS_SPE_EVENT_PARAM','INSERT',444),(1346,30,'CATISSUE_TIS_SPE_EVENT_PARAM','INSERT',445),(1347,100,'CATISSUE_EXTERNAL_IDENTIFIER','INSERT',446),(1348,108,'CATISSUE_SPECIMEN','INSERT',446),(1349,101,'CATISSUE_EXTERNAL_IDENTIFIER','INSERT',447),(1350,109,'CATISSUE_SPECIMEN','INSERT',447),(1351,102,'CATISSUE_EXTERNAL_IDENTIFIER','INSERT',448),(1352,110,'CATISSUE_SPECIMEN','INSERT',448),(1353,103,'CATISSUE_EXTERNAL_IDENTIFIER','INSERT',449),(1354,111,'CATISSUE_SPECIMEN','INSERT',449),(1355,12,'CATISSUE_SITE','INSERT',450),(1356,32,'CATISSUE_ADDRESS','INSERT',450),(1357,193,'CATISSUE_STORAGE_CONT_CAPACITY','INSERT',451),(1358,178,'CATISSUE_STORAGE_CONTAINER','INSERT',451),(1359,178,'CATISSUE_STORAGE_CONT_DETAILS','INSERT',451),(1360,36,'CATISSUE_SPECIMEN_REQUIREMENT','INSERT',452),(1361,22,'CATISSUE_COLL_PROT_EVENT','INSERT',452),(1362,14,'CATISSUE_COLLECTION_PROTOCOL','INSERT',452),(1363,53,'CATISSUE_PARTICIPANT','INSERT',453),(1364,52,'CATISSUE_PART_MEDICAL_ID','INSERT',453),(1365,53,'CATISSUE_COLL_PROT_REG','INSERT',454),(1366,51,'CATISSUE_CLINICAL_REPORT','INSERT',455),(1367,51,'CATISSUE_SPECIMEN_COLL_GROUP','INSERT',455),(1368,104,'CATISSUE_EXTERNAL_IDENTIFIER','INSERT',456),(1369,89,'CATISSUE_SPECIMEN_CHAR','INSERT',456),(1370,112,'CATISSUE_SPECIMEN','INSERT',456),(1371,51,'CATISSUE_SPECIMEN_COLL_GROUP','UPDATE',457),(1372,105,'CATISSUE_EXTERNAL_IDENTIFIER','INSERT',458),(1373,113,'CATISSUE_SPECIMEN','INSERT',458),(1374,90,'CATISSUE_SPECIMEN_CHAR','INSERT',458),(1375,52,'CATISSUE_SPECIMEN_COLL_GROUP','INSERT',459),(1376,52,'CATISSUE_CLINICAL_REPORT','INSERT',459),(1377,106,'CATISSUE_EXTERNAL_IDENTIFIER','INSERT',460),(1378,91,'CATISSUE_SPECIMEN_CHAR','INSERT',460),(1379,114,'CATISSUE_SPECIMEN','INSERT',460),(1380,92,'CATISSUE_SPECIMEN_CHAR','INSERT',461),(1381,107,'CATISSUE_EXTERNAL_IDENTIFIER','INSERT',461),(1382,115,'CATISSUE_SPECIMEN','INSERT',461),(1383,108,'CATISSUE_EXTERNAL_IDENTIFIER','INSERT',462),(1384,116,'CATISSUE_SPECIMEN','INSERT',462),(1385,109,'CATISSUE_EXTERNAL_IDENTIFIER','INSERT',463),(1386,117,'CATISSUE_SPECIMEN','INSERT',463),(1387,14,'CATISSUE_STORAGE_TYPE','INSERT',464),(1388,194,'CATISSUE_STORAGE_CONT_CAPACITY','INSERT',464),(1389,179,'CATISSUE_STORAGE_CONT_DETAILS','INSERT',465),(1390,195,'CATISSUE_STORAGE_CONT_CAPACITY','INSERT',465),(1391,179,'CATISSUE_STORAGE_CONTAINER','INSERT',465),(1392,180,'CATISSUE_STORAGE_CONT_DETAILS','INSERT',466),(1393,180,'CATISSUE_STORAGE_CONTAINER','INSERT',466),(1394,196,'CATISSUE_STORAGE_CONT_CAPACITY','INSERT',466),(1395,22,'CATISSUE_INSTITUTION','INSERT',467),(1396,13,'CATISSUE_DEPARTMENT','INSERT',468),(1397,20,'CATISSUE_CANCER_RESEARCH_GROUP','INSERT',469),(1398,33,'CATISSUE_ADDRESS','INSERT',470),(1399,22,'CATISSUE_USER','INSERT',470),(1400,23,'CATISSUE_INSTITUTION','INSERT',471),(1401,24,'CATISSUE_INSTITUTION','INSERT',472),(1402,14,'CATISSUE_DEPARTMENT','INSERT',473),(1403,25,'CATISSUE_INSTITUTION','INSERT',474),(1404,21,'CATISSUE_CANCER_RESEARCH_GROUP','INSERT',475),(1405,15,'CATISSUE_DEPARTMENT','INSERT',476),(1406,34,'CATISSUE_ADDRESS','INSERT',477),(1407,13,'CATISSUE_SITE','INSERT',477),(1408,22,'CATISSUE_CANCER_RESEARCH_GROUP','INSERT',478),(1409,35,'CATISSUE_ADDRESS','INSERT',479),(1410,23,'CATISSUE_USER','INSERT',479),(1411,36,'CATISSUE_ADDRESS','INSERT',480),(1412,24,'CATISSUE_USER','INSERT',480),(1413,181,'CATISSUE_STORAGE_CONT_DETAILS','INSERT',481),(1414,197,'CATISSUE_STORAGE_CONT_CAPACITY','INSERT',481),(1415,181,'CATISSUE_STORAGE_CONTAINER','INSERT',481),(1416,15,'CATISSUE_STORAGE_TYPE','INSERT',482),(1417,198,'CATISSUE_STORAGE_CONT_CAPACITY','INSERT',482),(1418,16,'CATISSUE_STORAGE_TYPE','INSERT',483),(1419,199,'CATISSUE_STORAGE_CONT_CAPACITY','INSERT',483),(1420,37,'CATISSUE_ADDRESS','INSERT',484),(1421,25,'CATISSUE_USER','INSERT',484),(1422,17,'CATISSUE_STORAGE_TYPE','INSERT',485),(1423,200,'CATISSUE_STORAGE_CONT_CAPACITY','INSERT',485),(1424,18,'CATISSUE_STORAGE_TYPE','INSERT',486),(1425,201,'CATISSUE_STORAGE_CONT_CAPACITY','INSERT',486),(1426,19,'CATISSUE_STORAGE_TYPE','INSERT',487),(1427,202,'CATISSUE_STORAGE_CONT_CAPACITY','INSERT',487),(1428,203,'CATISSUE_STORAGE_CONT_CAPACITY','INSERT',488),(1429,20,'CATISSUE_STORAGE_TYPE','INSERT',488),(1430,21,'CATISSUE_STORAGE_TYPE','INSERT',489),(1431,204,'CATISSUE_STORAGE_CONT_CAPACITY','INSERT',489),(1432,205,'CATISSUE_STORAGE_CONT_CAPACITY','INSERT',490),(1433,22,'CATISSUE_STORAGE_TYPE','INSERT',490),(1434,23,'CATISSUE_STORAGE_TYPE','INSERT',491),(1435,206,'CATISSUE_STORAGE_CONT_CAPACITY','INSERT',491),(1436,207,'CATISSUE_STORAGE_CONT_CAPACITY','INSERT',492),(1437,24,'CATISSUE_STORAGE_TYPE','INSERT',492),(1438,25,'CATISSUE_STORAGE_TYPE','INSERT',493),(1439,208,'CATISSUE_STORAGE_CONT_CAPACITY','INSERT',493),(1440,209,'CATISSUE_STORAGE_CONT_CAPACITY','INSERT',494),(1441,26,'CATISSUE_STORAGE_TYPE','INSERT',494),(1442,182,'CATISSUE_STORAGE_CONTAINER','INSERT',495),(1443,210,'CATISSUE_STORAGE_CONT_CAPACITY','INSERT',495),(1444,182,'CATISSUE_STORAGE_CONT_DETAILS','INSERT',495),(1445,27,'CATISSUE_STORAGE_TYPE','INSERT',496),(1446,211,'CATISSUE_STORAGE_CONT_CAPACITY','INSERT',496),(1447,28,'CATISSUE_STORAGE_TYPE','INSERT',497),(1448,212,'CATISSUE_STORAGE_CONT_CAPACITY','INSERT',497),(1449,183,'CATISSUE_STORAGE_CONTAINER','INSERT',498),(1450,213,'CATISSUE_STORAGE_CONT_CAPACITY','INSERT',498),(1451,183,'CATISSUE_STORAGE_CONT_DETAILS','INSERT',498),(1452,187,'CATISSUE_STORAGE_CONT_DETAILS','INSERT',499),(1453,186,'CATISSUE_STORAGE_CONTAINER','INSERT',499),(1454,215,'CATISSUE_STORAGE_CONT_CAPACITY','INSERT',499),(1455,188,'CATISSUE_STORAGE_CONTAINER','INSERT',499),(1456,214,'CATISSUE_STORAGE_CONT_CAPACITY','INSERT',499),(1457,185,'CATISSUE_STORAGE_CONT_DETAILS','INSERT',499),(1458,186,'CATISSUE_STORAGE_CONT_DETAILS','INSERT',499),(1459,217,'CATISSUE_STORAGE_CONT_CAPACITY','INSERT',499),(1460,185,'CATISSUE_STORAGE_CONTAINER','INSERT',499),(1461,184,'CATISSUE_STORAGE_CONT_DETAILS','INSERT',499),(1462,218,'CATISSUE_STORAGE_CONT_CAPACITY','INSERT',499),(1463,188,'CATISSUE_STORAGE_CONT_DETAILS','INSERT',499),(1464,184,'CATISSUE_STORAGE_CONTAINER','INSERT',499),(1465,216,'CATISSUE_STORAGE_CONT_CAPACITY','INSERT',499),(1466,187,'CATISSUE_STORAGE_CONTAINER','INSERT',499),(1467,189,'CATISSUE_STORAGE_CONTAINER','INSERT',500),(1468,219,'CATISSUE_STORAGE_CONT_CAPACITY','INSERT',500),(1469,189,'CATISSUE_STORAGE_CONT_DETAILS','INSERT',500),(1470,182,'CATISSUE_STORAGE_CONT_DETAILS','UPDATE',501),(1471,23,'CATISSUE_COLL_PROT_EVENT','INSERT',502),(1472,37,'CATISSUE_SPECIMEN_REQUIREMENT','INSERT',502),(1473,15,'CATISSUE_COLLECTION_PROTOCOL','INSERT',502),(1474,190,'CATISSUE_STORAGE_CONT_DETAILS','INSERT',503),(1475,190,'CATISSUE_STORAGE_CONTAINER','INSERT',503),(1476,220,'CATISSUE_STORAGE_CONT_CAPACITY','INSERT',503),(1477,22,'CATISSUE_STORAGE_TYPE','UPDATE',504),(1478,191,'CATISSUE_STORAGE_CONT_DETAILS','UPDATE',505),(1479,192,'CATISSUE_STORAGE_CONT_DETAILS','INSERT',506),(1480,221,'CATISSUE_STORAGE_CONT_CAPACITY','INSERT',506),(1481,191,'CATISSUE_STORAGE_CONTAINER','INSERT',506),(1482,24,'CATISSUE_COLL_PROT_EVENT','INSERT',507),(1483,16,'CATISSUE_COLLECTION_PROTOCOL','INSERT',507),(1484,39,'CATISSUE_SPECIMEN_REQUIREMENT','INSERT',507),(1485,40,'CATISSUE_SPECIMEN_REQUIREMENT','INSERT',508),(1486,17,'CATISSUE_COLLECTION_PROTOCOL','INSERT',508),(1487,25,'CATISSUE_COLL_PROT_EVENT','INSERT',508),(1488,53,'CATISSUE_SPECIMEN_COLL_GROUP','INSERT',509),(1489,53,'CATISSUE_CLINICAL_REPORT','INSERT',509),(1490,41,'CATISSUE_SPECIMEN_REQUIREMENT','INSERT',510),(1491,18,'CATISSUE_DISTRIBUTION_PROTOCOL','INSERT',510),(1492,54,'CATISSUE_PARTICIPANT','INSERT',511),(1493,53,'CATISSUE_PART_MEDICAL_ID','INSERT',511),(1494,55,'CATISSUE_PARTICIPANT','INSERT',512),(1495,54,'CATISSUE_PART_MEDICAL_ID','INSERT',512),(1496,54,'CATISSUE_COLL_PROT_REG','INSERT',513),(1497,56,'CATISSUE_PARTICIPANT','INSERT',514),(1498,55,'CATISSUE_PART_MEDICAL_ID','INSERT',514),(1499,56,'CATISSUE_PART_MEDICAL_ID','INSERT',515),(1500,57,'CATISSUE_PARTICIPANT','INSERT',515),(1501,55,'CATISSUE_COLL_PROT_REG','INSERT',516),(1502,57,'CATISSUE_PART_MEDICAL_ID','INSERT',517),(1503,58,'CATISSUE_PARTICIPANT','INSERT',517),(1504,56,'CATISSUE_COLL_PROT_REG','INSERT',517),(1505,57,'CATISSUE_COLL_PROT_REG','INSERT',518),(1506,110,'CATISSUE_EXTERNAL_IDENTIFIER','INSERT',519),(1507,93,'CATISSUE_SPECIMEN_CHAR','INSERT',519),(1508,118,'CATISSUE_SPECIMEN','INSERT',519),(1509,54,'CATISSUE_SPECIMEN_COLL_GROUP','INSERT',520),(1510,54,'CATISSUE_CLINICAL_REPORT','INSERT',520),(1511,55,'CATISSUE_CLINICAL_REPORT','INSERT',521),(1512,55,'CATISSUE_SPECIMEN_COLL_GROUP','INSERT',521),(1513,59,'CATISSUE_PARTICIPANT','INSERT',522),(1514,58,'CATISSUE_PART_MEDICAL_ID','INSERT',522),(1515,119,'CATISSUE_SPECIMEN','INSERT',523),(1516,94,'CATISSUE_SPECIMEN_CHAR','INSERT',523),(1517,111,'CATISSUE_EXTERNAL_IDENTIFIER','INSERT',523),(1518,58,'CATISSUE_COLL_PROT_REG','INSERT',524),(1519,56,'CATISSUE_CLINICAL_REPORT','INSERT',525),(1520,56,'CATISSUE_SPECIMEN_COLL_GROUP','INSERT',525),(1521,120,'CATISSUE_SPECIMEN','INSERT',526),(1522,95,'CATISSUE_SPECIMEN_CHAR','INSERT',526),(1523,112,'CATISSUE_EXTERNAL_IDENTIFIER','INSERT',526),(1524,31,'CATISSUE_COLL_EVENT_PARAM','INSERT',527),(1525,17,'CATISSUE_USER','UPDATE',528),(1526,29,'CATISSUE_STORAGE_TYPE','INSERT',529),(1527,222,'CATISSUE_STORAGE_CONT_CAPACITY','INSERT',529),(1528,193,'CATISSUE_STORAGE_CONT_DETAILS','INSERT',530),(1529,192,'CATISSUE_STORAGE_CONTAINER','INSERT',530),(1530,223,'CATISSUE_STORAGE_CONT_CAPACITY','INSERT',530),(1531,227,'CATISSUE_STORAGE_CONT_CAPACITY','INSERT',531),(1532,224,'CATISSUE_STORAGE_CONT_CAPACITY','INSERT',531),(1533,196,'CATISSUE_STORAGE_CONT_DETAILS','INSERT',531),(1534,195,'CATISSUE_STORAGE_CONTAINER','INSERT',531),(1535,194,'CATISSUE_STORAGE_CONTAINER','INSERT',531),(1536,193,'CATISSUE_STORAGE_CONTAINER','INSERT',531),(1537,196,'CATISSUE_STORAGE_CONTAINER','INSERT',531),(1538,195,'CATISSUE_STORAGE_CONT_DETAILS','INSERT',531),(1539,226,'CATISSUE_STORAGE_CONT_CAPACITY','INSERT',531),(1540,197,'CATISSUE_STORAGE_CONT_DETAILS','INSERT',531),(1541,225,'CATISSUE_STORAGE_CONT_CAPACITY','INSERT',531),(1542,194,'CATISSUE_STORAGE_CONT_DETAILS','INSERT',531),(1543,27,'CATISSUE_COLL_PROT_EVENT','INSERT',532),(1544,19,'CATISSUE_COLLECTION_PROTOCOL','INSERT',532),(1545,43,'CATISSUE_SPECIMEN_REQUIREMENT','INSERT',532),(1546,26,'CATISSUE_COLL_PROT_EVENT','INSERT',532),(1547,44,'CATISSUE_SPECIMEN_REQUIREMENT','INSERT',532),(1548,42,'CATISSUE_SPECIMEN_REQUIREMENT','INSERT',532),(1549,28,'CATISSUE_COLL_PROT_EVENT','INSERT',533),(1550,45,'CATISSUE_SPECIMEN_REQUIREMENT','INSERT',533),(1551,46,'CATISSUE_SPECIMEN_REQUIREMENT','INSERT',533),(1552,20,'CATISSUE_COLLECTION_PROTOCOL','INSERT',533),(1553,29,'CATISSUE_COLL_PROT_EVENT','INSERT',533),(1554,47,'CATISSUE_SPECIMEN_REQUIREMENT','INSERT',533),(1555,59,'CATISSUE_PART_MEDICAL_ID','INSERT',534),(1556,60,'CATISSUE_PARTICIPANT','INSERT',534),(1557,59,'CATISSUE_COLL_PROT_REG','INSERT',535),(1558,61,'CATISSUE_PARTICIPANT','INSERT',536),(1559,60,'CATISSUE_COLL_PROT_REG','INSERT',536),(1560,60,'CATISSUE_PART_MEDICAL_ID','INSERT',536),(1561,57,'CATISSUE_CLINICAL_REPORT','INSERT',537),(1562,57,'CATISSUE_SPECIMEN_COLL_GROUP','INSERT',537),(1563,96,'CATISSUE_SPECIMEN_CHAR','INSERT',538),(1564,121,'CATISSUE_SPECIMEN','INSERT',538),(1565,113,'CATISSUE_EXTERNAL_IDENTIFIER','INSERT',538),(1566,32,'CATISSUE_TIS_SPE_EVENT_PARAM','INSERT',539),(1567,6,'CATISSUE_DISTRIBUTION','INSERT',540),(1568,10,'CATISSUE_DISTRIBUTED_ITEM','INSERT',540),(1569,9,'CATISSUE_DISTRIBUTED_ITEM','INSERT',540),(1570,14,'CATISSUE_SITE','INSERT',541),(1571,38,'CATISSUE_ADDRESS','INSERT',541),(1572,228,'CATISSUE_STORAGE_CONT_CAPACITY','INSERT',542),(1573,30,'CATISSUE_STORAGE_TYPE','INSERT',542),(1574,206,'CATISSUE_STORAGE_CONT_DETAILS','INSERT',543),(1575,198,'CATISSUE_STORAGE_CONT_DETAILS','INSERT',543),(1576,237,'CATISSUE_STORAGE_CONT_CAPACITY','INSERT',543),(1577,202,'CATISSUE_STORAGE_CONTAINER','INSERT',543),(1578,199,'CATISSUE_STORAGE_CONTAINER','INSERT',543),(1579,200,'CATISSUE_STORAGE_CONTAINER','INSERT',543),(1580,230,'CATISSUE_STORAGE_CONT_CAPACITY','INSERT',543),(1581,205,'CATISSUE_STORAGE_CONTAINER','INSERT',543),(1582,205,'CATISSUE_STORAGE_CONT_DETAILS','INSERT',543),(1583,198,'CATISSUE_STORAGE_CONTAINER','INSERT',543),(1584,201,'CATISSUE_STORAGE_CONTAINER','INSERT',543),(1585,197,'CATISSUE_STORAGE_CONTAINER','INSERT',543),(1586,200,'CATISSUE_STORAGE_CONT_DETAILS','INSERT',543),(1587,203,'CATISSUE_STORAGE_CONTAINER','INSERT',543),(1588,204,'CATISSUE_STORAGE_CONT_DETAILS','INSERT',543),(1589,233,'CATISSUE_STORAGE_CONT_CAPACITY','INSERT',543),(1590,206,'CATISSUE_STORAGE_CONTAINER','INSERT',543),(1591,207,'CATISSUE_STORAGE_CONT_DETAILS','INSERT',543),(1592,229,'CATISSUE_STORAGE_CONT_CAPACITY','INSERT',543),(1593,201,'CATISSUE_STORAGE_CONT_DETAILS','INSERT',543),(1594,234,'CATISSUE_STORAGE_CONT_CAPACITY','INSERT',543),(1595,203,'CATISSUE_STORAGE_CONT_DETAILS','INSERT',543),(1596,236,'CATISSUE_STORAGE_CONT_CAPACITY','INSERT',543),(1597,232,'CATISSUE_STORAGE_CONT_CAPACITY','INSERT',543),(1598,238,'CATISSUE_STORAGE_CONT_CAPACITY','INSERT',543),(1599,199,'CATISSUE_STORAGE_CONT_DETAILS','INSERT',543),(1600,202,'CATISSUE_STORAGE_CONT_DETAILS','INSERT',543),(1601,204,'CATISSUE_STORAGE_CONTAINER','INSERT',543),(1602,235,'CATISSUE_STORAGE_CONT_CAPACITY','INSERT',543),(1603,231,'CATISSUE_STORAGE_CONT_CAPACITY','INSERT',543),(1604,197,'CATISSUE_STORAGE_CONTAINER','UPDATE',544),(1605,31,'CATISSUE_STORAGE_TYPE','INSERT',545),(1606,239,'CATISSUE_STORAGE_CONT_CAPACITY','INSERT',545),(1607,32,'CATISSUE_STORAGE_TYPE','INSERT',546),(1608,240,'CATISSUE_STORAGE_CONT_CAPACITY','INSERT',546),(1609,32,'CATISSUE_STORAGE_TYPE','UPDATE',547),(1610,32,'CATISSUE_STORAGE_TYPE','UPDATE',548),(1611,210,'CATISSUE_STORAGE_CONT_DETAILS','INSERT',549),(1612,211,'CATISSUE_STORAGE_CONT_DETAILS','INSERT',549),(1613,208,'CATISSUE_STORAGE_CONTAINER','INSERT',549),(1614,209,'CATISSUE_STORAGE_CONTAINER','INSERT',549),(1615,245,'CATISSUE_STORAGE_CONT_CAPACITY','INSERT',549),(1616,241,'CATISSUE_STORAGE_CONT_CAPACITY','INSERT',549),(1617,210,'CATISSUE_STORAGE_CONTAINER','INSERT',549),(1618,212,'CATISSUE_STORAGE_CONT_DETAILS','INSERT',549),(1619,211,'CATISSUE_STORAGE_CONTAINER','INSERT',549),(1620,209,'CATISSUE_STORAGE_CONT_DETAILS','INSERT',549),(1621,243,'CATISSUE_STORAGE_CONT_CAPACITY','INSERT',549),(1622,207,'CATISSUE_STORAGE_CONTAINER','INSERT',549),(1623,242,'CATISSUE_STORAGE_CONT_CAPACITY','INSERT',549),(1624,244,'CATISSUE_STORAGE_CONT_CAPACITY','INSERT',549),(1625,208,'CATISSUE_STORAGE_CONT_DETAILS','INSERT',549),(1626,33,'CATISSUE_STORAGE_TYPE','INSERT',550),(1627,246,'CATISSUE_STORAGE_CONT_CAPACITY','INSERT',550),(1628,245,'CATISSUE_STORAGE_CONT_CAPACITY','UPDATE',551),(1629,211,'CATISSUE_STORAGE_CONTAINER','UPDATE',551),(1630,211,'CATISSUE_STORAGE_CONTAINER','UPDATE',552),(1631,212,'CATISSUE_STORAGE_CONTAINER','INSERT',553),(1632,247,'CATISSUE_STORAGE_CONT_CAPACITY','INSERT',553),(1633,213,'CATISSUE_STORAGE_CONT_DETAILS','INSERT',553),(1634,248,'CATISSUE_STORAGE_CONT_CAPACITY','INSERT',554),(1635,34,'CATISSUE_STORAGE_TYPE','INSERT',554),(1636,249,'CATISSUE_STORAGE_CONT_CAPACITY','INSERT',555),(1637,250,'CATISSUE_STORAGE_CONT_CAPACITY','INSERT',555),(1638,214,'CATISSUE_STORAGE_CONT_DETAILS','INSERT',555),(1639,251,'CATISSUE_STORAGE_CONT_CAPACITY','INSERT',555),(1640,215,'CATISSUE_STORAGE_CONTAINER','INSERT',555),(1641,216,'CATISSUE_STORAGE_CONTAINER','INSERT',555),(1642,214,'CATISSUE_STORAGE_CONTAINER','INSERT',555),(1643,253,'CATISSUE_STORAGE_CONT_CAPACITY','INSERT',555),(1644,217,'CATISSUE_STORAGE_CONTAINER','INSERT',555),(1645,252,'CATISSUE_STORAGE_CONT_CAPACITY','INSERT',555),(1646,218,'CATISSUE_STORAGE_CONT_DETAILS','INSERT',555),(1647,215,'CATISSUE_STORAGE_CONT_DETAILS','INSERT',555),(1648,213,'CATISSUE_STORAGE_CONTAINER','INSERT',555),(1649,216,'CATISSUE_STORAGE_CONT_DETAILS','INSERT',555),(1650,217,'CATISSUE_STORAGE_CONT_DETAILS','INSERT',555),(1651,254,'CATISSUE_STORAGE_CONT_CAPACITY','INSERT',556),(1652,35,'CATISSUE_STORAGE_TYPE','INSERT',556),(1653,218,'CATISSUE_STORAGE_CONTAINER','INSERT',557),(1654,219,'CATISSUE_STORAGE_CONT_DETAILS','INSERT',557),(1655,255,'CATISSUE_STORAGE_CONT_CAPACITY','INSERT',557),(1656,257,'CATISSUE_STORAGE_CONT_CAPACITY','INSERT',558),(1657,36,'CATISSUE_STORAGE_TYPE','INSERT',558),(1658,221,'CATISSUE_STORAGE_CONT_DETAILS','INSERT',559),(1659,259,'CATISSUE_STORAGE_CONT_CAPACITY','INSERT',559),(1660,224,'CATISSUE_STORAGE_CONT_DETAILS','INSERT',559),(1661,221,'CATISSUE_STORAGE_CONTAINER','INSERT',559),(1662,262,'CATISSUE_STORAGE_CONT_CAPACITY','INSERT',559),(1663,219,'CATISSUE_STORAGE_CONTAINER','INSERT',559),(1664,260,'CATISSUE_STORAGE_CONT_CAPACITY','INSERT',559),(1665,222,'CATISSUE_STORAGE_CONT_DETAILS','INSERT',559),(1666,261,'CATISSUE_STORAGE_CONT_CAPACITY','INSERT',559),(1667,223,'CATISSUE_STORAGE_CONT_DETAILS','INSERT',559),(1668,220,'CATISSUE_STORAGE_CONTAINER','INSERT',559),(1669,258,'CATISSUE_STORAGE_CONT_CAPACITY','INSERT',559),(1670,223,'CATISSUE_STORAGE_CONTAINER','INSERT',559),(1671,220,'CATISSUE_STORAGE_CONT_DETAILS','INSERT',559),(1672,222,'CATISSUE_STORAGE_CONTAINER','INSERT',559),(1673,37,'CATISSUE_STORAGE_TYPE','INSERT',560),(1674,263,'CATISSUE_STORAGE_CONT_CAPACITY','INSERT',560),(1675,264,'CATISSUE_STORAGE_CONT_CAPACITY','INSERT',561),(1676,225,'CATISSUE_STORAGE_CONT_DETAILS','INSERT',561),(1677,224,'CATISSUE_STORAGE_CONTAINER','INSERT',561),(1678,264,'CATISSUE_STORAGE_CONT_CAPACITY','UPDATE',562),(1679,224,'CATISSUE_STORAGE_CONTAINER','UPDATE',562),(1680,265,'CATISSUE_STORAGE_CONT_CAPACITY','INSERT',563),(1681,228,'CATISSUE_STORAGE_CONT_DETAILS','INSERT',563),(1682,226,'CATISSUE_STORAGE_CONTAINER','INSERT',563),(1683,266,'CATISSUE_STORAGE_CONT_CAPACITY','INSERT',563),(1684,228,'CATISSUE_STORAGE_CONTAINER','INSERT',563),(1685,227,'CATISSUE_STORAGE_CONT_DETAILS','INSERT',563),(1686,225,'CATISSUE_STORAGE_CONTAINER','INSERT',563),(1687,226,'CATISSUE_STORAGE_CONT_DETAILS','INSERT',563),(1688,268,'CATISSUE_STORAGE_CONT_CAPACITY','INSERT',563),(1689,227,'CATISSUE_STORAGE_CONTAINER','INSERT',563),(1690,229,'CATISSUE_STORAGE_CONT_DETAILS','INSERT',563),(1691,267,'CATISSUE_STORAGE_CONT_CAPACITY','INSERT',563),(1692,228,'CATISSUE_STORAGE_CONTAINER','UPDATE',564),(1693,232,'CATISSUE_STORAGE_CONT_DETAILS','INSERT',565),(1694,230,'CATISSUE_STORAGE_CONT_DETAILS','INSERT',565),(1695,269,'CATISSUE_STORAGE_CONT_CAPACITY','INSERT',565),(1696,271,'CATISSUE_STORAGE_CONT_CAPACITY','INSERT',565),(1697,232,'CATISSUE_STORAGE_CONTAINER','INSERT',565),(1698,230,'CATISSUE_STORAGE_CONTAINER','INSERT',565),(1699,273,'CATISSUE_STORAGE_CONT_CAPACITY','INSERT',565),(1700,234,'CATISSUE_STORAGE_CONT_DETAILS','INSERT',565),(1701,270,'CATISSUE_STORAGE_CONT_CAPACITY','INSERT',565),(1702,231,'CATISSUE_STORAGE_CONT_DETAILS','INSERT',565),(1703,233,'CATISSUE_STORAGE_CONT_DETAILS','INSERT',565),(1704,231,'CATISSUE_STORAGE_CONTAINER','INSERT',565),(1705,229,'CATISSUE_STORAGE_CONTAINER','INSERT',565),(1706,272,'CATISSUE_STORAGE_CONT_CAPACITY','INSERT',565),(1707,233,'CATISSUE_STORAGE_CONTAINER','INSERT',565),(1708,61,'CATISSUE_COLL_PROT_REG','INSERT',566),(1709,61,'CATISSUE_PART_MEDICAL_ID','INSERT',566),(1710,62,'CATISSUE_PARTICIPANT','INSERT',566),(1711,122,'CATISSUE_SPECIMEN','INSERT',567),(1712,114,'CATISSUE_EXTERNAL_IDENTIFIER','INSERT',567),(1713,15,'CATISSUE_SITE','INSERT',568),(1714,39,'CATISSUE_ADDRESS','INSERT',568),(1715,38,'CATISSUE_STORAGE_TYPE','INSERT',569),(1716,274,'CATISSUE_STORAGE_CONT_CAPACITY','INSERT',569),(1717,278,'CATISSUE_STORAGE_CONT_CAPACITY','INSERT',570),(1718,277,'CATISSUE_STORAGE_CONT_CAPACITY','INSERT',570),(1719,238,'CATISSUE_STORAGE_CONTAINER','INSERT',570),(1720,235,'CATISSUE_STORAGE_CONTAINER','INSERT',570),(1721,279,'CATISSUE_STORAGE_CONT_CAPACITY','INSERT',570),(1722,238,'CATISSUE_STORAGE_CONT_DETAILS','INSERT',570),(1723,275,'CATISSUE_STORAGE_CONT_CAPACITY','INSERT',570),(1724,236,'CATISSUE_STORAGE_CONT_DETAILS','INSERT',570),(1725,235,'CATISSUE_STORAGE_CONT_DETAILS','INSERT',570),(1726,234,'CATISSUE_STORAGE_CONTAINER','INSERT',570),(1727,237,'CATISSUE_STORAGE_CONT_DETAILS','INSERT',570),(1728,239,'CATISSUE_STORAGE_CONT_DETAILS','INSERT',570),(1729,236,'CATISSUE_STORAGE_CONTAINER','INSERT',570),(1730,276,'CATISSUE_STORAGE_CONT_CAPACITY','INSERT',570),(1731,237,'CATISSUE_STORAGE_CONTAINER','INSERT',570),(1732,239,'CATISSUE_STORAGE_CONTAINER','INSERT',571),(1733,284,'CATISSUE_STORAGE_CONT_CAPACITY','INSERT',571),(1734,281,'CATISSUE_STORAGE_CONT_CAPACITY','INSERT',571),(1735,243,'CATISSUE_STORAGE_CONT_DETAILS','INSERT',571),(1736,244,'CATISSUE_STORAGE_CONT_DETAILS','INSERT',571),(1737,242,'CATISSUE_STORAGE_CONTAINER','INSERT',571),(1738,241,'CATISSUE_STORAGE_CONTAINER','INSERT',571),(1739,280,'CATISSUE_STORAGE_CONT_CAPACITY','INSERT',571),(1740,240,'CATISSUE_STORAGE_CONTAINER','INSERT',571),(1741,242,'CATISSUE_STORAGE_CONT_DETAILS','INSERT',571),(1742,283,'CATISSUE_STORAGE_CONT_CAPACITY','INSERT',571),(1743,243,'CATISSUE_STORAGE_CONTAINER','INSERT',571),(1744,240,'CATISSUE_STORAGE_CONT_DETAILS','INSERT',571),(1745,282,'CATISSUE_STORAGE_CONT_CAPACITY','INSERT',571),(1746,241,'CATISSUE_STORAGE_CONT_DETAILS','INSERT',571),(1747,286,'CATISSUE_STORAGE_CONT_CAPACITY','INSERT',572),(1748,247,'CATISSUE_STORAGE_CONT_DETAILS','INSERT',572),(1749,245,'CATISSUE_STORAGE_CONTAINER','INSERT',572),(1750,247,'CATISSUE_STORAGE_CONTAINER','INSERT',572),(1751,289,'CATISSUE_STORAGE_CONT_CAPACITY','INSERT',572),(1752,288,'CATISSUE_STORAGE_CONT_CAPACITY','INSERT',572),(1753,245,'CATISSUE_STORAGE_CONT_DETAILS','INSERT',572),(1754,246,'CATISSUE_STORAGE_CONT_DETAILS','INSERT',572),(1755,246,'CATISSUE_STORAGE_CONTAINER','INSERT',572),(1756,285,'CATISSUE_STORAGE_CONT_CAPACITY','INSERT',572),(1757,249,'CATISSUE_STORAGE_CONT_DETAILS','INSERT',572),(1758,248,'CATISSUE_STORAGE_CONT_DETAILS','INSERT',572),(1759,248,'CATISSUE_STORAGE_CONTAINER','INSERT',572),(1760,287,'CATISSUE_STORAGE_CONT_CAPACITY','INSERT',572),(1761,244,'CATISSUE_STORAGE_CONTAINER','INSERT',572),(1762,249,'CATISSUE_STORAGE_CONTAINER','INSERT',573),(1763,292,'CATISSUE_STORAGE_CONT_CAPACITY','INSERT',573),(1764,253,'CATISSUE_STORAGE_CONTAINER','INSERT',573),(1765,290,'CATISSUE_STORAGE_CONT_CAPACITY','INSERT',573),(1766,250,'CATISSUE_STORAGE_CONTAINER','INSERT',573),(1767,252,'CATISSUE_STORAGE_CONTAINER','INSERT',573),(1768,254,'CATISSUE_STORAGE_CONT_DETAILS','INSERT',573),(1769,251,'CATISSUE_STORAGE_CONTAINER','INSERT',573),(1770,250,'CATISSUE_STORAGE_CONT_DETAILS','INSERT',573),(1771,291,'CATISSUE_STORAGE_CONT_CAPACITY','INSERT',573),(1772,252,'CATISSUE_STORAGE_CONT_DETAILS','INSERT',573),(1773,253,'CATISSUE_STORAGE_CONT_DETAILS','INSERT',573),(1774,293,'CATISSUE_STORAGE_CONT_CAPACITY','INSERT',573),(1775,294,'CATISSUE_STORAGE_CONT_CAPACITY','INSERT',573),(1776,251,'CATISSUE_STORAGE_CONT_DETAILS','INSERT',573),(1777,295,'CATISSUE_STORAGE_CONT_CAPACITY','INSERT',574),(1778,39,'CATISSUE_STORAGE_TYPE','INSERT',574),(1779,254,'CATISSUE_STORAGE_CONTAINER','INSERT',575),(1780,255,'CATISSUE_STORAGE_CONT_DETAILS','INSERT',575),(1781,299,'CATISSUE_STORAGE_CONT_CAPACITY','INSERT',575),(1782,256,'CATISSUE_STORAGE_CONT_DETAILS','INSERT',575),(1783,257,'CATISSUE_STORAGE_CONT_DETAILS','INSERT',575),(1784,297,'CATISSUE_STORAGE_CONT_CAPACITY','INSERT',575),(1785,296,'CATISSUE_STORAGE_CONT_CAPACITY','INSERT',575),(1786,259,'CATISSUE_STORAGE_CONT_DETAILS','INSERT',575),(1787,255,'CATISSUE_STORAGE_CONTAINER','INSERT',575),(1788,300,'CATISSUE_STORAGE_CONT_CAPACITY','INSERT',575),(1789,256,'CATISSUE_STORAGE_CONTAINER','INSERT',575),(1790,257,'CATISSUE_STORAGE_CONTAINER','INSERT',575),(1791,258,'CATISSUE_STORAGE_CONTAINER','INSERT',575),(1792,258,'CATISSUE_STORAGE_CONT_DETAILS','INSERT',575),(1793,298,'CATISSUE_STORAGE_CONT_CAPACITY','INSERT',575),(1794,40,'CATISSUE_STORAGE_TYPE','INSERT',576),(1795,301,'CATISSUE_STORAGE_CONT_CAPACITY','INSERT',576),(1796,260,'CATISSUE_STORAGE_CONT_DETAILS','INSERT',577),(1797,261,'CATISSUE_STORAGE_CONT_DETAILS','INSERT',577),(1798,259,'CATISSUE_STORAGE_CONTAINER','INSERT',577),(1799,261,'CATISSUE_STORAGE_CONTAINER','INSERT',577),(1800,263,'CATISSUE_STORAGE_CONT_DETAILS','INSERT',577),(1801,263,'CATISSUE_STORAGE_CONTAINER','INSERT',577),(1802,305,'CATISSUE_STORAGE_CONT_CAPACITY','INSERT',577),(1803,303,'CATISSUE_STORAGE_CONT_CAPACITY','INSERT',577),(1804,264,'CATISSUE_STORAGE_CONT_DETAILS','INSERT',577),(1805,306,'CATISSUE_STORAGE_CONT_CAPACITY','INSERT',577),(1806,302,'CATISSUE_STORAGE_CONT_CAPACITY','INSERT',577),(1807,262,'CATISSUE_STORAGE_CONT_DETAILS','INSERT',577),(1808,260,'CATISSUE_STORAGE_CONTAINER','INSERT',577),(1809,262,'CATISSUE_STORAGE_CONTAINER','INSERT',577),(1810,304,'CATISSUE_STORAGE_CONT_CAPACITY','INSERT',577),(1811,308,'CATISSUE_STORAGE_CONT_CAPACITY','INSERT',578),(1812,307,'CATISSUE_STORAGE_CONT_CAPACITY','INSERT',578),(1813,310,'CATISSUE_STORAGE_CONT_CAPACITY','INSERT',578),(1814,268,'CATISSUE_STORAGE_CONT_DETAILS','INSERT',578),(1815,269,'CATISSUE_STORAGE_CONT_DETAILS','INSERT',578),(1816,267,'CATISSUE_STORAGE_CONT_DETAILS','INSERT',578),(1817,311,'CATISSUE_STORAGE_CONT_CAPACITY','INSERT',578),(1818,268,'CATISSUE_STORAGE_CONTAINER','INSERT',578),(1819,309,'CATISSUE_STORAGE_CONT_CAPACITY','INSERT',578),(1820,265,'CATISSUE_STORAGE_CONTAINER','INSERT',578),(1821,267,'CATISSUE_STORAGE_CONTAINER','INSERT',578),(1822,264,'CATISSUE_STORAGE_CONTAINER','INSERT',578),(1823,266,'CATISSUE_STORAGE_CONT_DETAILS','INSERT',578),(1824,265,'CATISSUE_STORAGE_CONT_DETAILS','INSERT',578),(1825,266,'CATISSUE_STORAGE_CONTAINER','INSERT',578),(1826,26,'CATISSUE_INSTITUTION','INSERT',579),(1827,27,'CATISSUE_INSTITUTION','INSERT',580),(1828,16,'CATISSUE_DEPARTMENT','INSERT',581),(1829,17,'CATISSUE_DEPARTMENT','INSERT',582),(1830,18,'CATISSUE_DEPARTMENT','INSERT',583),(1831,23,'CATISSUE_CANCER_RESEARCH_GROUP','INSERT',584),(1832,16,'CATISSUE_SITE','INSERT',585),(1833,40,'CATISSUE_ADDRESS','INSERT',585),(1834,62,'CATISSUE_PART_MEDICAL_ID','INSERT',586),(1835,63,'CATISSUE_PARTICIPANT','INSERT',586),(1836,62,'CATISSUE_COLL_PROT_REG','INSERT',587),(1837,58,'CATISSUE_CLINICAL_REPORT','INSERT',588),(1838,58,'CATISSUE_SPECIMEN_COLL_GROUP','INSERT',588),(1839,115,'CATISSUE_EXTERNAL_IDENTIFIER','INSERT',589),(1840,97,'CATISSUE_SPECIMEN_CHAR','INSERT',589),(1841,123,'CATISSUE_SPECIMEN','INSERT',589),(1842,116,'CATISSUE_EXTERNAL_IDENTIFIER','INSERT',590),(1843,124,'CATISSUE_SPECIMEN','INSERT',590),(1844,19,'CATISSUE_DEPARTMENT','INSERT',591),(1845,24,'CATISSUE_CANCER_RESEARCH_GROUP','INSERT',592),(1846,41,'CATISSUE_STORAGE_TYPE','INSERT',593),(1847,312,'CATISSUE_STORAGE_CONT_CAPACITY','INSERT',593),(1848,17,'CATISSUE_SITE','INSERT',594),(1849,41,'CATISSUE_ADDRESS','INSERT',594),(1850,269,'CATISSUE_STORAGE_CONTAINER','INSERT',595),(1851,313,'CATISSUE_STORAGE_CONT_CAPACITY','INSERT',595),(1852,270,'CATISSUE_STORAGE_CONT_DETAILS','INSERT',595),(1853,48,'CATISSUE_SPECIMEN_REQUIREMENT','INSERT',596),(1854,30,'CATISSUE_COLL_PROT_EVENT','INSERT',596),(1855,49,'CATISSUE_SPECIMEN_REQUIREMENT','INSERT',596),(1856,21,'CATISSUE_COLLECTION_PROTOCOL','INSERT',596),(1857,50,'CATISSUE_SPECIMEN_REQUIREMENT','INSERT',596),(1858,63,'CATISSUE_PART_MEDICAL_ID','INSERT',597),(1859,64,'CATISSUE_PARTICIPANT','INSERT',597),(1860,63,'CATISSUE_COLL_PROT_REG','INSERT',598),(1861,59,'CATISSUE_CLINICAL_REPORT','INSERT',599),(1862,59,'CATISSUE_SPECIMEN_COLL_GROUP','INSERT',599),(1863,125,'CATISSUE_SPECIMEN','INSERT',600),(1864,118,'CATISSUE_EXTERNAL_IDENTIFIER','INSERT',600),(1865,117,'CATISSUE_EXTERNAL_IDENTIFIER','INSERT',600),(1866,98,'CATISSUE_SPECIMEN_CHAR','INSERT',600),(1867,314,'CATISSUE_STORAGE_CONT_CAPACITY','INSERT',601),(1868,42,'CATISSUE_STORAGE_TYPE','INSERT',601),(1869,119,'CATISSUE_EXTERNAL_IDENTIFIER','INSERT',602),(1870,126,'CATISSUE_SPECIMEN','INSERT',602),(1871,127,'CATISSUE_SPECIMEN','INSERT',603),(1872,120,'CATISSUE_EXTERNAL_IDENTIFIER','INSERT',603),(1873,121,'CATISSUE_EXTERNAL_IDENTIFIER','INSERT',604),(1874,99,'CATISSUE_SPECIMEN_CHAR','INSERT',604),(1875,128,'CATISSUE_SPECIMEN','INSERT',604),(1876,122,'CATISSUE_EXTERNAL_IDENTIFIER','INSERT',605),(1877,129,'CATISSUE_SPECIMEN','INSERT',605),(1878,51,'CATISSUE_SPECIMEN_REQUIREMENT','INSERT',606),(1879,52,'CATISSUE_SPECIMEN_REQUIREMENT','INSERT',606),(1880,22,'CATISSUE_DISTRIBUTION_PROTOCOL','INSERT',606),(1881,11,'CATISSUE_DISTRIBUTED_ITEM','UPDATE',607),(1882,1,'CATISSUE_DISTRIBUTED_ITEM','UPDATE',607),(1883,125,'CATISSUE_SPECIMEN','UPDATE',607),(1884,1,'CATISSUE_DISTRIBUTION','UPDATE',607),(1885,130,'CATISSUE_SPECIMEN','INSERT',608),(1886,123,'CATISSUE_EXTERNAL_IDENTIFIER','INSERT',608),(1887,100,'CATISSUE_SPECIMEN_CHAR','INSERT',608),(1888,26,'CATISSUE_USER','INSERT',609),(1889,42,'CATISSUE_ADDRESS','INSERT',609),(1890,101,'CATISSUE_SPECIMEN_CHAR','INSERT',610),(1891,124,'CATISSUE_EXTERNAL_IDENTIFIER','INSERT',610),(1892,131,'CATISSUE_SPECIMEN','INSERT',610),(1893,33,'CATISSUE_IN_OUT_EVENT_PARAM','INSERT',611),(1894,43,'CATISSUE_STORAGE_TYPE','INSERT',612),(1895,315,'CATISSUE_STORAGE_CONT_CAPACITY','INSERT',612),(1896,125,'CATISSUE_EXTERNAL_IDENTIFIER','INSERT',613),(1897,102,'CATISSUE_SPECIMEN_CHAR','INSERT',613),(1898,132,'CATISSUE_SPECIMEN','INSERT',613),(1899,126,'CATISSUE_EXTERNAL_IDENTIFIER','INSERT',614),(1900,133,'CATISSUE_SPECIMEN','INSERT',614),(1901,34,'CATISSUE_THAW_EVENT_PARAMETERS','INSERT',615),(1902,35,'CATISSUE_FROZEN_EVENT_PARAM','INSERT',616),(1903,43,'CATISSUE_STORAGE_CONTAINER','UPDATE',617),(1904,42,'CATISSUE_STORAGE_CONTAINER','UPDATE',618),(1905,134,'CATISSUE_SPECIMEN','INSERT',619),(1906,127,'CATISSUE_EXTERNAL_IDENTIFIER','INSERT',619),(1907,103,'CATISSUE_SPECIMEN_CHAR','INSERT',619),(1908,128,'CATISSUE_EXTERNAL_IDENTIFIER','INSERT',620),(1909,135,'CATISSUE_SPECIMEN','INSERT',620),(1910,27,'CATISSUE_USER','INSERT',621),(1911,43,'CATISSUE_ADDRESS','INSERT',621),(1912,27,'CATISSUE_USER','UPDATE',622),(1913,27,'CATISSUE_USER','UPDATE',623),(1914,43,'CATISSUE_ADDRESS','UPDATE',623),(1915,27,'CATISSUE_USER','UPDATE',624),(1916,129,'CATISSUE_EXTERNAL_IDENTIFIER','INSERT',625),(1917,136,'CATISSUE_SPECIMEN','INSERT',625),(1918,104,'CATISSUE_SPECIMEN_CHAR','INSERT',625),(1919,28,'CATISSUE_USER','INSERT',626),(1920,44,'CATISSUE_ADDRESS','INSERT',626),(1921,65,'CATISSUE_PARTICIPANT','INSERT',627),(1922,65,'CATISSUE_PART_MEDICAL_ID','INSERT',627),(1923,64,'CATISSUE_PART_MEDICAL_ID','INSERT',627),(1924,66,'CATISSUE_PART_MEDICAL_ID','INSERT',628),(1925,64,'CATISSUE_COLL_PROT_REG','INSERT',628),(1926,66,'CATISSUE_PARTICIPANT','INSERT',628),(1927,60,'CATISSUE_CLINICAL_REPORT','INSERT',629),(1928,60,'CATISSUE_SPECIMEN_COLL_GROUP','INSERT',629),(1929,130,'CATISSUE_EXTERNAL_IDENTIFIER','INSERT',630),(1930,137,'CATISSUE_SPECIMEN','INSERT',630),(1931,105,'CATISSUE_SPECIMEN_CHAR','INSERT',630),(1932,271,'CATISSUE_STORAGE_CONT_DETAILS','INSERT',631),(1933,316,'CATISSUE_STORAGE_CONT_CAPACITY','INSERT',631),(1934,270,'CATISSUE_STORAGE_CONTAINER','INSERT',631),(1935,29,'CATISSUE_USER','INSERT',632),(1936,45,'CATISSUE_ADDRESS','INSERT',632),(1937,29,'CATISSUE_USER','UPDATE',633),(1938,29,'CATISSUE_USER','UPDATE',634),(1939,53,'CATISSUE_SPECIMEN_REQUIREMENT','INSERT',635),(1940,23,'CATISSUE_DISTRIBUTION_PROTOCOL','INSERT',635),(1941,31,'CATISSUE_COLL_PROT_EVENT','INSERT',636),(1942,24,'CATISSUE_COLLECTION_PROTOCOL','INSERT',636),(1943,54,'CATISSUE_SPECIMEN_REQUIREMENT','INSERT',636),(1944,138,'CATISSUE_SPECIMEN','INSERT',637),(1945,131,'CATISSUE_EXTERNAL_IDENTIFIER','INSERT',637),(1946,6,'CATISSUE_SPECIMEN_CHAR','UPDATE',638),(1947,67,'CATISSUE_PART_MEDICAL_ID','INSERT',639),(1948,67,'CATISSUE_PARTICIPANT','INSERT',639),(1949,65,'CATISSUE_COLL_PROT_REG','INSERT',639),(1950,61,'CATISSUE_CLINICAL_REPORT','INSERT',640),(1951,61,'CATISSUE_SPECIMEN_COLL_GROUP','INSERT',640),(1952,132,'CATISSUE_EXTERNAL_IDENTIFIER','INSERT',641),(1953,139,'CATISSUE_SPECIMEN','INSERT',641),(1954,106,'CATISSUE_SPECIMEN_CHAR','INSERT',641),(1955,271,'CATISSUE_STORAGE_CONTAINER','INSERT',642),(1956,317,'CATISSUE_STORAGE_CONT_CAPACITY','INSERT',642),(1957,272,'CATISSUE_STORAGE_CONT_DETAILS','INSERT',642),(1958,22,'CATISSUE_USER','UPDATE',643),(1959,68,'CATISSUE_PART_MEDICAL_ID','INSERT',644),(1960,68,'CATISSUE_PARTICIPANT','INSERT',644),(1961,133,'CATISSUE_EXTERNAL_IDENTIFIER','INSERT',645),(1962,140,'CATISSUE_SPECIMEN','INSERT',645),(1963,107,'CATISSUE_SPECIMEN_CHAR','INSERT',645),(1964,69,'CATISSUE_PARTICIPANT','INSERT',646),(1965,69,'CATISSUE_PART_MEDICAL_ID','INSERT',646),(1966,70,'CATISSUE_PARTICIPANT','INSERT',647),(1967,66,'CATISSUE_COLL_PROT_REG','INSERT',647),(1968,70,'CATISSUE_PART_MEDICAL_ID','INSERT',647),(1969,62,'CATISSUE_SPECIMEN_COLL_GROUP','INSERT',648),(1970,62,'CATISSUE_CLINICAL_REPORT','INSERT',648),(1971,20,'CATISSUE_DEPARTMENT','INSERT',649),(1972,12,'CATISSUE_DISTRIBUTED_ITEM','INSERT',650),(1973,7,'CATISSUE_DISTRIBUTION','INSERT',650),(1974,7,'CATISSUE_DISTRIBUTION','UPDATE',651),(1975,13,'CATISSUE_DISTRIBUTED_ITEM','UPDATE',651),(1976,71,'CATISSUE_PARTICIPANT','INSERT',652),(1977,71,'CATISSUE_PART_MEDICAL_ID','INSERT',652),(1978,32,'CATISSUE_COLL_PROT_EVENT','INSERT',653),(1979,55,'CATISSUE_SPECIMEN_REQUIREMENT','INSERT',653),(1980,56,'CATISSUE_SPECIMEN_REQUIREMENT','INSERT',653),(1981,25,'CATISSUE_COLLECTION_PROTOCOL','INSERT',653),(1982,67,'CATISSUE_COLL_PROT_REG','INSERT',654),(1983,63,'CATISSUE_SPECIMEN_COLL_GROUP','INSERT',655),(1984,63,'CATISSUE_CLINICAL_REPORT','INSERT',655),(1985,108,'CATISSUE_SPECIMEN_CHAR','INSERT',656),(1986,134,'CATISSUE_EXTERNAL_IDENTIFIER','INSERT',656),(1987,141,'CATISSUE_SPECIMEN','INSERT',656),(1988,8,'CATISSUE_DISTRIBUTION','INSERT',657),(1989,14,'CATISSUE_DISTRIBUTED_ITEM','INSERT',657),(1990,72,'CATISSUE_PART_MEDICAL_ID','INSERT',658),(1991,72,'CATISSUE_PARTICIPANT','INSERT',658),(1992,68,'CATISSUE_COLL_PROT_REG','INSERT',659),(1993,64,'CATISSUE_SPECIMEN_COLL_GROUP','INSERT',660),(1994,64,'CATISSUE_CLINICAL_REPORT','INSERT',660),(1995,109,'CATISSUE_SPECIMEN_CHAR','INSERT',661),(1996,142,'CATISSUE_SPECIMEN','INSERT',661),(1997,135,'CATISSUE_EXTERNAL_IDENTIFIER','INSERT',661),(1998,143,'CATISSUE_SPECIMEN','INSERT',662),(1999,136,'CATISSUE_EXTERNAL_IDENTIFIER','INSERT',662),(2000,110,'CATISSUE_SPECIMEN_CHAR','INSERT',662),(2001,8,'CATISSUE_DISTRIBUTION','UPDATE',663),(2002,15,'CATISSUE_DISTRIBUTED_ITEM','UPDATE',663),(2003,46,'CATISSUE_ADDRESS','INSERT',664),(2004,30,'CATISSUE_USER','INSERT',664),(2005,25,'CATISSUE_CANCER_RESEARCH_GROUP','INSERT',665),(2006,28,'CATISSUE_INSTITUTION','INSERT',666),(2007,144,'CATISSUE_SPECIMEN','INSERT',667),(2008,137,'CATISSUE_EXTERNAL_IDENTIFIER','INSERT',667),(2009,31,'CATISSUE_USER','INSERT',668),(2010,47,'CATISSUE_ADDRESS','INSERT',668),(2011,32,'CATISSUE_USER','INSERT',669),(2012,48,'CATISSUE_ADDRESS','INSERT',669),(2013,33,'CATISSUE_USER','INSERT',670),(2014,49,'CATISSUE_ADDRESS','INSERT',670),(2015,140,'CATISSUE_EXTERNAL_IDENTIFIER','INSERT',671),(2016,138,'CATISSUE_EXTERNAL_IDENTIFIER','INSERT',671),(2017,111,'CATISSUE_SPECIMEN_CHAR','INSERT',671),(2018,145,'CATISSUE_SPECIMEN','INSERT',671),(2019,139,'CATISSUE_EXTERNAL_IDENTIFIER','INSERT',671);
UNLOCK TABLES;
/*!40000 ALTER TABLE `catissue_audit_event_log` ENABLE KEYS */;

--
-- Table structure for table `catissue_biohazard`
--

DROP TABLE IF EXISTS `catissue_biohazard`;
CREATE TABLE `catissue_biohazard` (
  `IDENTIFIER` bigint(20) NOT NULL auto_increment,
  `NAME` varchar(50) NOT NULL default '',
  `COMMENTS` text,
  `TYPE` varchar(50) default NULL,
  PRIMARY KEY  (`IDENTIFIER`),
  UNIQUE KEY `NAME` (`NAME`)
) ENGINE=MyISAM;

--
-- Dumping data for table `catissue_biohazard`
--


/*!40000 ALTER TABLE `catissue_biohazard` DISABLE KEYS */;
LOCK TABLES `catissue_biohazard` WRITE;
INSERT INTO `catissue_biohazard` VALUES (1,'HepC','','Infectious'),(2,'Unknown','','Infectious'),(3,'HIV','','Infectious'),(4,'blood','','Not Specified'),(5,'Bio1','','Carcinogen');
UNLOCK TABLES;
/*!40000 ALTER TABLE `catissue_biohazard` ENABLE KEYS */;

--
-- Table structure for table `catissue_cancer_research_group`
--

DROP TABLE IF EXISTS `catissue_cancer_research_group`;
CREATE TABLE `catissue_cancer_research_group` (
  `IDENTIFIER` bigint(20) NOT NULL auto_increment,
  `NAME` varchar(50) NOT NULL default '',
  PRIMARY KEY  (`IDENTIFIER`),
  UNIQUE KEY `NAME` (`NAME`)
) ENGINE=MyISAM;

--
-- Dumping data for table `catissue_cancer_research_group`
--


/*!40000 ALTER TABLE `catissue_cancer_research_group` DISABLE KEYS */;
LOCK TABLES `catissue_cancer_research_group` WRITE;
INSERT INTO `catissue_cancer_research_group` VALUES (1,'CCSS'),(2,'GOG'),(3,'COG'),(4,'SITEMAN CANCER CENTER'),(5,'OSU'),(6,'C3'),(7,'CALGB'),(8,'Breast Cancer Genetics'),(9,'SPORE'),(10,'Watson Lab'),(11,'Carbone'),(12,'DNA damage and repair'),(13,'UofM Breast cancer research group'),(14,'Temp'),(15,'Cancer Genetics'),(16,'Breast Cancer Research'),(17,'Breast SPORE'),(18,'Prostate SPORE'),(19,'Cancer Epidemiology'),(20,'G-CEPS'),(21,'Prostate SPORE B'),(22,'FHCRC-RTO'),(23,'Breast MRI'),(24,'Molecular Biology'),(25,'5');
UNLOCK TABLES;
/*!40000 ALTER TABLE `catissue_cancer_research_group` ENABLE KEYS */;

--
-- Table structure for table `catissue_cde`
--

DROP TABLE IF EXISTS `catissue_cde`;
CREATE TABLE `catissue_cde` (
  `PUBLIC_ID` varchar(30) NOT NULL default '',
  `LONG_NAME` varchar(200) default NULL,
  `DEFINITION` text,
  `VERSION` varchar(50) default NULL,
  `LAST_UPDATED` date default NULL,
  PRIMARY KEY  (`PUBLIC_ID`)
) ENGINE=MyISAM;

--
-- Dumping data for table `catissue_cde`
--


/*!40000 ALTER TABLE `catissue_cde` DISABLE KEYS */;
LOCK TABLES `catissue_cde` WRITE;
INSERT INTO `catissue_cde` VALUES ('2003991','Specimen','Specimen Class','1',NULL),('Specimen_Type_PID','Specimen Type','Specimen Type','1',NULL),('2003988','Clinical Status','Clinical status of the participant.','1',NULL),('2003989','Gender','Gender of the participant.','1',NULL),('2003990','Genotype','Genotype of the participant.','1',NULL),('2003992','Tissue Side','Tissue Side','1',NULL),('2003993','Pathological Status','Pathological Status','1',NULL),('2003994','Received Quality','Received Quality','1',NULL),('2003995','Fixation Type','Fixation Type','1',NULL),('2003996','Collection Procedure','Collection Procedure','1',NULL),('2003997','Container','Container','1',NULL),('2003998','Method','Method','1',NULL),('2003999','Embedding Medium','Embedding Medium','1',NULL),('2004000','Biohazard','Biohazard','1',NULL),('Hist_Quality','Histological Quality','Histological Quality','1',NULL),('Site_Type_PID','Site Type','Site Type','1',NULL),('Tissue_Site_PID','Tissue Site','Tissue Site','1',NULL),('Ethnicity_PID','Ethnicity','Ethnicity','1',NULL),('Race_PID','Race','Race','1',NULL),('2004100','Countries','List of Countries.','1',NULL),('2004200','States','List of States.','1',NULL),('Clinical_Diagnosis_PID','Clinical Diagnosis','Clinical Diagnosis','1',NULL);
UNLOCK TABLES;
/*!40000 ALTER TABLE `catissue_cde` ENABLE KEYS */;

--
-- Table structure for table `catissue_cell_spe_review_param`
--

DROP TABLE IF EXISTS `catissue_cell_spe_review_param`;
CREATE TABLE `catissue_cell_spe_review_param` (
  `IDENTIFIER` bigint(20) NOT NULL default '0',
  `NEOPLASTIC_CELLULARITY_PER` double default NULL,
  `VIABLE_CELL_PERCENTAGE` double default NULL,
  PRIMARY KEY  (`IDENTIFIER`),
  KEY `FK52F40EDEBC7298A9` (`IDENTIFIER`)
) ENGINE=MyISAM;

--
-- Dumping data for table `catissue_cell_spe_review_param`
--


/*!40000 ALTER TABLE `catissue_cell_spe_review_param` DISABLE KEYS */;
LOCK TABLES `catissue_cell_spe_review_param` WRITE;
INSERT INTO `catissue_cell_spe_review_param` VALUES (23,NULL,NULL);
UNLOCK TABLES;
/*!40000 ALTER TABLE `catissue_cell_spe_review_param` ENABLE KEYS */;

--
-- Table structure for table `catissue_clinical_report`
--

DROP TABLE IF EXISTS `catissue_clinical_report`;
CREATE TABLE `catissue_clinical_report` (
  `IDENTIFIER` bigint(20) NOT NULL auto_increment,
  `SURGICAL_PATHOLOGICAL_NUMBER` varchar(50) default NULL,
  `PARTICIPENT_MEDI_IDENTIFIER_ID` bigint(20) default NULL,
  PRIMARY KEY  (`IDENTIFIER`),
  KEY `FK54A4264515246F7` (`PARTICIPENT_MEDI_IDENTIFIER_ID`)
) ENGINE=MyISAM;

--
-- Dumping data for table `catissue_clinical_report`
--


/*!40000 ALTER TABLE `catissue_clinical_report` DISABLE KEYS */;
LOCK TABLES `catissue_clinical_report` WRITE;
INSERT INTO `catissue_clinical_report` VALUES (1,'w120021',NULL),(2,'',NULL),(3,'S06-1234',NULL),(4,'',NULL),(5,'',NULL),(6,'',NULL),(7,'',9),(8,'',10),(9,'SQ99-1234',12),(10,'',NULL),(11,'34534',14),(12,'45454',NULL),(13,'',10),(14,'',10),(15,'',16),(16,'',NULL),(17,'',16),(18,'',NULL),(19,'676767',12),(20,'',NULL),(21,'',NULL),(22,'',NULL),(23,'',NULL),(24,'',NULL),(25,'',NULL),(26,'',NULL),(27,'',NULL),(28,'',NULL),(29,'',NULL),(30,'',NULL),(31,'',NULL),(32,'',NULL),(33,'',NULL),(34,'',NULL),(35,'',NULL),(36,'',NULL),(37,'',NULL),(38,'',NULL),(39,'',NULL),(40,'',NULL),(41,'',NULL),(42,'',NULL),(43,'',NULL),(44,'',NULL),(45,'',NULL),(46,'',NULL),(47,'',NULL),(48,'',NULL),(49,'',NULL),(50,'',NULL),(51,'',NULL),(52,'',NULL),(53,'566565',10),(54,'',NULL),(55,'',NULL),(56,'',NULL),(57,'06-71117',NULL),(58,'',NULL),(59,'',NULL),(60,'lkjs-1234',NULL),(61,'',NULL),(62,'spath123',NULL),(63,'zs06-00000',71),(64,'zs06-0000A',72);
UNLOCK TABLES;
/*!40000 ALTER TABLE `catissue_clinical_report` ENABLE KEYS */;

--
-- Table structure for table `catissue_coll_coordinators`
--

DROP TABLE IF EXISTS `catissue_coll_coordinators`;
CREATE TABLE `catissue_coll_coordinators` (
  `COLLECTION_PROTOCOL_ID` bigint(20) NOT NULL default '0',
  `USER_ID` bigint(20) NOT NULL default '0',
  PRIMARY KEY  (`COLLECTION_PROTOCOL_ID`,`USER_ID`),
  KEY `FKE490E33A48304401` (`COLLECTION_PROTOCOL_ID`),
  KEY `FKE490E33A2206F20F` (`USER_ID`)
) ENGINE=MyISAM;

--
-- Dumping data for table `catissue_coll_coordinators`
--


/*!40000 ALTER TABLE `catissue_coll_coordinators` DISABLE KEYS */;
LOCK TABLES `catissue_coll_coordinators` WRITE;
INSERT INTO `catissue_coll_coordinators` VALUES (1,1),(4,4),(4,5),(5,5),(9,1),(10,19),(10,20),(11,18),(11,19),(12,18),(12,20),(13,20),(13,21),(14,15),(15,18),(16,2),(17,15),(19,7),(19,12),(19,19),(19,23),(20,7),(20,12),(20,19),(20,23),(21,6),(24,1);
UNLOCK TABLES;
/*!40000 ALTER TABLE `catissue_coll_coordinators` ENABLE KEYS */;

--
-- Table structure for table `catissue_coll_distribution_rel`
--

DROP TABLE IF EXISTS `catissue_coll_distribution_rel`;
CREATE TABLE `catissue_coll_distribution_rel` (
  `COLLECTION_PROTOCOL_ID` bigint(20) NOT NULL default '0',
  `DISTRIBUTION_PROTOCOL_ID` bigint(20) NOT NULL default '0',
  PRIMARY KEY  (`COLLECTION_PROTOCOL_ID`,`DISTRIBUTION_PROTOCOL_ID`),
  KEY `FK1483BCB56B1F36E7` (`DISTRIBUTION_PROTOCOL_ID`),
  KEY `FK1483BCB548304401` (`COLLECTION_PROTOCOL_ID`)
) ENGINE=MyISAM;

--
-- Dumping data for table `catissue_coll_distribution_rel`
--


/*!40000 ALTER TABLE `catissue_coll_distribution_rel` DISABLE KEYS */;
LOCK TABLES `catissue_coll_distribution_rel` WRITE;
UNLOCK TABLES;
/*!40000 ALTER TABLE `catissue_coll_distribution_rel` ENABLE KEYS */;

--
-- Table structure for table `catissue_coll_event_param`
--

DROP TABLE IF EXISTS `catissue_coll_event_param`;
CREATE TABLE `catissue_coll_event_param` (
  `IDENTIFIER` bigint(20) NOT NULL default '0',
  `COLLECTION_PROCEDURE` varchar(50) default NULL,
  `CONTAINER` varchar(50) default NULL,
  PRIMARY KEY  (`IDENTIFIER`),
  KEY `FKF9888F91BC7298A9` (`IDENTIFIER`)
) ENGINE=MyISAM;

--
-- Dumping data for table `catissue_coll_event_param`
--


/*!40000 ALTER TABLE `catissue_coll_event_param` DISABLE KEYS */;
LOCK TABLES `catissue_coll_event_param` WRITE;
INSERT INTO `catissue_coll_event_param` VALUES (12,'Surgical Resection','Citrate Vacutainer'),(15,'Indwelling Catheter','Citrate Vacutainer'),(16,'Indwelling Catheter','EDTA Vacutainer'),(19,'Lavage','Heparin Vacutainer'),(31,'Lavage','ACD Vacutainer');
UNLOCK TABLES;
/*!40000 ALTER TABLE `catissue_coll_event_param` ENABLE KEYS */;

--
-- Table structure for table `catissue_coll_prot_event`
--

DROP TABLE IF EXISTS `catissue_coll_prot_event`;
CREATE TABLE `catissue_coll_prot_event` (
  `IDENTIFIER` bigint(20) NOT NULL auto_increment,
  `CLINICAL_STATUS` varchar(50) default NULL,
  `STUDY_CALENDAR_EVENT_POINT` double default NULL,
  `COLLECTION_PROTOCOL_ID` bigint(20) default NULL,
  PRIMARY KEY  (`IDENTIFIER`),
  KEY `FK7AE7715948304401` (`COLLECTION_PROTOCOL_ID`)
) ENGINE=MyISAM;

--
-- Dumping data for table `catissue_coll_prot_event`
--


/*!40000 ALTER TABLE `catissue_coll_prot_event` DISABLE KEYS */;
LOCK TABLES `catissue_coll_prot_event` WRITE;
INSERT INTO `catissue_coll_prot_event` VALUES (1,'Operative',1,1),(2,'New Diagnosis',1,2),(3,'Remission',45,2),(4,'Remission',45,2),(5,'Relapse, Not Specified',1,2),(6,'New Diagnosis',1,2),(7,'Post-Therapy',73,2),(8,'Relapse, Not Specified',1,2),(9,'Post-Therapy',73,2),(10,'New Diagnosis',1,2),(11,'Pre-Therapy',1,4),(12,'Post-Therapy',30,4),(13,'Not Specified',0,5),(14,'Not Specified',1,6),(15,'Operative',350,9),(16,'Post-Therapy',90,10),(17,'Pre-Therapy',1,10),(18,'Operative',1,11),(19,'Post-Therapy',120,12),(20,'Pre-Therapy',1,12),(21,'Operative',1,13),(22,'New Diagnosis',1,14),(23,'Operative',1,15),(24,'New Diagnosis',1,16),(25,'New Diagnosis',1,17),(26,'Post-Therapy',30,19),(27,'Pre-Therapy',1,19),(28,'Post-Therapy',30,20),(29,'Pre-Therapy',1,20),(30,'Post-Operative',0,21),(31,'New Diagnosis',1,24),(32,'Post-Operative',1,25);
UNLOCK TABLES;
/*!40000 ALTER TABLE `catissue_coll_prot_event` ENABLE KEYS */;

--
-- Table structure for table `catissue_coll_prot_reg`
--

DROP TABLE IF EXISTS `catissue_coll_prot_reg`;
CREATE TABLE `catissue_coll_prot_reg` (
  `IDENTIFIER` bigint(20) NOT NULL auto_increment,
  `PROTOCOL_PARTICIPANT_ID` varchar(50) default NULL,
  `REGISTRATION_DATE` date default NULL,
  `PARTICIPANT_ID` bigint(20) default NULL,
  `COLLECTION_PROTOCOL_ID` bigint(20) default NULL,
  `ACTIVITY_STATUS` varchar(20) default NULL,
  PRIMARY KEY  (`IDENTIFIER`),
  UNIQUE KEY `PART_ID_TO_COLL_PROT_ID` (`PARTICIPANT_ID`,`COLLECTION_PROTOCOL_ID`),
  UNIQUE KEY `PROT_PART_ID_TO_COLL_PROT_ID` (`PROTOCOL_PARTICIPANT_ID`,`COLLECTION_PROTOCOL_ID`),
  KEY `FK5EB25F1387E5ADC7` (`PARTICIPANT_ID`),
  KEY `FK5EB25F1348304401` (`COLLECTION_PROTOCOL_ID`)
) ENGINE=MyISAM;

--
-- Dumping data for table `catissue_coll_prot_reg`
--


/*!40000 ALTER TABLE `catissue_coll_prot_reg` DISABLE KEYS */;
LOCK TABLES `catissue_coll_prot_reg` WRITE;
INSERT INTO `catissue_coll_prot_reg` VALUES (1,NULL,'2006-04-06',1,1,'Active'),(2,'eee','2006-04-07',1,2,'Active'),(3,NULL,'2006-04-05',2,4,'Active'),(4,'456-789','2006-04-05',3,4,'Active'),(5,'677767','2005-12-01',1,4,'Active'),(6,'8','2006-04-10',4,2,'Active'),(7,'do not know','2006-04-20',5,4,'Active'),(8,'05027','2006-04-21',7,2,'Active'),(9,'14038001','2006-04-24',10,2,'Active'),(10,NULL,'2006-04-03',11,5,'Active'),(11,NULL,'2006-05-01',13,5,'Active'),(12,'UBC-007','2006-05-09',14,4,'Active'),(13,'32434','2006-05-05',15,4,'Active'),(14,'5656','2006-03-01',11,4,'Active'),(15,'3455454','2005-06-06',16,1,'Active'),(16,NULL,'2006-05-16',17,5,'Active'),(17,NULL,'2006-05-09',1,9,'Active'),(18,NULL,'2006-05-01',18,5,'Active'),(19,NULL,'2006-05-01',15,5,'Active'),(20,'1','2006-05-01',19,5,'Active'),(21,'1','2006-06-04',20,10,'Active'),(22,'2','2006-06-04',21,10,'Active'),(23,'2','2006-06-04',22,12,'Active'),(24,'33','2006-06-04',23,12,'Active'),(25,'4','2006-06-03',17,12,'Active'),(26,'5','2006-06-04',24,10,'Active'),(27,'6','2006-06-04',25,10,'Active'),(28,'678','2006-06-04',26,12,'Active'),(29,'9','2006-06-04',15,12,'Active'),(30,'34554','2006-06-04',27,10,'Active'),(31,'99','2006-06-04',1,10,'Active'),(32,NULL,'2005-06-06',28,12,'Active'),(33,NULL,'2006-05-08',29,12,'Active'),(34,NULL,'2006-03-21',30,12,'Active'),(35,NULL,'2006-05-24',32,12,'Active'),(36,NULL,'2004-06-08',33,12,'Active'),(37,NULL,'2005-06-14',34,10,'Active'),(38,NULL,'2006-03-14',35,10,'Active'),(39,NULL,'2006-05-01',36,10,'Active'),(40,NULL,'2006-05-18',37,5,'Active'),(41,NULL,'2006-05-10',38,5,'Active'),(42,NULL,'2003-06-16',39,5,'Active'),(43,NULL,'2005-08-10',40,5,'Active'),(44,NULL,'2005-09-13',43,5,'Active'),(45,NULL,'2004-07-13',44,5,'Active'),(46,NULL,'2005-07-26',45,5,'Active'),(47,NULL,'2002-06-18',46,5,'Active'),(48,NULL,'2006-05-05',46,10,'Active'),(49,NULL,'2002-08-05',47,5,'Active'),(50,NULL,'2006-03-14',47,10,'Active'),(51,NULL,'2006-05-30',51,13,'Active'),(52,NULL,'2006-05-15',52,13,'Active'),(53,NULL,'2006-06-05',53,14,'Active'),(54,NULL,'2006-06-05',4,5,'Active'),(55,NULL,'2006-06-05',57,16,'Active'),(56,'234','2005-11-23',58,5,'Active'),(57,NULL,'2006-06-05',54,5,'Active'),(58,'7','2006-06-04',59,16,'Active'),(59,'88877715','2006-06-07',60,20,'Active'),(60,'6666252622','2006-06-07',61,20,'Active'),(61,'12349','2005-10-11',62,9,'Active'),(62,NULL,'2006-06-05',63,19,'Active'),(63,'JD-06-9999999','2006-06-14',64,21,'Active'),(64,'65','2006-01-20',66,11,'Active'),(65,'wwMan','2006-07-01',67,19,'Active'),(66,'ppid1','2006-07-07',70,24,'Active'),(67,NULL,'2006-07-04',71,25,'Active'),(68,NULL,'2006-07-04',72,25,'Active');
UNLOCK TABLES;
/*!40000 ALTER TABLE `catissue_coll_prot_reg` ENABLE KEYS */;

--
-- Table structure for table `catissue_coll_specimen_req`
--

DROP TABLE IF EXISTS `catissue_coll_specimen_req`;
CREATE TABLE `catissue_coll_specimen_req` (
  `COLLECTION_PROTOCOL_EVENT_ID` bigint(20) NOT NULL default '0',
  `SPECIMEN_REQUIREMENT_ID` bigint(20) NOT NULL default '0',
  `IDENTIFIER` bigint(20) default NULL,
  PRIMARY KEY  (`COLLECTION_PROTOCOL_EVENT_ID`,`SPECIMEN_REQUIREMENT_ID`),
  KEY `FK860E6ABEBE10F0CE` (`SPECIMEN_REQUIREMENT_ID`),
  KEY `FK860E6ABE53B01F66` (`COLLECTION_PROTOCOL_EVENT_ID`)
) ENGINE=MyISAM;

--
-- Dumping data for table `catissue_coll_specimen_req`
--


/*!40000 ALTER TABLE `catissue_coll_specimen_req` DISABLE KEYS */;
LOCK TABLES `catissue_coll_specimen_req` WRITE;
INSERT INTO `catissue_coll_specimen_req` VALUES (1,1,NULL),(2,2,NULL),(3,3,NULL),(4,4,NULL),(5,5,NULL),(6,6,NULL),(7,7,NULL),(8,8,NULL),(9,9,NULL),(10,10,NULL),(11,12,NULL),(11,13,NULL),(12,14,NULL),(12,15,NULL),(12,16,NULL),(12,17,NULL),(13,18,NULL),(14,19,NULL),(15,23,NULL),(15,24,NULL),(16,25,NULL),(17,26,NULL),(17,27,NULL),(18,28,NULL),(18,29,NULL),(18,30,NULL),(19,31,NULL),(20,32,NULL),(20,33,NULL),(21,34,NULL),(21,35,NULL),(22,36,NULL),(23,38,NULL),(23,37,NULL),(24,39,NULL),(25,40,NULL),(26,42,NULL),(27,43,NULL),(27,44,NULL),(28,45,NULL),(29,46,NULL),(29,47,NULL),(30,49,NULL),(30,50,NULL),(30,48,NULL),(31,54,NULL),(32,55,NULL),(32,56,NULL);
UNLOCK TABLES;
/*!40000 ALTER TABLE `catissue_coll_specimen_req` ENABLE KEYS */;

--
-- Table structure for table `catissue_collection_protocol`
--

DROP TABLE IF EXISTS `catissue_collection_protocol`;
CREATE TABLE `catissue_collection_protocol` (
  `IDENTIFIER` bigint(20) NOT NULL default '0',
  PRIMARY KEY  (`IDENTIFIER`),
  KEY `FK32DC439DBC7298A9` (`IDENTIFIER`)
) ENGINE=MyISAM;

--
-- Dumping data for table `catissue_collection_protocol`
--


/*!40000 ALTER TABLE `catissue_collection_protocol` DISABLE KEYS */;
LOCK TABLES `catissue_collection_protocol` WRITE;
INSERT INTO `catissue_collection_protocol` VALUES (1),(2),(4),(5),(6),(9),(10),(11),(12),(13),(14),(15),(16),(17),(19),(20),(21),(24),(25);
UNLOCK TABLES;
/*!40000 ALTER TABLE `catissue_collection_protocol` ENABLE KEYS */;

--
-- Table structure for table `catissue_department`
--

DROP TABLE IF EXISTS `catissue_department`;
CREATE TABLE `catissue_department` (
  `IDENTIFIER` bigint(20) NOT NULL auto_increment,
  `NAME` varchar(50) NOT NULL default '',
  PRIMARY KEY  (`IDENTIFIER`),
  UNIQUE KEY `NAME` (`NAME`)
) ENGINE=MyISAM;

--
-- Dumping data for table `catissue_department`
--


/*!40000 ALTER TABLE `catissue_department` DISABLE KEYS */;
LOCK TABLES `catissue_department` WRITE;
INSERT INTO `catissue_department` VALUES (1,'WashU_sanju'),(2,'WashU_baba'),(3,'WashUniv'),(4,'baba'),(5,'Tumour Tissue Repository'),(6,'CMP-TRL'),(7,'MBTB'),(8,'Test123'),(9,'Surgery'),(10,'Internal Medicine'),(11,'Medical Oncology'),(12,'Genetics'),(13,'Department of Urology'),(14,'Cancer Center'),(15,'Solid Tumor Research Division'),(16,'Breast Research Group'),(17,'Prostate SPORE Research Group'),(18,'Ovarian Ca Research Group'),(19,'Breast Pathology'),(20,'UCSF Pathology');
UNLOCK TABLES;
/*!40000 ALTER TABLE `catissue_department` ENABLE KEYS */;

--
-- Table structure for table `catissue_disposal_event_param`
--

DROP TABLE IF EXISTS `catissue_disposal_event_param`;
CREATE TABLE `catissue_disposal_event_param` (
  `IDENTIFIER` bigint(20) NOT NULL default '0',
  `REASON` varchar(50) NOT NULL default '',
  PRIMARY KEY  (`IDENTIFIER`),
  KEY `FK1BC818D6BC7298A9` (`IDENTIFIER`)
) ENGINE=MyISAM;

--
-- Dumping data for table `catissue_disposal_event_param`
--


/*!40000 ALTER TABLE `catissue_disposal_event_param` DISABLE KEYS */;
LOCK TABLES `catissue_disposal_event_param` WRITE;
INSERT INTO `catissue_disposal_event_param` VALUES (22,'?');
UNLOCK TABLES;
/*!40000 ALTER TABLE `catissue_disposal_event_param` ENABLE KEYS */;

--
-- Table structure for table `catissue_distributed_item`
--

DROP TABLE IF EXISTS `catissue_distributed_item`;
CREATE TABLE `catissue_distributed_item` (
  `IDENTIFIER` bigint(20) NOT NULL auto_increment,
  `QUANTITY` double default NULL,
  `SPECIMEN_ID` bigint(20) default NULL,
  `DISTRIBUTION_ID` bigint(20) default NULL,
  PRIMARY KEY  (`IDENTIFIER`),
  KEY `FKA7C3ED4B60773DB2` (`SPECIMEN_ID`),
  KEY `FKA7C3ED4BF8278B6` (`DISTRIBUTION_ID`)
) ENGINE=MyISAM;

--
-- Dumping data for table `catissue_distributed_item`
--


/*!40000 ALTER TABLE `catissue_distributed_item` DISABLE KEYS */;
LOCK TABLES `catissue_distributed_item` WRITE;
INSERT INTO `catissue_distributed_item` VALUES (1,1,125,1),(2,5,10,2),(3,0.1,15,NULL),(4,34,117,NULL),(5,34,117,NULL),(6,0.05,15,NULL),(7,34,117,NULL),(8,0.01,15,NULL),(9,2,120,6),(10,0.05,12,6),(11,10,122,1),(12,0.2,102,7),(13,0.01,12,7),(14,1,141,8),(15,1,143,8);
UNLOCK TABLES;
/*!40000 ALTER TABLE `catissue_distributed_item` ENABLE KEYS */;

--
-- Table structure for table `catissue_distribution`
--

DROP TABLE IF EXISTS `catissue_distribution`;
CREATE TABLE `catissue_distribution` (
  `IDENTIFIER` bigint(20) NOT NULL auto_increment,
  `TO_SITE_ID` bigint(20) default NULL,
  `DISTRIBUTION_PROTOCOL_ID` bigint(20) default NULL,
  `ACTIVITY_STATUS` varchar(50) default NULL,
  `SPECIMEN_ID` bigint(20) default NULL,
  `EVENT_TIMESTAMP` datetime default NULL,
  `USER_ID` bigint(20) default NULL,
  `COMMENTS` text,
  PRIMARY KEY  (`IDENTIFIER`),
  KEY `FK542766802206F20F` (`USER_ID`),
  KEY `FK542766806B1F36E7` (`DISTRIBUTION_PROTOCOL_ID`),
  KEY `FK542766801DBE834F` (`TO_SITE_ID`),
  KEY `FK5427668060773DB2` (`SPECIMEN_ID`)
) ENGINE=MyISAM;

--
-- Dumping data for table `catissue_distribution`
--


/*!40000 ALTER TABLE `catissue_distribution` DISABLE KEYS */;
LOCK TABLES `catissue_distribution` WRITE;
INSERT INTO `catissue_distribution` VALUES (1,1,3,'Closed',NULL,'2006-04-17 12:37:00',1,'test'),(2,1,3,'Active',NULL,'2006-04-25 12:16:00',1,''),(3,9,3,'Active',NULL,'2006-06-05 13:51:00',1,'jjhj'),(4,9,3,'Active',NULL,'2006-06-05 13:51:00',1,'jjhj'),(5,9,3,'Active',NULL,'2006-06-05 13:51:00',1,'jjhj'),(6,11,3,'Active',NULL,'2006-06-07 15:00:00',1,''),(7,5,23,'Active',NULL,'2006-07-10 19:30:00',22,''),(8,13,8,'Active',NULL,'2006-07-11 16:24:00',1,'Dr. Dude (test lab)');
UNLOCK TABLES;
/*!40000 ALTER TABLE `catissue_distribution` ENABLE KEYS */;

--
-- Table structure for table `catissue_distribution_protocol`
--

DROP TABLE IF EXISTS `catissue_distribution_protocol`;
CREATE TABLE `catissue_distribution_protocol` (
  `IDENTIFIER` bigint(20) NOT NULL default '0',
  PRIMARY KEY  (`IDENTIFIER`),
  KEY `FKC8999977BC7298A9` (`IDENTIFIER`)
) ENGINE=MyISAM;

--
-- Dumping data for table `catissue_distribution_protocol`
--


/*!40000 ALTER TABLE `catissue_distribution_protocol` DISABLE KEYS */;
LOCK TABLES `catissue_distribution_protocol` WRITE;
INSERT INTO `catissue_distribution_protocol` VALUES (3),(7),(8),(18),(22),(23);
UNLOCK TABLES;
/*!40000 ALTER TABLE `catissue_distribution_protocol` ENABLE KEYS */;

--
-- Table structure for table `catissue_distribution_spe_req`
--

DROP TABLE IF EXISTS `catissue_distribution_spe_req`;
CREATE TABLE `catissue_distribution_spe_req` (
  `DISTRIBUTION_PROTOCOL_ID` bigint(20) NOT NULL default '0',
  `SPECIMEN_REQUIREMENT_ID` bigint(20) NOT NULL default '0',
  `IDENTIFIER` bigint(20) default NULL,
  PRIMARY KEY  (`DISTRIBUTION_PROTOCOL_ID`,`SPECIMEN_REQUIREMENT_ID`),
  KEY `FKE34A3688BE10F0CE` (`SPECIMEN_REQUIREMENT_ID`),
  KEY `FKE34A36886B1F36E7` (`DISTRIBUTION_PROTOCOL_ID`)
) ENGINE=MyISAM;

--
-- Dumping data for table `catissue_distribution_spe_req`
--


/*!40000 ALTER TABLE `catissue_distribution_spe_req` DISABLE KEYS */;
LOCK TABLES `catissue_distribution_spe_req` WRITE;
INSERT INTO `catissue_distribution_spe_req` VALUES (3,11,NULL),(7,20,NULL),(8,21,NULL),(8,22,NULL),(18,41,NULL),(22,51,NULL),(22,52,NULL),(23,53,NULL);
UNLOCK TABLES;
/*!40000 ALTER TABLE `catissue_distribution_spe_req` ENABLE KEYS */;

--
-- Table structure for table `catissue_embedded_event_param`
--

DROP TABLE IF EXISTS `catissue_embedded_event_param`;
CREATE TABLE `catissue_embedded_event_param` (
  `IDENTIFIER` bigint(20) NOT NULL default '0',
  `EMBEDDING_MEDIUM` varchar(50) default NULL,
  PRIMARY KEY  (`IDENTIFIER`),
  KEY `FKD356182FBC7298A9` (`IDENTIFIER`)
) ENGINE=MyISAM;

--
-- Dumping data for table `catissue_embedded_event_param`
--


/*!40000 ALTER TABLE `catissue_embedded_event_param` DISABLE KEYS */;
LOCK TABLES `catissue_embedded_event_param` WRITE;
INSERT INTO `catissue_embedded_event_param` VALUES (21,'Low Melting Point Paraffin'),(26,'Not Specified');
UNLOCK TABLES;
/*!40000 ALTER TABLE `catissue_embedded_event_param` ENABLE KEYS */;

--
-- Table structure for table `catissue_event_param`
--

DROP TABLE IF EXISTS `catissue_event_param`;
CREATE TABLE `catissue_event_param` (
  `IDENTIFIER` bigint(20) NOT NULL default '0',
  PRIMARY KEY  (`IDENTIFIER`),
  KEY `FK90C79AECBC7298A9` (`IDENTIFIER`)
) ENGINE=MyISAM;

--
-- Dumping data for table `catissue_event_param`
--


/*!40000 ALTER TABLE `catissue_event_param` DISABLE KEYS */;
LOCK TABLES `catissue_event_param` WRITE;
INSERT INTO `catissue_event_param` VALUES (2),(4),(23),(24),(25),(28),(29),(30),(32);
UNLOCK TABLES;
/*!40000 ALTER TABLE `catissue_event_param` ENABLE KEYS */;

--
-- Table structure for table `catissue_external_identifier`
--

DROP TABLE IF EXISTS `catissue_external_identifier`;
CREATE TABLE `catissue_external_identifier` (
  `IDENTIFIER` bigint(20) NOT NULL auto_increment,
  `NAME` varchar(50) default NULL,
  `VALUE` varchar(50) default NULL,
  `SPECIMEN_ID` bigint(20) default NULL,
  PRIMARY KEY  (`IDENTIFIER`),
  KEY `FK5CF2FA2160773DB2` (`SPECIMEN_ID`)
) ENGINE=MyISAM;

--
-- Dumping data for table `catissue_external_identifier`
--


/*!40000 ALTER TABLE `catissue_external_identifier` DISABLE KEYS */;
LOCK TABLES `catissue_external_identifier` WRITE;
INSERT INTO `catissue_external_identifier` VALUES (1,NULL,NULL,1),(2,NULL,NULL,2),(3,NULL,NULL,3),(4,'wewert','wer',4),(5,NULL,NULL,5),(6,NULL,NULL,6),(7,NULL,NULL,7),(8,NULL,NULL,8),(9,NULL,NULL,9),(10,'qc1','100',10),(11,'qc2','200',10),(12,NULL,NULL,11),(13,NULL,NULL,12),(14,NULL,NULL,13),(15,NULL,NULL,14),(16,NULL,NULL,15),(17,NULL,NULL,16),(18,NULL,NULL,17),(19,NULL,NULL,18),(20,NULL,NULL,19),(21,NULL,NULL,20),(22,NULL,NULL,21),(23,NULL,NULL,22),(24,'tmp','tmp',23),(25,'Ext1','Val1',27),(26,'Ext1','Val1',28),(27,'Ext1','Val1',29),(28,'Ext1','Val1',31),(29,'Ext1','Val1',32),(30,'Ext1','Val1',33),(31,'Ext1','Val1',35),(32,'Gautam','Shetty',36),(33,'EXT1','VAL1',38),(34,NULL,NULL,40),(35,'Ext1','Val1',41),(36,'Gautam','Shetty',43),(37,'Ext1','Val1',45),(38,'Ext1','Val1',46),(39,'Ext1','Val1',47),(40,'Ext1','Val1',48),(41,'Ext1','Val1',49),(42,NULL,NULL,50),(43,NULL,NULL,51),(44,NULL,NULL,52),(45,NULL,NULL,53),(46,NULL,NULL,54),(47,NULL,NULL,55),(48,NULL,NULL,56),(49,NULL,NULL,57),(50,NULL,NULL,58),(51,NULL,NULL,59),(52,NULL,NULL,60),(53,NULL,NULL,61),(54,NULL,NULL,62),(55,NULL,NULL,63),(56,NULL,NULL,64),(57,NULL,NULL,65),(58,NULL,NULL,66),(59,NULL,NULL,67),(60,NULL,NULL,68),(61,NULL,NULL,69),(62,NULL,NULL,70),(63,NULL,NULL,71),(64,NULL,NULL,72),(65,NULL,NULL,73),(66,NULL,NULL,74),(67,NULL,NULL,75),(68,NULL,NULL,76),(69,NULL,NULL,77),(70,NULL,NULL,78),(71,NULL,NULL,79),(72,NULL,NULL,80),(73,NULL,NULL,81),(74,NULL,NULL,82),(75,NULL,NULL,83),(76,NULL,NULL,84),(77,NULL,NULL,85),(78,NULL,NULL,86),(79,NULL,NULL,87),(80,NULL,NULL,88),(81,NULL,NULL,89),(82,NULL,NULL,90),(83,NULL,NULL,91),(84,NULL,NULL,92),(85,NULL,NULL,93),(86,NULL,NULL,94),(87,NULL,NULL,95),(88,NULL,NULL,96),(89,NULL,NULL,97),(90,NULL,NULL,98),(91,NULL,NULL,99),(92,NULL,NULL,100),(93,NULL,NULL,101),(94,NULL,NULL,102),(95,NULL,NULL,103),(96,NULL,NULL,104),(97,NULL,NULL,105),(98,NULL,NULL,106),(99,NULL,NULL,107),(100,NULL,NULL,108),(101,NULL,NULL,109),(102,NULL,NULL,110),(103,NULL,NULL,111),(104,NULL,NULL,112),(105,NULL,NULL,113),(106,NULL,NULL,114),(107,NULL,NULL,115),(108,NULL,NULL,116),(109,NULL,NULL,117),(110,NULL,NULL,118),(111,NULL,NULL,119),(112,NULL,NULL,120),(113,NULL,NULL,121),(114,NULL,NULL,122),(115,NULL,NULL,123),(116,NULL,NULL,124),(117,'Lab#','JBD-334994',125),(118,'MRN','U9999999',125),(119,NULL,NULL,126),(120,NULL,NULL,127),(121,NULL,NULL,128),(122,NULL,NULL,129),(123,'Name','Jane Bambi Doe',130),(124,'MRN','U2345678',131),(125,NULL,NULL,132),(126,NULL,NULL,133),(127,'MRN','U999999',134),(128,NULL,NULL,135),(129,NULL,NULL,136),(130,'patient initials','jkl',137),(131,NULL,NULL,138),(132,NULL,NULL,139),(133,'abcd','123',140),(134,'pr','00000',141),(135,'pr','0000A',142),(136,'pr','0000A',143),(137,NULL,NULL,144),(138,'Number of aliquots','7',145),(139,'PR#','3',145),(140,'Process date','7/17/2006',145);
UNLOCK TABLES;
/*!40000 ALTER TABLE `catissue_external_identifier` ENABLE KEYS */;

--
-- Table structure for table `catissue_fixed_event_param`
--

DROP TABLE IF EXISTS `catissue_fixed_event_param`;
CREATE TABLE `catissue_fixed_event_param` (
  `IDENTIFIER` bigint(20) NOT NULL default '0',
  `FIXATION_TYPE` varchar(50) NOT NULL default '',
  `DURATION_IN_MINUTES` int(11) default NULL,
  PRIMARY KEY  (`IDENTIFIER`),
  KEY `FKE0F1781BC7298A9` (`IDENTIFIER`)
) ENGINE=MyISAM;

--
-- Dumping data for table `catissue_fixed_event_param`
--


/*!40000 ALTER TABLE `catissue_fixed_event_param` DISABLE KEYS */;
LOCK TABLES `catissue_fixed_event_param` WRITE;
UNLOCK TABLES;
/*!40000 ALTER TABLE `catissue_fixed_event_param` ENABLE KEYS */;

--
-- Table structure for table `catissue_fluid_spe_event_param`
--

DROP TABLE IF EXISTS `catissue_fluid_spe_event_param`;
CREATE TABLE `catissue_fluid_spe_event_param` (
  `IDENTIFIER` bigint(20) NOT NULL default '0',
  `CELL_COUNT` double default NULL,
  PRIMARY KEY  (`IDENTIFIER`),
  KEY `FK70565D20BC7298A9` (`IDENTIFIER`)
) ENGINE=MyISAM;

--
-- Dumping data for table `catissue_fluid_spe_event_param`
--


/*!40000 ALTER TABLE `catissue_fluid_spe_event_param` DISABLE KEYS */;
LOCK TABLES `catissue_fluid_spe_event_param` WRITE;
INSERT INTO `catissue_fluid_spe_event_param` VALUES (24,NULL),(25,NULL);
UNLOCK TABLES;
/*!40000 ALTER TABLE `catissue_fluid_spe_event_param` ENABLE KEYS */;

--
-- Table structure for table `catissue_frozen_event_param`
--

DROP TABLE IF EXISTS `catissue_frozen_event_param`;
CREATE TABLE `catissue_frozen_event_param` (
  `IDENTIFIER` bigint(20) NOT NULL default '0',
  `METHOD` varchar(50) default NULL,
  PRIMARY KEY  (`IDENTIFIER`),
  KEY `FK52627245BC7298A9` (`IDENTIFIER`)
) ENGINE=MyISAM;

--
-- Dumping data for table `catissue_frozen_event_param`
--


/*!40000 ALTER TABLE `catissue_frozen_event_param` DISABLE KEYS */;
LOCK TABLES `catissue_frozen_event_param` WRITE;
INSERT INTO `catissue_frozen_event_param` VALUES (1,'Liquid Nitrogen'),(35,'Liquid Nitrogen Vapor');
UNLOCK TABLES;
/*!40000 ALTER TABLE `catissue_frozen_event_param` ENABLE KEYS */;

--
-- Table structure for table `catissue_in_out_event_param`
--

DROP TABLE IF EXISTS `catissue_in_out_event_param`;
CREATE TABLE `catissue_in_out_event_param` (
  `IDENTIFIER` bigint(20) NOT NULL default '0',
  `STORAGE_STATUS` varchar(100) NOT NULL default '',
  PRIMARY KEY  (`IDENTIFIER`),
  KEY `FK4F0FAEB9BC7298A9` (`IDENTIFIER`)
) ENGINE=MyISAM;

--
-- Dumping data for table `catissue_in_out_event_param`
--


/*!40000 ALTER TABLE `catissue_in_out_event_param` DISABLE KEYS */;
LOCK TABLES `catissue_in_out_event_param` WRITE;
INSERT INTO `catissue_in_out_event_param` VALUES (6,'CHECK IN'),(7,'CHECK OUT'),(10,'CHECK IN'),(13,'CHECK IN'),(27,'CHECK IN'),(33,'CHECK OUT');
UNLOCK TABLES;
/*!40000 ALTER TABLE `catissue_in_out_event_param` ENABLE KEYS */;

--
-- Table structure for table `catissue_institution`
--

DROP TABLE IF EXISTS `catissue_institution`;
CREATE TABLE `catissue_institution` (
  `IDENTIFIER` bigint(20) NOT NULL auto_increment,
  `NAME` varchar(50) NOT NULL default '',
  PRIMARY KEY  (`IDENTIFIER`),
  UNIQUE KEY `NAME` (`NAME`)
) ENGINE=MyISAM;

--
-- Dumping data for table `catissue_institution`
--


/*!40000 ALTER TABLE `catissue_institution` DISABLE KEYS */;
LOCK TABLES `catissue_institution` WRITE;
INSERT INTO `catissue_institution` VALUES (2,'The Ohio State University'),(1,'Biopathology Center, Columbus Ohio'),(4,'Northwestern University'),(5,'mayo'),(6,'BC Cancer Agency'),(7,'city of Hope'),(8,'Dana Farber Cancer Institute'),(9,'MICB - CancerCare Manitoba'),(10,'MDACC'),(11,'Stanford University'),(12,'MSKCC'),(13,'Indiana University'),(14,'Duke University'),(15,'Johns Hopkins University'),(16,'Univ. CA. San Diego'),(17,'Univ. CA.  San Diego'),(18,'Univ. Washington'),(19,'Ohio State University'),(20,'Dartmouth Medical Center'),(21,'Yale University'),(22,'UCSF'),(23,'Baylor College of Medicine'),(24,'Fred Hutchinson Cancer Research Center'),(25,'MSKCC2'),(26,'University of Washington'),(27,'Hutchinson Center'),(28,'NCI'),(3,'Washington University');
UNLOCK TABLES;
/*!40000 ALTER TABLE `catissue_institution` ENABLE KEYS */;

--
-- Table structure for table `catissue_interface_column_data`
--

DROP TABLE IF EXISTS `catissue_interface_column_data`;
CREATE TABLE `catissue_interface_column_data` (
  `IDENTIFIER` bigint(20) NOT NULL auto_increment,
  `TABLE_ID` bigint(20) NOT NULL default '0',
  `COLUMN_NAME` varchar(50) default NULL,
  `ATTRIBUTE_TYPE` varchar(30) default NULL,
  PRIMARY KEY  (`IDENTIFIER`)
) ENGINE=MyISAM;

--
-- Dumping data for table `catissue_interface_column_data`
--


/*!40000 ALTER TABLE `catissue_interface_column_data` DISABLE KEYS */;
LOCK TABLES `catissue_interface_column_data` WRITE;
INSERT INTO `catissue_interface_column_data` VALUES (1,4,'IDENTIFIER','bigint'),(2,4,'STREET','varchar'),(3,4,'CITY','varchar'),(4,4,'STATE','varchar'),(5,4,'COUNTRY','varchar'),(6,4,'ZIPCODE','varchar'),(7,4,'PHONE_NUMBER','varchar'),(8,4,'FAX_NUMBER','varchar'),(9,39,'IDENTIFIER','bigint'),(10,39,'IP_ADDRESS','varchar'),(11,39,'EVENT_TIMESTAMP','timestamp'),(12,39,'USER_ID','bigint'),(13,39,'COMMENTS','text'),(14,40,'IDENTIFIER','bigint'),(15,40,'ELEMENT_NAME','varchar'),(16,40,'PREVIOUS_VALUE','varchar'),(17,40,'CURRENT_VALUE','varchar'),(18,40,'AUDIT_EVENT_LOG_ID','bigint'),(19,41,'IDENTIFIER','bigint'),(20,41,'OBJECT_IDENTIFIER','bigint'),(21,41,'OBJECT_NAME','varchar'),(22,41,'EVENT_TYPE','varchar'),(23,41,'AUDIT_EVENT_ID','bigint'),(24,8,'IDENTIFIER','bigint'),(25,8,'NAME','varchar'),(26,8,'COMMENTS','text'),(27,8,'TYPE','varchar'),(28,7,'IDENTIFIER','bigint'),(29,7,'NAME','varchar'),(30,42,'PUBLIC_ID','varchar'),(31,42,'LONG_NAME','varchar'),(32,42,'DEFINITION','text'),(33,42,'VERSION','varchar'),(39,43,'IDENTIFIER','bigint'),(40,43,'NEOPLASTIC_CELLULARITY_PER','double'),(41,43,'VIABLE_CELL_PERCENTAGE','double'),(42,44,'IDENTIFIER','bigint'),(43,44,'STORAGE_STATUS','varchar'),(44,26,'IDENTIFIER','bigint'),(45,26,'SURGICAL_PATHOLOGICAL_NUMBER','varchar'),(46,26,'PARTICIPENT_MEDI_IDENTIFIER_ID','bigint'),(47,17,'COLLECTION_PROTOCOL_ID','bigint'),(48,17,'USER_ID','bigint'),(49,45,'COLLECTION_PROTOCOL_ID','bigint'),(50,45,'DISTRIBUTION_PROTOCOL_ID','bigint'),(51,46,'IDENTIFIER','bigint'),(52,46,'COLLECTION_PROCEDURE','varchar'),(53,46,'CONTAINER','varchar'),(54,10,'IDENTIFIER','bigint'),(55,11,'IDENTIFIER','bigint'),(56,11,'CLINICAL_STATUS','varchar'),(57,11,'STUDY_CALENDAR_EVENT_POINT','double'),(58,11,'COLLECTION_PROTOCOL_ID','bigint'),(59,27,'IDENTIFIER','bigint'),(60,27,'PROTOCOL_PARTICIPANT_ID','varchar'),(61,27,'REGISTRATION_DATE','date'),(62,27,'PARTICIPANT_ID','bigint'),(63,27,'COLLECTION_PROTOCOL_ID','bigint'),(64,27,'ACTIVITY_STATUS','varchar'),(65,18,'COLLECTION_PROTOCOL_EVENT_ID','bigint'),(66,18,'SPECIMEN_REQUIREMENT_ID','bigint'),(67,5,'IDENTIFIER','bigint'),(68,5,'NAME','varchar'),(69,47,'IDENTIFIER','bigint'),(70,47,'REASON','varchar'),(71,37,'IDENTIFIER','bigint'),(72,37,'QUANTITY','double'),(73,37,'SPECIMEN_ID','bigint'),(74,37,'DISTRIBUTION_ID','bigint'),(75,38,'IDENTIFIER','bigint'),(76,38,'TO_SITE_ID','bigint'),(78,38,'DISTRIBUTION_PROTOCOL_ID','bigint'),(297,38,'ACTIVITY_STATUS','varchar'),(298,38,'EVENT_TIMESTAMP','timestampdate'),(299,38,'USER_ID','bigint'),(300,38,'COMMENTS','varchar'),(301,38,'SPECIMEN_ID','bigint'),(302,38,'EVENT_TIMESTAMP','timestamptime'),(79,19,'IDENTIFIER','bigint'),(80,20,'DISTRIBUTION_PROTOCOL_ID','bigint'),(81,20,'SPECIMEN_REQUIREMENT_ID','bigint'),(82,48,'IDENTIFIER','bigint'),(83,48,'EMBEDDING_MEDIUM','varchar'),(84,28,'IDENTIFIER','bigint'),(85,28,'NAME','varchar'),(86,28,'VALUE','varchar'),(87,28,'SPECIMEN_ID','bigint'),(88,49,'IDENTIFIER','bigint'),(89,49,'FIXATION_TYPE','varchar'),(90,49,'DURATION_IN_MINUTES','integer'),(96,50,'IDENTIFIER','bigint'),(97,50,'CELL_COUNT','double'),(98,51,'IDENTIFIER','bigint'),(99,51,'METHOD','varchar'),(100,6,'IDENTIFIER','bigint'),(101,6,'NAME','varchar'),(108,52,'IDENTIFIER','bigint'),(109,52,'GEL_IMAGE_URL','varchar'),(110,52,'QUALITY_INDEX','varchar'),(111,52,'LANE_NUMBER','varchar'),(112,52,'GEL_NUMBER','integer'),(113,52,'ABSORBANCE_AT_260','double'),(114,52,'ABSORBANCE_AT_280','double'),(115,52,'RATIO_28S_TO_18S','double'),(116,31,'IDENTIFIER','bigint'),(117,31,'LAST_NAME','varchar'),(118,31,'FIRST_NAME','varchar'),(119,31,'MIDDLE_NAME','varchar'),(120,31,'BIRTH_DATE','date'),(121,31,'GENDER','varchar'),(122,31,'GENOTYPE','varchar'),(123,31,'RACE','varchar'),(124,31,'ETHNICITY','varchar'),(125,31,'SOCIAL_SECURITY_NUMBER','varchar'),(126,31,'ACTIVITY_STATUS','varchar'),(127,32,'IDENTIFIER','bigint'),(128,32,'MEDICAL_RECORD_NUMBER','varchar'),(129,32,'SITE_ID','bigint'),(130,32,'PARTICIPANT_ID','bigint'),(131,53,'IDENTIFIER','varchar'),(132,53,'CONCEPT_CODE','varchar'),(133,53,'DEFINITION','text'),(134,53,'EVS_CODE','text'),(135,53,'PARENT_IDENTIFIER','varchar'),(136,53,'VALUE','varchar'),(137,53,'PUBLIC_ID','varchar'),(138,54,'IDENTIFIER','bigint'),(139,54,'URL','varchar'),(140,54,'NAME','varchar'),(141,55,'IDENTIFIER','bigint'),(142,55,'TABLE_ID','bigint'),(143,55,'COLUMN_NAME','varchar'),(144,55,'DISPLAY_NAME','varchar'),(145,55,'ATTRIBUTE_TYPE','varchar'),(146,56,'TABLE_ID','bigint'),(147,56,'DISPLAY_NAME','varchar'),(148,56,'TABLE_NAME','varchar'),(149,56,'ALIAS_NAME','varchar'),(150,57,'IDENTIFIER','bigint'),(151,57,'RECEIVED_QUALITY','varchar'),(152,58,'FIRST_TABLE_ID','bigint'),(153,58,'SECOND_TABLE_ID','bigint'),(154,58,'FIRST_TABLE_JOIN_COLUMN','varchar'),(155,58,'SECOND_TABLE_JOIN_COLUMN','varchar'),(156,59,'IDENTIFIER','bigint'),(157,59,'AFFILIATION','varchar'),(158,59,'NAME_OF_REPORTER','varchar'),(159,59,'REPORTERS_EMAIL_ID','varchar'),(160,59,'MESSAGE_BODY','varchar'),(161,59,'SUBJECT','varchar'),(162,59,'REPORTED_DATE','date'),(163,59,'ACTIVITY_STATUS','varchar'),(164,59,'COMMENTS','text'),(165,60,'IDENTIFIER','bigint'),(166,61,'IDENTIFIER','bigint'),(167,61,'FIRST_NAME','varchar'),(168,61,'LAST_NAME','varchar'),(169,61,'LOGIN_NAME','varchar'),(170,61,'EMAIL_ADDRESS','varchar'),(171,61,'START_DATE','date'),(172,61,'ACTIVITY_STATUS','varchar'),(173,61,'DEPARTMENT_ID','bigint'),(174,61,'STREET','varchar'),(175,61,'CITY','varchar'),(176,61,'STATE','varchar'),(177,61,'COUNTRY','varchar'),(178,61,'ZIPCODE','varchar'),(179,61,'PHONE_NUMBER','varchar'),(180,61,'FAX_NUMBER','varchar'),(181,61,'CANCER_RESEARCH_GROUP_ID','bigint'),(182,61,'INSTITUTION_ID','bigint'),(183,61,'STATUS_COMMENT','text'),(184,3,'IDENTIFIER','bigint'),(185,3,'NAME','varchar'),(186,3,'TYPE','varchar'),(187,3,'EMAIL_ADDRESS','varchar'),(188,3,'USER_ID','bigint'),(189,3,'ACTIVITY_STATUS','varchar'),(190,3,'ADDRESS_ID','bigint'),(191,33,'IDENTIFIER','bigint'),(192,33,'TYPE','varchar'),(193,33,'AVAILABLE','tinyint'),(194,33,'POSITION_DIMENSION_ONE','integer'),(195,33,'POSITION_DIMENSION_TWO','integer'),(196,33,'BARCODE','varchar'),(197,33,'COMMENTS','varchar'),(198,33,'ACTIVITY_STATUS','varchar'),(199,33,'PARENT_SPECIMEN_ID','bigint'),(200,33,'STORAGE_CONTAINER_IDENTIFIER','bigint'),(201,33,'SPECIMEN_COLLECTION_GROUP_ID','bigint'),(202,33,'SPECIMEN_CHARACTERISTICS_ID','bigint'),(102,33,'SPECIMEN_CLASS','varchar'),(103,33,'QUANTITY','double'),(104,33,'AVAILABLE_QUANTITY','double'),(105,33,'CONCENTRATION','double'),(203,62,'BIOHAZARD_ID','bigint'),(204,62,'SPECIMEN_ID','bigint'),(205,34,'IDENTIFIER','bigint'),(206,34,'TISSUE_SITE','varchar'),(207,34,'TISSUE_SIDE','varchar'),(208,34,'PATHOLOGICAL_STATUS','varchar'),(209,35,'IDENTIFIER','bigint'),(210,35,'CLINICAL_DIAGNOSIS','varchar'),(211,35,'CLINICAL_STATUS','varchar'),(212,35,'ACTIVITY_STATUS','varchar'),(213,35,'SITE_ID','bigint'),(214,35,'COLLECTION_PROTOCOL_EVENT_ID','bigint'),(215,35,'CLINICAL_REPORT_ID','bigint'),(216,35,'COLLECTION_PROTOCOL_REG_ID','bigint'),(217,63,'IDENTIFIER','bigint'),(218,63,'SPECIMEN_ID','bigint'),(219,63,'EVENT_TIMESTAMP','timestamptime'),(220,63,'USER_ID','bigint'),(221,63,'COMMENTS','text'),(296,63,'EVENT_TIMESTAMP','timestampdate'),(222,9,'IDENTIFIER','bigint'),(223,9,'PRINCIPAL_INVESTIGATOR_ID','bigint'),(224,9,'TITLE','varchar'),(225,9,'SHORT_TITLE','varchar'),(226,9,'IRB_IDENTIFIER','varchar'),(227,9,'START_DATE','date'),(228,9,'END_DATE','date'),(229,9,'ENROLLMENT','integer'),(230,9,'DESCRIPTION_URL','varchar'),(231,9,'ACTIVITY_STATUS','varchar'),(232,12,'IDENTIFIER','bigint'),(233,12,'SPECIMEN_TYPE','varchar'),(234,12,'TISSUE_SITE','varchar'),(235,12,'PATHOLOGY_STATUS','varchar'),(37,12,'QUANTITY','double'),(38,12,'SPECIMEN_CLASS','varchar'),(236,64,'IDENTIFIER','bigint'),(237,64,'GFORCE','double'),(238,64,'DURATION_IN_MINUTES','integer'),(239,21,'IDENTIFIER','bigint'),(240,21,'CONTAINER_NUMBER','integer'),(241,21,'TEMPERATURE','double'),(242,21,'IS_CONTAINER_FULL','tinyint'),(243,21,'BARCODE','varchar'),(244,21,'ACTIVITY_STATUS','varchar'),(245,21,'STORAGE_TYPE_ID','bigint'),(246,21,'SITE_ID','bigint'),(247,21,'PARENT_CONTAINER_ID','bigint'),(248,21,'STORAGE_CONTAINER_CAPACITY_ID','bigint'),(249,21,'POSITION_DIMENSION_ONE','integer'),(250,21,'POSITION_DIMENSION_TWO','integer'),(251,2,'IDENTIFIER','bigint'),(252,2,'ONE_DIMENSION_CAPACITY','integer'),(253,2,'TWO_DIMENSION_CAPACITY','integer'),(254,22,'IDENTIFIER','bigint'),(255,22,'PARAMETER_NAME','varchar'),(256,22,'VALUE','varchar'),(257,22,'STORAGE_CONTAINER_ID','bigint'),(258,1,'IDENTIFIER','bigint'),(259,1,'TYPE','varchar'),(260,1,'DEFAULT_TEMP_IN_CENTIGRADE','double'),(261,1,'ONE_DIMENSION_LABEL','varchar'),(262,1,'TWO_DIMENSION_LABEL','varchar'),(263,1,'STORAGE_CONTAINER_CAPACITY_ID','bigint'),(264,65,'PARENT_TABLE_ID','bigint'),(265,65,'CHILD_TABLE_ID','bigint'),(266,66,'IDENTIFIER','bigint'),(272,67,'IDENTIFIER','bigint'),(273,67,'NEOPLASTIC_CELLULARITY_PER','double'),(274,67,'NECROSIS_PERCENTAGE','double'),(275,67,'LYMPHOCYTIC_PERCENTAGE','double'),(276,67,'TOTAL_CELLULARITY_PERCENTAGE','double'),(277,67,'HISTOLOGICAL_QUALITY','varchar'),(278,68,'IDENTIFIER','bigint'),(279,68,'FROM_POSITION_DIMENSION_ONE','integer'),(280,68,'FROM_POSITION_DIMENSION_TWO','integer'),(281,68,'TO_POSITION_DIMENSION_ONE','integer'),(282,68,'TO_POSITION_DIMENSION_TWO','integer'),(283,68,'TO_STORAGE_CONTAINER_ID','bigint'),(284,68,'FROM_STORAGE_CONTAINER_ID','bigint'),(285,23,'IDENTIFIER','bigint'),(286,23,'ACTIVITY_STATUS','varchar'),(287,23,'DEPARTMENT_ID','bigint'),(288,23,'CANCER_RESEARCH_GROUP_ID','bigint'),(289,23,'INSTITUTION_ID','bigint'),(290,23,'ADDRESS_ID','bigint'),(291,23,'STATUS_COMMENT','text'),(292,23,'LAST_NAME','varchar'),(293,23,'FIRST_NAME','varchar'),(294,23,'LOGIN_NAME','varchar'),(295,23,'START_DATE','date');
UNLOCK TABLES;
/*!40000 ALTER TABLE `catissue_interface_column_data` ENABLE KEYS */;

--
-- Table structure for table `catissue_mol_spe_review_param`
--

DROP TABLE IF EXISTS `catissue_mol_spe_review_param`;
CREATE TABLE `catissue_mol_spe_review_param` (
  `IDENTIFIER` bigint(20) NOT NULL default '0',
  `GEL_IMAGE_URL` varchar(200) default NULL,
  `QUALITY_INDEX` varchar(50) default NULL,
  `LANE_NUMBER` varchar(50) default NULL,
  `GEL_NUMBER` int(11) default NULL,
  `ABSORBANCE_AT_260` double default NULL,
  `ABSORBANCE_AT_280` double default NULL,
  `RATIO_28S_TO_18S` double default NULL,
  PRIMARY KEY  (`IDENTIFIER`),
  KEY `FK5280ECEBC7298A9` (`IDENTIFIER`)
) ENGINE=MyISAM;

--
-- Dumping data for table `catissue_mol_spe_review_param`
--


/*!40000 ALTER TABLE `catissue_mol_spe_review_param` DISABLE KEYS */;
LOCK TABLES `catissue_mol_spe_review_param` WRITE;
INSERT INTO `catissue_mol_spe_review_param` VALUES (4,'','90','6',123,0.8,0.4,1.8);
UNLOCK TABLES;
/*!40000 ALTER TABLE `catissue_mol_spe_review_param` ENABLE KEYS */;

--
-- Table structure for table `catissue_part_medical_id`
--

DROP TABLE IF EXISTS `catissue_part_medical_id`;
CREATE TABLE `catissue_part_medical_id` (
  `IDENTIFIER` bigint(20) NOT NULL auto_increment,
  `MEDICAL_RECORD_NUMBER` varchar(50) default NULL,
  `SITE_ID` bigint(20) default NULL,
  `PARTICIPANT_ID` bigint(20) default NULL,
  PRIMARY KEY  (`IDENTIFIER`),
  UNIQUE KEY `mrn_site_unique` (`MEDICAL_RECORD_NUMBER`,`SITE_ID`),
  KEY `FK349E77F9A7F77D13` (`SITE_ID`),
  KEY `FK349E77F987E5ADC7` (`PARTICIPANT_ID`)
) ENGINE=MyISAM;

--
-- Dumping data for table `catissue_part_medical_id`
--


/*!40000 ALTER TABLE `catissue_part_medical_id` DISABLE KEYS */;
LOCK TABLES `catissue_part_medical_id` WRITE;
INSERT INTO `catissue_part_medical_id` VALUES (1,NULL,NULL,1),(2,NULL,NULL,2),(3,NULL,NULL,3),(4,NULL,NULL,4),(5,'ewgrweger',4,5),(6,'1033869',4,6),(7,NULL,NULL,7),(8,'103386-9',1,8),(9,'103386-0',1,10),(10,'1234567',5,11),(11,NULL,NULL,12),(12,'xxx',1,13),(13,NULL,NULL,14),(14,'sdsd',4,15),(15,NULL,NULL,16),(16,'123123456',6,17),(17,'dsfdsdfs',5,18),(18,NULL,NULL,19),(19,NULL,NULL,20),(20,NULL,NULL,21),(21,NULL,NULL,22),(22,NULL,NULL,23),(23,NULL,NULL,24),(24,NULL,NULL,25),(25,NULL,NULL,26),(26,NULL,NULL,27),(27,NULL,NULL,28),(28,NULL,NULL,29),(29,NULL,NULL,30),(30,NULL,NULL,31),(31,NULL,NULL,32),(32,NULL,NULL,33),(33,NULL,NULL,34),(34,NULL,NULL,35),(35,NULL,NULL,36),(36,NULL,NULL,37),(37,NULL,NULL,38),(38,NULL,NULL,39),(39,NULL,NULL,40),(40,NULL,NULL,41),(41,NULL,NULL,42),(42,NULL,NULL,43),(43,NULL,NULL,44),(44,NULL,NULL,45),(45,NULL,NULL,46),(46,NULL,NULL,47),(47,NULL,NULL,48),(48,NULL,NULL,49),(49,NULL,NULL,50),(50,NULL,NULL,51),(51,NULL,NULL,52),(52,NULL,NULL,53),(53,NULL,NULL,54),(54,'3133',13,55),(55,NULL,NULL,56),(56,'32414',2,57),(57,NULL,NULL,58),(58,NULL,NULL,59),(59,'9817726287',4,60),(60,NULL,NULL,61),(61,NULL,NULL,62),(62,NULL,NULL,63),(63,'U9999999',9,64),(64,'12-4567',5,65),(65,'CAMP0001',4,65),(66,NULL,NULL,66),(67,NULL,NULL,67),(68,'T-123',5,68),(69,'ABC123',7,69),(70,NULL,NULL,70),(71,'12345678',13,71),(72,'12345679',13,72);
UNLOCK TABLES;
/*!40000 ALTER TABLE `catissue_part_medical_id` ENABLE KEYS */;

--
-- Table structure for table `catissue_participant`
--

DROP TABLE IF EXISTS `catissue_participant`;
CREATE TABLE `catissue_participant` (
  `IDENTIFIER` bigint(20) NOT NULL auto_increment,
  `LAST_NAME` varchar(50) default NULL,
  `FIRST_NAME` varchar(50) default NULL,
  `MIDDLE_NAME` varchar(50) default NULL,
  `BIRTH_DATE` date default NULL,
  `GENDER` varchar(20) default NULL,
  `GENOTYPE` varchar(50) default NULL,
  `RACE` varchar(50) default NULL,
  `ETHNICITY` varchar(50) default NULL,
  `SOCIAL_SECURITY_NUMBER` varchar(50) default NULL,
  `ACTIVITY_STATUS` varchar(20) default NULL,
  PRIMARY KEY  (`IDENTIFIER`),
  UNIQUE KEY `SOCIAL_SECURITY_NUMBER` (`SOCIAL_SECURITY_NUMBER`)
) ENGINE=MyISAM;

--
-- Dumping data for table `catissue_participant`
--


/*!40000 ALTER TABLE `catissue_participant` DISABLE KEYS */;
LOCK TABLES `catissue_participant` WRITE;
INSERT INTO `catissue_participant` VALUES (1,'Mouse','Mickey','','1902-01-01','Male','Mosaic including XXXXY','White Mountain Apache','Ecuadorian','111-11-1111','Active'),(2,'Smith','Mary','A','1954-05-06','Female','XX','African American','Not Hispanic or Latino','123-45-6789','Active'),(3,'','','',NULL,NULL,NULL,NULL,NULL,NULL,'Active'),(4,'Mickey','Mouse','Disney','1920-01-01','Male','XY',NULL,NULL,NULL,'Active'),(5,'t','re','e','1966-02-22','Female','XX','Acoma','Belearic Islander',NULL,'Active'),(6,'May','Locke','','2004-07-28','Female','Unknown','African','Hispanic or Latino','336-45-6777','Active'),(7,'','','',NULL,NULL,NULL,NULL,NULL,NULL,'Active'),(8,'Locke','May','','1950-05-18','Female','Unknown','Asian',NULL,'545-98-5253','Active'),(9,'Locke','May','','1950-05-18','Female','Unknown','Asian',NULL,'545-98-5254','Active'),(10,'Locke','May','','1950-05-18','Female','Unknown','Asian',NULL,'545-99-5254','Active'),(11,'Fruitmick','Fruita','','1990-04-12','Female','Klinefelter\'s Syndrome','African','Ecuadorian',NULL,'Active'),(12,'rai','ash','','2001-01-01','Female','Klinefelter\'s Syndrome','Absentee Shawnee','Andalusian','111-11-1121','Active'),(13,'Martha','Stewert','','1933-10-10','Female','XXYY Syndrome','Unalakleet','Belearic Islander','222-22-2211','Active'),(14,'Smith','Sally','A',NULL,NULL,NULL,NULL,NULL,NULL,'Active'),(15,'Demo','Demo','Demo','1990-10-12','Female','XX','Akiachak','Andalusian','565-56-5656','Active'),(16,'','','',NULL,NULL,NULL,NULL,NULL,NULL,'Active'),(17,'Public','Joe','G','1950-01-01','Male','XY','White','Not Hispanic or Latino','111-22-3333','Active'),(18,'Doe','John','L',NULL,NULL,NULL,NULL,NULL,NULL,'Active'),(19,'','','',NULL,NULL,NULL,NULL,NULL,NULL,'Active'),(20,'Patient1','Jack','A','1920-01-11','Male','XY','African American','Not Hispanic or Latino','654-45-6789','Active'),(21,'Patient2','Bob','B','1945-07-11','Male','XY','White','Not Hispanic or Latino','987-88-8888','Active'),(22,'Patient3','Charlie','C','1960-08-13','Male','XY','White','Not Hispanic or Latino','666-54-5432','Active'),(23,'Patient4','David','D','1944-05-16','Male','XY','White','Not Hispanic or Latino','777-77-7777','Active'),(24,'Patient5','Ernie','E','1955-09-23','Male','XY','African American','Not Hispanic or Latino','555-55-6789','Active'),(25,'Patient6','Frank','F','1934-02-11','Male','XY','African American','Not Hispanic or Latino','444-87-8777','Active'),(26,'','','',NULL,NULL,NULL,NULL,NULL,NULL,'Active'),(27,'','','',NULL,NULL,NULL,NULL,NULL,NULL,'Active'),(28,'Patient10','Jack','','1923-05-23','Male','XY','White','Not Hispanic or Latino','997-99-4556','Active'),(29,'Patient11','Bill','A','1937-09-01','Male','XY','African American',NULL,'098-67-6566','Active'),(30,'Patient12','James','A','1941-03-23','Male','XY','African American','Not Hispanic or Latino','334-34-9889','Active'),(31,'Patient13','Charles','V','1950-11-11','Male','XY','African American','Not Hispanic or Latino','654-33-9843','Active'),(32,'Patient14','Howard','H','1910-12-12','Male','XY','African American','Not Hispanic or Latino','011-87-8541','Active'),(33,'Patient15','Peter','G','1933-06-28','Male','XY','White','Not Hispanic or Latino','043-76-1891','Active'),(34,'Patient16','Michael','K','1959-11-12','Male','XY','African American','Not Hispanic or Latino',NULL,'Active'),(35,'Patient17','Rufus','L','1929-01-20','Male','XY','White','Not Hispanic or Latino','099-87-1234','Active'),(36,'Patient18','George','P','1967-09-08','Male','XY','White','Not Hispanic or Latino','887-54-1267','Active'),(37,'Patient19','Trevor','P','1942-04-18','Male','XY','White','Not Hispanic or Latino','431-88-8888','Active'),(38,'Patient20','Thomas','D','1920-06-24','Male','XY','African American',NULL,NULL,'Active'),(39,'Patient21','Kyle','B','1914-11-24','Male',NULL,'White',NULL,NULL,'Active'),(40,'Patient22','Ronald','T','1922-09-08','Male',NULL,'White',NULL,NULL,'Active'),(41,'Pateint23','Arnold','L','1950-12-24','Male',NULL,'White',NULL,NULL,'Active'),(42,'Patiemt24','Brian','R','1958-06-19','Male',NULL,'White',NULL,NULL,'Active'),(43,'Patient25','Daniel','L','1961-03-28','Male',NULL,'African American',NULL,NULL,'Active'),(44,'Patient26','Ernie','K','1934-06-26','Male',NULL,'White',NULL,NULL,'Active'),(45,'Patient27','Frank','M','1965-07-28','Male',NULL,'African American',NULL,NULL,'Active'),(46,'Patient28','Gary','J','1933-10-10','Male',NULL,'White',NULL,NULL,'Active'),(47,'Patient30','Horace','Q','1920-10-01','Male',NULL,'White',NULL,NULL,'Active'),(48,'Patient31','Jason','G','1966-10-30','Male',NULL,'White',NULL,NULL,'Active'),(49,'Patient32','Leonard','D','1944-01-01','Male',NULL,'White',NULL,NULL,'Active'),(50,'Patient33','Michael','K','1910-10-19','Male',NULL,'African American',NULL,NULL,'Active'),(51,'Patient34','Nathan','H','1949-02-13','Male',NULL,'African American',NULL,NULL,'Active'),(52,'Patient35','Oscar','M','1948-08-19','Male',NULL,'African American',NULL,NULL,'Active'),(53,'jones','billy','','2006-06-04','Male',NULL,NULL,NULL,NULL,'Active'),(54,'dummy','patient','','2006-06-04','Male',NULL,NULL,NULL,NULL,'Active'),(55,'Schmoe','Joe','A','1945-05-18','Female','XX','Absentee Shawnee','Costa Rican','111-11-1234','Active'),(56,'plea','bargain','',NULL,NULL,NULL,NULL,NULL,NULL,'Active'),(57,'JKPart','a','a','1955-01-01','Male',NULL,NULL,NULL,NULL,'Active'),(58,'','','',NULL,NULL,NULL,NULL,NULL,NULL,'Active'),(59,'kaake','koon','',NULL,'Male',NULL,NULL,NULL,NULL,'Active'),(60,'Cancer','Patient','','1940-05-19','Male','XY','African American','Not Hispanic or Latino','123-09-8888','Active'),(61,'','','',NULL,NULL,NULL,NULL,NULL,NULL,'Active'),(62,'','','',NULL,NULL,NULL,NULL,NULL,NULL,'Active'),(63,'t','t','',NULL,NULL,NULL,NULL,NULL,NULL,'Active'),(64,'Doe','Jane','Bambi','1957-06-15','Female','XX',NULL,NULL,'123-45-9876','Active'),(65,'','','','1948-01-01','Female',NULL,NULL,NULL,NULL,'Active'),(66,'','','',NULL,NULL,NULL,NULL,NULL,NULL,'Active'),(67,'','','',NULL,NULL,NULL,NULL,NULL,NULL,'Active'),(68,'','','',NULL,'Female',NULL,NULL,NULL,NULL,'Active'),(69,'','','',NULL,'Male',NULL,NULL,NULL,NULL,'Active'),(70,'','','',NULL,NULL,NULL,NULL,NULL,NULL,'Active'),(71,'Smith','Smith','','2001-01-01','Male',NULL,NULL,NULL,NULL,'Active'),(72,'Smithe','Smithe','','2001-01-02','Male',NULL,NULL,NULL,NULL,'Active');
UNLOCK TABLES;
/*!40000 ALTER TABLE `catissue_participant` ENABLE KEYS */;

--
-- Table structure for table `catissue_permissible_value`
--

DROP TABLE IF EXISTS `catissue_permissible_value`;
CREATE TABLE `catissue_permissible_value` (
  `IDENTIFIER` bigint(20) NOT NULL auto_increment,
  `CONCEPT_CODE` varchar(40) default NULL,
  `DEFINITION` text,
  `PARENT_IDENTIFIER` bigint(20) default NULL,
  `VALUE` varchar(100) default NULL,
  `PUBLIC_ID` varchar(30) default NULL,
  PRIMARY KEY  (`IDENTIFIER`),
  KEY `FK57DDCE153B5435E` (`PARENT_IDENTIFIER`),
  KEY `FK57DDCE1FC56C2B1` (`PUBLIC_ID`)
) ENGINE=MyISAM;

--
-- Dumping data for table `catissue_permissible_value`
--


/*!40000 ALTER TABLE `catissue_permissible_value` DISABLE KEYS */;
LOCK TABLES `catissue_permissible_value` WRITE;
INSERT INTO `catissue_permissible_value` VALUES (1,NULL,NULL,NULL,'Molecular','2003991'),(2,NULL,NULL,NULL,'Cell','2003991'),(3,NULL,NULL,NULL,'Fluid','2003991'),(4,NULL,NULL,NULL,'Tissue','2003991'),(5,NULL,NULL,1,'RNA, poly-A enriched',NULL),(6,NULL,NULL,1,'RNA, nuclear',NULL),(7,NULL,NULL,1,'Not Specified',NULL),(8,NULL,NULL,1,'protein',NULL),(9,NULL,NULL,1,'cDNA',NULL),(10,NULL,NULL,1,'RNA',NULL),(11,NULL,NULL,1,'DNA',NULL),(12,NULL,NULL,1,'RNA, cytoplasmic',NULL),(13,NULL,NULL,2,'Frozen Cell Pellet',NULL),(14,NULL,NULL,2,'Fixed Cell Block',NULL),(15,NULL,NULL,2,'Frozen Cell Block',NULL),(16,NULL,NULL,2,'Not Specified',NULL),(17,NULL,NULL,2,'Cryopreserved Cells',NULL),(18,NULL,NULL,3,'Whole Bone Marrow',NULL),(19,NULL,NULL,3,'Saliva',NULL),(20,NULL,NULL,3,'Plasma',NULL),(21,NULL,NULL,3,'Body Cavity Fluid',NULL),(22,NULL,NULL,3,'Milk',NULL),(23,NULL,NULL,3,'Pericardial Fluid',NULL),(24,NULL,NULL,3,'Lavage',NULL),(25,NULL,NULL,3,'Whole Blood',NULL),(26,NULL,NULL,3,'Vitreous Fluid',NULL),(27,NULL,NULL,3,'Gastric Fluid',NULL),(28,NULL,NULL,3,'Not Specified',NULL),(29,NULL,NULL,3,'Bone Marrow Plasma',NULL),(30,NULL,NULL,3,'Urine',NULL),(31,NULL,NULL,3,'Serum',NULL),(32,NULL,NULL,3,'Amniotic Fluid',NULL),(33,NULL,NULL,3,'Cerebrospinal Fluid',NULL),(34,NULL,NULL,3,'Bile',NULL),(35,NULL,NULL,3,'Synovial Fluid',NULL),(36,NULL,NULL,3,'Sweat',NULL),(37,NULL,NULL,3,'Feces',NULL),(38,NULL,NULL,4,'Fixed Tissue',NULL),(39,NULL,NULL,4,'Fixed Tissue Block',NULL),(40,NULL,NULL,4,'Frozen Tissue Block',NULL),(41,NULL,NULL,4,'Fixed Tissue Slide',NULL),(42,NULL,NULL,4,'Frozen Tissue Slide',NULL),(43,NULL,NULL,4,'Fresh Tissue',NULL),(44,NULL,NULL,4,'Microdissected',NULL),(45,NULL,NULL,4,'Frozen Tissue',NULL),(46,NULL,NULL,4,'Not Specified',NULL),(47,NULL,NULL,NULL,'Relapse, Not Specified','2003988'),(48,NULL,NULL,NULL,'Post-Operative','2003988'),(49,NULL,NULL,NULL,'Not Specified','2003988'),(50,NULL,NULL,NULL,'Operative','2003988'),(51,NULL,NULL,NULL,'Remission','2003988'),(52,NULL,NULL,NULL,'Pre-Operative','2003988'),(53,NULL,NULL,NULL,'Pre-Therapy','2003988'),(54,NULL,NULL,NULL,'Relapse, Distant Site','2003988'),(55,NULL,NULL,NULL,'No Diagnosis / Control','2003988'),(56,NULL,NULL,NULL,'Post-Therapy','2003988'),(57,NULL,NULL,NULL,'New Diagnosis','2003988'),(58,NULL,NULL,NULL,'Relapse, Primary Site','2003988'),(59,NULL,NULL,NULL,'Male','2003989'),(60,NULL,NULL,NULL,'Unspecified','2003989'),(61,NULL,NULL,NULL,'Female','2003989'),(2636,NULL,NULL,NULL,'Unknown','2003989'),(62,NULL,NULL,NULL,'Unknown','2003990'),(63,NULL,NULL,NULL,'XXXY Syndrome','2003990'),(64,NULL,NULL,NULL,'Penta X Syndrome','2003990'),(65,NULL,NULL,NULL,'Mosaic including XXXXY','2003990'),(66,NULL,NULL,NULL,'XY','2003990'),(67,NULL,NULL,NULL,'Klinefelter\'s Syndrome','2003990'),(68,NULL,NULL,NULL,'XX','2003990'),(69,NULL,NULL,NULL,'XXX','2003990'),(70,NULL,NULL,NULL,'XXYY Syndrome','2003990'),(71,NULL,NULL,NULL,'Not Applicable','2003992'),(72,NULL,NULL,NULL,'Right','2003992'),(73,NULL,NULL,NULL,'Left','2003992'),(74,NULL,NULL,NULL,'Not Specified','2003992'),(75,NULL,NULL,NULL,'Malignant, Invasive','2003993'),(76,NULL,NULL,NULL,'Malignant, Pre-Invasive','2003993'),(77,NULL,NULL,NULL,'Non-Malignant','2003993'),(78,NULL,NULL,NULL,'Non-Malignant, Diseased','2003993'),(79,NULL,NULL,NULL,'Pre-Malignant','2003993'),(80,NULL,NULL,NULL,'Not Specified','2003993'),(81,NULL,NULL,NULL,'Malignant','2003993'),(82,NULL,NULL,NULL,'Metastatic','2003993'),(83,NULL,NULL,NULL,'Quantity Not Sufficient','2003994'),(84,NULL,NULL,NULL,'Cauterized','2003994'),(85,NULL,NULL,NULL,'Unacceptable, Not Specified','2003994'),(86,NULL,NULL,NULL,'Hemorrhagic','2003994'),(87,NULL,NULL,NULL,'Lipemic','2003994'),(88,NULL,NULL,NULL,'Frozen','2003994'),(89,NULL,NULL,NULL,'Not Specified','2003994'),(90,NULL,NULL,NULL,'Damaged','2003994'),(91,NULL,NULL,NULL,'Thawed','2003994'),(92,NULL,NULL,NULL,'Clotted','2003994'),(93,NULL,NULL,NULL,'Hemolyzed','2003994'),(94,NULL,NULL,NULL,'Acceptable','2003994'),(95,NULL,NULL,NULL,'Neutral Buffered Formalin','2003995'),(96,NULL,NULL,NULL,'Not Specified','2003995'),(97,NULL,NULL,NULL,'Formaldehyde','2003995'),(98,NULL,NULL,NULL,'Ethanol, 70%','2003995'),(99,NULL,NULL,NULL,'Methacarn','2003995'),(100,NULL,NULL,NULL,'Bouin\'s','2003995'),(101,NULL,NULL,NULL,'RNALater','2003995'),(102,NULL,NULL,NULL,'Methanol','2003995'),(103,NULL,NULL,NULL,'UM-Fix','2003995'),(104,NULL,NULL,NULL,'Surgical Resection','2003996'),(105,NULL,NULL,NULL,'Lavage','2003996'),(106,NULL,NULL,NULL,'Needle Core Biopsy','2003996'),(107,NULL,NULL,NULL,'Needle Aspirate','2003996'),(108,NULL,NULL,NULL,'Indwelling Catheter','2003996'),(109,NULL,NULL,NULL,'Venipuncture','2003996'),(110,NULL,NULL,NULL,'Not Specified','2003996'),(111,NULL,NULL,NULL,'ACD Vacutainer','2003997'),(112,NULL,NULL,NULL,'Heparin Vacutainer','2003997'),(113,NULL,NULL,NULL,'EDTA Vacutainer','2003997'),(114,NULL,NULL,NULL,'Serum Separator Vacutainer','2003997'),(115,NULL,NULL,NULL,'Sterile Specimen Container','2003997'),(116,NULL,NULL,NULL,'No Additive Vacutainer','2003997'),(117,NULL,NULL,NULL,'Citrate Vacutainer','2003997'),(118,NULL,NULL,NULL,'Not Specified','2003997'),(119,NULL,NULL,NULL,'Liquid Nitrogen Vapor','2003998'),(120,NULL,NULL,NULL,'Liquid Notrogen / Isopentane','2003998'),(121,NULL,NULL,NULL,'Liquid Nitrogen','2003998'),(122,NULL,NULL,NULL,'Dry Ice / Hydrocarbon Slurry','2003998'),(123,NULL,NULL,NULL,'Not Specified','2003998'),(124,NULL,NULL,NULL,'Aerosol Spray','2003998'),(125,NULL,NULL,NULL,'Cryostat','2003998'),(126,NULL,NULL,NULL,'Dry Ice','2003998'),(127,NULL,NULL,NULL,'Cryobath','2003998'),(128,NULL,NULL,NULL,'Freezing Media, Not Specified','2003999'),(129,NULL,NULL,NULL,'Paraffin','2003999'),(130,NULL,NULL,NULL,'Low Melting Point Paraffin','2003999'),(131,NULL,NULL,NULL,'Optimal Cutting Temperature Media','2003999'),(132,NULL,NULL,NULL,'Plastic','2003999'),(133,NULL,NULL,NULL,'Not Specified','2003999'),(134,NULL,NULL,NULL,'Toxic','2004000'),(135,NULL,NULL,NULL,'Carcinogen','2004000'),(136,NULL,NULL,NULL,'Infectious','2004000'),(137,NULL,NULL,NULL,'Radioactive','2004000'),(138,NULL,NULL,NULL,'Not Specified','2004000'),(139,NULL,NULL,NULL,'Mutagen','2004000'),(140,NULL,NULL,NULL,'Fair- Definable Tissue Architecture','Hist_Quality'),(141,NULL,NULL,NULL,'Not Specified','Hist_Quality'),(142,NULL,NULL,NULL,'Good- Definable Cellular Detail','Hist_Quality'),(143,NULL,NULL,NULL,'Excellent- Definable Nuclear Detail','Hist_Quality'),(144,NULL,NULL,NULL,'Poor- No Definable Features','Hist_Quality'),(145,NULL,NULL,NULL,'Laboratory','Site_Type_PID'),(146,NULL,NULL,NULL,'Repository','Site_Type_PID'),(147,NULL,NULL,NULL,'Not Specified','Site_Type_PID'),(148,NULL,NULL,NULL,'Collection Site','Site_Type_PID'),(149,NULL,NULL,NULL,'DIGESTIVE ORGANS','Tissue_Site_PID'),(150,NULL,NULL,149,'RECTUM',NULL),(151,NULL,NULL,150,'Rectum, NOS',NULL),(152,NULL,NULL,149,'ESOPHAGUS',NULL),(153,NULL,NULL,152,'Esophagus, NOS',NULL),(154,NULL,NULL,152,'Middle third of esophagus',NULL),(155,NULL,NULL,152,'Lower third of esophagus',NULL),(156,NULL,NULL,152,'Abdominal esophagus',NULL),(157,NULL,NULL,152,'Upper third of esophagus',NULL),(158,NULL,NULL,152,'Thoracic esophagus',NULL),(159,NULL,NULL,152,'Cervical esophagus',NULL),(160,NULL,NULL,152,'Overlapping lesion of esophagus',NULL),(161,NULL,NULL,149,'COLON',NULL),(162,NULL,NULL,161,'Hepatic flexure of colon',NULL),(163,NULL,NULL,161,'Colon, NOS',NULL),(164,NULL,NULL,161,'Descending colon',NULL),(165,NULL,NULL,161,'Cecum',NULL),(166,NULL,NULL,161,'Sigmoid colon',NULL),(167,NULL,NULL,161,'Splenic flexure of colon',NULL),(168,NULL,NULL,161,'Ascending colon',NULL),(169,NULL,NULL,161,'Transverse colon',NULL),(170,NULL,NULL,161,'Overlapping lesion of colon',NULL),(171,NULL,NULL,161,'Appendix',NULL),(172,NULL,NULL,149,'GALLBLADDER',NULL),(173,NULL,NULL,172,'Gallbladder',NULL),(174,NULL,NULL,149,'OTHER AND UNSPECIFIED PARTS OF BILIARY TRACT',NULL),(175,NULL,NULL,174,'Ampulla of Vater',NULL),(176,NULL,NULL,174,'Biliary tract, NOS',NULL),(177,NULL,NULL,174,'Overlapping lesion of biliary tract',NULL),(178,NULL,NULL,174,'Extrahepatic bile duct',NULL),(179,NULL,NULL,149,'LIVER AND INTRAHEPATIC BILE DUCTS',NULL),(180,NULL,NULL,179,'Intrahepatic bile duct',NULL),(181,NULL,NULL,179,'Liver',NULL),(182,NULL,NULL,149,'RECTOSIGMOID JUNCTION',NULL),(183,NULL,NULL,182,'Rectosigmoid junction',NULL),(184,NULL,NULL,149,'PANCREAS',NULL),(185,NULL,NULL,184,'Pancreatic duct',NULL),(186,NULL,NULL,184,'Tail of pancreas',NULL),(187,NULL,NULL,184,'Pancreas, NOS',NULL),(188,NULL,NULL,184,'Other specified parts of pancreas',NULL),(189,NULL,NULL,184,'Islets of Langerhans',NULL),(190,NULL,NULL,184,'Overlapping lesion of pancreas',NULL),(191,NULL,NULL,184,'Body of pancreas',NULL),(192,NULL,NULL,184,'Head of pancreas',NULL),(193,NULL,NULL,149,'OTHER AND ILL-DEFINED DIGESTIVE ORGANS',NULL),(194,NULL,NULL,193,'Gastrointestinal tract, NOS',NULL),(195,NULL,NULL,193,'Overlapping lesion of digestive system',NULL),(196,NULL,NULL,193,'Intestinal tract, NOS',NULL),(197,NULL,NULL,149,'SMALL INTESTINE',NULL),(198,NULL,NULL,197,'Small intestine, NOS',NULL),(199,NULL,NULL,197,'Duodenum',NULL),(200,NULL,NULL,197,'Meckel\'s diverticulum',NULL),(201,NULL,NULL,197,'Jejunum',NULL),(202,NULL,NULL,197,'Overlapping lesion of small intestine',NULL),(203,NULL,NULL,197,'Ileum',NULL),(204,NULL,NULL,149,'ANUS AND ANAL CANAL',NULL),(205,NULL,NULL,204,'Anus, NOS',NULL),(206,NULL,NULL,204,'Anal canal',NULL),(207,NULL,NULL,204,'Cloacogenic zone',NULL),(208,NULL,NULL,204,'Overlapping lesion of rectum, anus and anal canal',NULL),(209,NULL,NULL,149,'STOMACH',NULL),(210,NULL,NULL,209,'Stomach, NOS',NULL),(211,NULL,NULL,209,'Greater curvature of stomach, NOS',NULL),(212,NULL,NULL,209,'Fundus of stomach',NULL),(213,NULL,NULL,209,'Pylorus',NULL),(214,NULL,NULL,209,'Cardia, NOS',NULL),(215,NULL,NULL,209,'Overlapping lesion of stomach',NULL),(216,NULL,NULL,209,'Lesser curvature of stomach, NOS',NULL),(217,NULL,NULL,209,'Gastric antrum',NULL),(218,NULL,NULL,209,'Body of stomach',NULL),(219,NULL,NULL,NULL,'SKIN','Tissue_Site_PID'),(220,NULL,NULL,219,'Skin of other and unspecified parts of face',NULL),(221,NULL,NULL,219,'Skin, NOS',NULL),(222,NULL,NULL,219,'Skin of upper limb and shoulder',NULL),(223,NULL,NULL,219,'Overlapping lesion of skin',NULL),(224,NULL,NULL,219,'Skin of lower limb and hip',NULL),(225,NULL,NULL,219,'External ear',NULL),(226,NULL,NULL,219,'Eyelid',NULL),(227,NULL,NULL,219,'Skin of lip, NOS',NULL),(228,NULL,NULL,219,'Skin of trunk',NULL),(229,NULL,NULL,219,'Skin of scalp and neck',NULL),(230,NULL,NULL,NULL,'MALE GENITAL ORGANS','Tissue_Site_PID'),(231,NULL,NULL,230,'OTHER AND UNSPECIFIED MALE GENITAL ORGANS',NULL),(232,NULL,NULL,231,'Scrotum, NOS',NULL),(233,NULL,NULL,231,'Male genital organs, NOS',NULL),(234,NULL,NULL,231,'Overlapping lesion of male genital organs',NULL),(235,NULL,NULL,231,'Epididymis',NULL),(236,NULL,NULL,231,'Spermatic cord',NULL),(237,NULL,NULL,231,'Other specified parts of male genital organs',NULL),(238,NULL,NULL,230,'TESTIS',NULL),(239,NULL,NULL,238,'Testis, NOS',NULL),(240,NULL,NULL,238,'Undescended testis',NULL),(241,NULL,NULL,238,'Descended testis',NULL),(242,NULL,NULL,230,'PROSTATE GLAND',NULL),(243,NULL,NULL,242,'Prostate gland',NULL),(244,NULL,NULL,230,'PENIS',NULL),(245,NULL,NULL,244,'Body of penis',NULL),(246,NULL,NULL,244,'Penis, NOS',NULL),(247,NULL,NULL,244,'Prepuce',NULL),(248,NULL,NULL,244,'Glans penis',NULL),(249,NULL,NULL,244,'Overlapping lesion of penis',NULL),(250,NULL,NULL,NULL,'UNKNOWN PRIMARY SITE','Tissue_Site_PID'),(251,NULL,NULL,250,'Unknown primary site',NULL),(252,NULL,NULL,NULL,'PERIPHERAL NERVES AND AUTONOMIC NERVOUS SYSTEM','Tissue_Site_PID'),(253,NULL,NULL,252,'Peripheral nerves and Autonomic nervous system of upper limb and shoulder',NULL),(254,NULL,NULL,252,'Autonomic nervous system, NOS',NULL),(255,NULL,NULL,252,'Overlapping lesion of peripheral nerves and autonomic nervous system',NULL),(256,NULL,NULL,252,'Peripheral nerves and Autonomic nervous system of thorax',NULL),(257,NULL,NULL,252,'Peripheral nerves and Autonomic nervous system of trunk, NOS',NULL),(258,NULL,NULL,252,'Peripheral nerves and Autonomic nervous system of lower limb and hip',NULL),(259,NULL,NULL,252,'Peripheral nerves and Autonomic nervous system of head, face, and neck',NULL),(260,NULL,NULL,252,'Peripheral nerves and Autonomic nervous system of abdomen',NULL),(261,NULL,NULL,252,'Peripheral nerves and Autonomic nervous system of pelvis',NULL),(262,NULL,NULL,NULL,'FEMALE GENITAL ORGANS','Tissue_Site_PID'),(263,NULL,NULL,262,'CORPUS UTERI',NULL),(264,NULL,NULL,263,'Corpus uteri',NULL),(265,NULL,NULL,263,'Overlapping lesion of corpus uteri',NULL),(266,NULL,NULL,263,'Myometrium',NULL),(267,NULL,NULL,263,'Endometrium',NULL),(268,NULL,NULL,263,'Fundus uteri',NULL),(269,NULL,NULL,263,'Isthmus uteri',NULL),(270,NULL,NULL,262,'VULVA',NULL),(271,NULL,NULL,270,'Labium majus',NULL),(272,NULL,NULL,270,'Overlapping lesion of vulva',NULL),(273,NULL,NULL,270,'Labium minus',NULL),(274,NULL,NULL,270,'Clitoris',NULL),(275,NULL,NULL,270,'Vulva, NOS',NULL),(276,NULL,NULL,262,'OVARY',NULL),(277,NULL,NULL,276,'Ovary',NULL),(278,NULL,NULL,262,'UTERUS, NOS',NULL),(279,NULL,NULL,278,'Uterus, NOS',NULL),(280,NULL,NULL,262,'CERVIX UTERI',NULL),(281,NULL,NULL,280,'Exocervix',NULL),(282,NULL,NULL,280,'Endocervix',NULL),(283,NULL,NULL,280,'Cervix uteri',NULL),(284,NULL,NULL,280,'Overlapping lesion of cervix uteri',NULL),(285,NULL,NULL,262,'OTHER AND UNSPECIFIED FEMALE GENITAL ORGANS',NULL),(286,NULL,NULL,285,'Overlapping lesion of female genital organs',NULL),(287,NULL,NULL,285,'Fallopian tube',NULL),(288,NULL,NULL,285,'Broad ligament',NULL),(289,NULL,NULL,285,'Parametrium',NULL),(290,NULL,NULL,285,'Round ligament',NULL),(291,NULL,NULL,285,'Uterine adnexa',NULL),(292,NULL,NULL,285,'Female genital tract, NOS',NULL),(293,NULL,NULL,285,'Other specified parts of female genital organs',NULL),(294,NULL,NULL,262,'VAGINA',NULL),(295,NULL,NULL,294,'Vagina, NOS',NULL),(296,NULL,NULL,262,'PLACENTA',NULL),(297,NULL,NULL,296,'Placenta',NULL),(298,NULL,NULL,NULL,'OTHER AND ILL-DEFINED SITES','Tissue_Site_PID'),(299,NULL,NULL,298,'Overlapping lesion of ill-defined sites',NULL),(300,NULL,NULL,298,'Other ill-defined sites',NULL),(301,NULL,NULL,298,'Lower limb, NOS',NULL),(302,NULL,NULL,298,'Head, face or neck, NOS',NULL),(303,NULL,NULL,298,'Abdomen, NOS',NULL),(304,NULL,NULL,298,'Upper limb, NOS',NULL),(305,NULL,NULL,298,'Pelvis, NOS',NULL),(306,NULL,NULL,298,'Thorax, NOS',NULL),(307,NULL,NULL,NULL,'HEMATOPOIETIC AND RETICULOENDOTHELIAL SYSTEMS','Tissue_Site_PID'),(308,NULL,NULL,307,'Spleen',NULL),(309,NULL,NULL,307,'Bone marrow',NULL),(310,NULL,NULL,307,'Blood',NULL),(311,NULL,NULL,307,'Reticuloendothelial system, NOS',NULL),(312,NULL,NULL,307,'Hematopoietic system, NOS',NULL),(313,NULL,NULL,NULL,'RETROPERITONEUM AND PERITONEUM','Tissue_Site_PID'),(314,NULL,NULL,313,'Specified parts of peritoneum',NULL),(315,NULL,NULL,313,'Retroperitoneum',NULL),(316,NULL,NULL,313,'Peritoneum, NOS',NULL),(317,NULL,NULL,313,'Overlapping lesion of retroperitoneum and peritoneum',NULL),(318,NULL,NULL,NULL,'RESPIRATORY SYSTEM AND INTRATHORACIC ORGANS','Tissue_Site_PID'),(319,NULL,NULL,318,'TRACHEA',NULL),(320,NULL,NULL,319,'Trachea',NULL),(321,NULL,NULL,318,'ACCESSORY SINUSES',NULL),(322,NULL,NULL,321,'Maxillary sinus',NULL),(323,NULL,NULL,321,'Accessory sinus, NOS',NULL),(324,NULL,NULL,321,'Overlapping lesion of accessory sinuses',NULL),(325,NULL,NULL,321,'Frontal sinus',NULL),(326,NULL,NULL,321,'Ethmoid sinus',NULL),(327,NULL,NULL,321,'Sphenoid sinus',NULL),(328,NULL,NULL,318,'LARYNX',NULL),(329,NULL,NULL,328,'Overlapping lesion of larynx',NULL),(330,NULL,NULL,328,'Subglottis',NULL),(331,NULL,NULL,328,'Larynx, NOS',NULL),(332,NULL,NULL,328,'Glottis',NULL),(333,NULL,NULL,328,'Supraglottis',NULL),(334,NULL,NULL,328,'Laryngeal cartilage',NULL),(335,NULL,NULL,318,'NASAL CAVITY AND MIDDLE EAR',NULL),(336,NULL,NULL,335,'Middle ear',NULL),(337,NULL,NULL,335,'Nasal cavity',NULL),(338,NULL,NULL,318,'HEART, MEDIASTINUM, AND PLEURA',NULL),(339,NULL,NULL,338,'Pleura, NOS',NULL),(340,NULL,NULL,338,'Anterior mediastinum',NULL),(341,NULL,NULL,338,'Heart',NULL),(342,NULL,NULL,338,'Posterior mediastinum',NULL),(343,NULL,NULL,338,'Overlapping lesion of heart, mediastinum and pleura',NULL),(344,NULL,NULL,338,'Mediastinum, NOS',NULL),(345,NULL,NULL,318,'BRONCHUS AND LUNG',NULL),(346,NULL,NULL,345,'Lower lobe, lung',NULL),(347,NULL,NULL,345,'Main bronchus',NULL),(348,NULL,NULL,345,'Middle lobe, lung',NULL),(349,NULL,NULL,345,'Upper lobe, lung',NULL),(350,NULL,NULL,345,'Lung, NOS',NULL),(351,NULL,NULL,345,'Overlapping lesion of lung',NULL),(352,NULL,NULL,318,'THYMUS',NULL),(353,NULL,NULL,352,'Thymus',NULL),(354,NULL,NULL,318,'OTHER AND ILL-DEFINED SITES WITHIN RESPIRATORY SYSTEM AND INTRATHORACIC ORGANS',NULL),(355,NULL,NULL,354,'Overlapping lesion of respiratory system and intrathoracic organs',NULL),(356,NULL,NULL,354,'Ill-defined sites within respiratory system',NULL),(357,NULL,NULL,354,'Upper respiratory tract, NOS',NULL),(358,NULL,NULL,NULL,'BONES, JOINTS AND ARTICULAR CARTILAGE','Tissue_Site_PID'),(359,NULL,NULL,358,'BONES, JOINTS AND ARTICULAR CARTILAGE OF LIMBS',NULL),(360,NULL,NULL,359,'Long bones of upper limb, scapula and associated joints',NULL),(361,NULL,NULL,359,'Short bones of upper limb and associated joints',NULL),(362,NULL,NULL,359,'Bone of limb, NOS',NULL),(363,NULL,NULL,359,'Short bones of lower limb and associated joints',NULL),(364,NULL,NULL,359,'Long bones of lower limb and associated joints',NULL),(365,NULL,NULL,359,'Overlapping lesion of bones, joints and articular cartilage of limbs',NULL),(366,NULL,NULL,358,'BONES, JOINTS AND ARTICULAR CARTILAGE OF OTHER AND UNSPECIFIED SITES',NULL),(367,NULL,NULL,366,'Bones of skull and face and associated joints',NULL),(368,NULL,NULL,366,'Pelvic bones, Sacrum, Coccyx and associated joints',NULL),(369,NULL,NULL,366,'Mandible',NULL),(370,NULL,NULL,366,'Rib, Sternum, Clavicle and associated joints',NULL),(371,NULL,NULL,366,'Overlapping lesion of bones, joints and articular cartilage',NULL),(372,NULL,NULL,366,'Bone, NOS',NULL),(373,NULL,NULL,366,'Vertebral column',NULL),(374,NULL,NULL,NULL,'THYROID AND OTHER ENDOCRINE GLANDS','Tissue_Site_PID'),(375,NULL,NULL,374,'OTHER ENDOCRINE GLANDS AND RELATED STRUCTURES',NULL),(376,NULL,NULL,375,'Aortic body and other paraganglia',NULL),(377,NULL,NULL,375,'Pineal gland',NULL),(378,NULL,NULL,375,'Pituitary gland',NULL),(379,NULL,NULL,375,'Endocrine gland, NOS',NULL),(380,NULL,NULL,375,'Parathyroid gland',NULL),(381,NULL,NULL,375,'Craniopharyngeal duct',NULL),(382,NULL,NULL,375,'Overlapping lesion of endocrine glands and related structures',NULL),(383,NULL,NULL,375,'Carotid body',NULL),(384,NULL,NULL,374,'ADRENAL GLAND',NULL),(385,NULL,NULL,384,'Medulla of adrenal gland',NULL),(386,NULL,NULL,384,'Adrenal gland, NOS',NULL),(387,NULL,NULL,384,'Cortex of adrenal gland',NULL),(388,NULL,NULL,374,'THYROID GLAND',NULL),(389,NULL,NULL,388,'Thyroid gland',NULL),(390,NULL,NULL,NULL,'MENINGES','Tissue_Site_PID'),(391,NULL,NULL,390,'Cerebral meninges',NULL),(392,NULL,NULL,390,'Spinal meninges',NULL),(393,NULL,NULL,390,'Meninges, NOS',NULL),(394,NULL,NULL,NULL,'CONNECTIVE, SUBCUTANEOUS AND OTHER SOFT TISSUES','Tissue_Site_PID'),(395,NULL,NULL,394,'Connective, Subcutaneous and other Soft tissues of thorax',NULL),(396,NULL,NULL,394,'Connective, Subcutaneous and other Soft tissues of upper limb and shoulder',NULL),(397,NULL,NULL,394,'Connective, Subcutaneous and other Soft tissues, NOS',NULL),(398,NULL,NULL,394,'Connective, Subcutaneous and other Soft tissues of lower limb and hip',NULL),(399,NULL,NULL,394,'Connective, Subcutaneous and other Soft tissues of trunk, NOS',NULL),(400,NULL,NULL,394,'Connective, Subcutaneous and other Soft tissues of abdomen',NULL),(401,NULL,NULL,394,'Connective, Subcutaneous and other Soft tissues of head, face, and neck',NULL),(402,NULL,NULL,394,'Overlapping lesion of connective, subcutaneous and other soft tissues',NULL),(403,NULL,NULL,394,'Connective, Subcutaneous and other Soft tissues of pelvis',NULL),(404,NULL,NULL,NULL,'BREAST','Tissue_Site_PID'),(405,NULL,NULL,404,'Upper-outer quadrant of breast',NULL),(406,NULL,NULL,404,'Central portion of breast',NULL),(407,NULL,NULL,404,'Axillary tail of breast',NULL),(408,NULL,NULL,404,'Lower-outer quadrant of breast',NULL),(409,NULL,NULL,404,'Breast, NOS',NULL),(410,NULL,NULL,404,'Overlapping lesion of breast',NULL),(411,NULL,NULL,404,'Lower-inner quadrant of breast',NULL),(412,NULL,NULL,404,'Upper-inner quadrant of breast',NULL),(413,NULL,NULL,404,'Nipple',NULL),(414,NULL,NULL,NULL,'LIP, ORAL CAVITY AND PHARYNX','Tissue_Site_PID'),(415,NULL,NULL,414,'OTHER AND ILL-DEFINED SITES IN LIP, ORAL CAVITY AND PHARYNX',NULL),(416,NULL,NULL,415,'Waldeyer\'s ring',NULL),(417,NULL,NULL,415,'Laryngopharynx',NULL),(418,NULL,NULL,415,'Pharynx, NOS',NULL),(419,NULL,NULL,415,'Overlapping lesion of lip, oral cavity and pharynx',NULL),(420,NULL,NULL,414,'TONSIL',NULL),(421,NULL,NULL,420,'Tonsil, NOS',NULL),(422,NULL,NULL,420,'Tonsillar pillar',NULL),(423,NULL,NULL,420,'Overlapping lesion of tonsil',NULL),(424,NULL,NULL,420,'Tonsillar fossa',NULL),(425,NULL,NULL,414,'PYRIFORM SINUS',NULL),(426,NULL,NULL,425,'Pyriform sinus',NULL),(427,NULL,NULL,414,'GUM',NULL),(428,NULL,NULL,427,'Gum, NOS',NULL),(429,NULL,NULL,427,'Upper gum',NULL),(430,NULL,NULL,427,'Lower gum',NULL),(431,NULL,NULL,414,'OTHER AND UNSPECIFIED PARTS OF TONGUE',NULL),(432,NULL,NULL,431,'Dorsal surface of tongue, NOS',NULL),(433,NULL,NULL,431,'Ventral surface of tongue, NOS',NULL),(434,NULL,NULL,431,'Overlapping lesion of tongue',NULL),(435,NULL,NULL,431,'Tongue, NOS',NULL),(436,NULL,NULL,431,'Border of tongue',NULL),(437,NULL,NULL,431,'Lingual tonsil',NULL),(438,NULL,NULL,431,'Anterior 2/3 of tongue, NOS',NULL),(439,NULL,NULL,414,'PALATE',NULL),(440,NULL,NULL,439,'Palate, NOS',NULL),(441,NULL,NULL,439,'Overlapping lesion of palate',NULL),(442,NULL,NULL,439,'Soft palate, NOS',NULL),(443,NULL,NULL,439,'Uvula',NULL),(444,NULL,NULL,439,'Hard palate',NULL),(445,NULL,NULL,414,'OTHER AND UNSPECIFIED MAJOR SALIVARY GLANDS',NULL),(446,NULL,NULL,445,'Submandibular gland',NULL),(447,NULL,NULL,445,'Overlapping lesion of major salivary glands',NULL),(448,NULL,NULL,445,'Major salivary gland, NOS',NULL),(449,NULL,NULL,445,'Sublingual gland',NULL),(450,NULL,NULL,414,'HYPOPHARYNX',NULL),(451,NULL,NULL,450,'Overlapping lesion of hypopharynx',NULL),(452,NULL,NULL,450,'Posterior wall of hypopharynx',NULL),(453,NULL,NULL,450,'Hypopharynx, NOS',NULL),(454,NULL,NULL,450,'Postcricoid region',NULL),(455,NULL,NULL,450,'Hypopharyngeal aspect of aryepiglottic fold',NULL),(456,NULL,NULL,414,'OROPHARYNX',NULL),(457,NULL,NULL,456,'Overlapping lesion of oropharynx',NULL),(458,NULL,NULL,456,'Branchial cleft',NULL),(459,NULL,NULL,456,'Posterior wall of oropharynx',NULL),(460,NULL,NULL,456,'Anterior surface of epiglottis',NULL),(461,NULL,NULL,456,'Oropharynx, NOS',NULL),(462,NULL,NULL,456,'Vallecula',NULL),(463,NULL,NULL,456,'Lateral wall of oropharynx',NULL),(464,NULL,NULL,414,'LIP',NULL),(465,NULL,NULL,464,'Lip, NOS',NULL),(466,NULL,NULL,464,'Mucosa of upper lip',NULL),(467,NULL,NULL,464,'Mucosa of lower lip',NULL),(468,NULL,NULL,464,'Commissure of lip',NULL),(469,NULL,NULL,464,'External upper lip',NULL),(470,NULL,NULL,464,'Mucosa of lip, NOS',NULL),(471,NULL,NULL,464,'Overlapping lesion of lip',NULL),(472,NULL,NULL,464,'External lip, NOS',NULL),(473,NULL,NULL,464,'External lower lip',NULL),(474,NULL,NULL,414,'PAROTID GLAND',NULL),(475,NULL,NULL,474,'Parotid gland',NULL),(476,NULL,NULL,414,'BASE OF TONGUE',NULL),(477,NULL,NULL,476,'Base of tongue, NOS',NULL),(478,NULL,NULL,414,'FLOOR OF MOUTH',NULL),(479,NULL,NULL,478,'Lateral floor of mouth',NULL),(480,NULL,NULL,478,'Anterior floor of mouth',NULL),(481,NULL,NULL,478,'Overlapping lesion of floor of mouth',NULL),(482,NULL,NULL,478,'Floor of mouth, NOS',NULL),(483,NULL,NULL,414,'NASOPHARYNX',NULL),(484,NULL,NULL,483,'Posterior wall of nasopharynx',NULL),(485,NULL,NULL,483,'Superior wall of nasopharynx',NULL),(486,NULL,NULL,483,'Nasopharynx, NOS',NULL),(487,NULL,NULL,483,'Lateral wall of nasopharynx',NULL),(488,NULL,NULL,483,'Overlapping lesion of nasopharynx',NULL),(489,NULL,NULL,483,'Anterior wall of nasopharynx',NULL),(490,NULL,NULL,414,'OTHER AND UNSPECIFIED PARTS OF MOUTH',NULL),(491,NULL,NULL,490,'Vestibule of mouth',NULL),(492,NULL,NULL,490,'Retromolar area',NULL),(493,NULL,NULL,490,'Cheek mucosa',NULL),(494,NULL,NULL,490,'Mouth, NOS',NULL),(495,NULL,NULL,490,'Overlapping lesion of other and unspecified parts of mouth',NULL),(496,NULL,NULL,NULL,'LYMPH NODES','Tissue_Site_PID'),(497,NULL,NULL,496,'Lymph nodes of head, face and neck',NULL),(498,NULL,NULL,496,'Lymph nodes of axilla or arm',NULL),(499,NULL,NULL,496,'Intrathoracic lymph nodes',NULL),(500,NULL,NULL,496,'Lymph nodes of inguinal region or leg',NULL),(501,NULL,NULL,496,'Pelvic lymph nodes',NULL),(502,NULL,NULL,496,'Lymph node, NOS',NULL),(503,NULL,NULL,496,'Lymph nodes of multiple regions',NULL),(504,NULL,NULL,496,'Intra-abdominal lymph nodes',NULL),(505,NULL,NULL,NULL,'URINARY TRACT','Tissue_Site_PID'),(506,NULL,NULL,505,'URETER',NULL),(507,NULL,NULL,506,'Ureter',NULL),(508,NULL,NULL,505,'RENAL PELVIS',NULL),(509,NULL,NULL,508,'Renal pelvis',NULL),(510,NULL,NULL,505,'KIDNEY',NULL),(511,NULL,NULL,510,'Kidney, NOS',NULL),(512,NULL,NULL,505,'OTHER AND UNSPECIFIED URINARY ORGANS',NULL),(513,NULL,NULL,512,'Urinary system, NOS',NULL),(514,NULL,NULL,512,'Overlapping lesion of urinary organs',NULL),(515,NULL,NULL,512,'Paraurethral gland',NULL),(516,NULL,NULL,512,'Urethra',NULL),(517,NULL,NULL,505,'BLADDER',NULL),(518,NULL,NULL,517,'Lateral wall of bladder',NULL),(519,NULL,NULL,517,'Bladder, NOS',NULL),(520,NULL,NULL,517,'Dome of bladder',NULL),(521,NULL,NULL,517,'Anterior wall of bladder',NULL),(522,NULL,NULL,517,'Ureteric orifice',NULL),(523,NULL,NULL,517,'Posterior wall of bladder',NULL),(524,NULL,NULL,517,'Overlapping lesion of bladder',NULL),(525,NULL,NULL,517,'Bladder neck',NULL),(526,NULL,NULL,517,'Trigone of bladder',NULL),(527,NULL,NULL,517,'Urachus',NULL),(528,NULL,NULL,NULL,'BRAIN','Tissue_Site_PID'),(529,NULL,NULL,528,'Brain, NOS',NULL),(530,NULL,NULL,528,'Brain stem',NULL),(531,NULL,NULL,528,'Occipital lobe',NULL),(532,NULL,NULL,528,'Cerebrum',NULL),(533,NULL,NULL,528,'Parietal lobe',NULL),(534,NULL,NULL,528,'Cerebellum, NOS',NULL),(535,NULL,NULL,528,'Ventricle, NOS',NULL),(536,NULL,NULL,528,'Frontal lobe',NULL),(537,NULL,NULL,528,'Overlapping lesion of brain',NULL),(538,NULL,NULL,528,'Temporal lobe',NULL),(539,NULL,NULL,NULL,'SPINAL CORD, CRANIAL NERVES, AND OTHER PARTS OF CENTRAL NERVOUS SYSTEM','Tissue_Site_PID'),(540,NULL,NULL,539,'Nervous system, NOS',NULL),(541,NULL,NULL,539,'Acoustic nerve',NULL),(542,NULL,NULL,539,'Cranial nerve, NOS',NULL),(543,NULL,NULL,539,'Cauda equina',NULL),(544,NULL,NULL,539,'Spinal cord',NULL),(545,NULL,NULL,539,'Optic nerve',NULL),(546,NULL,NULL,539,'Olfactory nerve',NULL),(547,NULL,NULL,539,'Overlapping lesion of brain and central nervous system',NULL),(548,NULL,NULL,NULL,'EYE, BRAIN AND OTHER PARTS OF CENTRAL NERVOUS SYSTEM','Tissue_Site_PID'),(549,NULL,NULL,548,'Conjunctiva',NULL),(550,NULL,NULL,548,'Eye, NOS',NULL),(551,NULL,NULL,548,'Overlapping lesion of eye and adnexa',NULL),(552,NULL,NULL,548,'Choroid',NULL),(553,NULL,NULL,548,'Retina',NULL),(554,NULL,NULL,548,'Cornea, NOS',NULL),(555,NULL,NULL,548,'Ciliary body',NULL),(556,NULL,NULL,548,'Lacrimal gland',NULL),(557,NULL,NULL,548,'EYE AND ADNEXA',NULL),(558,NULL,NULL,548,'Orbit, NOS',NULL),(559,NULL,NULL,NULL,'Not Hispanic or Latino','Ethnicity_PID'),(560,NULL,NULL,NULL,'Hispanic or Latino','Ethnicity_PID'),(561,NULL,NULL,560,'Latin American',NULL),(562,NULL,NULL,560,'Mexican',NULL),(563,NULL,NULL,562,'La Raza',NULL),(564,NULL,NULL,562,'Mexican American',NULL),(565,NULL,NULL,562,'Chicano',NULL),(566,NULL,NULL,562,'Mexican American Indian',NULL),(567,NULL,NULL,562,'Mexicano',NULL),(568,NULL,NULL,560,'Cuban',NULL),(569,NULL,NULL,560,'Puerto Rican',NULL),(570,NULL,NULL,560,'South American',NULL),(571,NULL,NULL,570,'Chilean',NULL),(572,NULL,NULL,570,'Peruvian',NULL),(573,NULL,NULL,570,'Uruguayan',NULL),(574,NULL,NULL,570,'Bolivian',NULL),(575,NULL,NULL,570,'Paraguayan',NULL),(576,NULL,NULL,570,'Argentinean',NULL),(577,NULL,NULL,570,'South American Indian',NULL),(578,NULL,NULL,570,'Venezuelan',NULL),(579,NULL,NULL,570,'Colombian',NULL),(580,NULL,NULL,570,'Criollo',NULL),(581,NULL,NULL,570,'Ecuadorian',NULL),(582,NULL,NULL,560,'Spaniard',NULL),(583,NULL,NULL,582,'Spanish Basque',NULL),(584,NULL,NULL,582,'Gallego',NULL),(585,NULL,NULL,582,'Castillian',NULL),(586,NULL,NULL,582,'Valencian',NULL),(587,NULL,NULL,582,'Belearic Islander',NULL),(588,NULL,NULL,582,'Canarian',NULL),(589,NULL,NULL,582,'Andalusian',NULL),(590,NULL,NULL,582,'Catalonian',NULL),(591,NULL,NULL,582,'Asturian',NULL),(592,NULL,NULL,560,'Central American',NULL),(593,NULL,NULL,592,'Honduran',NULL),(594,NULL,NULL,592,'Panamanian',NULL),(595,NULL,NULL,592,'Salvadoran',NULL),(596,NULL,NULL,592,'Costa Rican',NULL),(597,NULL,NULL,592,'Nicaraguan',NULL),(598,NULL,NULL,592,'Canal Zone',NULL),(599,NULL,NULL,592,'Central American Indian',NULL),(600,NULL,NULL,592,'Guatemalan',NULL),(601,NULL,NULL,560,'Dominican',NULL),(602,NULL,NULL,NULL,'Black or African American','Race_PID'),(603,NULL,NULL,602,'Black',NULL),(604,NULL,NULL,602,'African',NULL),(605,NULL,NULL,604,'Nigerian',NULL),(606,NULL,NULL,604,'Ethiopian',NULL),(607,NULL,NULL,604,'Namibian',NULL),(608,NULL,NULL,604,'Botswanan',NULL),(609,NULL,NULL,604,'Liberian',NULL),(610,NULL,NULL,604,'Zairean',NULL),(611,NULL,NULL,602,'Jamaican',NULL),(612,NULL,NULL,602,'Tobagoan',NULL),(613,NULL,NULL,602,'Barbadian',NULL),(614,NULL,NULL,602,'Bahamian',NULL),(615,NULL,NULL,602,'African American',NULL),(616,NULL,NULL,602,'Dominican',NULL),(617,NULL,NULL,602,'West Indian',NULL),(618,NULL,NULL,602,'Dominica Islander',NULL),(619,NULL,NULL,602,'Haitian',NULL),(620,NULL,NULL,602,'Trinidadian',NULL),(621,NULL,NULL,NULL,'Other Race','Race_PID'),(622,NULL,NULL,NULL,'Asian','Race_PID'),(623,NULL,NULL,622,'Madagascar',NULL),(624,NULL,NULL,622,'Pakistani',NULL),(625,NULL,NULL,622,'Laotian',NULL),(626,NULL,NULL,622,'Vietnamese',NULL),(627,NULL,NULL,622,'Thai',NULL),(628,NULL,NULL,622,'Okinawan',NULL),(629,NULL,NULL,622,'Taiwanese',NULL),(630,NULL,NULL,622,'Filipino',NULL),(631,NULL,NULL,622,'Japanese',NULL),(632,NULL,NULL,622,'Maldivian',NULL),(633,NULL,NULL,622,'Sri Lankan',NULL),(634,NULL,NULL,622,'Indonesian',NULL),(635,NULL,NULL,622,'Nepalese',NULL),(636,NULL,NULL,622,'Iwo Jiman',NULL),(637,NULL,NULL,622,'Singaporean',NULL),(638,NULL,NULL,622,'Asian Indian',NULL),(639,NULL,NULL,622,'Bangladeshi',NULL),(640,NULL,NULL,622,'Hmong',NULL),(641,NULL,NULL,622,'Cambodian',NULL),(642,NULL,NULL,622,'Korean',NULL),(643,NULL,NULL,622,'Malaysian',NULL),(644,NULL,NULL,622,'Chinese',NULL),(645,NULL,NULL,622,'Bhutanese',NULL),(646,NULL,NULL,622,'Burmese',NULL),(647,NULL,NULL,NULL,'American Indian or Alaska Native','Race_PID'),(648,NULL,NULL,647,'Alaska Native',NULL),(649,NULL,NULL,648,'Eskimo',NULL),(650,NULL,NULL,649,'Greenland Eskimo',NULL),(651,NULL,NULL,649,'Siberian Eskimo',NULL),(652,NULL,NULL,651,'Gambell',NULL),(653,NULL,NULL,651,'Savoonga',NULL),(654,NULL,NULL,651,'Siberian Yupik',NULL),(655,NULL,NULL,649,'Yupik Eskimo',NULL),(656,NULL,NULL,655,'Aleknagik',NULL),(657,NULL,NULL,655,'Georgetown',NULL),(658,NULL,NULL,655,'Red Devil',NULL),(659,NULL,NULL,655,'Ekwok',NULL),(660,NULL,NULL,655,'Togiak',NULL),(661,NULL,NULL,655,'Iqurmuit (Russian Mission)',NULL),(662,NULL,NULL,655,'Stebbins',NULL),(663,NULL,NULL,655,'Atmautluak',NULL),(664,NULL,NULL,655,'Pilot Station',NULL),(665,NULL,NULL,655,'Chuathbaluk',NULL),(666,NULL,NULL,655,'Manokotak',NULL),(667,NULL,NULL,655,'Kipnuk',NULL),(668,NULL,NULL,655,'Sleetmute',NULL),(669,NULL,NULL,655,'Oscarville',NULL),(670,NULL,NULL,655,'Hooper Bay',NULL),(671,NULL,NULL,655,'Emmonak',NULL),(672,NULL,NULL,655,'New Stuyahok',NULL),(673,NULL,NULL,655,'Dillingham',NULL),(674,NULL,NULL,655,'Kongiganak',NULL),(675,NULL,NULL,655,'Mountain Village',NULL),(676,NULL,NULL,655,'Bethel',NULL),(677,NULL,NULL,655,'Chefornak',NULL),(678,NULL,NULL,655,'Alakanuk',NULL),(679,NULL,NULL,655,'Tuntutuliak',NULL),(680,NULL,NULL,655,'Kalskag',NULL),(681,NULL,NULL,655,'Calista Yupik',NULL),(682,NULL,NULL,655,'Kasigluk',NULL),(683,NULL,NULL,655,'Aniak',NULL),(684,NULL,NULL,655,'Akiak',NULL),(685,NULL,NULL,655,'Chevak',NULL),(686,NULL,NULL,655,'Goodnews Bay',NULL),(687,NULL,NULL,655,'Akiachak',NULL),(688,NULL,NULL,655,'Napakiak',NULL),(689,NULL,NULL,655,'Kwigillingok',NULL),(690,NULL,NULL,655,'St. Mary\'s',NULL),(691,NULL,NULL,655,'Newtok',NULL),(692,NULL,NULL,655,'Quinhagak',NULL),(693,NULL,NULL,655,'Crooked Creek',NULL),(694,NULL,NULL,655,'Pitkas Point',NULL),(695,NULL,NULL,655,'Andreafsky',NULL),(696,NULL,NULL,655,'Bill Moore\'s Slough',NULL),(697,NULL,NULL,655,'Platinum',NULL),(698,NULL,NULL,655,'Bristol Bay Yupik',NULL),(699,NULL,NULL,655,'Naknek',NULL),(700,NULL,NULL,655,'Napaumute',NULL),(701,NULL,NULL,655,'Kotlik',NULL),(702,NULL,NULL,655,'Tulukskak',NULL),(703,NULL,NULL,655,'Portage Creek',NULL),(704,NULL,NULL,655,'Newhalen',NULL),(705,NULL,NULL,655,'Scammon Bay',NULL),(706,NULL,NULL,655,'Koliganek',NULL),(707,NULL,NULL,655,'Nightmute',NULL),(708,NULL,NULL,655,'Kwethluk',NULL),(709,NULL,NULL,655,'Toksook',NULL),(710,NULL,NULL,655,'Tununak',NULL),(711,NULL,NULL,655,'Mekoryuk',NULL),(712,NULL,NULL,655,'Nunapitchukv',NULL),(713,NULL,NULL,655,'Ekuk',NULL),(714,NULL,NULL,655,'Levelock',NULL),(715,NULL,NULL,655,'Eek',NULL),(716,NULL,NULL,655,'Marshall',NULL),(717,NULL,NULL,655,'Umkumiate',NULL),(718,NULL,NULL,655,'Twin Hills',NULL),(719,NULL,NULL,655,'Sheldon\'s Point',NULL),(720,NULL,NULL,655,'Clark\'s Point',NULL),(721,NULL,NULL,655,'Lower Kalskag',NULL),(722,NULL,NULL,655,'St. Michael',NULL),(723,NULL,NULL,655,'Napaskiak',NULL),(724,NULL,NULL,649,'Inupiat Eskimo',NULL),(725,NULL,NULL,724,'Koyuk',NULL),(726,NULL,NULL,724,'White Mountain',NULL),(727,NULL,NULL,724,'Barrow',NULL),(728,NULL,NULL,724,'Kobuk',NULL),(729,NULL,NULL,724,'Wainwright',NULL),(730,NULL,NULL,724,'Unalakleet',NULL),(731,NULL,NULL,724,'Selawik',NULL),(732,NULL,NULL,724,'Solomon',NULL),(733,NULL,NULL,724,'Brevig Mission',NULL),(734,NULL,NULL,724,'Kotzebue',NULL),(735,NULL,NULL,724,'Ambler',NULL),(736,NULL,NULL,724,'Point Lay',NULL),(737,NULL,NULL,724,'Shishmaref',NULL),(738,NULL,NULL,724,'Kaktovik',NULL),(739,NULL,NULL,724,'Nome',NULL),(740,NULL,NULL,724,'Arctic Slope Corporation',NULL),(741,NULL,NULL,724,'Noorvik',NULL),(742,NULL,NULL,724,'Kawerak',NULL),(743,NULL,NULL,724,'Anaktuvuk',NULL),(744,NULL,NULL,724,'Inalik Diomede',NULL),(745,NULL,NULL,724,'Teller',NULL),(746,NULL,NULL,724,'Shungnak',NULL),(747,NULL,NULL,724,'Mauneluk Inupiat',NULL),(748,NULL,NULL,724,'Council',NULL),(749,NULL,NULL,724,'Kiana',NULL),(750,NULL,NULL,724,'Mary\'s Igloo',NULL),(751,NULL,NULL,724,'Buckland',NULL),(752,NULL,NULL,724,'Nuiqsut',NULL),(753,NULL,NULL,724,'Nana Inupiat',NULL),(754,NULL,NULL,724,'Shaktoolik',NULL),(755,NULL,NULL,724,'Wales',NULL),(756,NULL,NULL,724,'Noatak',NULL),(757,NULL,NULL,724,'Point Hope',NULL),(758,NULL,NULL,724,'Elim',NULL),(759,NULL,NULL,724,'Anaktuvuk Pass',NULL),(760,NULL,NULL,724,'Arctic Slope Inupiat',NULL),(761,NULL,NULL,724,'White Mountain Inupiat',NULL),(762,NULL,NULL,724,'Deering',NULL),(763,NULL,NULL,724,'Inupiaq',NULL),(764,NULL,NULL,724,'Bering Straits Inupiat',NULL),(765,NULL,NULL,724,'Chinik',NULL),(766,NULL,NULL,724,'Atqasuk',NULL),(767,NULL,NULL,724,'Golovin',NULL),(768,NULL,NULL,724,'Kwiguk',NULL),(769,NULL,NULL,724,'Kivalina',NULL),(770,NULL,NULL,648,'Aleut',NULL),(771,NULL,NULL,770,'Sugpiaq',NULL),(772,NULL,NULL,770,'Chugach Aleut',NULL),(773,NULL,NULL,772,'English Bay',NULL),(774,NULL,NULL,772,'Chenega',NULL),(775,NULL,NULL,772,'Port Graham',NULL),(776,NULL,NULL,772,'Chugach Corporation',NULL),(777,NULL,NULL,770,'Bristol Bay Aleut',NULL),(778,NULL,NULL,777,'Pilot Point',NULL),(779,NULL,NULL,777,'Perryville',NULL),(780,NULL,NULL,777,'Port Heiden',NULL),(781,NULL,NULL,777,'Kokhanok',NULL),(782,NULL,NULL,777,'King Salmon',NULL),(783,NULL,NULL,777,'Chignik',NULL),(784,NULL,NULL,777,'Igiugig',NULL),(785,NULL,NULL,777,'Chignik Lake',NULL),(786,NULL,NULL,777,'Ivanof Bay',NULL),(787,NULL,NULL,777,'Egegik',NULL),(788,NULL,NULL,770,'Alutiiq Aleut',NULL),(789,NULL,NULL,788,'Tatitlek',NULL),(790,NULL,NULL,788,'Ugashik',NULL),(791,NULL,NULL,770,'Suqpigaq',NULL),(792,NULL,NULL,770,'Eyak',NULL),(793,NULL,NULL,770,'Unangan Aleut',NULL),(794,NULL,NULL,793,'Chignik Lagoon',NULL),(795,NULL,NULL,793,'King Cove',NULL),(796,NULL,NULL,793,'Nikolski',NULL),(797,NULL,NULL,793,'Aleut Corporation',NULL),(798,NULL,NULL,793,'Pauloff Harbor',NULL),(799,NULL,NULL,793,'Qagan Toyagungin',NULL),(800,NULL,NULL,793,'Aleutian',NULL),(801,NULL,NULL,793,'False Pass',NULL),(802,NULL,NULL,793,'Unalaska',NULL),(803,NULL,NULL,793,'Akutan',NULL),(804,NULL,NULL,793,'Belkofski',NULL),(805,NULL,NULL,793,'Qawalangin',NULL),(806,NULL,NULL,793,'Aleutian Islander',NULL),(807,NULL,NULL,793,'Unga',NULL),(808,NULL,NULL,793,'Atka',NULL),(809,NULL,NULL,793,'Nelson Lagoon',NULL),(810,NULL,NULL,793,'St. Paul',NULL),(811,NULL,NULL,793,'Sand Point',NULL),(812,NULL,NULL,793,'South Naknek',NULL),(813,NULL,NULL,793,'St. George',NULL),(814,NULL,NULL,770,'Koniag Aleut',NULL),(815,NULL,NULL,814,'Karluk',NULL),(816,NULL,NULL,814,'Port Lions',NULL),(817,NULL,NULL,814,'Akhiok',NULL),(818,NULL,NULL,814,'Old Harbor',NULL),(819,NULL,NULL,814,'Kodiak',NULL),(820,NULL,NULL,814,'Ouzinkie',NULL),(821,NULL,NULL,814,'Larsen Bay',NULL),(822,NULL,NULL,814,'Agdaagux',NULL),(823,NULL,NULL,648,'Alaska Indian',NULL),(824,NULL,NULL,823,'Southeast Alaska',NULL),(825,NULL,NULL,824,'Tsimshian',NULL),(826,NULL,NULL,825,'Metlakatla',NULL),(827,NULL,NULL,824,'Tlingit-Haida',NULL),(828,NULL,NULL,827,'Petersburg',NULL),(829,NULL,NULL,827,'Hoonah',NULL),(830,NULL,NULL,827,'Kake',NULL),(831,NULL,NULL,827,'Kenaitze',NULL),(832,NULL,NULL,827,'Wrangell',NULL),(833,NULL,NULL,827,'Tenakee Springs',NULL),(834,NULL,NULL,827,'Yakutat',NULL),(835,NULL,NULL,827,'Haida',NULL),(836,NULL,NULL,827,'Ketchikan',NULL),(837,NULL,NULL,827,'Angoon',NULL),(838,NULL,NULL,827,'Saxman',NULL),(839,NULL,NULL,827,'Douglas',NULL),(840,NULL,NULL,827,'Chilkoot',NULL),(841,NULL,NULL,827,'Pelican',NULL),(842,NULL,NULL,827,'Hydaburg',NULL),(843,NULL,NULL,827,'Sitka',NULL),(844,NULL,NULL,827,'Craig',NULL),(845,NULL,NULL,827,'Tlingit',NULL),(846,NULL,NULL,827,'Chilkat',NULL),(847,NULL,NULL,827,'Kasaan',NULL),(848,NULL,NULL,827,'Central Council of Tlingit and Haida Tribes',NULL),(849,NULL,NULL,827,'Klawock',NULL),(850,NULL,NULL,823,'Alaskan Athabascan',NULL),(851,NULL,NULL,850,'Cantwell',NULL),(852,NULL,NULL,850,'Huslia',NULL),(853,NULL,NULL,850,'Kluti Kaah',NULL),(854,NULL,NULL,850,'Shageluk',NULL),(855,NULL,NULL,850,'Stevens',NULL),(856,NULL,NULL,850,'Grayling',NULL),(857,NULL,NULL,850,'Northway',NULL),(858,NULL,NULL,850,'Arctic',NULL),(859,NULL,NULL,850,'Chalkyitsik',NULL),(860,NULL,NULL,850,'Tanana Chiefs',NULL),(861,NULL,NULL,850,'Slana',NULL),(862,NULL,NULL,850,'Fort Yukon',NULL),(863,NULL,NULL,850,'Birch Creek',NULL),(864,NULL,NULL,850,'Tetlin',NULL),(865,NULL,NULL,850,'Tanaina',NULL),(866,NULL,NULL,850,'Copper Center',NULL),(867,NULL,NULL,850,'Venetie',NULL),(868,NULL,NULL,850,'Takotna',NULL),(869,NULL,NULL,850,'Eklutna',NULL),(870,NULL,NULL,850,'Gulkana',NULL),(871,NULL,NULL,850,'Koyukuk',NULL),(872,NULL,NULL,850,'Circle',NULL),(873,NULL,NULL,850,'Seldovia',NULL),(874,NULL,NULL,850,'Alatna',NULL),(875,NULL,NULL,850,'Mcgrath',NULL),(876,NULL,NULL,850,'Cook Inlet',NULL),(877,NULL,NULL,850,'Gakona',NULL),(878,NULL,NULL,850,'Iliamna',NULL),(879,NULL,NULL,850,'Healy Lake',NULL),(880,NULL,NULL,850,'Minto',NULL),(881,NULL,NULL,850,'Doyon',NULL),(882,NULL,NULL,850,'Eagle',NULL),(883,NULL,NULL,850,'Mentasta Lake',NULL),(884,NULL,NULL,850,'Knik',NULL),(885,NULL,NULL,850,'Ninilchik',NULL),(886,NULL,NULL,850,'Wiseman',NULL),(887,NULL,NULL,850,'Galena',NULL),(888,NULL,NULL,850,'Copper River',NULL),(889,NULL,NULL,850,'Beaver',NULL),(890,NULL,NULL,850,'Rampart',NULL),(891,NULL,NULL,850,'Salamatof',NULL),(892,NULL,NULL,850,'Stony River',NULL),(893,NULL,NULL,850,'Tanana',NULL),(894,NULL,NULL,850,'Hughes',NULL),(895,NULL,NULL,850,'Tanacross',NULL),(896,NULL,NULL,850,'Chistochina',NULL),(897,NULL,NULL,850,'Lime',NULL),(898,NULL,NULL,850,'Nenana',NULL),(899,NULL,NULL,850,'Alanvik',NULL),(900,NULL,NULL,850,'Nulato',NULL),(901,NULL,NULL,850,'Anvik',NULL),(902,NULL,NULL,850,'Tazlina',NULL),(903,NULL,NULL,850,'Allakaket',NULL),(904,NULL,NULL,850,'Ruby',NULL),(905,NULL,NULL,850,'Chickaloon',NULL),(906,NULL,NULL,850,'Ahtna',NULL),(907,NULL,NULL,850,'Alexander',NULL),(908,NULL,NULL,850,'Tok',NULL),(909,NULL,NULL,850,'Evansville',NULL),(910,NULL,NULL,850,'Lake Minchumina',NULL),(911,NULL,NULL,850,'Kaltag',NULL),(912,NULL,NULL,850,'Telida',NULL),(913,NULL,NULL,850,'Manley Hot Springs',NULL),(914,NULL,NULL,850,'Chitina',NULL),(915,NULL,NULL,850,'Nikolai',NULL),(916,NULL,NULL,850,'Nondalton',NULL),(917,NULL,NULL,850,'Tyonek',NULL),(918,NULL,NULL,850,'Pedro Bay',NULL),(919,NULL,NULL,850,'Dot Lake',NULL),(920,NULL,NULL,850,'Holy Cross',NULL),(921,NULL,NULL,647,'American Indian',NULL),(922,NULL,NULL,921,'Chickasaw',NULL),(923,NULL,NULL,921,'Pamunkey',NULL),(924,NULL,NULL,921,'Reno-Sparks',NULL),(925,NULL,NULL,921,'Navajo',NULL),(926,NULL,NULL,925,'Alamo Navajo',NULL),(927,NULL,NULL,925,'Canoncito Navajo',NULL),(928,NULL,NULL,925,'Ramah Navajo',NULL),(929,NULL,NULL,921,'Klallam',NULL),(930,NULL,NULL,929,'Port Gamble Klallam',NULL),(931,NULL,NULL,929,'Lower Elwha',NULL),(932,NULL,NULL,929,'Jamestown',NULL),(933,NULL,NULL,921,'Yaqui',NULL),(934,NULL,NULL,933,'Barrio Libre',NULL),(935,NULL,NULL,933,'Pascua Yaqui',NULL),(936,NULL,NULL,921,'Juaneno',NULL),(937,NULL,NULL,921,'Wascopum',NULL),(938,NULL,NULL,921,'Colorado River',NULL),(939,NULL,NULL,921,'Cheyenne',NULL),(940,NULL,NULL,939,'Southern Cheyenne',NULL),(941,NULL,NULL,939,'Northern Cheyenne',NULL),(942,NULL,NULL,921,'Scott Valley',NULL),(943,NULL,NULL,921,'Chippewa',NULL),(944,NULL,NULL,943,'Fond du Lac',NULL),(945,NULL,NULL,943,'Mille Lacs',NULL),(946,NULL,NULL,943,'Little Shell Chippewa',NULL),(947,NULL,NULL,943,'Minnesota Chippewa',NULL),(948,NULL,NULL,943,'Lac Vieux Desert Chippewa',NULL),(949,NULL,NULL,943,'White Earth',NULL),(950,NULL,NULL,943,'Grand Portage',NULL),(951,NULL,NULL,943,'Sault Ste. Marie Chippewa',NULL),(952,NULL,NULL,943,'Leech Lake',NULL),(953,NULL,NULL,943,'Lac du Flambeau',NULL),(954,NULL,NULL,943,'Burt Lake Chippewa',NULL),(955,NULL,NULL,943,'Saginaw Chippewa',NULL),(956,NULL,NULL,943,'Lake Superior',NULL),(957,NULL,NULL,943,'Ontonagon',NULL),(958,NULL,NULL,943,'St. Croix Chippewa',NULL),(959,NULL,NULL,943,'Turtle Mountain',NULL),(960,NULL,NULL,943,'Bad River',NULL),(961,NULL,NULL,943,'Grand Traverse Band of Ottawa/Chippewa',NULL),(962,NULL,NULL,943,'Bois Forte',NULL),(963,NULL,NULL,943,'Lac Courte Oreilles',NULL),(964,NULL,NULL,943,'Sokoagon Chippewa',NULL),(965,NULL,NULL,943,'Red Cliff Chippewa',NULL),(966,NULL,NULL,943,'Keweenaw',NULL),(967,NULL,NULL,943,'Bay Mills Chippewa',NULL),(968,NULL,NULL,943,'Red Lake Chippewa',NULL),(969,NULL,NULL,921,'Mattaponi',NULL),(970,NULL,NULL,921,'Stockbridge',NULL),(971,NULL,NULL,921,'Puget Sound Salish',NULL),(972,NULL,NULL,971,'Kikiallus',NULL),(973,NULL,NULL,971,'Nisqually',NULL),(974,NULL,NULL,971,'Snoqualmie',NULL),(975,NULL,NULL,971,'Tulalip',NULL),(976,NULL,NULL,971,'Suquamish',NULL),(977,NULL,NULL,971,'Lower Skagit',NULL),(978,NULL,NULL,971,'Duwamish',NULL),(979,NULL,NULL,971,'Skykomish',NULL),(980,NULL,NULL,971,'Stillaguamish',NULL),(981,NULL,NULL,971,'Port Madison',NULL),(982,NULL,NULL,971,'Swinomish',NULL),(983,NULL,NULL,971,'Upper Skagit',NULL),(984,NULL,NULL,971,'Squaxin Island',NULL),(985,NULL,NULL,971,'Muckleshoot',NULL),(986,NULL,NULL,971,'Samish',NULL),(987,NULL,NULL,971,'Sauk-Suiattle',NULL),(988,NULL,NULL,971,'Steilacoom',NULL),(989,NULL,NULL,971,'Skokomish',NULL),(990,NULL,NULL,971,'Snohomish',NULL),(991,NULL,NULL,971,'Nooksack',NULL),(992,NULL,NULL,971,'Puyallup',NULL),(993,NULL,NULL,921,'Cowlitz',NULL),(994,NULL,NULL,921,'Gros Ventres',NULL),(995,NULL,NULL,994,'Atsina',NULL),(996,NULL,NULL,921,'Round Valley',NULL),(997,NULL,NULL,921,'Sioux',NULL),(998,NULL,NULL,997,'Two Kettle Sioux',NULL),(999,NULL,NULL,997,'Upper Sioux',NULL),(1000,NULL,NULL,997,'Flandreau Santee',NULL),(1001,NULL,NULL,997,'Blackfoot Sioux',NULL),(1002,NULL,NULL,997,'Sans Arc Sioux',NULL),(1003,NULL,NULL,997,'Cheyenne River Sioux',NULL),(1004,NULL,NULL,997,'Pipestone Sioux',NULL),(1005,NULL,NULL,997,'Yankton Sioux',NULL),(1006,NULL,NULL,997,'Standing Rock Sioux',NULL),(1007,NULL,NULL,997,'Santee Sioux',NULL),(1008,NULL,NULL,997,'Wazhaza Sioux',NULL),(1009,NULL,NULL,997,'Lake Traverse Sioux',NULL),(1010,NULL,NULL,997,'Brule Sioux',NULL),(1011,NULL,NULL,997,'Sisseton-Wahpeton',NULL),(1012,NULL,NULL,997,'Dakota Sioux',NULL),(1013,NULL,NULL,997,'Wahpeton Sioux',NULL),(1014,NULL,NULL,997,'Mdewakanton Sioux',NULL),(1015,NULL,NULL,997,'Rosebud Sioux',NULL),(1016,NULL,NULL,997,'Prairie Island Sioux',NULL),(1017,NULL,NULL,997,'Lower Brule Sioux',NULL),(1018,NULL,NULL,997,'Wahpekute Sioux',NULL),(1019,NULL,NULL,997,'Yanktonai Sioux',NULL),(1020,NULL,NULL,997,'Spirit Lake Sioux',NULL),(1021,NULL,NULL,997,'Prior Lake Sioux',NULL),(1022,NULL,NULL,997,'Pine Ridge Sioux',NULL),(1023,NULL,NULL,997,'Sisseton Sioux',NULL),(1024,NULL,NULL,997,'Miniconjou',NULL),(1025,NULL,NULL,997,'Crow Creek Sioux',NULL),(1026,NULL,NULL,997,'Teton Sioux',NULL),(1027,NULL,NULL,997,'Lower Sioux',NULL),(1028,NULL,NULL,997,'Fort Peck',NULL),(1029,NULL,NULL,997,'Oglala Sioux',NULL),(1030,NULL,NULL,921,'Hidatsa',NULL),(1031,NULL,NULL,921,'Nez Perce',NULL),(1032,NULL,NULL,921,'Chippewa Cree',NULL),(1033,NULL,NULL,1032,'Rocky Boy\'s Chippewa Cree',NULL),(1034,NULL,NULL,921,'Apache',NULL),(1035,NULL,NULL,1034,'Mescalero Apache',NULL),(1036,NULL,NULL,1034,'Jicarilla Apache',NULL),(1037,NULL,NULL,1034,'Fort Sill Apache',NULL),(1038,NULL,NULL,1034,'Payson Apache',NULL),(1039,NULL,NULL,1034,'Chiricahua',NULL),(1040,NULL,NULL,1034,'White Mountain Apache',NULL),(1041,NULL,NULL,1034,'Lipan Apache',NULL),(1042,NULL,NULL,1034,'Oklahoma Apache',NULL),(1043,NULL,NULL,1034,'San Carlos Apache',NULL),(1044,NULL,NULL,921,'Spokane',NULL),(1045,NULL,NULL,921,'Piscataway',NULL),(1046,NULL,NULL,921,'Pomo',NULL),(1047,NULL,NULL,1046,'Scotts Valley',NULL),(1048,NULL,NULL,1046,'Kashia',NULL),(1049,NULL,NULL,1046,'Sulphur Bank',NULL),(1050,NULL,NULL,1046,'Eastern Pomo',NULL),(1051,NULL,NULL,1046,'Dry Creek',NULL),(1052,NULL,NULL,1046,'Northern Pomo',NULL),(1053,NULL,NULL,1046,'Central Pomo',NULL),(1054,NULL,NULL,1046,'Stonyford',NULL),(1055,NULL,NULL,921,'Cree',NULL),(1056,NULL,NULL,921,'Yuman',NULL),(1057,NULL,NULL,1056,'Mohave',NULL),(1058,NULL,NULL,1056,'Havasupai',NULL),(1059,NULL,NULL,1056,'Cocopah',NULL),(1060,NULL,NULL,1056,'Hualapai',NULL),(1061,NULL,NULL,1056,'Quechan',NULL),(1062,NULL,NULL,1056,'Yavapai',NULL),(1063,NULL,NULL,1056,'Maricopa',NULL),(1064,NULL,NULL,921,'Pima',NULL),(1065,NULL,NULL,1064,'Salt River Pima-Maricopa',NULL),(1066,NULL,NULL,1064,'Gila River Pima-Maricopa',NULL),(1067,NULL,NULL,921,'Peoria',NULL),(1068,NULL,NULL,1067,'Oklahoma Peoria',NULL),(1069,NULL,NULL,921,'California Tribes',NULL),(1070,NULL,NULL,1069,'Yuki',NULL),(1071,NULL,NULL,1069,'Kern River',NULL),(1072,NULL,NULL,1069,'Kawaiisu',NULL),(1073,NULL,NULL,1069,'Mattole',NULL),(1074,NULL,NULL,1069,'Cahto',NULL),(1075,NULL,NULL,1069,'Takelma',NULL),(1076,NULL,NULL,1069,'Red Wood',NULL),(1077,NULL,NULL,1069,'Chimariko',NULL),(1078,NULL,NULL,1069,'Santa Rosa',NULL),(1079,NULL,NULL,1069,'Wappo',NULL),(1080,NULL,NULL,1069,'Digger',NULL),(1081,NULL,NULL,1069,'Yana',NULL),(1082,NULL,NULL,1069,'Coast Miwok',NULL),(1083,NULL,NULL,921,'Narragansett',NULL),(1084,NULL,NULL,921,'Potawatomi',NULL),(1085,NULL,NULL,1084,'Wisconsin Potawatomi',NULL),(1086,NULL,NULL,1084,'Huron Potawatomi',NULL),(1087,NULL,NULL,1084,'Prairie Band',NULL),(1088,NULL,NULL,1084,'Pokagon Potawatomi',NULL),(1089,NULL,NULL,1084,'Forest County',NULL),(1090,NULL,NULL,1084,'Citizen Band Potawatomi',NULL),(1091,NULL,NULL,1084,'Hannahville',NULL),(1092,NULL,NULL,921,'Penobscot',NULL),(1093,NULL,NULL,921,'Paiute',NULL),(1094,NULL,NULL,1093,'Burns Paiute',NULL),(1095,NULL,NULL,1093,'Fort Independence',NULL),(1096,NULL,NULL,1093,'Pyramid Lake',NULL),(1097,NULL,NULL,1093,'Utu Utu Gwaitu Paiute',NULL),(1098,NULL,NULL,1093,'Fort Bidwell',NULL),(1099,NULL,NULL,1093,'Southern Paiute',NULL),(1100,NULL,NULL,1093,'San Juan Southern Paiute',NULL),(1101,NULL,NULL,1093,'Bishop',NULL),(1102,NULL,NULL,1093,'Owens Valley',NULL),(1103,NULL,NULL,1093,'Yerington Paiute',NULL),(1104,NULL,NULL,1093,'Malheur Paiute',NULL),(1105,NULL,NULL,1093,'Walker River',NULL),(1106,NULL,NULL,1093,'Kaibab',NULL),(1107,NULL,NULL,1093,'Bridgeport',NULL),(1108,NULL,NULL,1093,'Moapa',NULL),(1109,NULL,NULL,1093,'Northern Paiute',NULL),(1110,NULL,NULL,1093,'Summit Lake',NULL),(1111,NULL,NULL,1093,'Lone Pine',NULL),(1112,NULL,NULL,1093,'Cedarville',NULL),(1113,NULL,NULL,1093,'Lovelock',NULL),(1114,NULL,NULL,1093,'Las Vegas',NULL),(1115,NULL,NULL,921,'Kalispel',NULL),(1116,NULL,NULL,921,'Miami',NULL),(1117,NULL,NULL,1116,'Illinois Miami',NULL),(1118,NULL,NULL,1116,'Oklahoma Miami',NULL),(1119,NULL,NULL,1116,'Indiana Miami',NULL),(1120,NULL,NULL,921,'Northwest Tribes',NULL),(1121,NULL,NULL,1120,'Columbia',NULL),(1122,NULL,NULL,1120,'Wenatchee',NULL),(1123,NULL,NULL,1120,'Tenino',NULL),(1124,NULL,NULL,1120,'Alsea',NULL),(1125,NULL,NULL,1120,'Celilo',NULL),(1126,NULL,NULL,1120,'Molala',NULL),(1127,NULL,NULL,1120,'Tillamook',NULL),(1128,NULL,NULL,1120,'Kalapuya',NULL),(1129,NULL,NULL,1120,'Yahooskin',NULL),(1130,NULL,NULL,1120,'Talakamish',NULL),(1131,NULL,NULL,921,'Umatilla',NULL),(1132,NULL,NULL,921,'Algonquian',NULL),(1133,NULL,NULL,921,'Shoshone Paiute',NULL),(1134,NULL,NULL,1133,'Fort McDermitt',NULL),(1135,NULL,NULL,1133,'Duck Valley',NULL),(1136,NULL,NULL,1133,'Fallon',NULL),(1137,NULL,NULL,921,'Susanville',NULL),(1138,NULL,NULL,921,'Pequot',NULL),(1139,NULL,NULL,1138,'Marshantucket Pequot',NULL),(1140,NULL,NULL,921,'Quapaw',NULL),(1141,NULL,NULL,921,'Maliseet',NULL),(1142,NULL,NULL,921,'Shoshone',NULL),(1143,NULL,NULL,1142,'Battle Mountain',NULL),(1144,NULL,NULL,1142,'Te-Moak Western Shoshone',NULL),(1145,NULL,NULL,1142,'South Fork Shoshone',NULL),(1146,NULL,NULL,1142,'Skull Valley',NULL),(1147,NULL,NULL,1142,'Yomba',NULL),(1148,NULL,NULL,1142,'Ely',NULL),(1149,NULL,NULL,1142,'Ruby Valley',NULL),(1150,NULL,NULL,1142,'Wind River Shoshone',NULL),(1151,NULL,NULL,1142,'Goshute',NULL),(1152,NULL,NULL,1142,'Panamint',NULL),(1153,NULL,NULL,1142,'Elko',NULL),(1154,NULL,NULL,1142,'Duckwater',NULL),(1155,NULL,NULL,1142,'Timbi-Sha Shoshone',NULL),(1156,NULL,NULL,1142,'Washakie',NULL),(1157,NULL,NULL,921,'Winnebago',NULL),(1158,NULL,NULL,1157,'Nebraska Winnebago',NULL),(1159,NULL,NULL,1157,'Ho-chunk',NULL),(1160,NULL,NULL,921,'Abenaki',NULL),(1161,NULL,NULL,921,'Rappahannock',NULL),(1162,NULL,NULL,921,'Shinnecock',NULL),(1163,NULL,NULL,921,'Omaha',NULL),(1164,NULL,NULL,921,'Clear Lake',NULL),(1165,NULL,NULL,921,'Tygh',NULL),(1166,NULL,NULL,921,'Yuchi',NULL),(1167,NULL,NULL,921,'Choctaw',NULL),(1168,NULL,NULL,1167,'Jena Choctaw',NULL),(1169,NULL,NULL,1167,'Clifton Choctaw',NULL),(1170,NULL,NULL,1167,'Oklahoma Choctaw',NULL),(1171,NULL,NULL,1167,'Mowa Band of Choctaw',NULL),(1172,NULL,NULL,1167,'Mississippi Choctaw',NULL),(1173,NULL,NULL,921,'Kaw',NULL),(1174,NULL,NULL,921,'Fort Hall',NULL),(1175,NULL,NULL,921,'Karuk',NULL),(1176,NULL,NULL,921,'Siletz',NULL),(1177,NULL,NULL,921,'Yokuts',NULL),(1178,NULL,NULL,1177,'Tule River',NULL),(1179,NULL,NULL,1177,'Tachi',NULL),(1180,NULL,NULL,1177,'Chukchansi',NULL),(1181,NULL,NULL,921,'Fort Berthold',NULL),(1182,NULL,NULL,921,'Konkow',NULL),(1183,NULL,NULL,921,'Tohono O\'Odham',NULL),(1184,NULL,NULL,1183,'Gila Bend',NULL),(1185,NULL,NULL,1183,'San Xavier',NULL),(1186,NULL,NULL,1183,'Sells',NULL),(1187,NULL,NULL,1183,'Ak-Chin',NULL),(1188,NULL,NULL,921,'Arapaho',NULL),(1189,NULL,NULL,1188,'Wind River Arapaho',NULL),(1190,NULL,NULL,1188,'Northern Arapaho',NULL),(1191,NULL,NULL,1188,'Southern Arapaho',NULL),(1192,NULL,NULL,921,'Chumash',NULL),(1193,NULL,NULL,1192,'Santa Ynez',NULL),(1194,NULL,NULL,921,'Caddo',NULL),(1195,NULL,NULL,1194,'Oklahoma Cado',NULL),(1196,NULL,NULL,921,'Cheyenne-Arapaho',NULL),(1197,NULL,NULL,921,'Fort Belknap',NULL),(1198,NULL,NULL,921,'Chinook',NULL),(1199,NULL,NULL,1198,'Wishram',NULL),(1200,NULL,NULL,1198,'Clatsop',NULL),(1201,NULL,NULL,1198,'Wakiakum Chinook',NULL),(1202,NULL,NULL,1198,'Willapa Chinook',NULL),(1203,NULL,NULL,1198,'Columbia River Chinook',NULL),(1204,NULL,NULL,1198,'Kathlamet',NULL),(1205,NULL,NULL,1198,'Upper Chinook',NULL),(1206,NULL,NULL,921,'Kickapoo',NULL),(1207,NULL,NULL,1206,'Oklahoma Kickapoo',NULL),(1208,NULL,NULL,1206,'Texas Kickapoo',NULL),(1209,NULL,NULL,921,'Ute',NULL),(1210,NULL,NULL,1209,'Ute Mountain Ute',NULL),(1211,NULL,NULL,1209,'Uintah Ute',NULL),(1212,NULL,NULL,1209,'Allen Canyon',NULL),(1213,NULL,NULL,921,'Passamaquoddy',NULL),(1214,NULL,NULL,1213,'Indian Township',NULL),(1215,NULL,NULL,1213,'Pleasant Point Passamaquoddy',NULL),(1216,NULL,NULL,921,'Chickahominy',NULL),(1217,NULL,NULL,1216,'Eastern Chickahominy',NULL),(1218,NULL,NULL,1216,'Western Chickahominy',NULL),(1219,NULL,NULL,921,'Fort Mcdowell',NULL),(1220,NULL,NULL,921,'Wailaki',NULL),(1221,NULL,NULL,921,'Oregon Athabaskan',NULL),(1222,NULL,NULL,921,'Pit River',NULL),(1223,NULL,NULL,921,'Chemakuan',NULL),(1224,NULL,NULL,1223,'Hoh',NULL),(1225,NULL,NULL,1223,'Quileute',NULL),(1226,NULL,NULL,921,'Crow',NULL),(1227,NULL,NULL,921,'Cupeno',NULL),(1228,NULL,NULL,1227,'Agua Caliente',NULL),(1229,NULL,NULL,921,'Pawnee',NULL),(1230,NULL,NULL,1229,'Oklahoma Pawnee',NULL),(1231,NULL,NULL,921,'Hoopa Extension',NULL),(1232,NULL,NULL,921,'Makah',NULL),(1233,NULL,NULL,921,'Arikara',NULL),(1234,NULL,NULL,921,'Lummi',NULL),(1235,NULL,NULL,921,'Tolowa',NULL),(1236,NULL,NULL,921,'Chehalis',NULL),(1237,NULL,NULL,921,'Chemehuevi',NULL),(1238,NULL,NULL,921,'Mono',NULL),(1239,NULL,NULL,921,'Nomalaki',NULL),(1240,NULL,NULL,921,'Seminole',NULL),(1241,NULL,NULL,1240,'Hollywood Seminole',NULL),(1242,NULL,NULL,1240,'Brighton',NULL),(1243,NULL,NULL,1240,'Big Cypress',NULL),(1244,NULL,NULL,1240,'Florida Seminole',NULL),(1245,NULL,NULL,1240,'Oklahoma Seminole',NULL),(1246,NULL,NULL,921,'Cahuilla',NULL),(1247,NULL,NULL,1246,'Cabazon',NULL),(1248,NULL,NULL,1246,'Torres-Martinez',NULL),(1249,NULL,NULL,1246,'Augustine',NULL),(1250,NULL,NULL,1246,'Los Coyotes',NULL),(1251,NULL,NULL,1246,'Agua Caliente Cahuilla',NULL),(1252,NULL,NULL,1246,'Santa Rosa Cahuilla',NULL),(1253,NULL,NULL,1246,'Morongo',NULL),(1254,NULL,NULL,921,'Walla-Walla',NULL),(1255,NULL,NULL,921,'Ponca',NULL),(1256,NULL,NULL,1255,'Oklahoma Ponca',NULL),(1257,NULL,NULL,1255,'Nebraska Ponca',NULL),(1258,NULL,NULL,921,'Burt Lake Band',NULL),(1259,NULL,NULL,921,'Salinan',NULL),(1260,NULL,NULL,921,'Shasta',NULL),(1261,NULL,NULL,921,'Micmac',NULL),(1262,NULL,NULL,1261,'Aroostook',NULL),(1263,NULL,NULL,921,'Ottawa',NULL),(1264,NULL,NULL,1263,'Burt Lake Ottawa',NULL),(1265,NULL,NULL,1263,'Michigan Ottawa',NULL),(1266,NULL,NULL,1263,'Oklahoma Ottawa',NULL),(1267,NULL,NULL,921,'Coquilles',NULL),(1268,NULL,NULL,921,'Coushatta',NULL),(1269,NULL,NULL,1268,'Alabama Coushatta',NULL),(1270,NULL,NULL,921,'Warm Springs',NULL),(1271,NULL,NULL,921,'Mohegan',NULL),(1272,NULL,NULL,921,'Wiyot',NULL),(1273,NULL,NULL,1272,'Table Bluff',NULL),(1274,NULL,NULL,921,'Pueblo',NULL),(1275,NULL,NULL,1274,'Taos',NULL),(1276,NULL,NULL,1274,'San Juan De',NULL),(1277,NULL,NULL,1274,'San Felipe',NULL),(1278,NULL,NULL,1274,'Picuris',NULL),(1279,NULL,NULL,1274,'Zia',NULL),(1280,NULL,NULL,1274,'Tigua',NULL),(1281,NULL,NULL,1274,'Jemez',NULL),(1282,NULL,NULL,1274,'Santa Ana',NULL),(1283,NULL,NULL,1274,'San Ildefonso',NULL),(1284,NULL,NULL,1274,'Santo Domingo',NULL),(1285,NULL,NULL,1274,'Nambe',NULL),(1286,NULL,NULL,1274,'Tesuque',NULL),(1287,NULL,NULL,1274,'Keres',NULL),(1288,NULL,NULL,1274,'Cochiti',NULL),(1289,NULL,NULL,1274,'Acoma',NULL),(1290,NULL,NULL,1274,'Santa Clara',NULL),(1291,NULL,NULL,1274,'Hopi',NULL),(1292,NULL,NULL,1274,'Piro',NULL),(1293,NULL,NULL,1274,'San Juan',NULL),(1294,NULL,NULL,1274,'Isleta',NULL),(1295,NULL,NULL,1274,'Laguna',NULL),(1296,NULL,NULL,1274,'San Juan Pueblo',NULL),(1297,NULL,NULL,1274,'Pojoaque',NULL),(1298,NULL,NULL,1274,'Sandia',NULL),(1299,NULL,NULL,1274,'Zuni',NULL),(1300,NULL,NULL,1274,'Tewa',NULL),(1301,NULL,NULL,1274,'Arizona Tewa',NULL),(1302,NULL,NULL,921,'Wind River',NULL),(1303,NULL,NULL,921,'Salish',NULL),(1304,NULL,NULL,921,'Hoopa',NULL),(1305,NULL,NULL,1304,'Trinity',NULL),(1306,NULL,NULL,1304,'Whilkut',NULL),(1307,NULL,NULL,921,'Kootenai',NULL),(1308,NULL,NULL,921,'Mandan',NULL),(1309,NULL,NULL,921,'Yakama',NULL),(1310,NULL,NULL,921,'Washoe',NULL),(1311,NULL,NULL,1310,'Carson',NULL),(1312,NULL,NULL,1310,'Dresslerville',NULL),(1313,NULL,NULL,1310,'Alpine',NULL),(1314,NULL,NULL,921,'Yavapai Apache',NULL),(1315,NULL,NULL,921,'Mission Indians',NULL),(1316,NULL,NULL,921,'Tonkawa',NULL),(1317,NULL,NULL,921,'Creek',NULL),(1318,NULL,NULL,1317,'Principal Creek Indian Nation',NULL),(1319,NULL,NULL,1317,'Eastern Creek',NULL),(1320,NULL,NULL,1317,'Alabama Creek',NULL),(1321,NULL,NULL,1317,'Star Clan of Muscogee Creeks',NULL),(1322,NULL,NULL,1317,'Thlopthlocco',NULL),(1323,NULL,NULL,1317,'Lower Muscogee',NULL),(1324,NULL,NULL,1317,'Tuckabachee',NULL),(1325,NULL,NULL,1317,'Machis Lower Creek Indian',NULL),(1326,NULL,NULL,1317,'Kialegee',NULL),(1327,NULL,NULL,1317,'Poarch Band',NULL),(1328,NULL,NULL,1317,'Eastern Muscogee',NULL),(1329,NULL,NULL,1317,'Alabama Quassarte',NULL),(1330,NULL,NULL,921,'Colville',NULL),(1331,NULL,NULL,921,'Schaghticoke',NULL),(1332,NULL,NULL,921,'Osage',NULL),(1333,NULL,NULL,921,'Cherokee Shawnee',NULL),(1334,NULL,NULL,921,'Maidu',NULL),(1335,NULL,NULL,1334,'Nishinam',NULL),(1336,NULL,NULL,1334,'Mountain Maidu',NULL),(1337,NULL,NULL,921,'Siuslaw',NULL),(1338,NULL,NULL,921,'Cayuse',NULL),(1339,NULL,NULL,921,'Miwok',NULL),(1340,NULL,NULL,921,'Powhatan',NULL),(1341,NULL,NULL,921,'Comanche',NULL),(1342,NULL,NULL,1341,'Oklahoma Comanche',NULL),(1343,NULL,NULL,921,'Chitimacha',NULL),(1344,NULL,NULL,921,'Salish and Kootenai',NULL),(1345,NULL,NULL,921,'Otoe-Missouria',NULL),(1346,NULL,NULL,921,'Lassik',NULL),(1347,NULL,NULL,921,'Klamath',NULL),(1348,NULL,NULL,921,'Lumbee',NULL),(1349,NULL,NULL,921,'Luiseno',NULL),(1350,NULL,NULL,1349,'Temecula',NULL),(1351,NULL,NULL,1349,'Pechanga',NULL),(1352,NULL,NULL,1349,'Twenty-Nine Palms',NULL),(1353,NULL,NULL,1349,'Pauma',NULL),(1354,NULL,NULL,1349,'Soboba',NULL),(1355,NULL,NULL,1349,'Pala',NULL),(1356,NULL,NULL,1349,'La Jolla',NULL),(1357,NULL,NULL,921,'Iroquois',NULL),(1358,NULL,NULL,1357,'Onondaga',NULL),(1359,NULL,NULL,1357,'Cayuga',NULL),(1360,NULL,NULL,1357,'Oneida',NULL),(1361,NULL,NULL,1357,'Seneca',NULL),(1362,NULL,NULL,1357,'Tonawanda Seneca',NULL),(1363,NULL,NULL,1357,'Wyandotte',NULL),(1364,NULL,NULL,1357,'Mohawk',NULL),(1365,NULL,NULL,1357,'Seneca-Cayuga',NULL),(1366,NULL,NULL,1357,'Seneca Nation',NULL),(1367,NULL,NULL,1357,'Tuscarora',NULL),(1368,NULL,NULL,921,'Assiniboine Sioux',NULL),(1369,NULL,NULL,1368,'Fort Peck Assiniboine Sioux',NULL),(1370,NULL,NULL,921,'Serrano',NULL),(1371,NULL,NULL,1370,'San Manual',NULL),(1372,NULL,NULL,921,'Miccosukee',NULL),(1373,NULL,NULL,921,'Bannock',NULL),(1374,NULL,NULL,921,'Grand Ronde',NULL),(1375,NULL,NULL,921,'Wintun',NULL),(1376,NULL,NULL,921,'Stewart',NULL),(1377,NULL,NULL,921,'Inaja-Cosmit',NULL),(1378,NULL,NULL,921,'Catawba',NULL),(1379,NULL,NULL,921,'Menominee',NULL),(1380,NULL,NULL,921,'Coos',NULL),(1381,NULL,NULL,921,'Canadian and Latin American Indian',NULL),(1382,NULL,NULL,1381,'French American Indian',NULL),(1383,NULL,NULL,1381,'Canadian Indian',NULL),(1384,NULL,NULL,1381,'Spanish American Indian',NULL),(1385,NULL,NULL,1381,'South American Indian',NULL),(1386,NULL,NULL,1381,'Mexican American Indian',NULL),(1387,NULL,NULL,1381,'Central American Indian',NULL),(1388,NULL,NULL,921,'Modoc',NULL),(1389,NULL,NULL,921,'Coeur D\'Alene',NULL),(1390,NULL,NULL,921,'Coharie',NULL),(1391,NULL,NULL,921,'Yurok',NULL),(1392,NULL,NULL,1391,'Coast Yurok',NULL),(1393,NULL,NULL,921,'Iowa',NULL),(1394,NULL,NULL,1393,'Iowa of Kansas-Nebraska',NULL),(1395,NULL,NULL,1393,'Iowa of Oklahoma',NULL),(1396,NULL,NULL,921,'Haliwa',NULL),(1397,NULL,NULL,921,'Umpqua',NULL),(1398,NULL,NULL,1397,'Cow Creek Umpqua',NULL),(1399,NULL,NULL,921,'Wichita',NULL),(1400,NULL,NULL,921,'Shawnee',NULL),(1401,NULL,NULL,1400,'Absentee Shawnee',NULL),(1402,NULL,NULL,1400,'Eastern Shawnee',NULL),(1403,NULL,NULL,921,'Sac and Fox',NULL),(1404,NULL,NULL,1403,'Oklahoma Sac and Fox',NULL),(1405,NULL,NULL,1403,'Missouri Sac and Fox',NULL),(1406,NULL,NULL,1403,'Iowa Sac and Fox',NULL),(1407,NULL,NULL,921,'Blackfeet',NULL),(1408,NULL,NULL,921,'Cherokee',NULL),(1409,NULL,NULL,1408,'Eastern Cherokee',NULL),(1410,NULL,NULL,1408,'Etowah Cherokee',NULL),(1411,NULL,NULL,1408,'Echota Cherokee',NULL),(1412,NULL,NULL,1408,'United Keetowah Band of Cherokee',NULL),(1413,NULL,NULL,1408,'Northern Cherokee',NULL),(1414,NULL,NULL,1408,'Cherokees of Northeast Alabama',NULL),(1415,NULL,NULL,1408,'Cherokee Alabama',NULL),(1416,NULL,NULL,1408,'Tuscola',NULL),(1417,NULL,NULL,1408,'Cherokees of Southeast Alabama',NULL),(1418,NULL,NULL,1408,'Western Cherokee',NULL),(1419,NULL,NULL,921,'Gabrieleno',NULL),(1420,NULL,NULL,921,'Yakama Cowlitz',NULL),(1421,NULL,NULL,921,'Costanoan',NULL),(1422,NULL,NULL,921,'Eastern Tribes',NULL),(1423,NULL,NULL,1422,'Susquehanock',NULL),(1424,NULL,NULL,1422,'Moor',NULL),(1425,NULL,NULL,1422,'Pocomoke Acohonock',NULL),(1426,NULL,NULL,1422,'Southeastern Indians',NULL),(1427,NULL,NULL,1422,'Waccamaw-Siousan',NULL),(1428,NULL,NULL,1422,'Wicomico',NULL),(1429,NULL,NULL,1422,'Biloxi',NULL),(1430,NULL,NULL,1422,'Paugussett',NULL),(1431,NULL,NULL,1422,'Attacapa',NULL),(1432,NULL,NULL,1422,'Georgetown',NULL),(1433,NULL,NULL,1422,'Nipmuc',NULL),(1434,NULL,NULL,1422,'Nansemond',NULL),(1435,NULL,NULL,1422,'Nausu Waiwash',NULL),(1436,NULL,NULL,1422,'Natchez',NULL),(1437,NULL,NULL,1422,'Tunica Biloxi',NULL),(1438,NULL,NULL,921,'Diegueno',NULL),(1439,NULL,NULL,1438,'La Posta',NULL),(1440,NULL,NULL,1438,'Cuyapaipe',NULL),(1441,NULL,NULL,1438,'Santa Ysabel',NULL),(1442,NULL,NULL,1438,'Campo',NULL),(1443,NULL,NULL,1438,'Manzanita',NULL),(1444,NULL,NULL,1438,'Sycuan',NULL),(1445,NULL,NULL,1438,'Mesa Grande',NULL),(1446,NULL,NULL,1438,'Capitan Grande',NULL),(1447,NULL,NULL,1438,'San Pasqual',NULL),(1448,NULL,NULL,921,'Esselen',NULL),(1449,NULL,NULL,921,'Winnemucca',NULL),(1450,NULL,NULL,921,'Coos, Lower Umpqua, Siuslaw',NULL),(1451,NULL,NULL,921,'Brotherton',NULL),(1452,NULL,NULL,921,'Quinault',NULL),(1453,NULL,NULL,921,'Kiowa',NULL),(1454,NULL,NULL,1453,'Oklahoma Kiowa',NULL),(1455,NULL,NULL,921,'Wampanoag',NULL),(1456,NULL,NULL,1455,'Mashpee Wampanoag',NULL),(1457,NULL,NULL,1455,'Gay Head Wampanoag',NULL),(1458,NULL,NULL,921,'Nanticoke',NULL),(1459,NULL,NULL,921,'Houma',NULL),(1460,NULL,NULL,921,'Long Island',NULL),(1461,NULL,NULL,1460,'Montauk',NULL),(1462,NULL,NULL,1460,'Setauket',NULL),(1463,NULL,NULL,1460,'Poospatuck',NULL),(1464,NULL,NULL,1460,'Matinecock',NULL),(1465,NULL,NULL,921,'Shoalwater Bay',NULL),(1466,NULL,NULL,921,'Delaware',NULL),(1467,NULL,NULL,1466,'Munsee',NULL),(1468,NULL,NULL,1466,'Lenni-Lenape',NULL),(1469,NULL,NULL,1466,'Rampough Mountain',NULL),(1470,NULL,NULL,1466,'Oklahoma Delaware',NULL),(1471,NULL,NULL,1466,'Sand Hill',NULL),(1472,NULL,NULL,1466,'Eastern Delaware',NULL),(1473,NULL,NULL,921,'Croatan',NULL),(1474,NULL,NULL,921,'Assiniboine',NULL),(1475,NULL,NULL,NULL,'White','Race_PID'),(1476,NULL,NULL,1475,'European',NULL),(1477,NULL,NULL,1476,'Polish',NULL),(1478,NULL,NULL,1476,'English',NULL),(1479,NULL,NULL,1476,'Irish',NULL),(1480,NULL,NULL,1476,'German',NULL),(1481,NULL,NULL,1476,'French',NULL),(1482,NULL,NULL,1476,'Armenian',NULL),(1483,NULL,NULL,1476,'Scottish',NULL),(1484,NULL,NULL,1476,'Italian',NULL),(1485,NULL,NULL,1475,'Arab',NULL),(1486,NULL,NULL,1475,'Middle Eastern or North African',NULL),(1487,NULL,NULL,1486,'Iranian',NULL),(1488,NULL,NULL,1486,'Iraqi',NULL),(1489,NULL,NULL,1486,'Israeili',NULL),(1490,NULL,NULL,1486,'Egyptian',NULL),(1491,NULL,NULL,1486,'Syrian',NULL),(1492,NULL,NULL,1486,'Lebanese',NULL),(1493,NULL,NULL,1486,'Assyrian',NULL),(1494,NULL,NULL,1486,'Afghanistani',NULL),(1495,NULL,NULL,1486,'Palestinian',NULL),(1496,NULL,NULL,NULL,'Native Hawaiian or Other Pacific Islander','Race_PID'),(1497,NULL,NULL,1496,'Melanesian',NULL),(1498,NULL,NULL,1497,'Solomon Islander',NULL),(1499,NULL,NULL,1497,'Fijian',NULL),(1500,NULL,NULL,1497,'Papua New Guinean',NULL),(1501,NULL,NULL,1497,'New Hebrides',NULL),(1502,NULL,NULL,1496,'Polynesian',NULL),(1503,NULL,NULL,1502,'Tahitian',NULL),(1504,NULL,NULL,1502,'Samoan',NULL),(1505,NULL,NULL,1502,'Native Hawaiian',NULL),(1506,NULL,NULL,1502,'Tokelauan',NULL),(1507,NULL,NULL,1502,'Tongan',NULL),(1508,NULL,NULL,1496,'Micronesian',NULL),(1509,NULL,NULL,1508,'Guamanian or Chamorro',NULL),(1510,NULL,NULL,1508,'Saipanese',NULL),(1511,NULL,NULL,1508,'Guamanian',NULL),(1512,NULL,NULL,1508,'Mariana Islander',NULL),(1513,NULL,NULL,1508,'Kiribati',NULL),(1514,NULL,NULL,1508,'Carolinian',NULL),(1515,NULL,NULL,1508,'Pohnpeian',NULL),(1516,NULL,NULL,1508,'Marshallese',NULL),(1517,NULL,NULL,1508,'Palauan',NULL),(1518,NULL,NULL,1508,'Chuukese',NULL),(1519,NULL,NULL,1508,'Kosraean',NULL),(1520,NULL,NULL,1508,'Yapese',NULL),(1521,NULL,NULL,1508,'Chamorro',NULL),(1522,NULL,NULL,1496,'Other Pacific Islander',NULL),(1523,NULL,NULL,NULL,'Tunisia','2004100'),(1524,NULL,NULL,NULL,'Kuwait','2004100'),(1525,NULL,NULL,NULL,'Iran','2004100'),(1526,NULL,NULL,NULL,'United Kingdom','2004100'),(1527,NULL,NULL,NULL,'Romania','2004100'),(1528,NULL,NULL,NULL,'Slovakia','2004100'),(1529,NULL,NULL,NULL,'Turks and Caicos Islands','2004100'),(1530,NULL,NULL,NULL,'Western Sahara','2004100'),(1531,NULL,NULL,NULL,'Haiti','2004100'),(1532,NULL,NULL,NULL,'Seychelles','2004100'),(1533,NULL,NULL,NULL,'Saint Lucia','2004100'),(1534,NULL,NULL,NULL,'Mauritania','2004100'),(1535,NULL,NULL,NULL,'Gabon','2004100'),(1536,NULL,NULL,NULL,'Tuvalu','2004100'),(1537,NULL,NULL,NULL,'Norfolk Island','2004100'),(1538,NULL,NULL,NULL,'Lebanon','2004100'),(1539,NULL,NULL,NULL,'Saint Helena','2004100'),(1540,NULL,NULL,NULL,'Papua New Guinea','2004100'),(1541,NULL,NULL,NULL,'Reunion','2004100'),(1542,NULL,NULL,NULL,'Christmas Island','2004100'),(1543,NULL,NULL,NULL,'Vietnam','2004100'),(1544,NULL,NULL,NULL,'Gibraltar','2004100'),(1545,NULL,NULL,NULL,'Switzerland','2004100'),(1546,NULL,NULL,NULL,'Zambia','2004100'),(1547,NULL,NULL,NULL,'Singapore','2004100'),(1548,NULL,NULL,NULL,'Macau','2004100'),(1549,NULL,NULL,NULL,'Somalia','2004100'),(1550,NULL,NULL,NULL,'American Samoa','2004100'),(1551,NULL,NULL,NULL,'Chile','2004100'),(1552,NULL,NULL,NULL,'Nauru','2004100'),(1553,NULL,NULL,NULL,'Guyana','2004100'),(1554,NULL,NULL,NULL,'Fiji','2004100'),(1555,NULL,NULL,NULL,'Congo','2004100'),(1556,NULL,NULL,NULL,'Croatia','2004100'),(1557,NULL,NULL,NULL,'Guinea-Bissau','2004100'),(1558,NULL,NULL,NULL,'Australia','2004100'),(1559,NULL,NULL,NULL,'Swaziland','2004100'),(1560,NULL,NULL,NULL,'Czech Republic','2004100'),(1561,NULL,NULL,NULL,'Cocos Islands','2004100'),(1562,NULL,NULL,NULL,'New Caledonia','2004100'),(1563,NULL,NULL,NULL,'Malawi','2004100'),(1564,NULL,NULL,NULL,'Dominica','2004100'),(1565,NULL,NULL,NULL,'Ethiopia','2004100'),(1566,NULL,NULL,NULL,'Belarus','2004100'),(1567,NULL,NULL,NULL,'Saint Pierre','2004100'),(1568,NULL,NULL,NULL,'Mozambique','2004100'),(1569,NULL,NULL,NULL,'Belgium','2004100'),(1570,NULL,NULL,NULL,'Liechtenstein','2004100'),(1571,NULL,NULL,NULL,'South Africa','2004100'),(1572,NULL,NULL,NULL,'Barbados','2004100'),(1573,NULL,NULL,NULL,'San Marino','2004100'),(1574,NULL,NULL,NULL,'Colombia','2004100'),(1575,NULL,NULL,NULL,'Palau','2004100'),(1576,NULL,NULL,NULL,'Burkina Faso','2004100'),(1577,NULL,NULL,NULL,'Nigeria','2004100'),(1578,NULL,NULL,NULL,'Peru','2004100'),(1579,NULL,NULL,NULL,'Japan','2004100'),(1580,NULL,NULL,NULL,'Cambodia','2004100'),(1581,NULL,NULL,NULL,'Netherlands Antilles','2004100'),(1582,NULL,NULL,NULL,'Qatar','2004100'),(1583,NULL,NULL,NULL,'Trinidad and Tobago','2004100'),(1584,NULL,NULL,NULL,'Saudi Arabia','2004100'),(1585,NULL,NULL,NULL,'Venezuela','2004100'),(1586,NULL,NULL,NULL,'Pakistan','2004100'),(1587,NULL,NULL,NULL,'Egypt','2004100'),(1588,NULL,NULL,NULL,'Jordan','2004100'),(1589,NULL,NULL,NULL,'Zaire','2004100'),(1590,NULL,NULL,NULL,'Aruba','2004100'),(1591,NULL,NULL,NULL,'French Guiana','2004100'),(1592,NULL,NULL,NULL,'France','2004100'),(1593,NULL,NULL,NULL,'Niue','2004100'),(1594,NULL,NULL,NULL,'Guinea','2004100'),(1595,NULL,NULL,NULL,'Costa Rica','2004100'),(1596,NULL,NULL,NULL,'Guadeloupe','2004100'),(1597,NULL,NULL,NULL,'Tajikistan','2004100'),(1598,NULL,NULL,NULL,'Bosnia and Herzegovina','2004100'),(1599,NULL,NULL,NULL,'Cayman Islands','2004100'),(1600,NULL,NULL,NULL,'Macedonia','2004100'),(1601,NULL,NULL,NULL,'Cook Islands','2004100'),(1602,NULL,NULL,NULL,'Guatemala','2004100'),(1603,NULL,NULL,NULL,'Afghanistan','2004100'),(1604,NULL,NULL,NULL,'Netherlands','2004100'),(1605,NULL,NULL,NULL,'Bouvet Island','2004100'),(1606,NULL,NULL,NULL,'El Salvador','2004100'),(1607,NULL,NULL,NULL,'Sudan','2004100'),(1608,NULL,NULL,NULL,'Kiribati','2004100'),(1609,NULL,NULL,NULL,'Armenia','2004100'),(1610,NULL,NULL,NULL,'Rwanda','2004100'),(1611,NULL,NULL,NULL,'Kenya','2004100'),(1612,NULL,NULL,NULL,'Iceland','2004100'),(1613,NULL,NULL,NULL,'Hong Kong','2004100'),(1614,NULL,NULL,NULL,'Samoa','2004100'),(1615,NULL,NULL,NULL,'Turkey','2004100'),(1616,NULL,NULL,NULL,'Saint Vincent','2004100'),(1617,NULL,NULL,NULL,'Mauritius','2004100'),(1618,NULL,NULL,NULL,'Monaco','2004100'),(1619,NULL,NULL,NULL,'Faroe Islands','2004100'),(1620,NULL,NULL,NULL,'Kyrgyzstan','2004100'),(1621,NULL,NULL,NULL,'Indonesia','2004100'),(1622,NULL,NULL,NULL,'Namibia','2004100'),(1623,NULL,NULL,NULL,'Mongolia','2004100'),(1624,NULL,NULL,NULL,'Tanzania','2004100'),(1625,NULL,NULL,NULL,'Philippines','2004100'),(1626,NULL,NULL,NULL,'Azerbaijan','2004100'),(1627,NULL,NULL,NULL,'Martinique','2004100'),(1628,NULL,NULL,NULL,'Paraguay','2004100'),(1629,NULL,NULL,NULL,'Latvia','2004100'),(1630,NULL,NULL,NULL,'Turkmenistan','2004100'),(1631,NULL,NULL,NULL,'Norway','2004100'),(1632,NULL,NULL,NULL,'Angola','2004100'),(1633,NULL,NULL,NULL,'Nepal','2004100'),(1634,NULL,NULL,NULL,'Mexico','2004100'),(1635,NULL,NULL,NULL,'Finland','2004100'),(1636,NULL,NULL,NULL,'Senegal','2004100'),(1637,NULL,NULL,NULL,'Bhutan','2004100'),(1638,NULL,NULL,NULL,'Cape Verde','2004100'),(1639,NULL,NULL,NULL,'Marshall Islands','2004100'),(1640,NULL,NULL,NULL,'Grenada','2004100'),(1641,NULL,NULL,NULL,'Russian Federation','2004100'),(1642,NULL,NULL,NULL,'Myanmar','2004100'),(1643,NULL,NULL,NULL,'Algeria','2004100'),(1644,NULL,NULL,NULL,'Kazakhstan','2004100'),(1645,NULL,NULL,NULL,'Pitcairn','2004100'),(1646,NULL,NULL,NULL,'Bolivia','2004100'),(1647,NULL,NULL,NULL,'Mali','2004100'),(1648,NULL,NULL,NULL,'Belize','2004100'),(1649,NULL,NULL,NULL,'Micronesia','2004100'),(1650,NULL,NULL,NULL,'Taiwan','2004100'),(1651,NULL,NULL,NULL,'Israel','2004100'),(1652,NULL,NULL,NULL,'East Timor','2004100'),(1653,NULL,NULL,NULL,'Moldova','2004100'),(1654,NULL,NULL,NULL,'Puerto Rico','2004100'),(1655,NULL,NULL,NULL,'Vanuatu','2004100'),(1656,NULL,NULL,NULL,'Austria','2004100'),(1657,NULL,NULL,NULL,'Togo','2004100'),(1658,NULL,NULL,NULL,'Bermuda','2004100'),(1659,NULL,NULL,NULL,'Dominican Republic','2004100'),(1660,NULL,NULL,NULL,'Bulgaria','2004100'),(1661,NULL,NULL,NULL,'Virgin Islands','2004100'),(1662,NULL,NULL,NULL,'Antarctica','2004100'),(1663,NULL,NULL,NULL,'Cyprus','2004100'),(1664,NULL,NULL,NULL,'Cameroon','2004100'),(1665,NULL,NULL,NULL,'Malaysia','2004100'),(1666,NULL,NULL,NULL,'Solomon Islands','2004100'),(1667,NULL,NULL,NULL,'Nicaragua','2004100'),(1668,NULL,NULL,NULL,'Sierra Leone','2004100'),(1669,NULL,NULL,NULL,'Lesotho','2004100'),(1670,NULL,NULL,NULL,'Andorra','2004100'),(1671,NULL,NULL,NULL,'Greece','2004100'),(1672,NULL,NULL,NULL,'Central African Republic','2004100'),(1673,NULL,NULL,NULL,'Jamaica','2004100'),(1674,NULL,NULL,NULL,'Sao Tome and Principe','2004100'),(1675,NULL,NULL,NULL,'Bahamas','2004100'),(1676,NULL,NULL,NULL,'Ghana','2004100'),(1677,NULL,NULL,NULL,'Bangladesh','2004100'),(1678,NULL,NULL,NULL,'French S. Territories','2004100'),(1679,NULL,NULL,NULL,'Bahrain','2004100'),(1680,NULL,NULL,NULL,'Uganda','2004100'),(1681,NULL,NULL,NULL,'Montserrat','2004100'),(1682,NULL,NULL,NULL,'Luxembourg','2004100'),(1683,NULL,NULL,NULL,'Botswana','2004100'),(1684,NULL,NULL,NULL,'New Zealand','2004100'),(1685,NULL,NULL,NULL,'Germany','2004100'),(1686,NULL,NULL,NULL,'Portugal','2004100'),(1687,NULL,NULL,NULL,'Saint Kitts and Nevis','2004100'),(1688,NULL,NULL,NULL,'Ecuador','2004100'),(1689,NULL,NULL,NULL,'Greenland','2004100'),(1690,NULL,NULL,NULL,'United Arab Emirates','2004100'),(1691,NULL,NULL,NULL,'Tonga','2004100'),(1692,NULL,NULL,NULL,'India','2004100'),(1693,NULL,NULL,NULL,'Albania','2004100'),(1694,NULL,NULL,NULL,'Anguilla','2004100'),(1695,NULL,NULL,NULL,'Liberia','2004100'),(1696,NULL,NULL,NULL,'Maldives','2004100'),(1697,NULL,NULL,NULL,'Sweden','2004100'),(1698,NULL,NULL,NULL,'Uruguay','2004100'),(1699,NULL,NULL,NULL,'Vatican City State','2004100'),(1700,NULL,NULL,NULL,'Antigua and Barbuda','2004100'),(1701,NULL,NULL,NULL,'Thailand','2004100'),(1702,NULL,NULL,NULL,'Estonia','2004100'),(1703,NULL,NULL,NULL,'Tokelau','2004100'),(1704,NULL,NULL,NULL,'Ukraine','2004100'),(1705,NULL,NULL,NULL,'Laos','2004100'),(1706,NULL,NULL,NULL,'Chad','2004100'),(1707,NULL,NULL,NULL,'Syrian Arab Republic','2004100'),(1708,NULL,NULL,NULL,'Burundi','2004100'),(1709,NULL,NULL,NULL,'Uzbekistan','2004100'),(1710,NULL,NULL,NULL,'Yemen','2004100'),(1711,NULL,NULL,NULL,'Argentina','2004100'),(1712,NULL,NULL,NULL,'Hungary','2004100'),(1713,NULL,NULL,NULL,'Yugoslavia','2004100'),(1714,NULL,NULL,NULL,'Eritrea','2004100'),(1715,NULL,NULL,NULL,'Mayotte','2004100'),(1716,NULL,NULL,NULL,'Suriname','2004100'),(1717,NULL,NULL,NULL,'Ireland','2004100'),(1718,NULL,NULL,NULL,'Guam','2004100'),(1719,NULL,NULL,NULL,'Wallis And Futuna Islands','2004100'),(1720,NULL,NULL,NULL,'Morocco','2004100'),(1721,NULL,NULL,NULL,'Benin','2004100'),(1722,NULL,NULL,NULL,'Poland','2004100'),(1723,NULL,NULL,NULL,'Panama','2004100'),(1724,NULL,NULL,NULL,'Spain','2004100'),(1725,NULL,NULL,NULL,'French Polynesia','2004100'),(1726,NULL,NULL,NULL,'Korea','2004100'),(1727,NULL,NULL,NULL,'China','2004100'),(1728,NULL,NULL,NULL,'Iraq','2004100'),(1729,NULL,NULL,NULL,'Oman','2004100'),(1730,NULL,NULL,NULL,'Sri Lanka','2004100'),(1731,NULL,NULL,NULL,'Gambia','2004100'),(1732,NULL,NULL,NULL,'Brunei Darussalam','2004100'),(1733,NULL,NULL,NULL,'Cote D ivoire','2004100'),(1734,NULL,NULL,NULL,'Italy','2004100'),(1735,NULL,NULL,NULL,'Madagascar','2004100'),(1736,NULL,NULL,NULL,'Slovenia','2004100'),(1737,NULL,NULL,NULL,'Equatorial Guinea','2004100'),(1738,NULL,NULL,NULL,'Falkland Islands','2004100'),(1739,NULL,NULL,NULL,'Comoros','2004100'),(1740,NULL,NULL,NULL,'Honduras','2004100'),(1741,NULL,NULL,NULL,'Canada','2004100'),(1742,NULL,NULL,NULL,'United States','2004100'),(1743,NULL,NULL,NULL,'Brazil','2004100'),(1744,NULL,NULL,NULL,'Zimbabwe','2004100'),(1745,NULL,NULL,NULL,'Niger','2004100'),(1746,NULL,NULL,NULL,'Denmark','2004100'),(1747,NULL,NULL,NULL,'Georgia','2004100'),(1748,NULL,NULL,NULL,'Djibouti','2004100'),(1749,NULL,NULL,NULL,'Lithuania','2004100'),(1750,NULL,NULL,NULL,'Malta','2004100'),(1751,NULL,NULL,NULL,'New Mexico','2004200'),(1752,NULL,NULL,NULL,'Ohio','2004200'),(1753,NULL,NULL,NULL,'D.C.','2004200'),(1754,NULL,NULL,NULL,'Georgia','2004200'),(1755,NULL,NULL,NULL,'Idaho','2004200'),(1756,NULL,NULL,NULL,'Nebraska','2004200'),(1757,NULL,NULL,NULL,'Minnesota','2004200'),(1758,NULL,NULL,NULL,'Oklahoma','2004200'),(1759,NULL,NULL,NULL,'West Virginia','2004200'),(1760,NULL,NULL,NULL,'Maryland','2004200'),(1761,NULL,NULL,NULL,'Kansas','2004200'),(1762,NULL,NULL,NULL,'New Jersey','2004200'),(1763,NULL,NULL,NULL,'Vermont','2004200'),(1764,NULL,NULL,NULL,'Maine','2004200'),(1765,NULL,NULL,NULL,'Mississippi','2004200'),(1766,NULL,NULL,NULL,'Arkansas','2004200'),(1767,NULL,NULL,NULL,'Pennsylvania','2004200'),(1768,NULL,NULL,NULL,'Louisiana','2004200'),(1769,NULL,NULL,NULL,'Washington','2004200'),(1770,NULL,NULL,NULL,'Hawaii','2004200'),(1771,NULL,NULL,NULL,'Illinois','2004200'),(1772,NULL,NULL,NULL,'North Carolina','2004200'),(1773,NULL,NULL,NULL,'New Hampshire','2004200'),(1774,NULL,NULL,NULL,'Montana','2004200'),(1775,NULL,NULL,NULL,'Arizona','2004200'),(1776,NULL,NULL,NULL,'Connecticut','2004200'),(1777,NULL,NULL,NULL,'Other','2004200'),(1778,NULL,NULL,NULL,'Colorado','2004200'),(1779,NULL,NULL,NULL,'California','2004200'),(1780,NULL,NULL,NULL,'Florida','2004200'),(1781,NULL,NULL,NULL,'Virginia','2004200'),(1782,NULL,NULL,NULL,'Alaska','2004200'),(1783,NULL,NULL,NULL,'Wisconsin','2004200'),(1784,NULL,NULL,NULL,'Tennessee','2004200'),(1785,NULL,NULL,NULL,'Texas','2004200'),(1786,NULL,NULL,NULL,'Wyoming','2004200'),(1787,NULL,NULL,NULL,'Utah','2004200'),(1788,NULL,NULL,NULL,'Michigan','2004200'),(1789,NULL,NULL,NULL,'Nevada','2004200'),(1790,NULL,NULL,NULL,'Missouri','2004200'),(1791,NULL,NULL,NULL,'South Carolina','2004200'),(1792,NULL,NULL,NULL,'South Dakota','2004200'),(1793,NULL,NULL,NULL,'Massachusetts','2004200'),(1794,NULL,NULL,NULL,'Indiana','2004200'),(1795,NULL,NULL,NULL,'Iowa','2004200'),(1796,NULL,NULL,NULL,'Kentucky','2004200'),(1797,NULL,NULL,NULL,'Alabama','2004200'),(1798,NULL,NULL,NULL,'Delaware','2004200'),(1799,NULL,NULL,NULL,'Oregon','2004200'),(1800,NULL,NULL,NULL,'Rhode Island','2004200'),(1801,NULL,NULL,NULL,'North Dakota','2004200'),(1802,NULL,NULL,NULL,'New York','2004200'),(1803,NULL,NULL,NULL,'GERM CELL NEOPLASMS','Clinical_Diagnosis_PID'),(1804,NULL,NULL,1803,'Seminoma, NOS',NULL),(1805,NULL,NULL,1803,'Endodermal sinus tumor',NULL),(1806,NULL,NULL,1803,'Gonadoblastoma',NULL),(1807,NULL,NULL,1803,'Dysgerminoma',NULL),(1808,NULL,NULL,1803,'Mixed germ cell tumor',NULL),(1809,NULL,NULL,1803,'Malignant teratoma, intermediate',NULL),(1810,NULL,NULL,1803,'Teratoma, malignant, NOS',NULL),(1811,NULL,NULL,1803,'Struma ovarii, malignant',NULL),(1812,NULL,NULL,1803,'Struma ovarii, NOS',NULL),(1813,NULL,NULL,1803,'Teratoma with malignant transformation',NULL),(1814,NULL,NULL,1803,'Teratoma, benign',NULL),(1815,NULL,NULL,1803,'Polyembryoma',NULL),(1816,NULL,NULL,1803,'Dermoid cyst, NOS',NULL),(1817,NULL,NULL,1803,'Germinoma',NULL),(1818,NULL,NULL,1803,'Embryonal carcinoma, NOS',NULL),(1819,NULL,NULL,1803,'Malignant teratoma, undifferentiated',NULL),(1820,NULL,NULL,1803,'Seminoma, anaplastic',NULL),(1821,NULL,NULL,1803,'Spermatocytic seminoma',NULL),(1822,NULL,NULL,1803,'Teratoma, NOS',NULL),(1823,NULL,NULL,1803,'Strumal carcinoid',NULL),(1824,NULL,NULL,1803,'Teratocarcinoma',NULL),(1825,NULL,NULL,NULL,'LYMPHOSARCOMA CELL LEUKEMIA','Clinical_Diagnosis_PID'),(1826,NULL,NULL,NULL,'MONOCYTIC LEUKEMIAS','Clinical_Diagnosis_PID'),(1827,NULL,NULL,1826,'Acute monocytic leukemia',NULL),(1828,NULL,NULL,NULL,'FIBROMATOUS NEOPLASMS','Clinical_Diagnosis_PID'),(1829,NULL,NULL,1828,'Dermatofibroma, NOS',NULL),(1830,NULL,NULL,1828,'Dermatofibrosarcoma, NOS',NULL),(1831,NULL,NULL,1828,'Pigmented dermatofibrosarcoma protuberans',NULL),(1832,NULL,NULL,1828,'Periosteal fibrosarcoma',NULL),(1833,NULL,NULL,1828,'Fascial fibroma',NULL),(1834,NULL,NULL,1828,'Fibrous histiocytoma, NOS',NULL),(1835,NULL,NULL,1828,'Fibrosarcoma, NOS',NULL),(1836,NULL,NULL,1828,'Desmoplastic fibroma',NULL),(1837,NULL,NULL,1828,'Fibromyxoma',NULL),(1838,NULL,NULL,1828,'Aggressive fibromatosis',NULL),(1839,NULL,NULL,1828,'Myofibromatosis',NULL),(1840,NULL,NULL,1828,'Atypical fibrous histiocytoma',NULL),(1841,NULL,NULL,1828,'Fibromyxosarcoma',NULL),(1842,NULL,NULL,1828,'Infantile fibrosarcoma',NULL),(1843,NULL,NULL,1828,'Fascial fibrosarcoma',NULL),(1844,NULL,NULL,1828,'Elastofibroma',NULL),(1845,NULL,NULL,1828,'Fibrous histiocytoma, malignant',NULL),(1846,NULL,NULL,1828,'Periosteal fibroma',NULL),(1847,NULL,NULL,1828,'Fibroma, NOS',NULL),(1848,NULL,NULL,1828,'Abdominal fibromatosis',NULL),(1849,NULL,NULL,NULL,'PLASMA CELL TUMORS','Clinical_Diagnosis_PID'),(1850,NULL,NULL,1849,'Multiple myeloma',NULL),(1851,NULL,NULL,1849,'Plasmacytoma, NOS',NULL),(1852,NULL,NULL,NULL,'ODONTOGENIC TUMORS','Clinical_Diagnosis_PID'),(1853,NULL,NULL,1852,'Odontogenic tumor, malignant',NULL),(1854,NULL,NULL,1852,'Compound odontoma',NULL),(1855,NULL,NULL,1852,'Gigantiform cementoma',NULL),(1856,NULL,NULL,1852,'Ameloblastic fibrosarcoma',NULL),(1857,NULL,NULL,1852,'Ameloblastic fibro-odontoma',NULL),(1858,NULL,NULL,1852,'Odontoma, NOS',NULL),(1859,NULL,NULL,1852,'Central odontogenic fibroma',NULL),(1860,NULL,NULL,1852,'Ameloblastoma, malignant',NULL),(1861,NULL,NULL,1852,'Odontogenic tumor, benign',NULL),(1862,NULL,NULL,1852,'Odontogenic myxoma',NULL),(1863,NULL,NULL,1852,'Cementoma, NOS',NULL),(1864,NULL,NULL,1852,'Odontogenic tumor, NOS',NULL),(1865,NULL,NULL,1852,'Odontoameloblastoma',NULL),(1866,NULL,NULL,1852,'Cementifying fibroma',NULL),(1867,NULL,NULL,1852,'Cementoblastoma, benign',NULL),(1868,NULL,NULL,1852,'Odontogenic ghost cell tumor',NULL),(1869,NULL,NULL,1852,'Squamous odontogenic tumor',NULL),(1870,NULL,NULL,1852,'Adenomatoid odontogenic tumor',NULL),(1871,NULL,NULL,1852,'Ameloblastoma, NOS',NULL),(1872,NULL,NULL,1852,'Peripheral odontogenic fibroma',NULL),(1873,NULL,NULL,1852,'Calcifying odontogenic cyst',NULL),(1874,NULL,NULL,1852,'Ameloblastic fibroma',NULL),(1875,NULL,NULL,1852,'Complex odontoma',NULL),(1876,NULL,NULL,1852,'Calcifying epithelial odontogenic tumor',NULL),(1877,NULL,NULL,1852,'Dentinoma',NULL),(1878,NULL,NULL,1852,'Ameloblastic odontosarcoma',NULL),(1879,NULL,NULL,NULL,'ADNEXAL AND SKIN APPENDAGE NEOPLASMS','Clinical_Diagnosis_PID'),(1880,NULL,NULL,1879,'Skin appendage adenoma',NULL),(1881,NULL,NULL,1879,'Apocrine adenoma',NULL),(1882,NULL,NULL,1879,'Papillary hidradenoma',NULL),(1883,NULL,NULL,1879,'Eccrine acrospiroma',NULL),(1884,NULL,NULL,1879,'Eccrine spiradenoma',NULL),(1885,NULL,NULL,1879,'Sweat gland tumor, NOS',NULL),(1886,NULL,NULL,1879,'Papillary syringadenoma',NULL),(1887,NULL,NULL,1879,'Sweat gland adenocarcinoma',NULL),(1888,NULL,NULL,1879,'Sweat gland adenoma',NULL),(1889,NULL,NULL,1879,'Sebaceous adenocarcinoma',NULL),(1890,NULL,NULL,1879,'Sebaceous adenoma',NULL),(1891,NULL,NULL,1879,'Apocrine adenocarcinoma',NULL),(1892,NULL,NULL,1879,'Skin appendage carcinoma',NULL),(1893,NULL,NULL,1879,'Ceruminous adenoma',NULL),(1894,NULL,NULL,1879,'Hidrocystoma',NULL),(1895,NULL,NULL,1879,'Ceruminous adenocarcinoma',NULL),(1896,NULL,NULL,1879,'Syringoma, NOS',NULL),(1897,NULL,NULL,1879,'Eccrine papillary adenoma',NULL),(1898,NULL,NULL,NULL,'COMPLEX MIXED AND STROMAL NEOPLASMS','Clinical_Diagnosis_PID'),(1899,NULL,NULL,1898,'Carcinosarcoma, embryonal',NULL),(1900,NULL,NULL,1898,'Endometrial stromal nodule',NULL),(1901,NULL,NULL,1898,'Adenosarcoma',NULL),(1902,NULL,NULL,1898,'Mesodermal mixed tumor',NULL),(1903,NULL,NULL,1898,'Mesenchymoma, benign',NULL),(1904,NULL,NULL,1898,'Clear cell sarcoma of kidney',NULL),(1905,NULL,NULL,1898,'Embryonal sarcoma',NULL),(1906,NULL,NULL,1898,'Nephroblastoma, NOS',NULL),(1907,NULL,NULL,1898,'Mesenchymoma, NOS',NULL),(1908,NULL,NULL,1898,'Carcinoma in pleomorphic adenoma',NULL),(1909,NULL,NULL,1898,'Adenomyoma',NULL),(1910,NULL,NULL,1898,'Myoepithelioma',NULL),(1911,NULL,NULL,1898,'Endolymphatic stromal myosis',NULL),(1912,NULL,NULL,1898,'Mullerian mixed tumor',NULL),(1913,NULL,NULL,1898,'Carcinosarcoma, NOS',NULL),(1914,NULL,NULL,1898,'Mixed tumor, malignant, NOS',NULL),(1915,NULL,NULL,1898,'Mesoblastic nephroma',NULL),(1916,NULL,NULL,1898,'Mesenchymoma, malignant',NULL),(1917,NULL,NULL,1898,'Pleomorphic adenoma',NULL),(1918,NULL,NULL,1898,'Rhabdoid sarcoma',NULL),(1919,NULL,NULL,1898,'Hepatoblastoma',NULL),(1920,NULL,NULL,1898,'Pancreatoblastoma',NULL),(1921,NULL,NULL,1898,'Endometrial stromal sarcoma',NULL),(1922,NULL,NULL,1898,'Pulmonary blastoma',NULL),(1923,NULL,NULL,NULL,'NEVI AND MELANOMAS','Clinical_Diagnosis_PID'),(1924,NULL,NULL,1923,'Epithelioid and spindle cell nevus',NULL),(1925,NULL,NULL,1923,'Melanoma in situ',NULL),(1926,NULL,NULL,1923,'Dysplastic nevus',NULL),(1927,NULL,NULL,1923,'Spindle cell melanoma, NOS',NULL),(1928,NULL,NULL,1923,'Junctional nevus, NOS',NULL),(1929,NULL,NULL,1923,'Epithelioid cell nevus',NULL),(1930,NULL,NULL,1923,'Cellular blue nevus',NULL),(1931,NULL,NULL,1923,'Nonpigmented nevus',NULL),(1932,NULL,NULL,1923,'Giant pigmented nevus, NOS',NULL),(1933,NULL,NULL,1923,'Balloon cell melanoma',NULL),(1934,NULL,NULL,1923,'Fibrous papule of nose',NULL),(1935,NULL,NULL,1923,'Desmoplastic melanoma, malignant',NULL),(1936,NULL,NULL,1923,'Spindle cell nevus',NULL),(1937,NULL,NULL,1923,'Spindle cell melanoma, type A',NULL),(1938,NULL,NULL,1923,'Neuronevus',NULL),(1939,NULL,NULL,1923,'Acral lentiginous melanoma, malignant',NULL),(1940,NULL,NULL,1923,'Malignant melanoma, regressing',NULL),(1941,NULL,NULL,1923,'Nodular melanoma',NULL),(1942,NULL,NULL,1923,'Compound nevus',NULL),(1943,NULL,NULL,1923,'Spindle cell melanoma, type B',NULL),(1944,NULL,NULL,1923,'Pigmented nevus, NOS',NULL),(1945,NULL,NULL,1923,'Intradermal nevus',NULL),(1946,NULL,NULL,1923,'Mixed epithelioid and spindle cell melanoma',NULL),(1947,NULL,NULL,1923,'Epithelioid cell melanoma',NULL),(1948,NULL,NULL,1923,'Superficial spreading melanoma',NULL),(1949,NULL,NULL,1923,'Blue nevus, malignant',NULL),(1950,NULL,NULL,1923,'Amelanotic melanoma',NULL),(1951,NULL,NULL,1923,'Malignant melanoma in junctional nevus',NULL),(1952,NULL,NULL,1923,'Malignant melanoma in precancerous melanosis',NULL),(1953,NULL,NULL,1923,'Balloon cell nevus',NULL),(1954,NULL,NULL,1923,'Malignant melanoma, NOS',NULL),(1955,NULL,NULL,1923,'Blue nevus, NOS',NULL),(1956,NULL,NULL,1923,'Precancerous melanosis, NOS',NULL),(1957,NULL,NULL,1923,'Hutchinson\'s melanotic freckle, NOS',NULL),(1958,NULL,NULL,1923,'Malignant melanoma in giant pigmented nevus',NULL),(1959,NULL,NULL,1923,'Magnocellular nevus',NULL),(1960,NULL,NULL,1923,'Halo nevus',NULL),(1961,NULL,NULL,1923,'Malignant melanoma in Hutchinson\'s melanotic freckle',NULL),(1962,NULL,NULL,NULL,'SPECIFIED CUTANEOUS AND PERIPHERAL T-CELL LYMPHOMAS','Clinical_Diagnosis_PID'),(1963,NULL,NULL,1962,'Peripheral T-cell lymphoma, AILD (Angioimmunoblastic Lymphadenopathy with',NULL),(1964,NULL,NULL,1962,'Sezary\'s disease',NULL),(1965,NULL,NULL,1962,'Mycosis fungoides',NULL),(1966,NULL,NULL,1962,'Peripheral T-cell lymphoma, NOS',NULL),(1967,NULL,NULL,1962,'Cutaneous lymphoma',NULL),(1968,NULL,NULL,NULL,'BLOOD VESSEL TUMORS','Clinical_Diagnosis_PID'),(1969,NULL,NULL,1968,'Hemangiosarcoma',NULL),(1970,NULL,NULL,1968,'Hemangioblastoma',NULL),(1971,NULL,NULL,1968,'Intramuscular hemangioma',NULL),(1972,NULL,NULL,1968,'Epithelioid hemangioendothelioma, malignant',NULL),(1973,NULL,NULL,1968,'Racemose hemangioma',NULL),(1974,NULL,NULL,1968,'Hemangiopericytoma, NOS',NULL),(1975,NULL,NULL,1968,'Hemangioma, NOS',NULL),(1976,NULL,NULL,1968,'Kupffer cell sarcoma',NULL),(1977,NULL,NULL,1968,'Verrucous keratotic hemangioma',NULL),(1978,NULL,NULL,1968,'Hemangiopericytoma, benign',NULL),(1979,NULL,NULL,1968,'Angiokeratoma',NULL),(1980,NULL,NULL,1968,'Kaposi\'s sarcoma',NULL),(1981,NULL,NULL,1968,'Epithelioid hemangioma',NULL),(1982,NULL,NULL,1968,'Hemangiopericytoma, malignant',NULL),(1983,NULL,NULL,1968,'Hemangioendothelioma, NOS',NULL),(1984,NULL,NULL,1968,'Capillary hemangioma',NULL),(1985,NULL,NULL,1968,'Venous hemangioma',NULL),(1986,NULL,NULL,1968,'Hemangioendothelioma, malignant',NULL),(1987,NULL,NULL,1968,'Cavernous hemangioma',NULL),(1988,NULL,NULL,1968,'Hemangioendothelioma, benign',NULL),(1989,NULL,NULL,1968,'Epithelioid hemangioendothelioma, NOS',NULL),(1990,NULL,NULL,NULL,'MYELOID (GRANULOCYTIC) LEUKEMIAS','Clinical_Diagnosis_PID'),(1991,NULL,NULL,1990,'Chronic myelomonocytic leukemia',NULL),(1992,NULL,NULL,1990,'Acute myelomonocytic leukemia',NULL),(1993,NULL,NULL,1990,'Chronic myeloid leukemia',NULL),(1994,NULL,NULL,1990,'Acute promyelocytic leukemia',NULL),(1995,NULL,NULL,1990,'Acute myeloid leukemia',NULL),(1996,NULL,NULL,1990,'Myeloid leukemia, NOS',NULL),(1997,NULL,NULL,NULL,'LEUKEMIAS, NOS','Clinical_Diagnosis_PID'),(1998,NULL,NULL,1997,'Leukemia, NOS',NULL),(1999,NULL,NULL,1997,'Acute leukemia, NOS',NULL),(2000,NULL,NULL,1997,'Chronic leukemia, NOS',NULL),(2001,NULL,NULL,NULL,'ACINAR CELL NEOPLASMS','Clinical_Diagnosis_PID'),(2002,NULL,NULL,2001,'Acinar cell tumor',NULL),(2003,NULL,NULL,2001,'Acinar cell adenoma',NULL),(2004,NULL,NULL,2001,'Acinar cell carcinoma',NULL),(2005,NULL,NULL,NULL,'OTHER SPECIFIED NON-HODGKIN\'S LYMPHOMAS','Clinical_Diagnosis_PID'),(2006,NULL,NULL,2005,'Angiocentric T-cell lymphoma',NULL),(2007,NULL,NULL,2005,'Monocytoid B-cell lymphoma',NULL),(2008,NULL,NULL,2005,'Large cell (Ki-1+) lymphoma',NULL),(2009,NULL,NULL,NULL,'HODGKIN\'S DISEASE','Clinical_Diagnosis_PID'),(2010,NULL,NULL,2009,'Hodgkin\'s granuloma',NULL),(2011,NULL,NULL,2009,'Hodgkin\'s disease, nodular sclerosis, cellular phase',NULL),(2012,NULL,NULL,2009,'Hodgkin\'s disease, lymphocytic predominance, nodular',NULL),(2013,NULL,NULL,2009,'Hodgkin\'s disease, lymphocytic depletion, reticular',NULL),(2014,NULL,NULL,2009,'Hodgkin\'s disease, lymphocytic depletion, NOS',NULL),(2015,NULL,NULL,2009,'Hodgkin\'s disease, mixed cellularity, NOS',NULL),(2016,NULL,NULL,2009,'Hodgkin\'s sarcoma',NULL),(2017,NULL,NULL,2009,'Hodgkin\'s disease, nodular sclerosis, lymphocytic predominance',NULL),(2018,NULL,NULL,2009,'Hodgkin\'s disease, nodular sclerosis, lymphocytic depletion',NULL),(2019,NULL,NULL,2009,'Hodgkin\'s disease, NOS',NULL),(2020,NULL,NULL,2009,'Hodgkin\'s disease, lymphocytic depletion, diffuse fibrosis',NULL),(2021,NULL,NULL,2009,'Hodgkin\'s disease, lymphocytic predominance, NOS',NULL),(2022,NULL,NULL,2009,'Hodgkin\'s disease, nodular sclerosis, NOS',NULL),(2023,NULL,NULL,NULL,'SQUAMOUS CELL NEOPLASMS','Clinical_Diagnosis_PID'),(2024,NULL,NULL,2023,'Adenoid squamous cell carcinoma',NULL),(2025,NULL,NULL,2023,'Papilloma, NOS (except Papilloma of bladder M-8120/1)',NULL),(2026,NULL,NULL,2023,'Lymphoepithelial carcinoma',NULL),(2027,NULL,NULL,2023,'Papillary squamous cell carcinoma',NULL),(2028,NULL,NULL,2023,'Inverted papilloma',NULL),(2029,NULL,NULL,2023,'Squamous cell papilloma',NULL),(2030,NULL,NULL,2023,'Squamous cell carcinoma, large cell, nonkeratinizing',NULL),(2031,NULL,NULL,2023,'Papillary carcinoma in situ',NULL),(2032,NULL,NULL,2023,'Verrucous papilloma',NULL),(2033,NULL,NULL,2023,'Bowen\'s disease',NULL),(2034,NULL,NULL,2023,'Squamous cell carcinoma, NOS',NULL),(2035,NULL,NULL,2023,'Intraepithelial neoplasia, grade III, of cervix, vulva and vagina (See Introduction, page xxix)',NULL),(2036,NULL,NULL,2023,'Verrucous carcinoma, NOS',NULL),(2037,NULL,NULL,2023,'Papillary carcinoma, NOS',NULL),(2038,NULL,NULL,2023,'Squamous cell carcinoma in situ, NOS',NULL),(2039,NULL,NULL,2023,'Squamous cell carcinoma in situ with questionable stromal invasion',NULL),(2040,NULL,NULL,2023,'Squamous cell carcinoma, spindle cell',NULL),(2041,NULL,NULL,2023,'Squamous cell carcinoma, small cell, nonkeratinizing',NULL),(2042,NULL,NULL,2023,'Squamous cell carcinoma, metastatic, NOS',NULL),(2043,NULL,NULL,2023,'Papillomatosis, NOS',NULL),(2044,NULL,NULL,2023,'Queyrat\'s erythroplasia',NULL),(2045,NULL,NULL,2023,'Squamous cell carcinoma, keratinizing, NOS',NULL),(2046,NULL,NULL,2023,'Squamous cell carcinoma, microinvasive',NULL),(2047,NULL,NULL,NULL,'MALIGNANT LYMPHOMA, NOS, OR DIFFUSE','Clinical_Diagnosis_PID'),(2048,NULL,NULL,2047,'Malignant lymphoma, non-Hodgkin\'s, NOS',NULL),(2049,NULL,NULL,2047,'Malignant lymphoma, NOS',NULL),(2050,NULL,NULL,NULL,'IMMUNOPROLIFERATIVE DISEASES','Clinical_Diagnosis_PID'),(2051,NULL,NULL,2050,'Angiocentric immunoproliferative lesion',NULL),(2052,NULL,NULL,2050,'Monoclonal gammopathy',NULL),(2053,NULL,NULL,2050,'Waldenstrom\'s macroglobulinemia',NULL),(2054,NULL,NULL,2050,'T-gamma lymphoproliferative disease',NULL),(2055,NULL,NULL,2050,'Angioimmunoblastic lymphadenopathy',NULL),(2056,NULL,NULL,2050,'Immunoproliferative small intestinal disease',NULL),(2057,NULL,NULL,2050,'Immunoproliferative disease, NOS',NULL),(2058,NULL,NULL,2050,'Alpha heavy chain disease',NULL),(2059,NULL,NULL,NULL,'SYNOVIAL-LIKE NEOPLASMS','Clinical_Diagnosis_PID'),(2060,NULL,NULL,2059,'Synovial sarcoma, epithelioid cell',NULL),(2061,NULL,NULL,2059,'Clear cell sarcoma (except of Kidney M-8964/3)',NULL),(2062,NULL,NULL,2059,'Synovial sarcoma, NOS',NULL),(2063,NULL,NULL,2059,'Synovial sarcoma, biphasic',NULL),(2064,NULL,NULL,2059,'Synovial sarcoma, spindle cell',NULL),(2065,NULL,NULL,2059,'Synovioma, benign',NULL),(2066,NULL,NULL,NULL,'CYSTIC, MUCINOUS AND SEROUS NEOPLASMS','Clinical_Diagnosis_PID'),(2067,NULL,NULL,2066,'Papillary serous cystadenocarcinoma',NULL),(2068,NULL,NULL,2066,'Mucinous cystadenoma, borderline malignancy',NULL),(2069,NULL,NULL,2066,'Papillary serous cystadenoma, borderline malignancy',NULL),(2070,NULL,NULL,2066,'Papillary mucinous cystadenoma, NOS',NULL),(2071,NULL,NULL,2066,'Serous surface papillary carcinoma',NULL),(2072,NULL,NULL,2066,'Cystadenoma, NOS',NULL),(2073,NULL,NULL,2066,'Papillary mucinous cystadenoma, borderline malignancy',NULL),(2074,NULL,NULL,2066,'Mucinous cystadenocarcinoma, NOS',NULL),(2075,NULL,NULL,2066,'Signet ring cell carcinoma',NULL),(2076,NULL,NULL,2066,'Pseudomyxoma peritonei',NULL),(2077,NULL,NULL,2066,'Mucinous cystadenoma, NOS',NULL),(2078,NULL,NULL,2066,'Serous cystadenoma, borderline malignancy',NULL),(2079,NULL,NULL,2066,'Metastatic signet ring cell carcinoma',NULL),(2080,NULL,NULL,2066,'Mucinous adenocarcinoma',NULL),(2081,NULL,NULL,2066,'Papillary serous cystadenoma, NOS',NULL),(2082,NULL,NULL,2066,'Papillary cystic tumor',NULL),(2083,NULL,NULL,2066,'Papillary cystadenoma, borderline malignancy',NULL),(2084,NULL,NULL,2066,'Cystadenocarcinoma, NOS',NULL),(2085,NULL,NULL,2066,'Serous cystadenoma, NOS',NULL),(2086,NULL,NULL,2066,'Papillary cystadenocarcinoma, NOS',NULL),(2087,NULL,NULL,2066,'Mucin-producing adenocarcinoma',NULL),(2088,NULL,NULL,2066,'Serous cystadenocarcinoma, NOS',NULL),(2089,NULL,NULL,2066,'Papillary cystadenoma, NOS',NULL),(2090,NULL,NULL,2066,'Papillary mucinous cystadenocarcinoma',NULL),(2091,NULL,NULL,2066,'Mucinous adenoma',NULL),(2092,NULL,NULL,2066,'Serous surface papilloma',NULL),(2093,NULL,NULL,NULL,'FIBROEPITHELIAL NEOPLASMS','Clinical_Diagnosis_PID'),(2094,NULL,NULL,2093,'Phyllodes tumor, malignant',NULL),(2095,NULL,NULL,2093,'Giant fibroadenoma',NULL),(2096,NULL,NULL,2093,'Fibroadenoma, NOS',NULL),(2097,NULL,NULL,2093,'Phyllodes tumor, benign',NULL),(2098,NULL,NULL,2093,'Brenner tumor, malignant',NULL),(2099,NULL,NULL,2093,'Mucinous adenofibroma',NULL),(2100,NULL,NULL,2093,'Intracanalicular fibroadenoma',NULL),(2101,NULL,NULL,2093,'Brenner tumor, borderline malignancy',NULL),(2102,NULL,NULL,2093,'Phyllodes tumor, NOS',NULL),(2103,NULL,NULL,2093,'Brenner tumor, NOS',NULL),(2104,NULL,NULL,2093,'Pericanalicular fibroadenoma',NULL),(2105,NULL,NULL,2093,'Adenofibroma, NOS',NULL),(2106,NULL,NULL,2093,'Serous adenofibroma',NULL),(2107,NULL,NULL,2093,'Juvenile fibroadenoma',NULL),(2108,NULL,NULL,NULL,'MUCOEPIDERMOID NEOPLASMS','Clinical_Diagnosis_PID'),(2109,NULL,NULL,2108,'Mucoepidermoid tumor',NULL),(2110,NULL,NULL,2108,'Mucoepidermoid carcinoma',NULL),(2111,NULL,NULL,NULL,'LIPOMATOUS NEOPLASMS','Clinical_Diagnosis_PID'),(2112,NULL,NULL,2111,'Pleomorphic liposarcoma',NULL),(2113,NULL,NULL,2111,'Myxoid liposarcoma',NULL),(2114,NULL,NULL,2111,'Liposarcoma, well differentiated',NULL),(2115,NULL,NULL,2111,'Mixed liposarcoma',NULL),(2116,NULL,NULL,2111,'Hibernoma',NULL),(2117,NULL,NULL,2111,'Fibromyxolipoma',NULL),(2118,NULL,NULL,2111,'Round cell liposarcoma',NULL),(2119,NULL,NULL,2111,'Dedifferentiated liposarcoma',NULL),(2120,NULL,NULL,2111,'Liposarcoma, NOS',NULL),(2121,NULL,NULL,2111,'Lipoma, NOS',NULL),(2122,NULL,NULL,2111,'Lipoblastomatosis',NULL),(2123,NULL,NULL,2111,'Angiolipoma, NOS',NULL),(2124,NULL,NULL,2111,'Fibrolipoma',NULL),(2125,NULL,NULL,2111,'Pleomorphic lipoma',NULL),(2126,NULL,NULL,2111,'Intramuscular lipoma',NULL),(2127,NULL,NULL,2111,'Angiomyolipoma',NULL),(2128,NULL,NULL,2111,'Spindle cell lipoma',NULL),(2129,NULL,NULL,2111,'Myelolipoma',NULL),(2130,NULL,NULL,NULL,'GIANT CELL TUMORS','Clinical_Diagnosis_PID'),(2131,NULL,NULL,2130,'Giant cell tumor of bone, NOS',NULL),(2132,NULL,NULL,2130,'Giant cell tumor of soft parts, NOS',NULL),(2133,NULL,NULL,2130,'Malignant giant cell tumor of soft parts',NULL),(2134,NULL,NULL,2130,'Giant cell tumor of bone, malignant',NULL),(2135,NULL,NULL,NULL,'MALIGNANT LYMPHOMA SPECIFIED TYPE, DIFFUSE OR NOS','Clinical_Diagnosis_PID'),(2136,NULL,NULL,2135,'Malignant lymphoma, immunoblastic, NOS',NULL),(2137,NULL,NULL,2135,'Malignant lymphoma, lymphoplasmacytic',NULL),(2138,NULL,NULL,2135,'Burkitt\'s lymphoma, NOS',NULL),(2139,NULL,NULL,2135,'Malignant lymphoma, large cell, diffuse, NOS',NULL),(2140,NULL,NULL,2135,'Malignant lymphoma, lymphoblastic',NULL),(2141,NULL,NULL,2135,'Malignant lymphoma, mixed small and large cell, diffuse',NULL),(2142,NULL,NULL,2135,'Malignant lymphoma, lymphocytic, intermediate differentiation, diffuse',NULL),(2143,NULL,NULL,2135,'Malignant lymphoma, small lymphocytic, NOS',NULL),(2144,NULL,NULL,NULL,'COMPLEX EPITHELIAL NEOPLASMS','Clinical_Diagnosis_PID'),(2145,NULL,NULL,2144,'Adenocarcinoma with squamous metaplasia',NULL),(2146,NULL,NULL,2144,'Epithelial-myoepithelial carcinoma',NULL),(2147,NULL,NULL,2144,'Adenocarcinoma with apocrine metaplasia',NULL),(2148,NULL,NULL,2144,'Thymoma, malignant',NULL),(2149,NULL,NULL,2144,'Adenosquamous carcinoma',NULL),(2150,NULL,NULL,2144,'Thymoma, benign',NULL),(2151,NULL,NULL,2144,'Adenolymphoma',NULL),(2152,NULL,NULL,2144,'Adenocarcinoma with spindle cell metaplasia',NULL),(2153,NULL,NULL,2144,'Adenocarcinoma with cartilaginous and osseous metaplasia',NULL),(2154,NULL,NULL,NULL,'EOSINOPHILIC LEUKEMIA','Clinical_Diagnosis_PID'),(2155,NULL,NULL,NULL,'SOFT TISSUE TUMORS AND SARCOMAS, NOS','Clinical_Diagnosis_PID'),(2156,NULL,NULL,2155,'Small cell sarcoma',NULL),(2157,NULL,NULL,2155,'Soft tissue tumor, benign',NULL),(2158,NULL,NULL,2155,'Giant cell sarcoma (except of Bone M-9250/3)',NULL),(2159,NULL,NULL,2155,'Spindle cell sarcoma',NULL),(2160,NULL,NULL,2155,'Sarcoma, NOS',NULL),(2161,NULL,NULL,2155,'Sarcomatosis, NOS',NULL),(2162,NULL,NULL,2155,'Epithelioid sarcoma',NULL),(2163,NULL,NULL,NULL,'LYMPHATIC VESSEL TUMORS','Clinical_Diagnosis_PID'),(2164,NULL,NULL,2163,'Lymphangiomyoma',NULL),(2165,NULL,NULL,2163,'Cystic lymphangioma',NULL),(2166,NULL,NULL,2163,'Lymphangioma, NOS',NULL),(2167,NULL,NULL,2163,'Hemolymphangioma',NULL),(2168,NULL,NULL,2163,'Cavernous lymphangioma',NULL),(2169,NULL,NULL,2163,'Capillary lymphangioma',NULL),(2170,NULL,NULL,2163,'Lymphangiosarcoma',NULL),(2171,NULL,NULL,2163,'Lymphangiomyomatosis',NULL),(2172,NULL,NULL,NULL,'OTHER LEUKEMIAS','Clinical_Diagnosis_PID'),(2173,NULL,NULL,2172,'Acute megakaryoblastic leukemia',NULL),(2174,NULL,NULL,2172,'Mast cell leukemia',NULL),(2175,NULL,NULL,2172,'Acute panmyelosis',NULL),(2176,NULL,NULL,2172,'Hairy cell leukemia',NULL),(2177,NULL,NULL,2172,'Myeloid sarcoma',NULL),(2178,NULL,NULL,NULL,'MISCELLANEOUS BONE TUMORS','Clinical_Diagnosis_PID'),(2179,NULL,NULL,2178,'Adamantinoma of long bones',NULL),(2180,NULL,NULL,2178,'Ewing\'s sarcoma',NULL),(2181,NULL,NULL,2178,'Ossifying fibroma',NULL),(2182,NULL,NULL,NULL,'DUCTAL, LOBULAR AND MEDULLARY NEOPLASMS','Clinical_Diagnosis_PID'),(2183,NULL,NULL,2182,'Infiltrating duct carcinoma',NULL),(2184,NULL,NULL,2182,'Juvenile carcinoma of breast',NULL),(2185,NULL,NULL,2182,'Intraductal carcinoma and lobular carcinoma in situ',NULL),(2186,NULL,NULL,2182,'Paget\'s disease and intraductal carcinoma of breast',NULL),(2187,NULL,NULL,2182,'Intracystic carcinoma, NOS',NULL),(2188,NULL,NULL,2182,'Intraductal papillary adenocarcinoma with invasion',NULL),(2189,NULL,NULL,2182,'Medullary carcinoma with lymphoid stroma',NULL),(2190,NULL,NULL,2182,'Infiltrating duct and lobular carcinoma',NULL),(2191,NULL,NULL,2182,'Medullary carcinoma with amyloid stroma',NULL),(2192,NULL,NULL,2182,'Medullary carcinoma, NOS',NULL),(2193,NULL,NULL,2182,'Lobular carcinoma in situ',NULL),(2194,NULL,NULL,2182,'Comedocarcinoma, noninfiltrating',NULL),(2195,NULL,NULL,2182,'Inflammatory carcinoma',NULL),(2196,NULL,NULL,2182,'Intracystic papillary adenoma',NULL),(2197,NULL,NULL,2182,'Adenoma of nipple',NULL),(2198,NULL,NULL,2182,'Infiltrating ductular carcinoma',NULL),(2199,NULL,NULL,2182,'Paget\'s disease and infiltrating duct carcinoma of breast',NULL),(2200,NULL,NULL,2182,'Intraductal papillomatosis, NOS',NULL),(2201,NULL,NULL,2182,'Paget\'s disease, mammary',NULL),(2202,NULL,NULL,2182,'Lobular carcinoma, NOS',NULL),(2203,NULL,NULL,2182,'Noninfiltrating intracystic carcinoma',NULL),(2204,NULL,NULL,2182,'Intraductal papilloma',NULL),(2205,NULL,NULL,2182,'Intraductal carcinoma, noninfiltrating, NOS',NULL),(2206,NULL,NULL,2182,'Paget\'s disease, extramammary (except Paget\'s disease of bone)',NULL),(2207,NULL,NULL,2182,'Noninfiltrating intraductal papillary adenocarcinoma',NULL),(2208,NULL,NULL,2182,'Comedocarcinoma, NOS',NULL),(2209,NULL,NULL,NULL,'MISCELLANEOUS MYELOPROLIFERATIVE AND LYMPHOPROLIFERATIVE DISORDERS','Clinical_Diagnosis_PID'),(2210,NULL,NULL,2209,'Chronic myeloproliferative disease',NULL),(2211,NULL,NULL,2209,'Idiopathic thrombocythemia',NULL),(2212,NULL,NULL,2209,'Myelosclerosis with myeloid metaplasia',NULL),(2213,NULL,NULL,2209,'Lymphoproliferative disease, NOS',NULL),(2214,NULL,NULL,NULL,'MENINGIOMAS','Clinical_Diagnosis_PID'),(2215,NULL,NULL,2214,'Meningotheliomatous meningioma',NULL),(2216,NULL,NULL,2214,'Hemangioblastic meningioma',NULL),(2217,NULL,NULL,2214,'Meningioma, malignant',NULL),(2218,NULL,NULL,2214,'Meningiomatosis, NOS',NULL),(2219,NULL,NULL,2214,'Angiomatous meningioma',NULL),(2220,NULL,NULL,2214,'Psammomatous meningioma',NULL),(2221,NULL,NULL,2214,'Meningeal sarcomatosis',NULL),(2222,NULL,NULL,2214,'Fibrous meningioma',NULL),(2223,NULL,NULL,2214,'Meningioma, NOS',NULL),(2224,NULL,NULL,2214,'Transitional meningioma',NULL),(2225,NULL,NULL,2214,'Papillary meningioma',NULL),(2226,NULL,NULL,NULL,'OTHER LYMPHORETICULAR NEOPLASMS','Clinical_Diagnosis_PID'),(2227,NULL,NULL,2226,'Letterer-Siwe\'s disease',NULL),(2228,NULL,NULL,2226,'True histiocytic lymphoma',NULL),(2229,NULL,NULL,2226,'Malignant histiocytosis',NULL),(2230,NULL,NULL,NULL,'MYOMATOUS NEOPLASMS','Clinical_Diagnosis_PID'),(2231,NULL,NULL,2230,'Embryonal rhabdomyosarcoma',NULL),(2232,NULL,NULL,2230,'Angiomyoma',NULL),(2233,NULL,NULL,2230,'Rhabdomyoma, NOS',NULL),(2234,NULL,NULL,2230,'Bizarre leiomyoma',NULL),(2235,NULL,NULL,2230,'Angiomyosarcoma',NULL),(2236,NULL,NULL,2230,'Myoma',NULL),(2237,NULL,NULL,2230,'Pleomorphic rhabdomyosarcoma',NULL),(2238,NULL,NULL,2230,'Leiomyosarcoma, NOS',NULL),(2239,NULL,NULL,2230,'Alveolar rhabdomyosarcoma',NULL),(2240,NULL,NULL,2230,'Leiomyoma, NOS',NULL),(2241,NULL,NULL,2230,'Cellular leiomyoma',NULL),(2242,NULL,NULL,2230,'Mixed type rhabdomyosarcoma',NULL),(2243,NULL,NULL,2230,'Epithelioid leiomyoma',NULL),(2244,NULL,NULL,2230,'Adult rhabdomyoma',NULL),(2245,NULL,NULL,2230,'Leiomyomatosis, NOS',NULL),(2246,NULL,NULL,2230,'Smooth muscle tumor, NOS',NULL),(2247,NULL,NULL,2230,'Myosarcoma',NULL),(2248,NULL,NULL,2230,'Rhabdomyosarcoma, NOS',NULL),(2249,NULL,NULL,2230,'Epithelioid leiomyosarcoma',NULL),(2250,NULL,NULL,2230,'Myxoid leiomyosarcoma',NULL),(2251,NULL,NULL,2230,'Fetal rhabdomyoma',NULL),(2252,NULL,NULL,NULL,'PARAGANGLIOMAS AND GLOMUS TUMORS','Clinical_Diagnosis_PID'),(2253,NULL,NULL,2252,'Parasympathetic paraganglioma',NULL),(2254,NULL,NULL,2252,'Paraganglioma, NOS',NULL),(2255,NULL,NULL,2252,'Carotid body tumor',NULL),(2256,NULL,NULL,2252,'Pheochromocytoma, NOS',NULL),(2257,NULL,NULL,2252,'Glomus tumor',NULL),(2258,NULL,NULL,2252,'Pheochromocytoma, malignant',NULL),(2259,NULL,NULL,2252,'Paraganglioma, malignant',NULL),(2260,NULL,NULL,2252,'Extra-adrenal paraganglioma, NOS',NULL),(2261,NULL,NULL,2252,'Glomangioma',NULL),(2262,NULL,NULL,2252,'Glomangiomyoma',NULL),(2263,NULL,NULL,2252,'Aortic body tumor',NULL),(2264,NULL,NULL,2252,'Extra-adrenal paraganglioma, malignant',NULL),(2265,NULL,NULL,2252,'Gangliocytic paraganglioma',NULL),(2266,NULL,NULL,2252,'Sympathetic paraganglioma',NULL),(2267,NULL,NULL,2252,'Glomus jugulare tumor',NULL),(2268,NULL,NULL,2252,'Glomangiosarcoma',NULL),(2269,NULL,NULL,NULL,'TRANSITIONAL CELL PAPILLOMAS AND CARCINOMAS','Clinical_Diagnosis_PID'),(2270,NULL,NULL,2269,'Basaloid carcinoma',NULL),(2271,NULL,NULL,2269,'Transitional cell carcinoma, NOS',NULL),(2272,NULL,NULL,2269,'Urothelial papilloma',NULL),(2273,NULL,NULL,2269,'Transitional cell papilloma, inverted',NULL),(2274,NULL,NULL,2269,'Papillary transitional cell carcinoma',NULL),(2275,NULL,NULL,2269,'Schneiderian papilloma',NULL),(2276,NULL,NULL,2269,'Transitional cell papilloma, NOS',NULL),(2277,NULL,NULL,2269,'Transitional cell carcinoma, spindle cell',NULL),(2278,NULL,NULL,2269,'Cloacogenic carcinoma',NULL),(2279,NULL,NULL,2269,'Schneiderian carcinoma',NULL),(2280,NULL,NULL,2269,'Transitional cell carcinoma in situ',NULL),(2281,NULL,NULL,NULL,'ADENOMAS AND ADENOCARCINOMAS','Clinical_Diagnosis_PID'),(2282,NULL,NULL,2281,'Mixed acidophil-basophil carcinoma',NULL),(2283,NULL,NULL,2281,'Adenoid cystic carcinoma',NULL),(2284,NULL,NULL,2281,'Adenomatous polyposis coli',NULL),(2285,NULL,NULL,2281,'Islet cell adenoma',NULL),(2286,NULL,NULL,2281,'Hypernephroid tumor',NULL),(2287,NULL,NULL,2281,'Adenocarcinoma, intestinal type',NULL),(2288,NULL,NULL,2281,'Cribriform carcinoma',NULL),(2289,NULL,NULL,2281,'Superficial spreading adenocarcinoma',NULL),(2290,NULL,NULL,2281,'Clear cell adenofibroma',NULL),(2291,NULL,NULL,2281,'Alveolar adenoma',NULL),(2292,NULL,NULL,2281,'Basophil adenoma',NULL),(2293,NULL,NULL,2281,'Adenocarcinoma in tubulovillous adenoma',NULL),(2294,NULL,NULL,2281,'Renal cell carcinoma',NULL),(2295,NULL,NULL,2281,'Neuroendocrine carcinoma',NULL),(2296,NULL,NULL,2281,'Adenocarcinoma in situ, NOS',NULL),(2297,NULL,NULL,2281,'Adenomatous polyp, NOS',NULL),(2298,NULL,NULL,2281,'Pulmonary adenomatosis',NULL),(2299,NULL,NULL,2281,'Apudoma',NULL),(2300,NULL,NULL,2281,'Vipoma',NULL),(2301,NULL,NULL,2281,'Adenocarcinoma, NOS',NULL),(2302,NULL,NULL,2281,'Hepatocellular carcinoma, fibrolamellar',NULL),(2303,NULL,NULL,2281,'Glycogen-rich carcinoma',NULL),(2304,NULL,NULL,2281,'Papillary adenoma, NOS',NULL),(2305,NULL,NULL,2281,'Linitis plastica',NULL),(2306,NULL,NULL,2281,'Tubular adenoma, NOS',NULL),(2307,NULL,NULL,2281,'Tubular adenocarcinoma',NULL),(2308,NULL,NULL,2281,'Goblet cell carcinoid',NULL),(2309,NULL,NULL,2281,'Oxyphilic adenocarcinoma',NULL),(2310,NULL,NULL,2281,'Bile duct adenoma',NULL),(2311,NULL,NULL,2281,'Hepatocellular carcinoma, NOS',NULL),(2312,NULL,NULL,2281,'Acidophil adenoma',NULL),(2313,NULL,NULL,2281,'Adenocarcinoma, metastatic, NOS',NULL),(2314,NULL,NULL,2281,'Basal cell adenocarcinoma',NULL),(2315,NULL,NULL,2281,'Tubulovillous adenoma, NOS',NULL),(2316,NULL,NULL,2281,'Gastrinoma, NOS',NULL),(2317,NULL,NULL,2281,'Islet cell carcinoma',NULL),(2318,NULL,NULL,2281,'Basal cell adenoma',NULL),(2319,NULL,NULL,2281,'Mixed acidophil-basophil adenoma',NULL),(2320,NULL,NULL,2281,'Insulinoma, NOS',NULL),(2321,NULL,NULL,2281,'Gastrinoma, malignant',NULL),(2322,NULL,NULL,2281,'Glucagonoma, NOS',NULL),(2323,NULL,NULL,2281,'Trabecular adenoma',NULL),(2324,NULL,NULL,2281,'Microcystic adenoma',NULL),(2325,NULL,NULL,2281,'Alveolar adenocarcinoma',NULL),(2326,NULL,NULL,2281,'Carcinoid tumor, argentaffin, malignant',NULL),(2327,NULL,NULL,2281,'Adenocarcinoma in adenomatous polyposis coli',NULL),(2328,NULL,NULL,2281,'Adenocarcinoma in situ in villous adenoma',NULL),(2329,NULL,NULL,2281,'Clear cell adenocarcinoma, NOS',NULL),(2330,NULL,NULL,2281,'Eccrine dermal cylindroma',NULL),(2331,NULL,NULL,2281,'Papillary adenocarcinoma, NOS',NULL),(2332,NULL,NULL,2281,'Cholangiocarcinoma',NULL),(2333,NULL,NULL,2281,'Adenocarcinoma in situ in adenomatous polyp',NULL),(2334,NULL,NULL,2281,'Merkel cell carcinoma',NULL),(2335,NULL,NULL,2281,'Adenocarcinoma in multiple adenomatous polyps',NULL),(2336,NULL,NULL,2281,'Prolactinoma',NULL),(2337,NULL,NULL,2281,'Adenocarcinoma in villous adenoma',NULL),(2338,NULL,NULL,2281,'Klatskin\'s tumor',NULL),(2339,NULL,NULL,2281,'Scirrhous adenocarcinoma',NULL),(2340,NULL,NULL,2281,'Clear cell adenoma',NULL),(2341,NULL,NULL,2281,'Chromophobe adenoma',NULL),(2342,NULL,NULL,2281,'Carcinoma simplex',NULL),(2343,NULL,NULL,2281,'Oxyphilic adenoma',NULL),(2344,NULL,NULL,2281,'Lipid-rich carcinoma',NULL),(2345,NULL,NULL,2281,'Monomorphic adenoma',NULL),(2346,NULL,NULL,2281,'Adenocarcinoma in adenomatous polyp',NULL),(2347,NULL,NULL,2281,'Multiple adenomatous polyps',NULL),(2348,NULL,NULL,2281,'Bile duct cystadenoma',NULL),(2349,NULL,NULL,2281,'Acidophil carcinoma',NULL),(2350,NULL,NULL,2281,'Villous adenoma, NOS',NULL),(2351,NULL,NULL,2281,'Adenocarcinoid tumor',NULL),(2352,NULL,NULL,2281,'Composite carcinoid',NULL),(2353,NULL,NULL,2281,'Insulinoma, malignant',NULL),(2354,NULL,NULL,2281,'Adenocarcinoma in situ in tubulovillous adenoma',NULL),(2355,NULL,NULL,2281,'Bronchiolo-alveolar adenocarcinoma',NULL),(2356,NULL,NULL,2281,'Bronchial adenoma, NOS',NULL),(2357,NULL,NULL,2281,'Granular cell carcinoma',NULL),(2358,NULL,NULL,2281,'Carcinoma, diffuse type',NULL),(2359,NULL,NULL,2281,'Combined hepatocellular carcinoma and cholangiocarcinoma',NULL),(2360,NULL,NULL,2281,'Trabecular adenocarcinoma',NULL),(2361,NULL,NULL,2281,'Embryonal adenoma',NULL),(2362,NULL,NULL,2281,'Solid carcinoma, NOS',NULL),(2363,NULL,NULL,2281,'Mixed islet cell and exocrine adenocarcinoma',NULL),(2364,NULL,NULL,2281,'Adenoma, NOS',NULL),(2365,NULL,NULL,2281,'Basophil carcinoma',NULL),(2366,NULL,NULL,2281,'Villous adenocarcinoma',NULL),(2367,NULL,NULL,2281,'Liver cell adenoma',NULL),(2368,NULL,NULL,2281,'Carcinoid tumor, NOS, of appendix',NULL),(2369,NULL,NULL,2281,'Chromophobe carcinoma',NULL),(2370,NULL,NULL,2281,'Carcinoid tumor, NOS (except of Appendix M-8240/1)',NULL),(2371,NULL,NULL,2281,'Glucagonoma, malignant',NULL),(2372,NULL,NULL,2281,'Bile duct cystadenocarcinoma',NULL),(2373,NULL,NULL,NULL,'EPITHELIAL NEOPLASMS, NOS','Clinical_Diagnosis_PID'),(2374,NULL,NULL,2373,'Tumorlet',NULL),(2375,NULL,NULL,2373,'Epithelioma, malignant',NULL),(2376,NULL,NULL,2373,'Pleomorphic carcinoma',NULL),(2377,NULL,NULL,2373,'Polygonal cell carcinoma',NULL),(2378,NULL,NULL,2373,'Carcinoma, NOS',NULL),(2379,NULL,NULL,2373,'Carcinomatosis',NULL),(2380,NULL,NULL,2373,'Oat cell carcinoma',NULL),(2381,NULL,NULL,2373,'Small cell carcinoma, intermediate cell',NULL),(2382,NULL,NULL,2373,'Small cell carcinoma, fusiform cell',NULL),(2383,NULL,NULL,2373,'Pseudosarcomatous carcinoma',NULL),(2384,NULL,NULL,2373,'Small cell-large cell carcinoma',NULL),(2385,NULL,NULL,2373,'Epithelioma, benign',NULL),(2386,NULL,NULL,2373,'Small cell carcinoma, NOS',NULL),(2387,NULL,NULL,2373,'Giant cell and spindle cell carcinoma',NULL),(2388,NULL,NULL,2373,'Giant cell carcinoma',NULL),(2389,NULL,NULL,2373,'Carcinoma, anaplastic, NOS',NULL),(2390,NULL,NULL,2373,'Epithelial tumor, benign',NULL),(2391,NULL,NULL,2373,'Spindle cell carcinoma',NULL),(2392,NULL,NULL,2373,'Carcinoma in situ, NOS',NULL),(2393,NULL,NULL,2373,'Carcinoma, metastatic, NOS',NULL),(2394,NULL,NULL,2373,'Large cell carcinoma, NOS',NULL),(2395,NULL,NULL,2373,'Carcinoma, undifferentiated, NOS',NULL),(2396,NULL,NULL,NULL,'TROPHOBLASTIC NEOPLASMS','Clinical_Diagnosis_PID'),(2397,NULL,NULL,2396,'Partial hydatidiform mole',NULL),(2398,NULL,NULL,2396,'Choriocarcinoma, NOS',NULL),(2399,NULL,NULL,2396,'Invasive hydatidiform mole',NULL),(2400,NULL,NULL,2396,'Placental site trophoblastic tumor',NULL),(2401,NULL,NULL,2396,'Malignant teratoma, trophoblastic',NULL),(2402,NULL,NULL,2396,'Choriocarcinoma combined with other germ cell elements',NULL),(2403,NULL,NULL,2396,'Hydatidiform mole, NOS',NULL),(2404,NULL,NULL,NULL,'BASAL CELL NEOPLASMS','Clinical_Diagnosis_PID'),(2405,NULL,NULL,2404,'Basal cell carcinoma, NOS',NULL),(2406,NULL,NULL,2404,'Intraepidermal epithelioma of Jadassohn',NULL),(2407,NULL,NULL,2404,'Metatypical carcinoma',NULL),(2408,NULL,NULL,2404,'Pilomatrixoma, NOS',NULL),(2409,NULL,NULL,2404,'Pilomatrix carcinoma',NULL),(2410,NULL,NULL,2404,'Trichoepithelioma',NULL),(2411,NULL,NULL,2404,'Tricholemmoma',NULL),(2412,NULL,NULL,2404,'Basal cell carcinoma, morphea',NULL),(2413,NULL,NULL,2404,'Basal cell tumor',NULL),(2414,NULL,NULL,2404,'Multicentric basal cell carcinoma',NULL),(2415,NULL,NULL,2404,'Basal cell carcinoma, fibroepithelial',NULL),(2416,NULL,NULL,2404,'Trichofolliculoma',NULL),(2417,NULL,NULL,2404,'Basosquamous carcinoma',NULL),(2418,NULL,NULL,NULL,'NEOPLASMS, NOS','Clinical_Diagnosis_PID'),(2419,NULL,NULL,2418,'Neoplasm, benign',NULL),(2420,NULL,NULL,2418,'Malignant tumor, small cell type',NULL),(2421,NULL,NULL,2418,'Neoplasm, uncertain whether benign or malignant',NULL),(2422,NULL,NULL,2418,'Malignant tumor, giant cell type',NULL),(2423,NULL,NULL,2418,'Malignant tumor, fusiform cell type',NULL),(2424,NULL,NULL,2418,'Tumor cells, uncertain whether benign or malignant',NULL),(2425,NULL,NULL,2418,'Tumor cells, benign',NULL),(2426,NULL,NULL,2418,'Neoplasm, malignant, uncertain whether primary or metastatic',NULL),(2427,NULL,NULL,2418,'Neoplasm, metastatic',NULL),(2428,NULL,NULL,2418,'Tumor cells, malignant',NULL),(2429,NULL,NULL,2418,'Neoplasm, malignant',NULL),(2430,NULL,NULL,NULL,'GLIOMAS','Clinical_Diagnosis_PID'),(2431,NULL,NULL,2430,'Subependymal glioma',NULL),(2432,NULL,NULL,2430,'Pleomorphic xanthoastrocytoma',NULL),(2433,NULL,NULL,2430,'Myxopapillary ependymoma',NULL),(2434,NULL,NULL,2430,'Medullomyoblastoma',NULL),(2435,NULL,NULL,2430,'Protoplasmic astrocytoma',NULL),(2436,NULL,NULL,2430,'Choroid plexus papilloma, NOS',NULL),(2437,NULL,NULL,2430,'Astroblastoma',NULL),(2438,NULL,NULL,2430,'Astrocytoma, anaplastic',NULL),(2439,NULL,NULL,2430,'Oligodendroglioma, NOS',NULL),(2440,NULL,NULL,2430,'Desmoplastic medulloblastoma',NULL),(2441,NULL,NULL,2430,'Papillary ependymoma',NULL),(2442,NULL,NULL,2430,'Spongioblastoma polare',NULL),(2443,NULL,NULL,2430,'Gemistocytic astrocytoma',NULL),(2444,NULL,NULL,2430,'Subependymal giant cell astrocytoma',NULL),(2445,NULL,NULL,2430,'Gliomatosis cerebri',NULL),(2446,NULL,NULL,2430,'Astrocytoma, NOS',NULL),(2447,NULL,NULL,2430,'Fibrillary astrocytoma',NULL),(2448,NULL,NULL,2430,'Primitive neuroectodermal tumor',NULL),(2449,NULL,NULL,2430,'Cerebellar sarcoma, NOS',NULL),(2450,NULL,NULL,2430,'Oligodendroglioma, anaplastic',NULL),(2451,NULL,NULL,2430,'Choroid plexus papilloma, malignant',NULL),(2452,NULL,NULL,2430,'Oligodendroblastoma',NULL),(2453,NULL,NULL,2430,'Medulloblastoma, NOS',NULL),(2454,NULL,NULL,2430,'Glioma, malignant',NULL),(2455,NULL,NULL,2430,'Gliosarcoma',NULL),(2456,NULL,NULL,2430,'Ependymoma, anaplastic',NULL),(2457,NULL,NULL,2430,'Mixed glioma',NULL),(2458,NULL,NULL,2430,'Pilocytic astrocytoma',NULL),(2459,NULL,NULL,2430,'Giant cell glioblastoma',NULL),(2460,NULL,NULL,2430,'Ependymoma, NOS',NULL),(2461,NULL,NULL,2430,'Glioblastoma, NOS',NULL),(2462,NULL,NULL,NULL,'MESONEPHROMAS','Clinical_Diagnosis_PID'),(2463,NULL,NULL,2462,'Mesonephroma, malignant',NULL),(2464,NULL,NULL,2462,'Mesonephroma, benign',NULL),(2465,NULL,NULL,2462,'Mesonephric tumor',NULL),(2466,NULL,NULL,NULL,'NEUROEPITHELIOMATOUS NEOPLASMS','Clinical_Diagnosis_PID'),(2467,NULL,NULL,2466,'Esthesioneuroepithelioma',NULL),(2468,NULL,NULL,2466,'Neurocytoma',NULL),(2469,NULL,NULL,2466,'Esthesioneuroblastoma',NULL),(2470,NULL,NULL,2466,'Esthesioneurocytoma',NULL),(2471,NULL,NULL,2466,'Olfactory neurogenic tumor',NULL),(2472,NULL,NULL,2466,'Neuroepithelioma, NOS',NULL),(2473,NULL,NULL,2466,'Ganglioneuroma',NULL),(2474,NULL,NULL,2466,'Retinoblastoma, NOS',NULL),(2475,NULL,NULL,2466,'Ganglioglioma',NULL),(2476,NULL,NULL,2466,'Retinoblastoma, undifferentiated',NULL),(2477,NULL,NULL,2466,'Pacinian tumor',NULL),(2478,NULL,NULL,2466,'Retinoblastoma, differentiated',NULL),(2479,NULL,NULL,2466,'Neuroblastoma, NOS',NULL),(2480,NULL,NULL,2466,'Ganglioneuroblastoma',NULL),(2481,NULL,NULL,2466,'Ganglioneuromatosis',NULL),(2482,NULL,NULL,2466,'Spongioneuroblastoma',NULL),(2483,NULL,NULL,2466,'Teratoid medulloepithelioma',NULL),(2484,NULL,NULL,2466,'Medulloepithelioma, NOS',NULL),(2485,NULL,NULL,NULL,'BASOPHILIC LEUKEMIA','Clinical_Diagnosis_PID'),(2486,NULL,NULL,2485,'Basophilic leukemia',NULL),(2487,NULL,NULL,NULL,'NERVE SHEATH TUMORS','Clinical_Diagnosis_PID'),(2488,NULL,NULL,2487,'Triton tumor, malignant',NULL),(2489,NULL,NULL,2487,'Neuroma, NOS',NULL),(2490,NULL,NULL,2487,'Neurinomatosis',NULL),(2491,NULL,NULL,2487,'Neurilemmoma, NOS',NULL),(2492,NULL,NULL,2487,'Neurothekeoma',NULL),(2493,NULL,NULL,2487,'Neurofibrosarcoma',NULL),(2494,NULL,NULL,2487,'Plexiform neurofibroma',NULL),(2495,NULL,NULL,2487,'Melanotic neurofibroma',NULL),(2496,NULL,NULL,2487,'Neurilemmoma, malignant',NULL),(2497,NULL,NULL,2487,'Neurofibromatosis, NOS',NULL),(2498,NULL,NULL,2487,'Neurofibroma, NOS',NULL),(2499,NULL,NULL,NULL,'OSSEOUS AND CHONDROMATOUS NEOPLASMS','Clinical_Diagnosis_PID'),(2500,NULL,NULL,2499,'Myxoid chondrosarcoma',NULL),(2501,NULL,NULL,2499,'Telangiectatic osteosarcoma',NULL),(2502,NULL,NULL,2499,'Juxtacortical osteosarcoma',NULL),(2503,NULL,NULL,2499,'Chondroma, NOS',NULL),(2504,NULL,NULL,2499,'Chondromyxoid fibroma',NULL),(2505,NULL,NULL,2499,'Chondroblastoma, NOS',NULL),(2506,NULL,NULL,2499,'Osteochondroma',NULL),(2507,NULL,NULL,2499,'Osteoma, NOS',NULL),(2508,NULL,NULL,2499,'Osteosarcoma, NOS',NULL),(2509,NULL,NULL,2499,'Small cell osteosarcoma',NULL),(2510,NULL,NULL,2499,'Mesenchymal chondrosarcoma',NULL),(2511,NULL,NULL,2499,'Osteochondromatosis, NOS',NULL),(2512,NULL,NULL,2499,'Osteoblastoma, NOS',NULL),(2513,NULL,NULL,2499,'Fibroblastic osteosarcoma',NULL),(2514,NULL,NULL,2499,'Chondroblastoma, malignant',NULL),(2515,NULL,NULL,2499,'Osteosarcoma in Paget\'s disease of bone',NULL),(2516,NULL,NULL,2499,'Chondromatosis, NOS',NULL),(2517,NULL,NULL,2499,'Juxtacortical chondroma',NULL),(2518,NULL,NULL,2499,'Juxtacortical chondrosarcoma',NULL),(2519,NULL,NULL,2499,'Aggressive osteoblastoma',NULL),(2520,NULL,NULL,2499,'Chondroblastic osteosarcoma',NULL),(2521,NULL,NULL,2499,'Chondrosarcoma, NOS',NULL),(2522,NULL,NULL,2499,'Osteoid osteoma, NOS',NULL),(2523,NULL,NULL,NULL,'PLASMA CELL LEUKEMIA','Clinical_Diagnosis_PID'),(2524,NULL,NULL,2523,'Plasma cell leukemia',NULL),(2525,NULL,NULL,NULL,'Chief cell adenoma','Clinical_Diagnosis_PID'),(2526,NULL,NULL,2525,'Follicular adenocarcinoma, well differentiated',NULL),(2527,NULL,NULL,2525,'Water-clear cell adenocarcinoma',NULL),(2528,NULL,NULL,2525,'Mixed cell adenoma',NULL),(2529,NULL,NULL,2525,'Lipoadenoma',NULL),(2530,NULL,NULL,2525,'Adrenal cortical adenoma, compact cell',NULL),(2531,NULL,NULL,2525,'Adrenal cortical adenoma, glomerulosa cell',NULL),(2532,NULL,NULL,2525,'Endometrioid adenoma, borderline malignancy',NULL),(2533,NULL,NULL,2525,'Adrenal cortical adenoma, clear cell',NULL),(2534,NULL,NULL,2525,'Water-clear cell adenoma',NULL),(2535,NULL,NULL,2525,'Adrenal cortical adenoma, mixed cell',NULL),(2536,NULL,NULL,2525,'Mixed cell adenocarcinoma',NULL),(2537,NULL,NULL,2525,'Nonencapsulated sclerosing carcinoma',NULL),(2538,NULL,NULL,2525,'Endometrioid adenofibroma, borderline malignancy',NULL),(2539,NULL,NULL,2525,'Follicular adenocarcinoma, NOS',NULL),(2540,NULL,NULL,2525,'Microfollicular adenoma',NULL),(2541,NULL,NULL,2525,'Adrenal cortical adenoma, NOS',NULL),(2542,NULL,NULL,2525,'Endometrioid adenofibroma, malignant',NULL),(2543,NULL,NULL,2525,'Adrenal cortical adenoma, heavily pigmented variant',NULL),(2544,NULL,NULL,2525,'Papillary carcinoma, follicular variant',NULL),(2545,NULL,NULL,2525,'Follicular adenoma',NULL),(2546,NULL,NULL,2525,'Multiple endocrine adenomas',NULL),(2547,NULL,NULL,2525,'Macrofollicular adenoma',NULL),(2548,NULL,NULL,2525,'Juxtaglomerular tumor',NULL),(2549,NULL,NULL,2525,'Adrenal cortical carcinoma',NULL),(2550,NULL,NULL,2525,'Endometrioid adenoma, NOS',NULL),(2551,NULL,NULL,2525,'Endometrioid carcinoma',NULL),(2552,NULL,NULL,2525,'Endometrioid adenofibroma, NOS',NULL),(2553,NULL,NULL,2525,'Follicular adenocarcinoma, trabecular',NULL),(2554,NULL,NULL,NULL,'MESOTHELIAL NEOPLASMS','Clinical_Diagnosis_PID'),(2555,NULL,NULL,2554,'Cystic mesothelioma',NULL),(2556,NULL,NULL,2554,'Mesothelioma, biphasic, malignant',NULL),(2557,NULL,NULL,2554,'Epithelioid mesothelioma, benign',NULL),(2558,NULL,NULL,2554,'Mesothelioma, benign',NULL),(2559,NULL,NULL,2554,'Fibrous mesothelioma, benign',NULL),(2560,NULL,NULL,2554,'Mesothelioma, malignant',NULL),(2561,NULL,NULL,2554,'Adenomatoid tumor, NOS',NULL),(2562,NULL,NULL,2554,'Epithelioid mesothelioma, malignant',NULL),(2563,NULL,NULL,2554,'Mesothelioma, biphasic, benign',NULL),(2564,NULL,NULL,2554,'Fibrous mesothelioma, malignant',NULL),(2565,NULL,NULL,NULL,'LEUKEMIAS','Clinical_Diagnosis_PID'),(2566,NULL,NULL,NULL,'SPECIALIZED GONADAL NEOPLASMS','Clinical_Diagnosis_PID'),(2567,NULL,NULL,2566,'Granulosa cell-theca cell tumor',NULL),(2568,NULL,NULL,2566,'Juvenile granulosa cell tumor',NULL),(2569,NULL,NULL,2566,'Thecoma, NOS',NULL),(2570,NULL,NULL,2566,'Sex cord-stromal tumor',NULL),(2571,NULL,NULL,2566,'Thecoma, malignant',NULL),(2572,NULL,NULL,2566,'Leydig cell tumor, benign',NULL),(2573,NULL,NULL,2566,'Sclerosing stromal tumor',NULL),(2574,NULL,NULL,2566,'Sertoli cell carcinoma',NULL),(2575,NULL,NULL,2566,'Thecoma, luteinized',NULL),(2576,NULL,NULL,2566,'Leydig cell tumor, NOS',NULL),(2577,NULL,NULL,2566,'Androblastoma, malignant',NULL),(2578,NULL,NULL,2566,'Androblastoma, NOS',NULL),(2579,NULL,NULL,2566,'Granulosa cell tumor, malignant',NULL),(2580,NULL,NULL,2566,'Hilus cell tumor',NULL),(2581,NULL,NULL,2566,'Granulosa cell tumor, NOS',NULL),(2582,NULL,NULL,2566,'Leydig cell tumor, malignant',NULL),(2583,NULL,NULL,2566,'Sertoli cell tumor, NOS',NULL),(2584,NULL,NULL,2566,'Sertoli cell tumor with lipid storage',NULL),(2585,NULL,NULL,2566,'Sertoli-Leydig cell tumor',NULL),(2586,NULL,NULL,2566,'Lipid cell tumor of ovary',NULL),(2587,NULL,NULL,2566,'Luteoma, NOS',NULL),(2588,NULL,NULL,2566,'Adrenal rest tumor',NULL),(2589,NULL,NULL,2566,'Androblastoma, benign',NULL),(2590,NULL,NULL,2566,'Sex cord tumor with annular tubules',NULL),(2591,NULL,NULL,2566,'Gynandroblastoma',NULL),(2592,NULL,NULL,NULL,'ERYTHROLEUKEMIAS','Clinical_Diagnosis_PID'),(2593,NULL,NULL,2592,'Erythroleukemia',NULL),(2594,NULL,NULL,2592,'Chronic erythremia',NULL),(2595,NULL,NULL,NULL,'MISCELLANEOUS TUMORS','Clinical_Diagnosis_PID'),(2596,NULL,NULL,2595,'Peripheral neuroectodermal tumor',NULL),(2597,NULL,NULL,2595,'Pineoblastoma',NULL),(2598,NULL,NULL,2595,'Pineocytoma',NULL),(2599,NULL,NULL,2595,'Chordoma',NULL),(2600,NULL,NULL,2595,'Melanotic neuroectodermal tumor',NULL),(2601,NULL,NULL,2595,'Craniopharyngioma',NULL),(2602,NULL,NULL,2595,'Pinealoma',NULL),(2603,NULL,NULL,NULL,'MYXOMATOUS NEOPLASMS','Clinical_Diagnosis_PID'),(2604,NULL,NULL,2603,'Myxoma, NOS',NULL),(2605,NULL,NULL,2603,'Angiomyxoma',NULL),(2606,NULL,NULL,2603,'Myxosarcoma',NULL),(2607,NULL,NULL,NULL,'MAST CELL TUMORS','Clinical_Diagnosis_PID'),(2608,NULL,NULL,2607,'Mast cell sarcoma',NULL),(2609,NULL,NULL,2607,'Malignant mastocytosis',NULL),(2610,NULL,NULL,2607,'Mastocytoma, NOS',NULL),(2611,NULL,NULL,NULL,'MYELODYSPLASTIC SYNDROME','Clinical_Diagnosis_PID'),(2612,NULL,NULL,2611,'Myelodysplastic syndrome, NOS',NULL),(2613,NULL,NULL,2611,'Refractory anemia, NOS',NULL),(2614,NULL,NULL,2611,'Refractory anemia with sideroblasts',NULL),(2615,NULL,NULL,2611,'Refractory anemia with excess of blasts',NULL),(2616,NULL,NULL,2611,'Refractory anemia without sideroblasts',NULL),(2617,NULL,NULL,2611,'Refractory anemia with excess of blasts with transformation',NULL),(2618,NULL,NULL,NULL,'LYMPHOID LEUKEMIAS','Clinical_Diagnosis_PID'),(2619,NULL,NULL,2618,'Acute lymphoblastic leukemia, NOS',NULL),(2620,NULL,NULL,2618,'Burkitt\'s cell leukemia',NULL),(2621,NULL,NULL,2618,'Prolymphocytic leukemia',NULL),(2622,NULL,NULL,2618,'Adult T-cell leukemia/lymphoma',NULL),(2623,NULL,NULL,2618,'Chronic lymphocytic leukemia',NULL),(2624,NULL,NULL,2618,'Lymphoid leukemia, NOS',NULL),(2625,NULL,NULL,NULL,'GRANULAR CELL TUMORS AND ALVEOLAR SOFT PART SARCOMA','Clinical_Diagnosis_PID'),(2626,NULL,NULL,2625,'Granular cell tumor, NOS',NULL),(2627,NULL,NULL,2625,'Alveolar soft part sarcoma',NULL),(2628,NULL,NULL,2625,'Granular cell tumor, malignant',NULL),(2629,NULL,NULL,NULL,'HODGKIN\'S AND NON-HODGKIN\'S LYMPHOMA','Clinical_Diagnosis_PID'),(2630,NULL,NULL,NULL,'MALIGNANT LYMPHOMA, FOLLICULAR OR NODULAR, with or without diffuse areas','Clinical_Diagnosis_PID'),(2631,NULL,NULL,2630,'Malignant lymphoma, mixed small cleaved and large cell, follicular',NULL),(2632,NULL,NULL,2630,'Malignant lymphoma, lymphocytic, well differentiated, nodular',NULL),(2633,NULL,NULL,2630,'Malignant lymphoma, small cleaved cell, follicular',NULL),(2634,NULL,NULL,2630,'Malignant lymphoma, follicular, NOS',NULL),(2635,NULL,NULL,NULL,'Unknown','Clinical_Diagnosis_PID');
UNLOCK TABLES;
/*!40000 ALTER TABLE `catissue_permissible_value` ENABLE KEYS */;

--
-- Table structure for table `catissue_procedure_event_param`
--

DROP TABLE IF EXISTS `catissue_procedure_event_param`;
CREATE TABLE `catissue_procedure_event_param` (
  `IDENTIFIER` bigint(20) NOT NULL default '0',
  `URL` varchar(200) NOT NULL default '',
  `NAME` varchar(50) NOT NULL default '',
  PRIMARY KEY  (`IDENTIFIER`),
  KEY `FKEC6B4260BC7298A9` (`IDENTIFIER`)
) ENGINE=MyISAM;

--
-- Dumping data for table `catissue_procedure_event_param`
--


/*!40000 ALTER TABLE `catissue_procedure_event_param` DISABLE KEYS */;
LOCK TABLES `catissue_procedure_event_param` WRITE;
UNLOCK TABLES;
/*!40000 ALTER TABLE `catissue_procedure_event_param` ENABLE KEYS */;

--
-- Table structure for table `catissue_query_results_16`
--

DROP TABLE IF EXISTS `catissue_query_results_16`;
CREATE TABLE `catissue_query_results_16` (
  `Column0` bigint(20) NOT NULL default '0',
  `Column1` varchar(50) default NULL,
  `Column2` varchar(50) default NULL,
  `Column3` varchar(50) default NULL,
  `Column4` date default NULL,
  `Column5` varchar(20) default NULL,
  `Column6` varchar(50) default NULL,
  `Column7` varchar(50) default NULL,
  `Column8` varchar(50) default NULL,
  `Column9` varchar(50) default NULL,
  `Column10` varchar(50) default NULL,
  `Column11` bigint(20) NOT NULL default '0',
  `Column12` varchar(50) NOT NULL default '',
  `Column13` varchar(50) default NULL,
  `Column14` date default NULL,
  `Column15` varchar(50) default NULL,
  `Column16` varchar(50) default NULL,
  `Column17` varchar(50) default NULL,
  `Column18` date default NULL,
  `Column19` bigint(20) NOT NULL default '0',
  `Column20` varchar(150) default NULL,
  `Column21` varchar(50) default NULL,
  `Column22` varchar(50) NOT NULL default '',
  `Column23` double default NULL,
  `Column24` varchar(50) NOT NULL default '',
  `Column25` varchar(50) default NULL,
  `Column26` varchar(50) default NULL,
  `Column27` bigint(20) default NULL,
  `Column28` varchar(50) default NULL,
  `Column29` varchar(50) default NULL,
  `Column30` bigint(20) NOT NULL default '0',
  `Column31` bigint(20) default NULL,
  `Column32` bigint(20) default NULL,
  `Column33` varchar(50) default NULL,
  `Column34` int(11) default NULL,
  `Column35` int(11) default NULL,
  `Column36` varchar(50) default NULL,
  `Column37` double default NULL,
  `Column38` double default NULL,
  `Column39` double default NULL,
  `Column40` varchar(150) default NULL,
  `Column41` varchar(50) default NULL,
  `Column42` varchar(50) default NULL,
  `Column43` varchar(50) default NULL,
  `Column44` varchar(50) default NULL,
  `Column45` bigint(20) NOT NULL default '0',
  `Column46` varchar(50) default NULL,
  `Column47` varchar(50) default NULL,
  `Column48` varchar(50) NOT NULL default '',
  `Column49` varchar(50) default NULL,
  `Column50` varchar(50) default NULL,
  `Column51` date default NULL,
  `Column52` date default NULL,
  `Column53` int(11) default NULL,
  `Column54` varchar(200) default NULL,
  `Column55` varchar(50) default NULL,
  `Column56` double default NULL,
  `Column57` varchar(50) default NULL,
  `Column58` varchar(150) default NULL,
  `Column59` varchar(50) default NULL,
  `Column60` double default NULL,
  `Column61` bigint(20) NOT NULL default '0',
  `Column62` bigint(20) NOT NULL default '0',
  `Column63` bigint(20) NOT NULL default '0'
) ENGINE=MyISAM;

--
-- Dumping data for table `catissue_query_results_16`
--


/*!40000 ALTER TABLE `catissue_query_results_16` DISABLE KEYS */;
LOCK TABLES `catissue_query_results_16` WRITE;
INSERT INTO `catissue_query_results_16` VALUES (23,'##','##','##',NULL,'Female','Unknown','White','','##','##',20,'ALLAML','',NULL,'##','##','##',NULL,14,'Verrucous carcinoma, NOS','New Dx','ALLAML',31,'University of North Carolina','','##',0,'##','##',47,14,0,'Paraffin Block',2,1,'',1,1,0,'Biliary tract, NOS','Left','Non-Malignant','','',1,'Ragg','Susanne','ALLAML','ALLAML','111111','2005-01-03','0001-01-01',0,'','New Dx',31,'Serum','Blood','Non-Malignant',20,1,2,38),(23,'##','##','##',NULL,'Female','Unknown','White','','##','##',20,'ALLAML','',NULL,'##','##','##',NULL,14,'Verrucous carcinoma, NOS','New Dx','ALLAML',31,'University of North Carolina','','##',0,'##','##',47,14,0,'Paraffin Block',2,1,'',1,1,0,'Biliary tract, NOS','Left','Non-Malignant','','',1,'Ragg','Susanne','ALLAML','ALLAML','111111','2005-01-03','0001-01-01',0,'','New Dx',31,'Plasma','Blood','Malignant',20,1,2,38);
UNLOCK TABLES;
/*!40000 ALTER TABLE `catissue_query_results_16` ENABLE KEYS */;

--
-- Table structure for table `catissue_query_results_51`
--

DROP TABLE IF EXISTS `catissue_query_results_51`;
CREATE TABLE `catissue_query_results_51` (
  `Column0` bigint(20) NOT NULL default '0',
  `Column1` varchar(50) default NULL,
  `Column2` varchar(50) default NULL,
  `Column3` varchar(50) default NULL,
  `Column4` date default NULL,
  `Column5` varchar(20) default NULL,
  `Column6` varchar(50) default NULL,
  `Column7` varchar(50) default NULL,
  `Column8` varchar(50) default NULL,
  `Column9` varchar(50) default NULL,
  `Column10` varchar(50) default NULL,
  `Column11` bigint(20) NOT NULL default '0',
  `Column12` varchar(50) default NULL,
  `Column13` varchar(50) default NULL,
  `Column14` varchar(50) NOT NULL default '',
  `Column15` varchar(50) default NULL,
  `Column16` varchar(50) default NULL,
  `Column17` date default NULL,
  `Column18` date default NULL,
  `Column19` int(11) default NULL,
  `Column20` varchar(200) default NULL,
  `Column21` varchar(50) default NULL,
  `Column22` double default NULL,
  `Column23` varchar(50) default NULL,
  `Column24` varchar(150) default NULL,
  `Column25` varchar(50) default NULL,
  `Column26` double default NULL,
  `Column27` bigint(20) NOT NULL default '0',
  `Column28` bigint(20) NOT NULL default '0',
  `Column29` varchar(150) default NULL,
  `Column30` varchar(50) default NULL,
  `Column31` varchar(50) NOT NULL default '',
  `Column32` double default NULL,
  `Column33` varchar(50) NOT NULL default '',
  `Column34` varchar(50) default NULL,
  `Column35` varchar(50) default NULL,
  `Column36` bigint(20) default NULL,
  `Column37` varchar(50) default NULL,
  `Column38` varchar(50) default NULL,
  `Column39` bigint(20) NOT NULL default '0',
  `Column40` bigint(20) default NULL,
  `Column41` bigint(20) default NULL,
  `Column42` varchar(50) default NULL,
  `Column43` int(11) default NULL,
  `Column44` int(11) default NULL,
  `Column45` varchar(50) default NULL,
  `Column46` double default NULL,
  `Column47` double default NULL,
  `Column48` double default NULL,
  `Column49` varchar(150) default NULL,
  `Column50` varchar(50) default NULL,
  `Column51` varchar(50) default NULL,
  `Column52` varchar(50) default NULL,
  `Column53` varchar(50) default NULL,
  `Column54` bigint(20) NOT NULL default '0',
  `Column55` varchar(50) NOT NULL default '',
  `Column56` varchar(50) default NULL,
  `Column57` date default NULL,
  `Column58` varchar(50) default NULL,
  `Column59` varchar(50) default NULL,
  `Column60` varchar(50) default NULL,
  `Column61` date default NULL,
  `Column62` bigint(20) NOT NULL default '0',
  `Column63` bigint(20) NOT NULL default '0'
) ENGINE=MyISAM;

--
-- Dumping data for table `catissue_query_results_51`
--


/*!40000 ALTER TABLE `catissue_query_results_51` DISABLE KEYS */;
LOCK TABLES `catissue_query_results_51` WRITE;
INSERT INTO `catissue_query_results_51` VALUES (13,'Nyugen','Kimberley','R','1933-11-30','Female','XX','Indonesian','Canarian',NULL,'DFCI_MR00003',9,'Karnam','Puru','Effect of estogen on  bcl2 gene expression','Estrogen and bcl2','DFCI_IRB001','2005-12-01','2007-12-01',0,'','Post-Rx',1,'Blood','Lung, NOS','Malignant',7,5,7,'Acinar cell adenoma','New Dx','Effect of estogen on  bcl2 gene expression',1,'DFCI_ClinicalLab','','',13,'Nyugen','Kimberley',14,7,0,'Whole Tissue',2,4,'',0.2,0.2,0,'Pancreas, NOS','Unknown','Non-Malignant','','',9,'Effect of estogen on  bcl2 gene expression','','2005-12-01','Nyugen','Kimberley','R','1933-11-30',9,57);
UNLOCK TABLES;
/*!40000 ALTER TABLE `catissue_query_results_51` ENABLE KEYS */;

--
-- Table structure for table `catissue_query_table_data`
--

DROP TABLE IF EXISTS `catissue_query_table_data`;
CREATE TABLE `catissue_query_table_data` (
  `TABLE_ID` bigint(20) NOT NULL auto_increment,
  `TABLE_NAME` varchar(50) default NULL,
  `DISPLAY_NAME` varchar(50) default NULL,
  `ALIAS_NAME` varchar(50) default NULL,
  `PRIVILEGE_ID` int(1) default NULL,
  `FOR_SQI` tinyint(1) default NULL,
  PRIMARY KEY  (`TABLE_ID`)
) ENGINE=MyISAM;

--
-- Dumping data for table `catissue_query_table_data`
--


/*!40000 ALTER TABLE `catissue_query_table_data` DISABLE KEYS */;
LOCK TABLES `catissue_query_table_data` WRITE;
INSERT INTO `catissue_query_table_data` VALUES (4,'CATISSUE_ADDRESS','Address','Address',2,NULL),(39,'CATISSUE_AUDIT_EVENT','Audit Event','AuditEvent',1,NULL),(40,'CATISSUE_AUDIT_EVENT_DETAILS','Audit Event Details','AuditEventDetails',1,NULL),(41,'CATISSUE_AUDIT_EVENT_LOG','Audit Event Log','AuditEventLog',1,NULL),(8,'CATISSUE_BIOHAZARD','Biohazard','Biohazard',1,1),(7,'CATISSUE_CANCER_RESEARCH_GROUP','Cancer Research Group','CancerResearchGroup',1,1),(42,'CATISSUE_CDE','Cde','Cde',0,NULL),(43,'CATISSUE_CELL_SPE_REVIEW_PARAM','Cell Specimen Review Parameters','CellSpecimenParam',2,2),(44,'CATISSUE_IN_OUT_EVENT_PARAM','Checkin Checkout Event Parameter','CheckinoutEventParam',2,2),(26,'CATISSUE_CLINICAL_REPORT','Clinical Report','ClinicalReport',2,NULL),(17,'CATISSUE_COLL_COORDINATORS','Collection Coordinators','CollectionCoordinators',2,NULL),(45,'CATISSUE_COLL_DISTRIBUTION_REL','Collection Distribution Relation','CollectionDistributionRel',2,NULL),(46,'CATISSUE_COLL_EVENT_PARAM','Collection Event Parameters','CollectionEventParam',2,2),(10,'CATISSUE_COLLECTION_PROTOCOL','Collection Protocol','CollectionProtocol',2,1),(11,'CATISSUE_COLL_PROT_EVENT','Collection Protocol Event','CollectionProtocolEvent',2,NULL),(27,'CATISSUE_COLL_PROT_REG','Collection Protocol Registration','CollectionProtReg',2,1),(18,'CATISSUE_COLL_SPECIMEN_REQ','Collection Specimen Requirement','CollectionSpecReq',2,NULL),(5,'CATISSUE_DEPARTMENT','Department','Department',1,1),(47,'CATISSUE_DISPOSAL_EVENT_PARAM','Disposal Event Parameters','DisposalEventParam',2,2),(37,'CATISSUE_DISTRIBUTED_ITEM','Distributed Item','DistributedItem',1,NULL),(38,'CATISSUE_DISTRIBUTION','Distribution','Distribution',2,1),(19,'CATISSUE_DISTRIBUTION_PROTOCOL','Distribution Protocol','DistributionProtocol',2,1),(20,'CATISSUE_DISTRIBUTION_SPE_REQ','Distribution Specimen Requirement','DistributionSpecReq',1,NULL),(48,'CATISSUE_EMBEDDED_EVENT_PARAM','Embedded Event Parameters','EmbeddedEventParam',2,2),(28,'CATISSUE_EXTERNAL_IDENTIFIER','External Identifier','ExternalIdentifier',2,NULL),(49,'CATISSUE_FIXED_EVENT_PARAM','Fixed Event Parameters','FixedEventParameters',2,2),(50,'CATISSUE_FLUID_SPE_EVENT_PARAM','Fluid Specimen Review Event Parameters','FluidSpecEventParam',2,2),(51,'CATISSUE_FROZEN_EVENT_PARAM','Frozen Event Parameters','FrozenEventParameters',2,2),(6,'CATISSUE_INSTITUTION','Institution','Institution',1,1),(52,'CATISSUE_MOL_SPE_REVIEW_PARAM','Molecular Specimen Review Parameters','MolecularSpecParam',2,2),(31,'CATISSUE_PARTICIPANT','Participant','Participant',2,1),(32,'CATISSUE_PART_MEDICAL_ID','Participant Medical Identifier','ParticipantMedicalId',2,NULL),(53,'CATISSUE_PERMISSIBLE_VALUE','Permissible Value','PermissibleValue',0,NULL),(54,'CATISSUE_PROCEDURE_EVENT_PARAM','Procedure Event Parameters','ProcedureEventParam',2,2),(55,'CATISSUE_INTERFACE_COLUMN_DATA','Query Interface Column Data','QueryInterfaceColumnData',0,NULL),(56,'CATISSUE_QUERY_TABLE_DATA','Query Interface Table Data','QueryInterfaceTableData',0,NULL),(57,'CATISSUE_RECEIVED_EVENT_PARAM','Received Event Parameters','ReceivedEventParam',2,2),(58,'CATISSUE_RELATED_TABLES_MAP','Related Tables Map','RelatedTablesMap',0,NULL),(59,'CATISSUE_REPORTED_PROBLEM','Reported Problem','ReportedProblem',1,1),(60,'CATISSUE_EVENT_PARAM','Review Event Parameters','ReviewEventParameters',2,NULL),(61,'CATISSUE_SIGNUP_USER','Signup User','SignupUser',2,NULL),(3,'CATISSUE_SITE','Site','Site',2,1),(33,'CATISSUE_SPECIMEN','Specimen','Specimen',2,1),(62,'CATISSUE_SPECIMEN_BIOHZ_REL','Biohazard','SpecimenBiohazardRel',2,NULL),(34,'CATISSUE_SPECIMEN_CHAR','Specimen Characteristics','SpecimenCharacteristics',2,NULL),(35,'CATISSUE_SPECIMEN_COLL_GROUP','Specimen Collection Group','SpecimenCollectionGroup',2,1),(63,'CATISSUE_SPECIMEN_EVENT_PARAM','Specimen Event Parameters','SpecimenEventParameters',2,NULL),(9,'CATISSUE_SPECIMEN_PROTOCOL','Specimen Protocol','SpecimenProtocol',2,NULL),(12,'CATISSUE_SPECIMEN_REQUIREMENT','Specimen Requirement','SpecimenRequirement',2,NULL),(64,'CATISSUE_SPUN_EVENT_PARAMETERS','Spun Event Parameters','SpunEventParameters',2,2),(21,'CATISSUE_STORAGE_CONTAINER','Storage Container','StorageContainer',2,1),(2,'CATISSUE_STORAGE_CONT_CAPACITY','Storage Container Capacity','StorageContainerCapacity',2,NULL),(22,'CATISSUE_STORAGE_CONT_DETAILS','Storage Container Details','StorageContainerDetails',2,NULL),(1,'CATISSUE_STORAGE_TYPE','Storage Type','StorageType',1,1),(65,'CATISSUE_TABLE_RELATION','Table Relation','TableRelation',0,NULL),(66,'CATISSUE_THAW_EVENT_PARAMETERS','Thaw Event Parameters','ThawEventParameters',2,2),(67,'CATISSUE_TIS_SPE_EVENT_PARAM','Tissue Specimen Review Event Parameters','TissueSpecEventParam',2,2),(68,'CATISSUE_TRANSFER_EVENT_PARAM','Transfer Event Parameter','TransferEventParameter',2,2),(23,'CATISSUE_USER','User','User',2,1);
UNLOCK TABLES;
/*!40000 ALTER TABLE `catissue_query_table_data` ENABLE KEYS */;

--
-- Table structure for table `catissue_received_event_param`
--

DROP TABLE IF EXISTS `catissue_received_event_param`;
CREATE TABLE `catissue_received_event_param` (
  `IDENTIFIER` bigint(20) NOT NULL default '0',
  `RECEIVED_QUALITY` varchar(255) default NULL,
  PRIMARY KEY  (`IDENTIFIER`),
  KEY `FKA7139D06BC7298A9` (`IDENTIFIER`)
) ENGINE=MyISAM;

--
-- Dumping data for table `catissue_received_event_param`
--


/*!40000 ALTER TABLE `catissue_received_event_param` DISABLE KEYS */;
LOCK TABLES `catissue_received_event_param` WRITE;
INSERT INTO `catissue_received_event_param` VALUES (11,'Acceptable');
UNLOCK TABLES;
/*!40000 ALTER TABLE `catissue_received_event_param` ENABLE KEYS */;

--
-- Table structure for table `catissue_related_tables_map`
--

DROP TABLE IF EXISTS `catissue_related_tables_map`;
CREATE TABLE `catissue_related_tables_map` (
  `FIRST_TABLE_ID` bigint(20) default NULL,
  `SECOND_TABLE_ID` bigint(20) default NULL,
  `FIRST_TABLE_JOIN_COLUMN` varchar(50) default NULL,
  `SECOND_TABLE_JOIN_COLUMN` varchar(50) default NULL
) ENGINE=MyISAM;

--
-- Dumping data for table `catissue_related_tables_map`
--


/*!40000 ALTER TABLE `catissue_related_tables_map` DISABLE KEYS */;
LOCK TABLES `catissue_related_tables_map` WRITE;
INSERT INTO `catissue_related_tables_map` VALUES (10,11,'IDENTIFIER','COLLECTION_PROTOCOL_ID'),(5,23,'IDENTIFIER','DEPARTMENT_ID'),(6,23,'IDENTIFIER','INSTITUTION_ID'),(7,23,'IDENTIFIER','CANCER_RESEARCH_GROUP_ID'),(4,23,'IDENTIFIER','ADDRESS_ID'),(4,3,'IDENTIFIER','ADDRESS_ID'),(9,10,'IDENTIFIER','IDENTIFIER'),(23,9,'IDENTIFIER','PRINCIPAL_INVESTIGATOR_ID'),(23,17,'IDENTIFIER','USER_ID'),(10,17,'IDENTIFIER','COLLECTION_PROTOCOL_ID'),(12,18,'IDENTIFIER','SPECIMEN_REQUIREMENT_ID'),(11,18,'IDENTIFIER','COLLECTION_PROTOCOL_EVENT_ID'),(9,19,'IDENTIFIER','IDENTIFIER'),(12,20,'IDENTIFIER','SPECIMEN_REQUIREMENT_ID'),(19,20,'IDENTIFIER','DISTRIBUTION_PROTOCOL_ID'),(3,21,'IDENTIFIER','SITE_ID'),(2,21,'IDENTIFIER','STORAGE_CONTAINER_CAPACITY_ID'),(1,21,'IDENTIFIER','STORAGE_TYPE_ID'),(23,24,'IDENTIFIER','USER_ID'),(22,21,'STORAGE_CONTAINER_ID','IDENTIFIER'),(31,32,'IDENTIFIER','PARTICIPANT_ID'),(10,27,'IDENTIFIER','COLLECTION_PROTOCOL_ID'),(31,27,'IDENTIFIER','PARTICIPANT_ID'),(3,35,'IDENTIFIER','SITE_ID'),(11,35,'IDENTIFIER','COLLECTION_PROTOCOL_EVENT_ID'),(26,35,'IDENTIFIER','CLINICAL_REPORT_ID'),(27,35,'IDENTIFIER','COLLECTION_PROTOCOL_REG_ID'),(21,33,'IDENTIFIER','STORAGE_CONTAINER_IDENTIFIER'),(35,33,'IDENTIFIER','SPECIMEN_COLLECTION_GROUP_ID'),(34,33,'IDENTIFIER','SPECIMEN_CHARACTERISTICS_ID'),(33,33,'IDENTIFIER','PARENT_SPECIMEN_ID'),(33,37,'IDENTIFIER','SPECIMEN_ID'),(38,37,'IDENTIFIER','DISTRIBUTION_ID'),(38,19,'DISTRIBUTION_PROTOCOL_ID','IDENTIFIER'),(38,19,'DISTRIBUTION_PROTOCOL_ID','IDENTIFIER'),(33,62,'IDENTIFIER','SPECIMEN_ID'),(8,62,'IDENTIFIER','BIOHAZARD_ID'),(33,28,'IDENTIFIER','SPECIMEN_ID'),(33,63,'IDENTIFIER','SPECIMEN_ID'),(63,43,'IDENTIFIER','IDENTIFIER'),(63,44,'IDENTIFIER','IDENTIFIER'),(63,46,'IDENTIFIER','IDENTIFIER'),(63,47,'IDENTIFIER','IDENTIFIER'),(63,48,'IDENTIFIER','IDENTIFIER'),(63,49,'IDENTIFIER','IDENTIFIER'),(63,50,'IDENTIFIER','IDENTIFIER'),(63,51,'IDENTIFIER','IDENTIFIER'),(63,52,'IDENTIFIER','IDENTIFIER'),(63,54,'IDENTIFIER','IDENTIFIER'),(63,57,'IDENTIFIER','IDENTIFIER'),(63,64,'IDENTIFIER','IDENTIFIER'),(63,66,'IDENTIFIER','IDENTIFIER'),(63,67,'IDENTIFIER','IDENTIFIER'),(63,68,'IDENTIFIER','IDENTIFIER'),(23,63,'IDENTIFIER','USER_ID'),(10,11,'IDENTIFIER','COLLECTION_PROTOCOL_ID'),(5,23,'IDENTIFIER','DEPARTMENT_ID'),(6,23,'IDENTIFIER','INSTITUTION_ID'),(7,23,'IDENTIFIER','CANCER_RESEARCH_GROUP_ID'),(4,23,'IDENTIFIER','ADDRESS_ID'),(4,3,'IDENTIFIER','ADDRESS_ID'),(9,10,'IDENTIFIER','IDENTIFIER'),(23,9,'IDENTIFIER','PRINCIPAL_INVESTIGATOR_ID'),(23,17,'IDENTIFIER','USER_ID'),(10,17,'IDENTIFIER','COLLECTION_PROTOCOL_ID'),(12,18,'IDENTIFIER','SPECIMEN_REQUIREMENT_ID'),(11,18,'IDENTIFIER','COLLECTION_PROTOCOL_EVENT_ID'),(9,19,'IDENTIFIER','IDENTIFIER'),(12,20,'IDENTIFIER','SPECIMEN_REQUIREMENT_ID'),(19,20,'IDENTIFIER','DISTRIBUTION_PROTOCOL_ID'),(3,21,'IDENTIFIER','SITE_ID'),(2,21,'IDENTIFIER','STORAGE_CONTAINER_CAPACITY_ID'),(1,21,'IDENTIFIER','STORAGE_TYPE_ID'),(23,24,'IDENTIFIER','USER_ID'),(22,21,'STORAGE_CONTAINER_ID','IDENTIFIER'),(31,32,'IDENTIFIER','PARTICIPANT_ID'),(10,27,'IDENTIFIER','COLLECTION_PROTOCOL_ID'),(31,27,'IDENTIFIER','PARTICIPANT_ID'),(3,35,'IDENTIFIER','SITE_ID'),(11,35,'IDENTIFIER','COLLECTION_PROTOCOL_EVENT_ID'),(26,35,'IDENTIFIER','CLINICAL_REPORT_ID'),(27,35,'IDENTIFIER','COLLECTION_PROTOCOL_REG_ID'),(21,33,'IDENTIFIER','STORAGE_CONTAINER_IDENTIFIER'),(35,33,'IDENTIFIER','SPECIMEN_COLLECTION_GROUP_ID'),(34,33,'IDENTIFIER','SPECIMEN_CHARACTERISTICS_ID'),(33,33,'IDENTIFIER','PARENT_SPECIMEN_ID'),(33,37,'IDENTIFIER','SPECIMEN_ID'),(38,37,'IDENTIFIER','DISTRIBUTION_ID'),(38,19,'DISTRIBUTION_PROTOCOL_ID','IDENTIFIER'),(38,19,'DISTRIBUTION_PROTOCOL_ID','IDENTIFIER'),(33,62,'IDENTIFIER','SPECIMEN_ID'),(8,62,'IDENTIFIER','BIOHAZARD_ID'),(33,28,'IDENTIFIER','SPECIMEN_ID'),(33,63,'IDENTIFIER','SPECIMEN_ID'),(63,43,'IDENTIFIER','IDENTIFIER'),(63,44,'IDENTIFIER','IDENTIFIER'),(63,46,'IDENTIFIER','IDENTIFIER'),(63,47,'IDENTIFIER','IDENTIFIER'),(63,48,'IDENTIFIER','IDENTIFIER'),(63,49,'IDENTIFIER','IDENTIFIER'),(63,50,'IDENTIFIER','IDENTIFIER'),(63,51,'IDENTIFIER','IDENTIFIER'),(63,52,'IDENTIFIER','IDENTIFIER'),(63,54,'IDENTIFIER','IDENTIFIER'),(63,57,'IDENTIFIER','IDENTIFIER'),(63,64,'IDENTIFIER','IDENTIFIER'),(63,66,'IDENTIFIER','IDENTIFIER'),(63,67,'IDENTIFIER','IDENTIFIER'),(63,68,'IDENTIFIER','IDENTIFIER'),(23,63,'IDENTIFIER','USER_ID');
UNLOCK TABLES;
/*!40000 ALTER TABLE `catissue_related_tables_map` ENABLE KEYS */;

--
-- Table structure for table `catissue_reported_problem`
--

DROP TABLE IF EXISTS `catissue_reported_problem`;
CREATE TABLE `catissue_reported_problem` (
  `IDENTIFIER` bigint(20) NOT NULL auto_increment,
  `AFFILIATION` varchar(200) NOT NULL default '',
  `NAME_OF_REPORTER` varchar(200) NOT NULL default '',
  `REPORTERS_EMAIL_ID` varchar(50) NOT NULL default '',
  `MESSAGE_BODY` varchar(200) NOT NULL default '',
  `SUBJECT` varchar(100) default NULL,
  `REPORTED_DATE` date default NULL,
  `ACTIVITY_STATUS` varchar(100) default NULL,
  `COMMENTS` text,
  PRIMARY KEY  (`IDENTIFIER`)
) ENGINE=MyISAM;

--
-- Dumping data for table `catissue_reported_problem`
--


/*!40000 ALTER TABLE `catissue_reported_problem` DISABLE KEYS */;
LOCK TABLES `catissue_reported_problem` WRITE;
UNLOCK TABLES;
/*!40000 ALTER TABLE `catissue_reported_problem` ENABLE KEYS */;

--
-- Table structure for table `catissue_search_display_data`
--

DROP TABLE IF EXISTS `catissue_search_display_data`;
CREATE TABLE `catissue_search_display_data` (
  `RELATIONSHIP_ID` bigint(20) NOT NULL default '0',
  `COL_ID` bigint(20) NOT NULL default '0',
  `DISPLAY_NAME` varchar(50) default NULL
) ENGINE=MyISAM;

--
-- Dumping data for table `catissue_search_display_data`
--


/*!40000 ALTER TABLE `catissue_search_display_data` DISABLE KEYS */;
LOCK TABLES `catissue_search_display_data` WRITE;
INSERT INTO `catissue_search_display_data` VALUES (6,184,'Identifier'),(6,185,'Name'),(6,186,'Type'),(6,187,'Email Address'),(7,2,'Street'),(7,3,'City'),(7,4,'State'),(7,5,'Country'),(7,6,'Zip Code'),(7,7,'Phone Number'),(7,8,'Fax Number'),(2,100,'Identifier'),(2,101,'Name'),(3,67,'Identifier'),(3,68,'Name'),(4,28,'Identifier'),(4,29,'Name'),(5,24,'Identifier'),(5,25,'Name'),(5,26,'Comments'),(5,27,'Type'),(1,258,'Identifier'),(1,259,'Type'),(1,260,'Default Temperature'),(1,261,'One Dimension Label'),(1,262,'Two Dimension Label'),(1,252,'One Dimension Capacity'),(1,253,'Two Dimension Capacity'),(8,239,'Identifier'),(8,240,'Container Number'),(8,241,'Temperature'),(8,242,'Is Container Full'),(8,243,'Barcode'),(8,247,'Parent Container Identifier'),(8,249,'Position Dimension One'),(8,250,'Position Dimension Two'),(10,259,'Type'),(10,261,'One Dimension Label'),(10,262,'Two Dimension Label'),(9,252,'One Dimension Capacity'),(9,253,'Two Dimension Capacity'),(11,185,'Site Name'),(39,255,'Parameter Name'),(39,256,'Parameter Value'),(12,54,'Identifier'),(40,292,'Principal Investigator Last Name'),(40,293,'Principal Investigator First Name'),(42,292,'Protocol Coordinator Last Name'),(42,293,'Protocol Coordinator First Name'),(13,224,'Title'),(13,225,'Short Title'),(13,226,'IRB Identifier'),(13,227,'Start Date'),(13,228,'End Date'),(13,229,'Enrollment'),(13,230,'Description URL'),(14,56,'Clinical Status'),(14,57,'Study Calendar Event Point'),(15,233,'Specimen Type'),(15,234,'Tissue Site'),(15,235,'Pathological Status'),(15,37,'Required Specimen Quantity'),(16,65,'Collection Protocol Event Identifier'),(17,79,'Identifier'),(18,224,'Title'),(18,225,'Short Title'),(18,226,'IRB Identifier'),(18,227,'Start Date'),(18,228,'End Date'),(18,229,'Enrollment'),(18,230,'Description URL'),(20,233,'Specimen Type'),(20,234,'Tissue Site'),(20,235,'Pathological Status'),(20,37,'Required Specimen Quantity'),(43,292,'Principal Investigator Last Name'),(43,293,'Principal Investigator First Name'),(19,80,'Distribution Protocol Identifier'),(21,285,'Identifier'),(21,292,'Last Name'),(21,293,'First Name'),(21,294,'Login Name'),(21,295,'Date'),(23,2,'Street'),(23,3,'City'),(23,4,'State'),(23,5,'Country'),(23,6,'Zip Code'),(23,7,'Phone Number'),(23,8,'Fax Number'),(25,101,'Institution Name'),(24,68,'Department Name'),(26,29,'Cancer Research Group Name'),(27,116,'Identifier'),(27,117,'Last Name'),(27,118,'First Name'),(27,119,'Middle Name'),(27,120,'Birth Date'),(27,121,'Gender'),(27,122,'Genotype'),(27,123,'Race'),(27,124,'Ethnicity'),(27,125,'Social Security Number'),(28,128,'Medical Record Number'),(29,59,'Identifier'),(45,224,'Protocol Title'),(29,60,'Participant Protocol Identifier'),(29,61,'Registration Date'),(46,117,'Participant Last Name'),(46,118,'Participant First Name'),(46,119,'Participant Middle Name'),(46,120,'Participant Birth Date'),(30,209,'Identifier'),(30,210,'Clinical Diagnosis'),(30,211,'Clinical Status'),(48,224,'Collection Protocol Title'),(31,57,'Study Calendar Event Point'),(32,185,'Site Name'),(33,60,'Protocol Participant Identifier'),(47,45,'Surgical Pathology Number'),(47,46,'Medical Record Number'),(54,117,'Participant Last Name'),(54,118,'Participant First Name'),(34,191,'Identifier'),(34,201,'Specimen Collection Group Identifier'),(34,199,'Parent Specimen Identifier'),(34,192,'Type'),(34,194,'Position Dimension One'),(34,195,'Position Dimension Two'),(34,196,'Barcode'),(34,103,'Quantity'),(34,104,'Available Quantity'),(34,105,'Concentration'),(35,206,'Tissue Site'),(35,207,'Tissue Side'),(35,208,'Pathological Status'),(50,85,'External Identifier Name'),(50,86,'External Identifier Value'),(36,75,'Identifier'),(36,298,'Distribution Date'),(36,302,'Distribution Time'),(37,72,'Distributed Quantity'),(51,292,'Principal Investigator Last Name'),(51,293,'Principal Investigator First Name'),(52,191,'Distributed Specimen Identifier'),(52,192,'Distributed Specimen Type'),(55,206,'Distributed Specimen Tissue Site'),(55,207,'Distributed Specimen Tissue Side'),(55,208,'Distributed Specimen Pathological Status'),(53,224,'Distribution Protocol Title'),(57,39,'Identifier'),(58,218,'Specimen Identifier'),(58,219,'Event Timestamp'),(58,221,'Comments'),(59,292,'User Last Name'),(59,293,'User First Name'),(57,40,'Neoplastic Cellularity Percentage'),(57,41,'Viable Cell Percentage'),(60,42,'Identifier'),(61,218,'Specimen Identifier'),(61,219,'Event Timestamp'),(61,221,'Comments'),(62,292,'User Last Name'),(62,293,'User First Name'),(60,43,'Storage Status'),(63,51,'Identifier'),(64,218,'Specimen Identifier'),(64,219,'Event Timestamp'),(64,221,'Comments'),(65,292,'User Last Name'),(65,293,'User First Name'),(63,52,'Collection Procedure'),(63,53,'Container'),(66,69,'Identifier'),(67,218,'Specimen Identifier'),(67,219,'Event Timestamp'),(67,221,'Comments'),(68,292,'User Last Name'),(68,293,'User First Name'),(66,70,'Reason'),(69,82,'Identifier'),(70,218,'Specimen Identifier'),(70,219,'Event Timestamp'),(70,221,'Comments'),(71,292,'User Last Name'),(71,293,'User First Name'),(69,83,'Embedding Medium'),(72,88,'Identifier'),(73,218,'Specimen Identifier'),(73,219,'Event Timestamp'),(73,221,'Comments'),(74,292,'User Last Name'),(74,293,'User First Name'),(72,89,'Fixation Type'),(72,90,'Duration In Minutes'),(75,96,'Identifier'),(76,218,'Specimen Identifier'),(76,219,'Event Timestamp'),(76,221,'Comments'),(77,292,'User Last Name'),(77,293,'User First Name'),(75,97,'Cell Count'),(78,98,'Identifier'),(79,218,'Specimen Identifier'),(79,219,'Event Timestamp'),(79,221,'Comments'),(80,292,'User Last Name'),(80,293,'User First Name'),(78,99,'Method'),(81,108,'Identifier'),(82,218,'Specimen Identifier'),(82,219,'Event Timestamp'),(82,221,'Comments'),(83,292,'User Last Name'),(83,293,'User First Name'),(81,109,'Gel Image URL'),(81,110,'Quality Index'),(81,111,'Lane Number'),(81,112,'Gel Number'),(81,113,'Absorbance At 260'),(81,114,'Absorbance At 280'),(81,115,'Ratio 28S to 18S'),(84,138,'Identifier'),(85,218,'Specimen Identifier'),(85,219,'Event Timestamp'),(85,221,'Comments'),(86,292,'User Last Name'),(86,293,'User First Name'),(84,139,'URL'),(84,140,'Name'),(87,150,'Identifier'),(88,218,'Specimen Identifier'),(88,219,'Event Timestamp'),(88,221,'Comments'),(89,292,'User Last Name'),(89,293,'User First Name'),(87,151,'Received Quality'),(90,236,'Identifier'),(91,218,'Specimen Identifier'),(91,219,'Event Timestamp'),(91,221,'Comments'),(92,292,'User Last Name'),(92,293,'User First Name'),(91,237,'GForce'),(91,238,'Duration In Minutes'),(93,266,'Identifier'),(94,218,'Specimen Identifier'),(94,219,'Event Timestamp'),(94,221,'Comments'),(95,292,'User Last Name'),(95,293,'User First Name'),(96,272,'Identifier'),(97,218,'Specimen Identifier'),(97,219,'Event Timestamp'),(97,221,'Comments'),(98,292,'User Last Name'),(98,293,'User First Name'),(96,273,'Neo Plastic Cellularity Percentage'),(96,274,'Necrosis Percentage'),(96,275,'Lymphocytic Percentage'),(96,276,'Total Cellularity Percentage'),(96,277,'Histological Quality'),(99,278,'Identifier'),(100,218,'Specimen Identifier'),(100,219,'Event Timestamp'),(100,221,'Comments'),(101,292,'User Last Name'),(101,293,'User First Name'),(99,284,'From Storage Container Identifier'),(99,283,'To Storage Container Identifier'),(99,279,'From Position Dimension One'),(99,280,'From Position Dimension Two'),(99,281,'To Position Dimension One'),(99,282,'To Position Dimension Two'),(102,156,'Identifier'),(102,157,'Affiliation'),(102,158,'Name of reporter'),(102,159,'Reporters email id'),(102,160,'Message Body'),(102,161,'Subject'),(102,162,'Reported Date'),(102,163,'Activity Status'),(105,24,'Identifier'),(105,25,'Name'),(105,26,'Comments'),(105,27,'Type'),(6,184,'Identifier'),(6,185,'Name'),(6,186,'Type'),(6,187,'Email Address'),(7,2,'Street'),(7,3,'City'),(7,4,'State'),(7,5,'Country'),(7,6,'Zip Code'),(7,7,'Phone Number'),(7,8,'Fax Number'),(2,100,'Identifier'),(2,101,'Name'),(3,67,'Identifier'),(3,68,'Name'),(4,28,'Identifier'),(4,29,'Name'),(5,24,'Identifier'),(5,25,'Name'),(5,26,'Comments'),(5,27,'Type'),(1,258,'Identifier'),(1,259,'Type'),(1,260,'Default Temperature'),(1,261,'One Dimension Label'),(1,262,'Two Dimension Label'),(1,252,'One Dimension Capacity'),(1,253,'Two Dimension Capacity'),(8,239,'Identifier'),(8,240,'Container Number'),(8,241,'Temperature'),(8,242,'Is Container Full'),(8,243,'Barcode'),(8,247,'Parent Container Identifier'),(8,249,'Position Dimension One'),(8,250,'Position Dimension Two'),(10,259,'Type'),(10,261,'One Dimension Label'),(10,262,'Two Dimension Label'),(9,252,'One Dimension Capacity'),(9,253,'Two Dimension Capacity'),(11,185,'Site Name'),(39,255,'Parameter Name'),(39,256,'Parameter Value'),(12,54,'Identifier'),(40,292,'Principal Investigator Last Name'),(40,293,'Principal Investigator First Name'),(42,292,'Protocol Coordinator Last Name'),(42,293,'Protocol Coordinator First Name'),(13,224,'Title'),(13,225,'Short Title'),(13,226,'IRB Identifier'),(13,227,'Start Date'),(13,228,'End Date'),(13,229,'Enrollment'),(13,230,'Description URL'),(14,56,'Clinical Status'),(14,57,'Study Calendar Event Point'),(15,233,'Specimen Type'),(15,234,'Tissue Site'),(15,235,'Pathological Status'),(15,37,'Required Specimen Quantity'),(16,65,'Collection Protocol Event Identifier'),(17,79,'Identifier'),(18,224,'Title'),(18,225,'Short Title'),(18,226,'IRB Identifier'),(18,227,'Start Date'),(18,228,'End Date'),(18,229,'Enrollment'),(18,230,'Description URL'),(20,233,'Specimen Type'),(20,234,'Tissue Site'),(20,235,'Pathological Status'),(20,37,'Required Specimen Quantity'),(43,292,'Principal Investigator Last Name'),(43,293,'Principal Investigator First Name'),(19,80,'Distribution Protocol Identifier'),(21,285,'Identifier'),(21,292,'Last Name'),(21,293,'First Name'),(21,294,'Login Name'),(21,295,'Date'),(23,2,'Street'),(23,3,'City'),(23,4,'State'),(23,5,'Country'),(23,6,'Zip Code'),(23,7,'Phone Number'),(23,8,'Fax Number'),(25,101,'Institution Name'),(24,68,'Department Name'),(26,29,'Cancer Research Group Name'),(27,116,'Identifier'),(27,117,'Last Name'),(27,118,'First Name'),(27,119,'Middle Name'),(27,120,'Birth Date'),(27,121,'Gender'),(27,122,'Genotype'),(27,123,'Race'),(27,124,'Ethnicity'),(27,125,'Social Security Number'),(28,128,'Medical Record Number'),(29,59,'Identifier'),(45,224,'Protocol Title'),(29,60,'Participant Protocol Identifier'),(29,61,'Registration Date'),(46,117,'Participant Last Name'),(46,118,'Participant First Name'),(46,119,'Participant Middle Name'),(46,120,'Participant Birth Date'),(30,209,'Identifier'),(30,210,'Clinical Diagnosis'),(30,211,'Clinical Status'),(48,224,'Collection Protocol Title'),(31,57,'Study Calendar Event Point'),(32,185,'Site Name'),(33,60,'Protocol Participant Identifier'),(47,45,'Surgical Pathology Number'),(47,46,'Medical Record Number'),(54,117,'Participant Last Name'),(54,118,'Participant First Name'),(34,191,'Identifier'),(34,201,'Specimen Collection Group Identifier'),(34,199,'Parent Specimen Identifier'),(34,192,'Type'),(34,194,'Position Dimension One'),(34,195,'Position Dimension Two'),(34,196,'Barcode'),(34,103,'Quantity'),(34,104,'Available Quantity'),(34,105,'Concentration'),(35,206,'Tissue Site'),(35,207,'Tissue Side'),(35,208,'Pathological Status'),(50,85,'External Identifier Name'),(50,86,'External Identifier Value'),(36,75,'Identifier'),(36,298,'Distribution Date'),(36,302,'Distribution Time'),(37,72,'Distributed Quantity'),(51,292,'Principal Investigator Last Name'),(51,293,'Principal Investigator First Name'),(52,191,'Distributed Specimen Identifier'),(52,192,'Distributed Specimen Type'),(55,206,'Distributed Specimen Tissue Site'),(55,207,'Distributed Specimen Tissue Side'),(55,208,'Distributed Specimen Pathological Status'),(53,224,'Distribution Protocol Title'),(57,39,'Identifier'),(58,218,'Specimen Identifier'),(58,219,'Event Timestamp'),(58,221,'Comments'),(59,292,'User Last Name'),(59,293,'User First Name'),(57,40,'Neoplastic Cellularity Percentage'),(57,41,'Viable Cell Percentage'),(60,42,'Identifier'),(61,218,'Specimen Identifier'),(61,219,'Event Timestamp'),(61,221,'Comments'),(62,292,'User Last Name'),(62,293,'User First Name'),(60,43,'Storage Status'),(63,51,'Identifier'),(64,218,'Specimen Identifier'),(64,219,'Event Timestamp'),(64,221,'Comments'),(65,292,'User Last Name'),(65,293,'User First Name'),(63,52,'Collection Procedure'),(63,53,'Container'),(66,69,'Identifier'),(67,218,'Specimen Identifier'),(67,219,'Event Timestamp'),(67,221,'Comments'),(68,292,'User Last Name'),(68,293,'User First Name'),(66,70,'Reason'),(69,82,'Identifier'),(70,218,'Specimen Identifier'),(70,219,'Event Timestamp'),(70,221,'Comments'),(71,292,'User Last Name'),(71,293,'User First Name'),(69,83,'Embedding Medium'),(72,88,'Identifier'),(73,218,'Specimen Identifier'),(73,219,'Event Timestamp'),(73,221,'Comments'),(74,292,'User Last Name'),(74,293,'User First Name'),(72,89,'Fixation Type'),(72,90,'Duration In Minutes'),(75,96,'Identifier'),(76,218,'Specimen Identifier'),(76,219,'Event Timestamp'),(76,221,'Comments'),(77,292,'User Last Name'),(77,293,'User First Name'),(75,97,'Cell Count'),(78,98,'Identifier'),(79,218,'Specimen Identifier'),(79,219,'Event Timestamp'),(79,221,'Comments'),(80,292,'User Last Name'),(80,293,'User First Name'),(78,99,'Method'),(81,108,'Identifier'),(82,218,'Specimen Identifier'),(82,219,'Event Timestamp'),(82,221,'Comments'),(83,292,'User Last Name'),(83,293,'User First Name'),(81,109,'Gel Image URL'),(81,110,'Quality Index'),(81,111,'Lane Number'),(81,112,'Gel Number'),(81,113,'Absorbance At 260'),(81,114,'Absorbance At 280'),(81,115,'Ratio 28S to 18S'),(84,138,'Identifier'),(85,218,'Specimen Identifier'),(85,219,'Event Timestamp'),(85,221,'Comments'),(86,292,'User Last Name'),(86,293,'User First Name'),(84,139,'URL'),(84,140,'Name'),(87,150,'Identifier'),(88,218,'Specimen Identifier'),(88,219,'Event Timestamp'),(88,221,'Comments'),(89,292,'User Last Name'),(89,293,'User First Name'),(87,151,'Received Quality'),(90,236,'Identifier'),(91,218,'Specimen Identifier'),(91,219,'Event Timestamp'),(91,221,'Comments'),(92,292,'User Last Name'),(92,293,'User First Name'),(91,237,'GForce'),(91,238,'Duration In Minutes'),(93,266,'Identifier'),(94,218,'Specimen Identifier'),(94,219,'Event Timestamp'),(94,221,'Comments'),(95,292,'User Last Name'),(95,293,'User First Name'),(96,272,'Identifier'),(97,218,'Specimen Identifier'),(97,219,'Event Timestamp'),(97,221,'Comments'),(98,292,'User Last Name'),(98,293,'User First Name'),(96,273,'Neo Plastic Cellularity Percentage'),(96,274,'Necrosis Percentage'),(96,275,'Lymphocytic Percentage'),(96,276,'Total Cellularity Percentage'),(96,277,'Histological Quality'),(99,278,'Identifier'),(100,218,'Specimen Identifier'),(100,219,'Event Timestamp'),(100,221,'Comments'),(101,292,'User Last Name'),(101,293,'User First Name'),(99,284,'From Storage Container Identifier'),(99,283,'To Storage Container Identifier'),(99,279,'From Position Dimension One'),(99,280,'From Position Dimension Two'),(99,281,'To Position Dimension One'),(99,282,'To Position Dimension Two'),(102,156,'Identifier'),(102,157,'Affiliation'),(102,158,'Name of reporter'),(102,159,'Reporters email id'),(102,160,'Message Body'),(102,161,'Subject'),(102,162,'Reported Date'),(102,163,'Activity Status'),(105,24,'Identifier'),(105,25,'Name'),(105,26,'Comments'),(105,27,'Type');
UNLOCK TABLES;
/*!40000 ALTER TABLE `catissue_search_display_data` ENABLE KEYS */;

--
-- Table structure for table `catissue_site`
--

DROP TABLE IF EXISTS `catissue_site`;
CREATE TABLE `catissue_site` (
  `IDENTIFIER` bigint(20) NOT NULL auto_increment,
  `NAME` varchar(50) NOT NULL default '',
  `TYPE` varchar(50) default NULL,
  `EMAIL_ADDRESS` varchar(150) default NULL,
  `USER_ID` bigint(20) default NULL,
  `ACTIVITY_STATUS` varchar(50) default NULL,
  `ADDRESS_ID` bigint(20) default NULL,
  PRIMARY KEY  (`IDENTIFIER`),
  UNIQUE KEY `NAME` (`NAME`),
  KEY `FKB024C3436CD94566` (`ADDRESS_ID`),
  KEY `FKB024C3432206F20F` (`USER_ID`)
) ENGINE=MyISAM;

--
-- Dumping data for table `catissue_site`
--


/*!40000 ALTER TABLE `catissue_site` DISABLE KEYS */;
LOCK TABLES `catissue_site` WRITE;
INSERT INTO `catissue_site` VALUES (1,'TheSite','Not Specified','PI@CCRI.NET',2,'Active',2),(2,'Leukemia Tissue Bank','Repository','',1,'Active',3),(3,'Siteman Tissue Procurement Core','Repository','admin@admin.com',1,'Active',8),(4,'Barnes-Jewish Hospital','Collection Site','PI@CCRI.NET',2,'Active',9),(5,'TTR Lab','Collection Site','admin@admin.com',1,'Active',13),(6,'city of Hope','Repository','yawang@coh.org',10,'Active',15),(7,'Virtual Bank','Repository','kenny@kenny.com',13,'Active',19),(8,'CALGB Central Repository','Repository','scientist1@inst.edu',18,'Active',25),(9,'Cancer Hospital of Seattle','Collection Site','kenny@kenny.com',13,'Active',26),(10,'Cancer Research Treatment Center','Collection Site','scientist4@inst4.edu',21,'Active',30),(11,'Cancer Research Lab','Laboratory','scientist4@inst4.edu',21,'Active',31),(12,'NBNSporeF2F','Collection Site','admin@admin.com',1,'Active',32),(13,'Mt. Zion','Collection Site','pnorris@urology.ucsf.edu',22,'Active',34),(14,'Markey','Collection Site','scientist2@inst.edu',19,'Active',38),(15,'Site Location 1','Collection Site','admin@admin.com',1,'Active',39),(16,'Dr. Smith\'s Lab','Laboratory','klenk_juergen@bah.com',24,'Active',40),(17,'Breast Specimen Lab','Laboratory','scientist1@inst.edu',18,'Active',41);
UNLOCK TABLES;
/*!40000 ALTER TABLE `catissue_site` ENABLE KEYS */;

--
-- Table structure for table `catissue_specimen`
--

DROP TABLE IF EXISTS `catissue_specimen`;
CREATE TABLE `catissue_specimen` (
  `IDENTIFIER` bigint(20) NOT NULL auto_increment,
  `SPECIMEN_CLASS` varchar(255) NOT NULL default '',
  `TYPE` varchar(50) default NULL,
  `AVAILABLE` tinyint(1) default NULL,
  `POSITION_DIMENSION_ONE` int(11) default NULL,
  `POSITION_DIMENSION_TWO` int(11) default NULL,
  `BARCODE` varchar(50) default NULL,
  `COMMENTS` varchar(200) default NULL,
  `ACTIVITY_STATUS` varchar(50) default NULL,
  `PARENT_SPECIMEN_ID` bigint(20) default NULL,
  `STORAGE_CONTAINER_IDENTIFIER` bigint(20) default NULL,
  `SPECIMEN_COLLECTION_GROUP_ID` bigint(20) default NULL,
  `SPECIMEN_CHARACTERISTICS_ID` bigint(20) default NULL,
  `QUANTITY` double default NULL,
  `AVAILABLE_QUANTITY` double default NULL,
  `CONCENTRATION` double default NULL,
  PRIMARY KEY  (`IDENTIFIER`),
  UNIQUE KEY `BARCODE` (`BARCODE`),
  KEY `FK1674810456906F39` (`SPECIMEN_CHARACTERISTICS_ID`),
  KEY `FK1674810433BF33C5` (`SPECIMEN_COLLECTION_GROUP_ID`),
  KEY `FK16748104B189E99D` (`PARENT_SPECIMEN_ID`),
  KEY `FK1674810432B31EAB` (`STORAGE_CONTAINER_IDENTIFIER`)
) ENGINE=MyISAM;

--
-- Dumping data for table `catissue_specimen`
--


/*!40000 ALTER TABLE `catissue_specimen` DISABLE KEYS */;
LOCK TABLES `catissue_specimen` WRITE;
INSERT INTO `catissue_specimen` VALUES (1,'Tissue','Frozen Tissue Block',1,1,2,'B32K','','Active',NULL,1,1,1,1221,1220,NULL),(2,'Fluid','Whole Bone Marrow',1,1,2,NULL,'','Active',1,65,1,1,5,5,NULL),(3,'Tissue','Frozen Tissue',1,1,1,NULL,'','Active',1,14,1,1,100,100,NULL),(4,'Tissue','Frozen Tissue Block',1,1,8,'e2gfqwerg','','Active',NULL,1,1,2,1,1,NULL),(5,'Tissue','Frozen Tissue',1,1,1,NULL,'','Active',NULL,43,3,3,0.1,0.1,NULL),(6,'Tissue','Frozen Tissue',1,2,1,NULL,'','Active',NULL,43,3,4,0.5,0.5,NULL),(7,'Molecular','RNA',1,1,1,NULL,'','Active',6,62,3,4,10,NULL,NULL),(8,'Cell','Not Specified',1,1,3,NULL,'','Active',NULL,16,5,5,1,1,NULL),(9,'Tissue','Frozen Tissue',1,2,3,'123456','','Active',NULL,1,1,6,1000,1000,NULL),(10,'Tissue','Frozen Tissue',1,3,4,'123456-01','','Active',9,1,1,6,500,495,NULL),(11,'Fluid','Cerebrospinal Fluid',1,1,1,NULL,'','Active',NULL,83,1,7,1,1,NULL),(12,'Tissue','Frozen Tissue Slide',1,1,1,'w34y65e4yyju','','Active',3,15,1,1,0.1,0.04,NULL),(13,'Fluid','Whole Blood',1,1,2,'34y6e5y','','Active',NULL,15,4,8,100,100,NULL),(14,'Fluid','Plasma',1,1,3,'34y6e5yjkb','','Active',13,15,4,8,10,10,NULL),(15,'Fluid','Bile',1,1,1,NULL,'','Active',NULL,81,1,9,0.1,0.1,NULL),(16,'Molecular','DNA',1,1,2,'cfgnfghg','dhdh','Active',1,62,1,1,4,NULL,NULL),(17,'Tissue','Fixed Tissue Block',1,1,2,NULL,'','Active',3,73,1,1,45,45,NULL),(18,'Tissue','Frozen Tissue',1,14,12,NULL,'','Active',NULL,12,8,10,200,200,NULL),(19,'Tissue','Frozen Tissue Slide',1,2,22,NULL,'','Active',8,2,5,5,233,233,NULL),(20,'Tissue','Not Specified',1,1,2,NULL,'','Active',NULL,1,1,11,1,1,NULL),(21,'Tissue','Frozen Tissue',1,1,3,NULL,'','Active',NULL,1,1,12,1,1,NULL),(22,'Tissue','Frozen Tissue',1,1,4,NULL,'','Active',NULL,1,1,13,10,10,NULL),(23,'Tissue','Not Specified',1,1,5,NULL,'','Active',NULL,1,1,14,10,10,NULL),(24,'Tissue','Not Specified',1,1,6,NULL,'','Active',NULL,1,1,15,10,10,NULL),(25,'Tissue','Not Specified',1,1,7,NULL,'','Active',NULL,1,1,16,10,10,NULL),(26,'Tissue','Not Specified',1,1,9,NULL,'','Active',NULL,1,1,17,10,10,NULL),(27,'Tissue','Not Specified',1,1,3,NULL,'','Active',NULL,62,1,18,200,200,NULL),(28,'Fluid','Synovial Fluid',1,1,4,NULL,'','Active',NULL,62,1,19,300,300,NULL),(29,'Tissue','Frozen Tissue',1,1,5,NULL,'','Active',NULL,62,2,20,300,300,NULL),(30,'Tissue','Not Specified',1,1,1,NULL,'','Active',NULL,79,2,21,500,500,NULL),(31,'Tissue','Frozen Tissue',1,1,2,NULL,'','Active',NULL,14,1,22,500,500,NULL),(32,'Tissue','Not Specified',1,2,1,NULL,'','Active',NULL,62,1,23,500,500,NULL),(33,'Tissue','Not Specified',1,1,2,NULL,'','Active',NULL,79,1,24,500,500,NULL),(34,'Tissue','Not Specified',1,1,1,NULL,'','Active',NULL,73,1,25,200,200,NULL),(35,'Tissue','Not Specified',1,2,2,NULL,'','Active',NULL,62,1,26,500,500,NULL),(36,'Tissue','Not Specified',1,2,3,NULL,'','Active',NULL,62,1,27,400,400,NULL),(37,'Tissue','Frozen Tissue',1,3,1,NULL,'','Active',NULL,62,1,28,600,600,NULL),(38,'Tissue','Frozen Tissue',1,1,1,NULL,'','Active',NULL,80,1,29,500,500,NULL),(39,'Tissue','Not Specified',1,1,2,NULL,'','Active',NULL,80,1,30,600,600,NULL),(40,'Fluid','Sweat',1,1,3,NULL,'','Active',NULL,80,1,31,600,600,NULL),(41,'Tissue','Not Specified',1,2,1,NULL,'','Active',NULL,80,1,32,500,500,NULL),(42,'Tissue','Not Specified',1,2,2,NULL,'','Active',NULL,80,1,33,500,500,NULL),(43,'Tissue','Not Specified',1,3,1,NULL,'','Active',NULL,80,1,34,200,200,NULL),(44,'Tissue','Frozen Tissue',1,3,2,NULL,'','Active',NULL,80,1,35,600,600,NULL),(45,'Tissue','Not Specified',1,1,1,NULL,'','Active',NULL,70,1,36,500,500,NULL),(46,'Tissue','Not Specified',1,1,2,NULL,'','Active',NULL,70,1,37,600,600,NULL),(47,'Tissue','Frozen Tissue',1,2,1,NULL,'','Active',NULL,70,1,38,500,500,NULL),(48,'Tissue','Frozen Tissue',1,2,2,NULL,'','Active',NULL,70,1,39,600,600,NULL),(49,'Tissue','Frozen Tissue',1,1,3,NULL,'','Active',NULL,70,1,40,100,100,NULL),(50,'Tissue','Frozen Tissue',1,4,1,NULL,'','Active',NULL,43,1,41,1,1,NULL),(51,'Tissue','Frozen Tissue',1,2,4,NULL,'','Active',NULL,62,1,42,500,500,NULL),(52,'Cell','Frozen Cell Block',1,2,1,NULL,'','Active',NULL,79,2,43,500,500,NULL),(53,'Tissue','Frozen Tissue',1,2,2,NULL,'','Active',NULL,79,2,44,300,300,NULL),(54,'Tissue','Frozen Tissue',1,2,3,NULL,'','Active',53,79,2,44,600,600,NULL),(55,'Tissue','Frozen Tissue',1,1,3,NULL,'','Active',NULL,73,10,45,1,1,NULL),(56,'Tissue','Frozen Tissue',1,2,2,NULL,'','Active',NULL,73,2,46,1,1,NULL),(57,'Tissue','Not Specified',1,2,4,NULL,'','Active',NULL,1,1,47,1,1,NULL),(58,'Tissue','Not Specified',1,2,5,NULL,'','Active',NULL,1,1,48,1,1,NULL),(59,'Tissue','Frozen Tissue Block',1,1,1,'B32K2','','Active',1,1,1,1,3434,3434,NULL),(60,'Tissue','Frozen Tissue Block',1,2,2,'B32K4','','Active',1,1,1,1,40,40,NULL),(61,'Tissue','Frozen Tissue Block',1,23,3,'B32K44','','Active',60,1,1,1,20,20,NULL),(62,'Tissue','Not Specified',1,1,4,NULL,'','Active',NULL,73,1,49,200,200,NULL),(63,'Tissue','Microdissected',1,2,3,NULL,'','Active',NULL,73,1,50,600,600,NULL),(64,'Tissue','Frozen Tissue',1,1,4,NULL,'','Active',NULL,80,10,51,600,600,NULL),(65,'Fluid','Sweat',1,1,3,NULL,'','Active',NULL,80,10,52,900,900,NULL),(66,'Tissue','Frozen Tissue',1,2,5,NULL,'','Active',31,80,1,22,200,200,NULL),(67,'Tissue','Fixed Tissue Block',1,1,1,NULL,'','Active',NULL,84,15,53,5,5,NULL),(68,'Fluid','Feces',1,23,23,'1234','','Active',NULL,1,16,54,2,2,NULL),(69,'Fluid','Feces',1,24,24,'12345','','Active',68,1,16,54,23,23,NULL),(70,'Tissue','Frozen Tissue',1,1,2,NULL,'','Active',NULL,16,1,55,10,10,NULL),(71,'Tissue','Fixed Tissue',1,2,2,NULL,'','Active',NULL,2,1,56,1,1,NULL),(72,'Fluid','Cerebrospinal Fluid',1,3,3,'rer','','Active',NULL,1,18,57,67,67,NULL),(73,'Tissue','Fresh Tissue',1,6,6,NULL,'','Active',NULL,6,12,58,34,34,NULL),(74,'Tissue','Frozen Tissue',1,1,1,NULL,'','Active',NULL,146,25,59,0.5,0.5,NULL),(75,'Tissue','Frozen Tissue',1,2,1,NULL,'','Active',NULL,146,25,60,0.4,0.4,NULL),(76,'Fluid','Plasma',1,1,1,NULL,'','Active',NULL,123,25,61,5,5,NULL),(77,'Tissue','Frozen Tissue',1,1,1,NULL,'','Active',NULL,128,27,62,0.6,0.6,NULL),(78,'Tissue','Frozen Tissue',1,2,1,NULL,'','Active',NULL,128,27,63,0.6,0.6,NULL),(79,'Tissue','Frozen Tissue',1,1,1,NULL,'','Active',NULL,53,33,64,0.8,0.8,NULL),(80,'Tissue','Frozen Tissue',1,2,1,NULL,'','Active',NULL,53,34,65,0.7,0.7,NULL),(81,'Tissue','Frozen Tissue',1,3,1,NULL,'','Active',NULL,53,35,66,0.6,0.6,NULL),(82,'Tissue','Frozen Tissue',1,4,1,NULL,'','Active',NULL,53,36,67,0.7,0.7,NULL),(83,'Tissue','Frozen Tissue',1,5,1,NULL,'','Active',NULL,53,37,68,1.1,1.1,NULL),(84,'Tissue','Frozen Tissue',1,6,1,NULL,'','Active',NULL,53,38,69,0.9,0.9,NULL),(85,'Tissue','Frozen Tissue',1,7,1,NULL,'','Active',NULL,53,39,70,0.57,0.57,NULL),(86,'Tissue','Frozen Tissue',1,8,1,NULL,'','Active',NULL,53,40,71,0.8,0.8,NULL),(87,'Tissue','Frozen Tissue',1,9,1,NULL,'','Active',NULL,53,40,72,1.1,1.1,NULL),(88,'Fluid','Whole Blood',1,1,1,NULL,'','Active',NULL,45,40,73,10,10,NULL),(89,'Tissue','Frozen Tissue',1,4,1,NULL,'','Active',NULL,54,41,74,0.75,0.75,NULL),(90,'Tissue','Frozen Tissue',1,5,1,NULL,'','Active',NULL,54,41,75,0.68,0.68,NULL),(91,'Fluid','Whole Blood',1,5,1,NULL,'','Active',NULL,45,41,76,10,10,NULL),(92,'Tissue','Frozen Tissue',1,9,1,NULL,'','Active',NULL,54,42,77,0.8,0.8,NULL),(93,'Fluid','Serum',1,7,1,NULL,'','Active',NULL,45,42,78,10,10,NULL),(94,'Fluid','Serum',1,8,1,NULL,'','Active',NULL,45,43,79,10,10,NULL),(95,'Tissue','Frozen Tissue',1,8,1,NULL,'','Active',NULL,54,44,80,0.7,0.7,NULL),(96,'Fluid','Serum',1,6,1,NULL,'','Active',NULL,45,44,81,10,10,NULL),(97,'Fluid','Serum',1,9,1,NULL,'','Active',NULL,45,45,82,10,10,NULL),(98,'Tissue','Frozen Tissue',1,10,1,NULL,'','Active',NULL,53,46,83,0.8,0.8,NULL),(99,'Fluid','Serum',1,1,1,NULL,'','Active',NULL,30,46,84,10,10,NULL),(100,'Fluid','Serum',1,2,2,NULL,'','Active',NULL,30,47,85,20,20,NULL),(101,'Tissue','Frozen Tissue',1,10,1,NULL,'','Active',NULL,54,48,86,0.9,0.9,NULL),(102,'Tissue','Frozen Tissue',1,1,1,NULL,'','Active',NULL,40,49,87,1.2,1,NULL),(103,'Tissue','Frozen Tissue',1,6,1,NULL,'','Active',NULL,40,50,88,1.4,1.4,NULL),(104,'Molecular','DNA',1,2,5,NULL,'','Active',89,62,41,74,20,NULL,NULL),(105,'Molecular','DNA',1,2,7,NULL,'','Active',90,62,41,75,20,NULL,NULL),(106,'Molecular','DNA',1,2,8,NULL,'','Active',74,62,25,59,20,NULL,NULL),(107,'Molecular','DNA',1,2,9,NULL,'','Active',75,62,25,60,20,NULL,NULL),(108,'Molecular','DNA',1,3,3,NULL,'','Active',77,62,27,62,20,NULL,NULL),(109,'Molecular','RNA',1,4,4,NULL,'','Active',77,62,27,62,40,NULL,NULL),(110,'Molecular','DNA',1,3,7,NULL,'','Active',101,62,48,86,20,NULL,NULL),(111,'Molecular','RNA',1,3,8,NULL,'','Active',101,62,48,86,20,NULL,NULL),(112,'Fluid','Serum',1,1,1,NULL,'','Active',NULL,178,51,89,100,100,NULL),(113,'Tissue','Frozen Tissue',1,2,1,NULL,'','Active',NULL,178,51,90,100,100,NULL),(114,'Tissue','Frozen Tissue',1,1,1,NULL,'','Active',NULL,57,52,91,0.6,0.6,NULL),(115,'Fluid','Serum',1,1,2,NULL,'','Active',NULL,30,52,92,10,10,NULL),(116,'Molecular','DNA',1,1,1,NULL,'','Active',77,63,27,62,20,NULL,NULL),(117,'Molecular','RNA',1,1,2,NULL,'','Active',77,63,27,62,20,NULL,NULL),(118,'Tissue','Not Specified',1,3,3,'45w4wd','erwewe','Active',NULL,4,53,93,2,2,NULL),(119,'Tissue','Fresh Tissue',1,1,1,NULL,'','Active',NULL,187,10,94,5,5,NULL),(120,'Fluid','Serum',1,1,1,NULL,'','Active',NULL,190,54,95,10,8,NULL),(121,'Tissue','Frozen Tissue',1,1,1,NULL,'','Active',NULL,46,57,96,0.2,0.2,NULL),(122,'Molecular','DNA',1,2,2,NULL,'','Active',101,16,48,86,10,0,NULL),(123,'Tissue','Frozen Tissue',1,1,3,NULL,'','Active',NULL,30,58,97,12,12,NULL),(124,'Tissue','Frozen Tissue',1,1,1,NULL,'','Active',123,224,58,97,1,1,NULL),(125,'Tissue','Fresh Tissue',1,2,9,NULL,'','Active',NULL,269,21,98,50,50,NULL),(126,'Tissue','Fixed Tissue Slide',1,1,1,NULL,'','Active',125,269,21,98,0.5,0.5,NULL),(127,'Molecular','DNA',1,2,1,NULL,'','Active',125,269,21,98,50,NULL,NULL),(128,'Tissue','Microdissected',1,1,2,NULL,'','Active',NULL,269,1,99,0.25,0.25,NULL),(129,'Tissue','Microdissected',1,1,3,NULL,'','Active',128,269,1,99,0.1,0.1,NULL),(130,'Tissue','Fixed Tissue Block',1,2,2,NULL,'','Active',NULL,269,6,100,10,10,NULL),(131,'Tissue','Fixed Tissue Block',1,1,4,NULL,'tissue sample for Barbara\'s study','Active',NULL,269,21,101,2,2,NULL),(132,'Tissue','Frozen Tissue Block',1,1,7,NULL,'','Active',NULL,269,59,102,10,10,NULL),(133,'Tissue','Fixed Tissue Block',1,1,8,NULL,'','Active',125,269,21,98,2,2,NULL),(134,'Tissue','Fresh Tissue',1,2,3,NULL,'','Active',NULL,269,21,103,10,10,NULL),(135,'Molecular','DNA',1,2,4,NULL,'','Active',134,269,21,103,20,NULL,NULL),(136,'Fluid','Serum',1,1,1,'B123456','hello world!','Active',NULL,31,1,104,50,50,NULL),(137,'Fluid','Plasma',1,9,9,NULL,'','Active',NULL,9,18,105,7.5,7.5,NULL),(138,'Tissue','Not Specified',1,1,1,NULL,'','Active',10,262,1,6,12,12,NULL),(139,'Tissue','Frozen Tissue Slide',1,2,1,NULL,'','Active',NULL,61,61,106,12,12,NULL),(140,'Tissue','Not Specified',1,2,1,'barcode456','','Active',NULL,1,1,107,1,1,NULL),(141,'Tissue','Frozen Tissue',1,1,1,NULL,'','Active',NULL,181,63,108,4,3,NULL),(142,'Fluid','Urine',1,1,2,NULL,'','Active',NULL,181,64,109,20,20,NULL),(143,'Tissue','Fixed Tissue Block',1,1,3,NULL,'','Active',NULL,181,64,110,6,5,NULL),(144,'Tissue','Not Specified',1,2,1,NULL,'','Active',100,40,47,85,0.5,0.5,NULL),(145,'Fluid','Urine',1,1,7,NULL,'','Active',NULL,2,63,111,500,500,NULL);
UNLOCK TABLES;
/*!40000 ALTER TABLE `catissue_specimen` ENABLE KEYS */;

--
-- Table structure for table `catissue_specimen_biohz_rel`
--

DROP TABLE IF EXISTS `catissue_specimen_biohz_rel`;
CREATE TABLE `catissue_specimen_biohz_rel` (
  `BIOHAZARD_ID` bigint(20) NOT NULL default '0',
  `SPECIMEN_ID` bigint(20) NOT NULL default '0',
  PRIMARY KEY  (`SPECIMEN_ID`,`BIOHAZARD_ID`),
  KEY `FK7A3F5539F398D480` (`BIOHAZARD_ID`),
  KEY `FK7A3F553960773DB2` (`SPECIMEN_ID`)
) ENGINE=MyISAM;

--
-- Dumping data for table `catissue_specimen_biohz_rel`
--


/*!40000 ALTER TABLE `catissue_specimen_biohz_rel` DISABLE KEYS */;
LOCK TABLES `catissue_specimen_biohz_rel` WRITE;
INSERT INTO `catissue_specimen_biohz_rel` VALUES (1,5),(1,6),(5,33),(5,35),(5,36),(5,38),(5,41),(5,43),(5,45),(5,46),(5,47),(5,48),(5,49),(3,125),(1,134),(5,139);
UNLOCK TABLES;
/*!40000 ALTER TABLE `catissue_specimen_biohz_rel` ENABLE KEYS */;

--
-- Table structure for table `catissue_specimen_char`
--

DROP TABLE IF EXISTS `catissue_specimen_char`;
CREATE TABLE `catissue_specimen_char` (
  `IDENTIFIER` bigint(20) NOT NULL auto_increment,
  `TISSUE_SITE` varchar(150) default NULL,
  `TISSUE_SIDE` varchar(50) default NULL,
  `PATHOLOGICAL_STATUS` varchar(50) default NULL,
  PRIMARY KEY  (`IDENTIFIER`)
) ENGINE=MyISAM;

--
-- Dumping data for table `catissue_specimen_char`
--


/*!40000 ALTER TABLE `catissue_specimen_char` DISABLE KEYS */;
LOCK TABLES `catissue_specimen_char` WRITE;
INSERT INTO `catissue_specimen_char` VALUES (1,'Acoustic nerve','Right','Malignant, Pre-Invasive'),(2,'BREAST','Left','Malignant'),(3,'Upper-outer quadrant of breast','Left','Malignant'),(4,'Upper-outer quadrant of breast','Left','Non-Malignant'),(5,'Abdomen, NOS','Not Applicable','Not Specified'),(6,'Base of tongue, NOS','Not Applicable','Not Specified'),(7,'BRAIN','Left','Non-Malignant, Diseased'),(8,'Blood','Not Specified','Not Specified'),(9,'GALLBLADDER','Not Applicable','Non-Malignant, Diseased'),(10,'Appendix','Left','Malignant'),(11,'Abdomen, NOS','Left','Malignant, Invasive'),(12,'Abdomen, NOS','Not Applicable','Malignant'),(13,'BREAST','Not Specified','Malignant'),(14,'Abdominal esophagus','Left','Malignant'),(15,'Abdominal esophagus','Left','Malignant'),(16,'Abdominal esophagus','Left','Malignant'),(17,'Abdominal esophagus','Left','Malignant'),(18,'Abdomen, NOS','Left','Malignant, Invasive'),(19,'Accessory sinus, NOS','Not Applicable','Malignant, Invasive'),(20,'Abdominal esophagus','Left','Malignant'),(21,'Abdomen, NOS','Left','Malignant'),(22,'BRAIN','Left','Malignant'),(23,'Abdomen, NOS','Left','Malignant'),(24,'Abdomen, NOS','Left','Malignant'),(25,'Abdominal esophagus','Left','Malignant, Invasive'),(26,'Abdomen, NOS','Not Applicable','Malignant, Invasive'),(27,'Abdominal esophagus','Left','Malignant'),(28,'Abdomen, NOS','Left','Malignant, Invasive'),(29,'Abdominal esophagus','Left','Malignant'),(30,'Abdomen, NOS','Not Applicable','Malignant, Invasive'),(31,'Abdominal esophagus','Not Applicable','Malignant, Pre-Invasive'),(32,'Abdomen, NOS','Not Applicable','Malignant, Invasive'),(33,'Abdomen, NOS','Left','Malignant'),(34,'Abdominal esophagus','Not Applicable','Malignant, Invasive'),(35,'ACCESSORY SINUSES','Not Specified','Malignant, Pre-Invasive'),(36,'Accessory sinus, NOS','Not Applicable','Malignant, Pre-Invasive'),(37,'Abdominal esophagus','Not Applicable','Malignant, Invasive'),(38,'Accessory sinus, NOS','Left','Malignant'),(39,'ACCESSORY SINUSES','Not Applicable','Malignant, Pre-Invasive'),(40,'Accessory sinus, NOS','Not Specified','Metastatic'),(41,'Bladder neck','Not Applicable','Malignant'),(42,'Abdominal esophagus','Not Applicable','Malignant, Invasive'),(43,'Accessory sinus, NOS','Not Specified','Metastatic'),(44,'Anus, NOS','Not Specified','Malignant, Invasive'),(45,'Bladder neck','Not Applicable','Malignant, Invasive'),(46,'BLADDER','Not Applicable','Malignant, Pre-Invasive'),(47,'Abdomen, NOS','Left','Malignant'),(48,'Abdomen, NOS','Left','Malignant'),(49,'Bladder, NOS','Not Applicable','Malignant, Invasive'),(50,'Abdominal esophagus','Not Applicable','Malignant, Invasive'),(51,'BLADDER','Not Applicable','Malignant, Invasive'),(52,'BLADDER','Not Applicable','Malignant, Invasive'),(53,'Skin of scalp and neck','Not Applicable','Non-Malignant'),(54,'Retina','Left','Malignant'),(55,'URINARY TRACT','Not Applicable','Malignant'),(56,'BRONCHUS AND LUNG','Not Applicable','Malignant'),(57,'Anal canal','Not Specified','Metastatic'),(58,'BLADDER','Not Applicable','Malignant, Invasive'),(59,'PROSTATE GLAND','Not Applicable','Malignant'),(60,'PROSTATE GLAND','Not Applicable','Non-Malignant'),(61,'Blood','Not Applicable','Non-Malignant'),(62,'PROSTATE GLAND','Not Applicable','Malignant'),(63,'PROSTATE GLAND','Not Applicable','Malignant'),(64,'PROSTATE GLAND','Not Applicable','Malignant'),(65,'PROSTATE GLAND','Not Applicable','Malignant'),(66,'PROSTATE GLAND','Not Applicable','Malignant'),(67,'PROSTATE GLAND','Not Applicable','Malignant'),(68,'PROSTATE GLAND','Not Applicable','Malignant'),(69,'PROSTATE GLAND','Not Applicable','Malignant'),(70,'PROSTATE GLAND','Not Applicable','Malignant'),(71,'PROSTATE GLAND','Not Applicable','Malignant'),(72,'Prostate gland','Not Applicable','Non-Malignant'),(73,'Blood','Not Applicable','Non-Malignant'),(74,'PROSTATE GLAND','Not Applicable','Malignant'),(75,'PROSTATE GLAND','Not Applicable','Non-Malignant'),(76,'Blood','Not Applicable','Non-Malignant'),(77,'PROSTATE GLAND','Not Applicable','Malignant'),(78,'Blood','Not Applicable','Non-Malignant'),(79,'Blood','Not Applicable','Non-Malignant'),(80,'PROSTATE GLAND','Not Applicable','Malignant'),(81,'Blood','Not Applicable','Non-Malignant'),(82,'Blood','Not Applicable','Non-Malignant'),(83,'PROSTATE GLAND','Not Applicable','Malignant'),(84,'Blood','Not Applicable','Non-Malignant'),(85,'Blood','Not Applicable','Non-Malignant'),(86,'PROSTATE GLAND','Not Applicable','Malignant'),(87,'ADRENAL GLAND','Left','Malignant, Invasive'),(88,'Lung, NOS','Left','Malignant'),(89,'Abdomen, NOS','Left','Malignant'),(90,'Abdomen, NOS','Left','Malignant'),(91,'PROSTATE GLAND','Not Applicable','Malignant'),(92,'Blood','Not Applicable','Non-Malignant'),(93,'Acoustic nerve','Not Applicable','Not Specified'),(94,'Biliary tract, NOS','Left','Malignant, Invasive'),(95,'Abdomen, NOS','Left','Malignant'),(96,'Central portion of breast','Left','Malignant'),(97,'Abdominal esophagus','Not Applicable','Metastatic'),(98,'BREAST','Left','Malignant'),(99,'Appendix','Not Applicable','Not Specified'),(100,'BREAST','Right','Malignant, Invasive'),(101,'BREAST','Left','Malignant'),(102,'BREAST','Left','Malignant'),(103,'BLADDER','Not Applicable','Malignant'),(104,'Blood','Not Applicable','Not Specified'),(105,'Blood','Not Applicable','Not Specified'),(106,'Ampulla of Vater','Not Applicable','Metastatic'),(107,'BLADDER','Not Applicable','Not Specified'),(108,'Prostate gland','Left','Malignant, Invasive'),(109,'Prostate gland','Not Applicable','Malignant, Invasive'),(110,'Prostate gland','Right','Malignant, Invasive'),(111,'URINARY TRACT','Not Applicable','Not Specified');
UNLOCK TABLES;
/*!40000 ALTER TABLE `catissue_specimen_char` ENABLE KEYS */;

--
-- Table structure for table `catissue_specimen_coll_group`
--

DROP TABLE IF EXISTS `catissue_specimen_coll_group`;
CREATE TABLE `catissue_specimen_coll_group` (
  `IDENTIFIER` bigint(20) NOT NULL auto_increment,
  `CLINICAL_DIAGNOSIS` varchar(150) default NULL,
  `CLINICAL_STATUS` varchar(50) default NULL,
  `ACTIVITY_STATUS` varchar(50) default NULL,
  `SITE_ID` bigint(20) default NULL,
  `COLLECTION_PROTOCOL_EVENT_ID` bigint(20) default NULL,
  `CLINICAL_REPORT_ID` bigint(20) default NULL,
  `COLLECTION_PROTOCOL_REG_ID` bigint(20) default NULL,
  PRIMARY KEY  (`IDENTIFIER`),
  KEY `FKDEBAF167A7F77D13` (`SITE_ID`),
  KEY `FKDEBAF1674CE21DDA` (`CLINICAL_REPORT_ID`),
  KEY `FKDEBAF16753B01F66` (`COLLECTION_PROTOCOL_EVENT_ID`),
  KEY `FKDEBAF1677E07C4AC` (`COLLECTION_PROTOCOL_REG_ID`)
) ENGINE=MyISAM;

--
-- Dumping data for table `catissue_specimen_coll_group`
--


/*!40000 ALTER TABLE `catissue_specimen_coll_group` DISABLE KEYS */;
LOCK TABLES `catissue_specimen_coll_group` WRITE;
INSERT INTO `catissue_specimen_coll_group` VALUES (1,'Abdominal fibromatosis','Operative','Active',1,1,1,1),(2,'Adenocarcinoma, metastatic, NOS','Pre-Therapy','Active',4,11,2,4),(3,'Adenocarcinoma, metastatic, NOS','Pre-Therapy','Active',4,11,3,3),(4,'Adenocarcinoma in situ in tubulovillous adenoma','Pre-Therapy','Active',4,11,4,5),(5,'Acute myeloid leukemia','New Diagnosis','Active',2,2,5,2),(6,'Basal cell carcinoma, NOS','Post-Operative','Active',4,2,6,8),(7,'BLOOD VESSEL TUMORS','Post-Therapy','Active',1,3,7,9),(8,'Adamantinoma of long bones','New Diagnosis','Active',5,13,8,10),(9,'Acinar cell carcinoma','Operative','Active',5,13,9,11),(10,'Adenocarcinoma in adenomatous polyp','Pre-Therapy','Active',4,11,10,12),(11,'Acidophil adenoma','Post-Therapy','Active',4,11,11,13),(12,'Acidophil carcinoma','Pre-Therapy','Active',6,11,12,14),(13,'Acinar cell carcinoma','Post-Therapy','Active',6,13,13,10),(14,'Acral lentiginous melanoma, malignant','Post-Operative','Active',3,13,14,10),(15,'Basal cell tumor','Post-Operative','Active',6,13,15,16),(16,'Acinar cell adenoma','Post-Therapy','Active',4,15,16,17),(17,'Lobular carcinoma, NOS','Pre-Therapy','Active',7,13,17,16),(18,'Acidophil adenoma','Post-Therapy','Active',6,7,18,9),(19,'Adenocarcinoma with apocrine metaplasia','Not Specified','Active',6,13,19,11),(20,'Adenocarcinoid tumor','Operative','Active',4,6,20,2),(21,'Adenocarcinoma, NOS','Pre-Therapy','Active',9,20,21,23),(22,'Adenocarcinoma, NOS','Post-Therapy','Active',9,19,22,23),(23,'Adenocarcinoma, NOS','Pre-Therapy','Active',10,17,23,22),(24,'Adenocarcinoma, NOS','Post-Therapy','Active',10,16,24,22),(25,'Adenocarcinoma, NOS','Pre-Therapy','Active',6,17,25,30),(26,'Adenocarcinoma, NOS','Post-Therapy','Active',6,16,26,30),(27,'Adenocarcinoma, NOS','Pre-Therapy','Active',4,17,27,27),(28,'Adenocarcinoma, NOS','Post-Therapy','Active',4,16,28,27),(29,'Adenocarcinoma, NOS','Pre-Therapy','Active',4,17,29,31),(30,'Adenocarcinoma, NOS','Post-Therapy','Active',4,16,30,31),(31,'Adenocarcinoma, NOS','Pre-Therapy','Active',9,17,31,26),(32,'Adenocarcinoma, NOS','Post-Therapy','Active',9,16,32,26),(33,'Adenocarcinoma, NOS','Pre-Therapy','Active',4,20,33,32),(34,'Adenocarcinoma, NOS','Post-Therapy','Active',4,19,34,32),(35,'Adenocarcinoma, NOS','Pre-Therapy','Active',9,20,35,33),(36,'Adenocarcinoma, NOS','Post-Therapy','Active',9,19,36,33),(37,'Adenocarcinoma, NOS','Pre-Therapy','Active',6,20,37,34),(38,'Adenocarcinoma, NOS','Post-Therapy','Active',6,19,38,34),(39,'Adenocarcinoma, NOS','Post-Therapy','Active',6,19,39,35),(40,'Adenocarcinoma, NOS','New Diagnosis','Active',4,13,40,40),(41,'Adenocarcinoma, NOS','New Diagnosis','Active',4,13,41,41),(42,'Adenocarcinoma, NOS','New Diagnosis','Active',4,13,42,42),(43,'Adenocarcinoma, NOS','Relapse, Distant Site','Active',4,13,43,42),(44,'Adenocarcinoma, NOS','New Diagnosis','Active',4,13,44,43),(45,'Adenocarcinoma, NOS','Relapse, Distant Site','Active',4,13,45,43),(46,'Adenocarcinoma, NOS','New Diagnosis','Active',4,13,46,44),(47,'Adenocarcinoma, NOS','Relapse, Distant Site','Active',4,13,47,44),(48,'Adenocarcinoma, NOS','Pre-Therapy','Active',4,17,48,48),(49,'Adrenal cortical adenoma, clear cell','New Diagnosis','Active',4,13,49,47),(50,'Adenosquamous carcinoma','New Diagnosis','Active',4,13,50,49),(51,'Plasmacytoma, NOS','Operative','Active',12,22,51,53),(52,'Adenocarcinoma, NOS','Operative','Active',4,13,52,42),(53,'Acidophil adenoma','Operative','Active',4,13,53,10),(54,'Abdominal fibromatosis','Operative','Active',4,13,54,57),(55,'Protoplasmic astrocytoma','Post-Operative','Active',3,24,55,55),(56,'Acute promyelocytic leukemia','Post-Therapy','Active',11,24,56,58),(57,'Adenocarcinoma, NOS','Pre-Therapy','Active',9,29,57,60),(58,'Acidophil adenoma','Post-Therapy','Active',4,26,58,62),(59,'Adenocarcinoma, NOS','Post-Operative','Active',17,30,59,63),(60,'Acute lymphoblastic leukemia, NOS','Operative','Active',6,18,60,64),(61,'Acinar cell tumor','Not Specified','Active',9,26,61,65),(62,'Acidophil carcinoma','Not Specified','Active',7,31,62,66),(63,'Acinar cell carcinoma','Post-Operative','Active',13,32,63,67),(64,'Acinar cell carcinoma','Post-Operative','Active',13,32,64,68);
UNLOCK TABLES;
/*!40000 ALTER TABLE `catissue_specimen_coll_group` ENABLE KEYS */;

--
-- Table structure for table `catissue_specimen_event_param`
--

DROP TABLE IF EXISTS `catissue_specimen_event_param`;
CREATE TABLE `catissue_specimen_event_param` (
  `IDENTIFIER` bigint(20) NOT NULL auto_increment,
  `SPECIMEN_ID` bigint(20) default NULL,
  `EVENT_TIMESTAMP` datetime default NULL,
  `USER_ID` bigint(20) default NULL,
  `COMMENTS` text,
  PRIMARY KEY  (`IDENTIFIER`),
  KEY `FK753F33AD60773DB2` (`SPECIMEN_ID`),
  KEY `FK753F33AD2206F20F` (`USER_ID`)
) ENGINE=MyISAM;

--
-- Dumping data for table `catissue_specimen_event_param`
--


/*!40000 ALTER TABLE `catissue_specimen_event_param` DISABLE KEYS */;
LOCK TABLES `catissue_specimen_event_param` WRITE;
INSERT INTO `catissue_specimen_event_param` VALUES (1,2,'2006-04-07 13:24:00',1,''),(2,6,'2006-04-08 02:55:00',1,'Good for study'),(3,6,'2006-04-08 01:30:00',1,'oops- left it on the bench'),(4,7,'2006-04-08 05:00:00',1,''),(5,9,'2006-04-17 12:41:00',1,'test'),(6,12,'2006-04-20 17:19:00',1,'ghgh'),(7,12,'2006-04-20 17:19:00',1,''),(8,3,'2006-04-20 18:22:00',1,'gfdgg'),(9,3,'2006-04-20 18:22:00',1,'80='),(10,16,'2006-04-24 16:35:00',4,''),(11,16,'2006-04-24 16:35:00',1,''),(12,10,'2006-04-26 11:51:00',1,'ee'),(13,19,'2006-04-26 18:11:00',1,''),(14,19,'2006-04-26 18:11:00',1,''),(15,56,'2006-05-10 00:00:00',1,''),(16,1,'2006-05-10 04:34:00',1,''),(17,1,'2006-05-12 16:00:00',1,''),(18,65,'2006-05-16 08:29:00',1,''),(19,68,'2006-05-16 14:00:00',7,''),(20,2,'2006-05-16 23:00:00',1,''),(21,72,'2006-05-31 20:30:00',7,''),(22,72,'2006-05-31 20:30:00',1,''),(23,72,'2006-05-31 20:30:00',1,''),(24,72,'2006-05-31 20:30:00',1,''),(25,72,'2006-05-31 20:31:00',1,''),(26,67,'2006-05-31 20:31:00',1,''),(27,72,'2006-05-31 20:32:00',9,''),(28,78,'2006-06-04 19:10:00',1,'Foci of High Grade PIN'),(29,77,'2006-06-04 23:33:00',1,''),(30,101,'2006-06-04 23:34:00',1,''),(31,120,'2006-06-05 13:56:00',1,''),(32,121,'2006-06-07 14:54:00',1,''),(33,131,'2006-06-15 12:52:00',26,'Protocol 06'),(34,133,'2006-06-15 15:42:00',1,'thawed for breast protocol'),(35,133,'2006-06-15 15:59:00',1,'');
UNLOCK TABLES;
/*!40000 ALTER TABLE `catissue_specimen_event_param` ENABLE KEYS */;

--
-- Table structure for table `catissue_specimen_protocol`
--

DROP TABLE IF EXISTS `catissue_specimen_protocol`;
CREATE TABLE `catissue_specimen_protocol` (
  `IDENTIFIER` bigint(20) NOT NULL auto_increment,
  `PRINCIPAL_INVESTIGATOR_ID` bigint(20) default NULL,
  `TITLE` varchar(50) NOT NULL default '',
  `SHORT_TITLE` varchar(50) default NULL,
  `IRB_IDENTIFIER` varchar(50) default NULL,
  `START_DATE` date default NULL,
  `END_DATE` date default NULL,
  `ENROLLMENT` int(11) default NULL,
  `DESCRIPTION_URL` varchar(200) default NULL,
  `ACTIVITY_STATUS` varchar(50) default NULL,
  PRIMARY KEY  (`IDENTIFIER`),
  UNIQUE KEY `TITLE` (`TITLE`),
  KEY `FKB8481373870EB740` (`PRINCIPAL_INVESTIGATOR_ID`)
) ENGINE=MyISAM;

--
-- Dumping data for table `catissue_specimen_protocol`
--


/*!40000 ALTER TABLE `catissue_specimen_protocol` DISABLE KEYS */;
LOCK TABLES `catissue_specimen_protocol` WRITE;
INSERT INTO `catissue_specimen_protocol` VALUES (1,2,'Title','T','1223','2006-04-12',NULL,654467,'','Active'),(2,1,'Phase 2 trial of drug90879 in acute lymphocytic le','0799','2006C0823','2006-04-07',NULL,NULL,'','Active'),(3,1,'Molecular analysis of acute Lymphocytic leukemia i','Research study 1199','2006C00099','2006-04-07',NULL,NULL,'','Active'),(4,6,'The Ultimate Breast Cancer Cure Project','Ultimate Project','06-1234','2006-04-04',NULL,100,'','Active'),(5,1,'Generic Protocol','Generic','06-0001','2006-04-20',NULL,NULL,'','Active'),(6,1,'PHII-46 NCI#6093: A Phase II Study of GTI-2040 (NS','GTI-2040','IRB3010','2006-02-08',NULL,NULL,'','Active'),(7,1,'A Phase II Study of GTI-2040 (NS','GTI-2040','IRB03010','2006-02-08',NULL,NULL,'','Active'),(8,5,'System Admin','BreastTest','xxx','1996-01-01',NULL,250,'','Active'),(9,6,'sir','sir','xxx','1996-12-31',NULL,300,'','Active'),(10,4,'Phase III Trial of Neoadjuvant Prostate Therapy','Phase III Neoadjuvant Prostate Therapy','06-1111','2005-06-06',NULL,100,'','Active'),(11,4,'Phase III Trial of SuperDrug for Breast Cancer','Phase III Breast Trial','06-777','2003-06-02',NULL,400,'','Active'),(12,21,'Phase II Neoadjuvant Trial for Prostate Cancer','Phase II Neoadjuvant Prostate Cure','06-8888','2006-03-07',NULL,1100,'','Active'),(13,4,'Phase III Trial with One Biospecimen','Phase III Simple','06-0202','2006-01-02',NULL,1000,'','Active'),(14,1,'NBN Spore F2F Protocol','NBNSpore','123','2006-06-04',NULL,100,'','Active'),(15,6,'Optic nerve study','Optic','956','2006-06-04',NULL,NULL,'','Active'),(16,24,'JK_Prot_01','JK_01','0125432','2006-06-06',NULL,NULL,'','Active'),(17,25,'Caveolin','cav','1234567','2006-07-01',NULL,NULL,'','Active'),(18,22,'Programmer / Analyst','Programer','steuh','2006-01-01',NULL,NULL,'','Active'),(19,6,'A new trial for breast cancer cure','new breast cancer cure','06-1234','2006-06-07',NULL,100,'','Active'),(20,6,'A new trial for breast cancer cure 2','new breast cancer cure','06-1234','2006-06-07',NULL,100,'','Active'),(21,4,'Breast Tissue Protocol SOP #06-23456','06 Protocol','123ABC','2006-06-14',NULL,300,'','Active'),(22,6,'Post Lumpectomy Tissue for the analysisi of....','Dr. Researcher\'s tissue study','FH12345','2006-06-14',NULL,NULL,'','Active'),(23,11,'DistributionTest','DTest','12345','2006-06-30',NULL,NULL,'','Active'),(24,22,'CollectionTest','CTest','123','2006-06-30',NULL,NULL,'','Active'),(25,1,'Prostate SPORE collection','Prostate SPORE','90991','2001-01-01',NULL,NULL,'','Active');
UNLOCK TABLES;
/*!40000 ALTER TABLE `catissue_specimen_protocol` ENABLE KEYS */;

--
-- Table structure for table `catissue_specimen_requirement`
--

DROP TABLE IF EXISTS `catissue_specimen_requirement`;
CREATE TABLE `catissue_specimen_requirement` (
  `IDENTIFIER` bigint(20) NOT NULL auto_increment,
  `SPECIMEN_CLASS` varchar(255) NOT NULL default '',
  `SPECIMEN_TYPE` varchar(50) default NULL,
  `TISSUE_SITE` varchar(150) default NULL,
  `PATHOLOGY_STATUS` varchar(50) default NULL,
  `QUANTITY` double default NULL,
  PRIMARY KEY  (`IDENTIFIER`)
) ENGINE=MyISAM;

--
-- Dumping data for table `catissue_specimen_requirement`
--


/*!40000 ALTER TABLE `catissue_specimen_requirement` DISABLE KEYS */;
LOCK TABLES `catissue_specimen_requirement` WRITE;
INSERT INTO `catissue_specimen_requirement` VALUES (1,'Tissue','Not Specified','Abdomen, NOS','Malignant',1111),(2,'Fluid','Whole Bone Marrow','Hematopoietic system, NOS','Not Specified',5),(3,'Fluid','Whole Blood','Other ill-defined sites','Not Specified',10),(4,'Fluid','Whole Bone Marrow','Bone marrow','Not Specified',5),(5,'Fluid','Whole Blood','Blood','Malignant',10),(6,'Fluid','Whole Blood','OTHER AND ILL-DEFINED SITES','Not Specified',10),(7,'Fluid','Whole Bone Marrow','Bone marrow','Not Specified',5),(8,'Fluid','Whole Bone Marrow','Bone marrow','Malignant',5),(9,'Fluid','Whole Blood','Blood','Not Specified',10),(10,'Cell','Not Specified','Cheek mucosa','Non-Malignant',2),(11,'Cell','Cryopreserved Cells','Bone marrow','Malignant',10000000),(12,'Fluid','Serum','Blood','Non-Malignant',10),(13,'Fluid','Whole Bone Marrow','Bone marrow','Non-Malignant',10),(14,'Tissue','Fixed Tissue Block','Breast, NOS','Malignant',1),(15,'Fluid','Serum','Blood','Non-Malignant',10),(16,'Tissue','Frozen Tissue','Breast, NOS','Malignant',0.1),(17,'Tissue','Frozen Tissue','Breast, NOS','Non-Malignant',0.1),(18,'Tissue','Frozen Tissue','Unknown primary site','Not Specified',NULL),(19,'Fluid','Serum','Axillary tail of breast','Malignant',5),(20,'Fluid','Serum','Axillary tail of breast','Malignant',5),(21,'Tissue','Fixed Tissue Block','BREAST','Malignant',100),(22,'Tissue','Fixed Tissue Block','BREAST','Non-Malignant',250),(23,'Tissue','Fixed Tissue','BREAST','Non-Malignant',150),(24,'Tissue','Fixed Tissue','BREAST','Malignant',250),(25,'Tissue','Frozen Tissue','PROSTATE GLAND','Malignant',0.1),(26,'Fluid','Serum','Blood','Non-Malignant',10),(27,'Tissue','Frozen Tissue','PROSTATE GLAND','Malignant',0.1),(28,'Tissue','Frozen Tissue','BREAST','Malignant',0.5),(29,'Fluid','Whole Bone Marrow','Bone marrow','Non-Malignant',20),(30,'Tissue','Frozen Tissue','BREAST','Non-Malignant',0.5),(31,'Tissue','Frozen Tissue','PROSTATE GLAND','Malignant',0.5),(32,'Fluid','Plasma','Blood','Non-Malignant',20),(33,'Tissue','Frozen Tissue','PROSTATE GLAND','Malignant',0.1),(34,'Fluid','Serum','Blood','Non-Malignant',10),(35,'Tissue','Frozen Tissue','PROSTATE GLAND','Malignant',0.5),(36,'Tissue','Not Specified','PROSTATE GLAND','Malignant',10),(37,'Tissue','Frozen Tissue','Acoustic nerve','Malignant',1),(38,'Fluid','Serum','Myometrium','Non-Malignant',10),(39,'Tissue','Fresh Tissue','Prostate gland','Malignant, Invasive',5),(40,'Tissue','Fixed Tissue','PROSTATE GLAND','Metastatic',5),(41,'Tissue','Microdissected','ANUS AND ANAL CANAL','Malignant, Pre-Invasive',3),(42,'Fluid','Serum','Blood','Non-Malignant',10),(43,'Tissue','Frozen Tissue','Breast, NOS','Malignant',0.1),(44,'Fluid','Serum','Blood','Non-Malignant',10),(45,'Fluid','Serum','Blood','Non-Malignant',10),(46,'Tissue','Frozen Tissue','Breast, NOS','Malignant',0.1),(47,'Fluid','Serum','Blood','Non-Malignant',10),(48,'Tissue','Fresh Tissue','Lymph nodes of axilla or arm','Not Specified',0.5),(49,'Fluid','Plasma','Blood','Malignant',5),(50,'Tissue','Fresh Tissue','BREAST','Malignant',1),(51,'Fluid','Plasma','Blood','Malignant',2),(52,'Tissue','Frozen Tissue','BREAST','Malignant',0.5),(53,'Tissue','Fixed Tissue Block','BREAST','Malignant',1000),(54,'Tissue','Fixed Tissue Block','BREAST','Malignant',1000),(55,'Tissue','Frozen Tissue','Prostate gland','Not Specified',NULL),(56,'Tissue','Fixed Tissue','Prostate gland','Not Specified',NULL);
UNLOCK TABLES;
/*!40000 ALTER TABLE `catissue_specimen_requirement` ENABLE KEYS */;

--
-- Table structure for table `catissue_spun_event_parameters`
--

DROP TABLE IF EXISTS `catissue_spun_event_parameters`;
CREATE TABLE `catissue_spun_event_parameters` (
  `IDENTIFIER` bigint(20) NOT NULL default '0',
  `GFORCE` double default NULL,
  `DURATION_IN_MINUTES` int(11) default NULL,
  PRIMARY KEY  (`IDENTIFIER`),
  KEY `FK312D77BCBC7298A9` (`IDENTIFIER`)
) ENGINE=MyISAM;

--
-- Dumping data for table `catissue_spun_event_parameters`
--


/*!40000 ALTER TABLE `catissue_spun_event_parameters` DISABLE KEYS */;
LOCK TABLES `catissue_spun_event_parameters` WRITE;
INSERT INTO `catissue_spun_event_parameters` VALUES (14,120,22);
UNLOCK TABLES;
/*!40000 ALTER TABLE `catissue_spun_event_parameters` ENABLE KEYS */;

--
-- Table structure for table `catissue_storage_cont_capacity`
--

DROP TABLE IF EXISTS `catissue_storage_cont_capacity`;
CREATE TABLE `catissue_storage_cont_capacity` (
  `IDENTIFIER` bigint(20) NOT NULL auto_increment,
  `ONE_DIMENSION_CAPACITY` int(11) default NULL,
  `TWO_DIMENSION_CAPACITY` int(11) default NULL,
  PRIMARY KEY  (`IDENTIFIER`)
) ENGINE=MyISAM;

--
-- Dumping data for table `catissue_storage_cont_capacity`
--


/*!40000 ALTER TABLE `catissue_storage_cont_capacity` DISABLE KEYS */;
LOCK TABLES `catissue_storage_cont_capacity` WRITE;
INSERT INTO `catissue_storage_cont_capacity` VALUES (1,10,10),(2,40,50),(3,40,40),(4,40,40),(5,40,40),(6,40,40),(7,40,40),(8,40,40),(9,40,40),(10,40,40),(11,40,40),(12,40,40),(13,40,40),(14,40,40),(15,40,40),(16,40,40),(17,10,10),(18,4,1),(19,3,3),(20,9,9),(21,10,1),(22,4,1),(23,5,4),(24,5,4),(25,9,9),(26,9,9),(27,9,9),(28,9,9),(29,9,9),(30,9,9),(31,9,9),(32,9,9),(33,9,9),(34,9,9),(35,9,9),(36,9,9),(37,9,9),(38,9,9),(39,9,9),(40,9,9),(41,9,9),(42,9,9),(43,9,9),(44,9,9),(45,10,1),(46,10,1),(47,10,1),(48,10,1),(49,10,1),(50,10,1),(51,10,1),(52,10,1),(53,10,1),(54,10,1),(55,10,1),(56,10,1),(57,10,1),(58,10,1),(59,10,1),(60,10,1),(61,10,1),(62,10,1),(63,10,1),(64,10,1),(65,10,10),(66,5,4),(67,10,10),(68,10,10),(69,10,10),(70,10,10),(71,10,10),(72,10,10),(73,10,10),(74,10,10),(75,10,10),(76,10,10),(77,10,10),(78,10,10),(79,10,10),(80,10,10),(81,10,10),(82,10,10),(83,10,10),(84,10,10),(85,10,10),(86,10,10),(87,5,4),(88,4,1),(89,3,3),(90,12,20),(91,9,9),(92,200,200),(93,200,200),(94,200,200),(95,4,4),(96,5,5),(97,5,5),(98,80,80),(99,20,1),(100,20,1),(101,4,4),(102,5,5),(103,5,5),(104,5,5),(105,5,5),(106,5,5),(107,5,5),(108,5,5),(109,5,5),(110,5,5),(111,5,5),(112,5,5),(113,5,5),(114,5,5),(115,5,5),(116,5,5),(117,5,5),(118,80,80),(119,80,80),(120,80,80),(121,80,80),(122,80,80),(123,80,80),(124,80,80),(125,80,80),(126,80,80),(127,80,80),(128,80,80),(129,80,80),(130,80,80),(131,80,80),(132,80,80),(133,80,80),(134,80,80),(135,80,80),(136,80,80),(137,80,80),(138,80,80),(139,80,80),(140,80,80),(141,80,80),(142,80,80),(143,10,1),(144,10,1),(145,10,1),(146,10,1),(147,10,1),(148,10,1),(149,10,1),(150,10,1),(151,10,1),(152,10,1),(153,10,1),(154,10,1),(155,10,1),(156,10,1),(157,10,1),(158,10,1),(159,10,1),(160,10,1),(161,10,1),(162,10,1),(163,10,1),(164,10,1),(165,10,1),(166,10,1),(167,10,1),(168,10,10),(169,10,10),(170,10,10),(171,10,10),(172,10,10),(173,10,10),(174,10,10),(175,10,10),(176,10,10),(177,10,10),(178,10,10),(179,10,10),(180,10,10),(181,10,10),(182,10,10),(183,10,10),(184,10,10),(185,10,10),(186,10,10),(187,10,10),(188,10,10),(189,10,10),(190,10,10),(191,10,10),(192,10,10),(193,20,1),(194,5,5),(195,80,80),(196,80,80),(197,12,20),(198,6,6),(199,10,10),(200,10,10),(201,1,4),(202,2,2),(203,10,10),(204,10,2),(205,10,12),(206,100,100),(207,12,40),(208,10,5),(209,100,20),(210,4,4),(211,4,8),(212,25,325),(213,4,8),(214,10,10),(215,10,10),(216,10,10),(217,10,10),(218,10,10),(219,1,4),(220,10,10),(221,12,40),(222,10,10),(223,4,1),(224,3,3),(225,3,3),(226,3,3),(227,3,3),(228,6,1),(229,6,1),(230,6,1),(231,6,1),(232,6,1),(233,6,1),(234,6,1),(235,6,1),(236,6,1),(237,6,1),(238,6,1),(239,6,1),(240,5,1),(241,5,1),(242,5,1),(243,5,1),(244,5,1),(245,10,10),(246,10,10),(247,5,1),(248,10,10),(249,5,1),(250,5,1),(251,5,1),(252,5,1),(253,5,1),(254,5,1),(255,5,1),(256,3,3),(257,3,3),(258,3,3),(259,3,3),(260,3,3),(261,3,3),(262,3,3),(263,4,4),(264,4,4),(265,4,4),(266,4,4),(267,4,4),(268,4,4),(269,3,3),(270,3,3),(271,3,3),(272,3,3),(273,3,3),(274,5,1),(275,5,1),(276,5,1),(277,5,1),(278,5,1),(279,5,1),(280,5,1),(281,5,1),(282,5,1),(283,5,1),(284,5,1),(285,3,3),(286,3,3),(287,3,3),(288,3,3),(289,3,3),(290,3,3),(291,3,3),(292,3,3),(293,3,3),(294,3,3),(295,5,1),(296,5,1),(297,5,1),(298,5,1),(299,5,1),(300,5,1),(301,10,10),(302,10,10),(303,10,10),(304,10,10),(305,10,10),(306,10,10),(307,10,10),(308,10,10),(309,10,10),(310,10,10),(311,10,10),(312,9,9),(313,9,9),(314,100,1),(315,200,1),(316,6,1),(317,10,10);
UNLOCK TABLES;
/*!40000 ALTER TABLE `catissue_storage_cont_capacity` ENABLE KEYS */;

--
-- Table structure for table `catissue_storage_cont_details`
--

DROP TABLE IF EXISTS `catissue_storage_cont_details`;
CREATE TABLE `catissue_storage_cont_details` (
  `IDENTIFIER` bigint(20) NOT NULL auto_increment,
  `PARAMETER_NAME` varchar(50) default NULL,
  `VALUE` varchar(50) default NULL,
  `STORAGE_CONTAINER_ID` bigint(20) default NULL,
  PRIMARY KEY  (`IDENTIFIER`),
  KEY `FK3531F575B3DFB11D` (`STORAGE_CONTAINER_ID`)
) ENGINE=MyISAM;

--
-- Dumping data for table `catissue_storage_cont_details`
--


/*!40000 ALTER TABLE `catissue_storage_cont_details` DISABLE KEYS */;
LOCK TABLES `catissue_storage_cont_details` WRITE;
INSERT INTO `catissue_storage_cont_details` VALUES (1,'','',1),(2,'','',2),(3,'','',3),(4,'','',4),(5,'','',5),(6,'','',6),(7,'','',7),(8,'','',8),(9,'','',9),(10,'','',10),(11,'','',11),(12,'','',12),(13,'','',13),(14,'','',14),(15,'','',15),(16,'cryovial','1ml',16),(17,'Study Name','Breast Studies',17),(18,'','',18),(19,'','',19),(20,'','',20),(21,'','',21),(22,'','',22),(23,'','',23),(24,'','',24),(25,'','',25),(26,'','',26),(27,'','',27),(28,'','',28),(29,'','',29),(30,'','',30),(31,'','',31),(32,'','',32),(33,'','',33),(34,'','',34),(35,'','',35),(36,'','',36),(37,'','',37),(38,'','',38),(39,'','',39),(40,'','',40),(41,'','',41),(42,'','',42),(43,'','',43),(44,'','',44),(45,'','',45),(46,'','',46),(47,'','',47),(48,'','',48),(49,'','',49),(50,'','',50),(51,'','',51),(52,'','',52),(53,'','',53),(54,'','',54),(55,'','',55),(56,'','',56),(57,'','',57),(58,'','',58),(59,'','',59),(60,'','',60),(61,'','',61),(62,'','',62),(63,'','',63),(64,'','',64),(65,'','',65),(66,'','',66),(67,'','',67),(68,'','',68),(69,'','',69),(70,'','',70),(71,'','',71),(72,'','',72),(73,'','',73),(74,'','',74),(75,'','',75),(76,'','',76),(77,'','',77),(78,'','',78),(79,'','',79),(80,'','',80),(81,'','',81),(82,'','',82),(83,'','',83),(84,'','',84),(85,'','',85),(86,'','',86),(87,'','',87),(88,'','',88),(89,'','',89),(90,'','',90),(91,'','',91),(92,'','',92),(93,'','',93),(94,'','',94),(95,'','',95),(96,'','',96),(97,'','',97),(98,'','',98),(99,'','',99),(100,'','',100),(101,'','',101),(102,'','',102),(103,'','',103),(104,'','',104),(105,'','',105),(106,'','',106),(107,'','',107),(108,'','',108),(109,'','',109),(110,'','',110),(111,'','',111),(112,'','',112),(113,'','',113),(114,'','',114),(115,'','',115),(116,'','',116),(117,'','',117),(118,'','',118),(119,'','',119),(120,'','',120),(121,'','',121),(122,'','',122),(123,'','',123),(124,'','',124),(125,'','',125),(126,'','',126),(127,'','',127),(128,'','',128),(129,'','',129),(130,'','',130),(131,'','',131),(132,'','',132),(133,'','',133),(134,'','',134),(135,'','',135),(136,'','',136),(137,'','',137),(138,'','',138),(139,'','',139),(140,'','',140),(141,'','',141),(142,'','',142),(143,'','',143),(144,'','',144),(145,'','',145),(146,'','',146),(147,'','',147),(148,'','',148),(149,'','',149),(150,'','',150),(151,'','',151),(152,'','',152),(153,'','',153),(154,'','',154),(155,'','',155),(156,'','',156),(157,'','',157),(158,'','',158),(159,'','',159),(160,'','',160),(161,'','',161),(162,'','',162),(163,'','',163),(164,'','',164),(165,'','',165),(166,'','',166),(167,'','',167),(168,'','',168),(169,'','',169),(170,'','',170),(171,'','',171),(172,'','',172),(173,'','',173),(174,'','',174),(175,'','',175),(176,'','',176),(177,'','',177),(178,'','',178),(179,'001','123',179),(180,'001','123',180),(181,'191','3',181),(182,'Brand','Revco',182),(183,'','',183),(184,'','',184),(185,'','',185),(186,'','',186),(187,'','',187),(188,'','',188),(189,'','',189),(190,'','',190),(191,'Name','Chicago',182),(192,'','',191),(193,'','',192),(194,'','',193),(195,'','',194),(196,'','',195),(197,'','',196),(198,'','',197),(199,'','',198),(200,'','',199),(201,'','',200),(202,'','',201),(203,'','',202),(204,'','',203),(205,'','',204),(206,'','',205),(207,'','',206),(208,'','',207),(209,'','',208),(210,'','',209),(211,'','',210),(212,'','',211),(213,'','',212),(214,'','',213),(215,'','',214),(216,'','',215),(217,'','',216),(218,'','',217),(219,'','',218),(220,'','',219),(221,'','',220),(222,'','',221),(223,'','',222),(224,'','',223),(225,'','',224),(226,'','',225),(227,'','',226),(228,'','',227),(229,'','',228),(230,'','',229),(231,'','',230),(232,'','',231),(233,'','',232),(234,'','',233),(235,'','',234),(236,'','',235),(237,'','',236),(238,'','',237),(239,'','',238),(240,'','',239),(241,'','',240),(242,'','',241),(243,'','',242),(244,'','',243),(245,'','',244),(246,'','',245),(247,'','',246),(248,'','',247),(249,'','',248),(250,'','',249),(251,'','',250),(252,'','',251),(253,'','',252),(254,'','',253),(255,'','',254),(256,'','',255),(257,'','',256),(258,'','',257),(259,'','',258),(260,'','',259),(261,'','',260),(262,'','',261),(263,'','',262),(264,'','',263),(265,'','',264),(266,'','',265),(267,'','',266),(268,'','',267),(269,'','',268),(270,'','',269),(271,'','',270),(272,'chuck','owner',271);
UNLOCK TABLES;
/*!40000 ALTER TABLE `catissue_storage_cont_details` ENABLE KEYS */;

--
-- Table structure for table `catissue_storage_container`
--

DROP TABLE IF EXISTS `catissue_storage_container`;
CREATE TABLE `catissue_storage_container` (
  `IDENTIFIER` bigint(20) NOT NULL auto_increment,
  `CONTAINER_NUMBER` int(11) default NULL,
  `TEMPERATURE` double default NULL,
  `IS_CONTAINER_FULL` tinyint(1) default NULL,
  `BARCODE` varchar(50) default NULL,
  `ACTIVITY_STATUS` varchar(30) default NULL,
  `STORAGE_TYPE_ID` bigint(20) default NULL,
  `SITE_ID` bigint(20) default NULL,
  `PARENT_CONTAINER_ID` bigint(20) default NULL,
  `STORAGE_CONTAINER_CAPACITY_ID` bigint(20) default NULL,
  `POSITION_DIMENSION_ONE` int(11) default NULL,
  `POSITION_DIMENSION_TWO` int(11) default NULL,
  PRIMARY KEY  (`IDENTIFIER`),
  UNIQUE KEY `BARCODE` (`BARCODE`),
  KEY `FK28429D015F7CB0FE` (`STORAGE_CONTAINER_CAPACITY_ID`),
  KEY `FK28429D01A7F77D13` (`SITE_ID`),
  KEY `FK28429D0159A3CE5C` (`STORAGE_TYPE_ID`),
  KEY `FK28429D01DB097B2E` (`PARENT_CONTAINER_ID`)
) ENGINE=MyISAM;

--
-- Dumping data for table `catissue_storage_container`
--


/*!40000 ALTER TABLE `catissue_storage_container` DISABLE KEYS */;
LOCK TABLES `catissue_storage_container` WRITE;
INSERT INTO `catissue_storage_container` VALUES (1,1,-900,0,NULL,'Active',1,1,NULL,2,NULL,NULL),(2,2,-900,0,NULL,'Active',1,1,NULL,3,NULL,NULL),(3,3,-900,0,NULL,'Active',1,1,NULL,4,NULL,NULL),(4,4,-900,0,NULL,'Active',1,1,NULL,5,NULL,NULL),(5,5,-900,0,NULL,'Active',1,1,NULL,6,NULL,NULL),(6,6,-900,0,NULL,'Active',1,1,NULL,7,NULL,NULL),(7,7,-900,0,NULL,'Active',1,1,NULL,8,NULL,NULL),(8,8,-900,0,NULL,'Active',1,1,NULL,9,NULL,NULL),(9,9,-900,0,NULL,'Active',1,1,NULL,10,NULL,NULL),(10,10,-900,0,NULL,'Active',1,1,NULL,11,NULL,NULL),(11,11,-900,0,NULL,'Active',1,1,NULL,12,NULL,NULL),(12,12,-900,0,NULL,'Active',1,1,NULL,13,NULL,NULL),(13,13,-900,0,NULL,'Active',1,1,NULL,14,NULL,NULL),(14,14,-900,0,NULL,'Active',1,1,NULL,15,NULL,NULL),(15,15,-900,0,NULL,'Active',1,1,NULL,16,NULL,NULL),(16,1,-196,0,NULL,'Active',1,2,NULL,17,NULL,NULL),(17,1,-80,0,NULL,'Active',2,3,NULL,22,NULL,NULL),(18,1,NULL,0,NULL,'Active',3,3,17,23,1,1),(19,2,NULL,0,NULL,'Active',3,3,17,24,2,1),(20,1,NULL,0,NULL,'Active',4,3,19,25,1,1),(21,2,NULL,0,NULL,'Active',4,3,19,26,1,2),(22,3,NULL,0,NULL,'Active',4,3,19,27,1,3),(23,4,NULL,0,NULL,'Active',4,3,19,28,1,4),(24,5,NULL,0,NULL,'Active',4,3,19,29,2,1),(25,6,NULL,0,NULL,'Active',4,3,19,30,2,2),(26,7,NULL,0,NULL,'Active',4,3,19,31,2,3),(27,8,NULL,0,NULL,'Active',4,3,19,32,2,4),(28,9,NULL,0,NULL,'Active',4,3,19,33,3,1),(29,10,NULL,0,NULL,'Active',4,3,19,34,3,2),(30,11,NULL,0,NULL,'Active',4,3,19,35,3,3),(31,12,NULL,0,NULL,'Active',4,3,19,36,3,4),(32,13,NULL,0,NULL,'Active',4,3,19,37,4,1),(33,14,NULL,0,NULL,'Active',4,3,19,38,4,2),(34,15,NULL,0,NULL,'Active',4,3,19,39,4,3),(35,16,NULL,0,NULL,'Active',4,3,19,40,4,4),(36,17,NULL,0,NULL,'Active',4,3,19,41,5,1),(37,18,NULL,0,NULL,'Active',4,3,19,42,5,2),(38,19,NULL,0,NULL,'Active',4,3,19,43,5,3),(39,20,NULL,0,NULL,'Active',4,3,19,44,5,4),(40,1,NULL,0,NULL,'Active',5,3,18,45,1,1),(41,2,NULL,0,NULL,'Active',5,3,18,46,1,2),(42,2,NULL,0,NULL,'Active',5,17,NULL,47,NULL,NULL),(43,1,NULL,0,NULL,'Active',5,17,NULL,48,NULL,NULL),(44,5,NULL,0,NULL,'Active',5,3,18,49,2,1),(45,6,NULL,0,NULL,'Active',5,3,18,50,2,2),(46,7,NULL,0,NULL,'Active',5,3,18,51,2,3),(47,8,NULL,0,NULL,'Active',5,3,18,52,2,4),(48,9,NULL,0,NULL,'Active',5,3,18,53,3,1),(49,10,NULL,0,NULL,'Active',5,3,18,54,3,2),(50,11,NULL,0,NULL,'Active',5,3,18,55,3,3),(51,12,NULL,0,NULL,'Active',5,3,18,56,3,4),(52,13,NULL,0,NULL,'Active',5,3,18,57,4,1),(53,14,NULL,0,NULL,'Active',5,3,18,58,4,2),(54,15,NULL,0,NULL,'Active',5,3,18,59,4,3),(55,16,NULL,0,NULL,'Active',5,3,18,60,4,4),(56,17,NULL,0,NULL,'Active',5,3,18,61,5,1),(57,18,NULL,0,NULL,'Active',5,3,18,62,5,2),(58,19,NULL,0,NULL,'Active',5,3,18,63,5,3),(59,20,NULL,0,NULL,'Active',5,3,18,64,5,4),(60,3,NULL,0,NULL,'Active',3,3,17,66,3,1),(61,1,NULL,0,NULL,'Active',6,3,60,67,1,1),(62,2,NULL,0,NULL,'Active',6,3,60,68,1,2),(63,3,NULL,0,NULL,'Active',6,3,60,69,1,3),(64,4,NULL,0,NULL,'Active',6,3,60,70,1,4),(65,5,NULL,0,NULL,'Active',6,3,60,71,2,1),(66,6,NULL,0,NULL,'Active',6,3,60,72,2,2),(67,7,NULL,0,NULL,'Active',6,3,60,73,2,3),(68,8,NULL,0,NULL,'Active',6,3,60,74,2,4),(69,9,NULL,0,NULL,'Active',6,3,60,75,3,1),(70,10,NULL,0,NULL,'Active',6,3,60,76,3,2),(71,11,NULL,0,NULL,'Active',6,3,60,77,3,3),(72,12,NULL,0,NULL,'Active',6,3,60,78,3,4),(73,13,NULL,0,NULL,'Active',6,3,60,79,4,1),(74,14,NULL,0,NULL,'Active',6,3,60,80,4,2),(75,15,NULL,0,NULL,'Active',6,3,60,81,4,3),(76,16,NULL,0,NULL,'Active',6,3,60,82,4,4),(77,17,NULL,0,NULL,'Active',6,3,60,83,5,1),(78,18,NULL,0,NULL,'Active',6,3,60,84,5,2),(79,19,NULL,0,NULL,'Active',6,3,60,85,5,3),(80,20,NULL,0,NULL,'Active',6,3,60,86,5,4),(81,4,NULL,0,NULL,'Disabled',3,3,17,87,4,1),(82,2,-80,0,NULL,'Active',2,3,NULL,88,NULL,NULL),(83,1,NULL,0,NULL,'Active',3,3,82,89,1,1),(84,1,NULL,0,NULL,'Active',9,6,NULL,93,NULL,NULL),(85,2,NULL,0,NULL,'Active',9,6,84,94,2,1),(86,1,-80,0,NULL,'Active',10,8,NULL,101,NULL,NULL),(87,1,-80,0,NULL,'Active',11,8,86,102,1,1),(88,2,-80,0,NULL,'Active',11,8,86,103,1,2),(89,3,-80,0,NULL,'Active',11,8,86,104,1,3),(90,4,-80,0,NULL,'Active',11,8,86,105,1,4),(91,5,-80,0,NULL,'Active',11,8,86,106,2,1),(92,6,-80,0,NULL,'Active',11,8,86,107,2,2),(93,7,-80,0,NULL,'Active',11,8,86,108,2,3),(94,8,-80,0,NULL,'Active',11,8,86,109,2,4),(95,9,-80,0,NULL,'Active',11,8,86,110,3,1),(96,10,-80,0,NULL,'Active',11,8,86,111,3,2),(97,11,-80,0,NULL,'Active',11,8,86,112,3,3),(98,12,-80,0,NULL,'Active',11,8,86,113,3,4),(99,13,-80,0,NULL,'Active',11,8,86,114,4,1),(100,14,-80,0,NULL,'Active',11,8,86,115,4,2),(101,15,-80,0,NULL,'Active',11,8,86,116,4,3),(102,16,-80,0,NULL,'Active',11,8,86,117,4,4),(103,1,-80,0,NULL,'Active',12,8,95,118,1,1),(104,2,-80,0,NULL,'Active',12,8,95,119,1,2),(105,3,-80,0,NULL,'Active',12,8,95,120,1,3),(106,4,-80,0,NULL,'Active',12,8,95,121,1,4),(107,5,-80,0,NULL,'Active',12,8,95,122,1,5),(108,6,-80,0,NULL,'Active',12,8,95,123,2,1),(109,7,-80,0,NULL,'Active',12,8,95,124,2,2),(110,8,-80,0,NULL,'Active',12,8,95,125,2,3),(111,9,-80,0,NULL,'Active',12,8,95,126,2,4),(112,10,-80,0,NULL,'Active',12,8,95,127,2,5),(113,11,-80,0,NULL,'Active',12,8,95,128,3,1),(114,12,-80,0,NULL,'Active',12,8,95,129,3,2),(115,13,-80,0,NULL,'Active',12,8,95,130,3,3),(116,14,-80,0,NULL,'Active',12,8,95,131,3,4),(117,15,-80,0,NULL,'Active',12,8,95,132,3,5),(118,16,-80,0,NULL,'Active',12,8,95,133,4,1),(119,17,-80,0,NULL,'Active',12,8,95,134,4,2),(120,18,-80,0,NULL,'Active',12,8,95,135,4,3),(121,19,-80,0,NULL,'Active',12,8,95,136,4,4),(122,20,-80,0,NULL,'Active',12,8,95,137,4,5),(123,21,-80,0,NULL,'Active',12,8,95,138,5,1),(124,22,-80,0,NULL,'Active',12,8,95,139,5,2),(125,23,-80,0,NULL,'Active',12,8,95,140,5,3),(126,24,-80,0,NULL,'Active',12,8,95,141,5,4),(127,25,-80,0,NULL,'Active',12,8,95,142,5,5),(128,1,NULL,0,NULL,'Active',5,8,96,143,1,1),(129,2,NULL,0,NULL,'Active',5,8,96,144,1,2),(130,3,NULL,0,NULL,'Active',5,8,96,145,1,3),(131,4,NULL,0,NULL,'Active',5,8,96,146,1,4),(132,5,NULL,0,NULL,'Active',5,8,96,147,1,5),(133,6,NULL,0,NULL,'Active',5,8,96,148,2,1),(134,7,NULL,0,NULL,'Active',5,8,96,149,2,2),(135,8,NULL,0,NULL,'Active',5,8,96,150,2,3),(136,9,NULL,0,NULL,'Active',5,8,96,151,2,4),(137,10,NULL,0,NULL,'Active',5,8,96,152,2,5),(138,11,NULL,0,NULL,'Active',5,8,96,153,3,1),(139,12,NULL,0,NULL,'Active',5,8,96,154,3,2),(140,13,NULL,0,NULL,'Active',5,8,96,155,3,3),(141,14,NULL,0,NULL,'Active',5,8,96,156,3,4),(142,15,NULL,0,NULL,'Active',5,8,96,157,3,5),(143,16,NULL,0,NULL,'Active',5,8,96,158,4,1),(144,17,NULL,0,NULL,'Active',5,8,96,159,4,2),(145,18,NULL,0,NULL,'Active',5,8,96,160,4,3),(146,19,NULL,0,NULL,'Active',5,8,96,161,4,4),(147,20,NULL,0,NULL,'Active',5,8,96,162,4,5),(148,21,NULL,0,NULL,'Active',5,8,96,163,5,1),(149,22,NULL,0,NULL,'Active',5,8,96,164,5,2),(150,23,NULL,0,NULL,'Active',5,8,96,165,5,3),(151,24,NULL,0,NULL,'Active',5,8,96,166,5,4),(152,25,NULL,0,NULL,'Active',5,8,96,167,5,5),(153,1,NULL,0,NULL,'Active',6,8,100,168,1,1),(154,2,NULL,0,NULL,'Active',6,8,100,169,1,2),(155,3,NULL,0,NULL,'Active',6,8,100,170,1,3),(156,4,NULL,0,NULL,'Active',6,8,100,171,1,4),(157,5,NULL,0,NULL,'Active',6,8,100,172,1,5),(158,6,NULL,0,NULL,'Active',6,8,100,173,2,1),(159,7,NULL,0,NULL,'Active',6,8,100,174,2,2),(160,8,NULL,0,NULL,'Active',6,8,100,175,2,3),(161,9,NULL,0,NULL,'Active',6,8,100,176,2,4),(162,10,NULL,0,NULL,'Active',6,8,100,177,2,5),(163,11,NULL,0,NULL,'Active',6,8,100,178,3,1),(164,12,NULL,0,NULL,'Active',6,8,100,179,3,2),(165,13,NULL,0,NULL,'Active',6,8,100,180,3,3),(166,14,NULL,0,NULL,'Active',6,8,100,181,3,4),(167,15,NULL,0,NULL,'Active',6,8,100,182,3,5),(168,16,NULL,0,NULL,'Active',6,8,100,183,4,1),(169,17,NULL,0,NULL,'Active',6,8,100,184,4,2),(170,18,NULL,0,NULL,'Active',6,8,100,185,4,3),(171,19,NULL,0,NULL,'Active',6,8,100,186,4,4),(172,20,NULL,0,NULL,'Active',6,8,100,187,4,5),(173,21,NULL,0,NULL,'Active',6,8,100,188,5,1),(174,22,NULL,0,NULL,'Active',6,8,100,189,5,2),(175,23,NULL,0,NULL,'Active',6,8,100,190,5,3),(176,24,NULL,0,NULL,'Active',6,8,100,191,5,4),(177,25,NULL,0,NULL,'Active',6,8,100,192,5,5),(178,1,-80,0,NULL,'Active',13,12,NULL,193,NULL,NULL),(179,1,-80,0,NULL,'Active',12,7,NULL,195,NULL,NULL),(180,1,-80,0,NULL,'Active',12,7,NULL,196,NULL,NULL),(181,1,-25,0,NULL,'Active',7,13,NULL,197,NULL,NULL),(182,1,-80,0,NULL,'Active',10,7,NULL,210,NULL,NULL),(183,1,-80,0,NULL,'Active',27,4,NULL,213,NULL,NULL),(184,1,-80,0,NULL,'Active',17,3,62,214,1,6),(185,2,-80,0,NULL,'Active',17,3,62,215,1,7),(186,3,-80,0,NULL,'Active',17,3,62,216,1,8),(187,4,-80,0,NULL,'Active',17,3,62,217,1,9),(188,5,-80,0,NULL,'Active',17,3,62,218,1,10),(189,1,-1000,0,NULL,'Active',18,12,NULL,219,NULL,NULL),(190,1,-90,0,NULL,'Active',16,4,NULL,220,NULL,NULL),(191,1,-40,0,NULL,'Active',24,1,NULL,221,NULL,NULL),(192,3,-80,0,NULL,'Active',2,3,NULL,223,NULL,NULL),(193,1,NULL,0,NULL,'Active',3,3,192,224,1,1),(194,2,NULL,0,NULL,'Active',3,3,192,225,2,1),(195,3,NULL,0,NULL,'Active',3,3,192,226,3,1),(196,4,NULL,0,NULL,'Active',3,3,192,227,4,1),(197,1,NULL,0,NULL,'Active',30,14,201,229,1,1),(198,2,NULL,0,NULL,'Active',30,14,NULL,230,NULL,NULL),(199,3,NULL,0,NULL,'Active',30,14,NULL,231,NULL,NULL),(200,4,NULL,0,NULL,'Active',30,14,NULL,232,NULL,NULL),(201,5,NULL,0,NULL,'Active',30,14,NULL,233,NULL,NULL),(202,6,NULL,0,NULL,'Active',30,14,NULL,234,NULL,NULL),(203,7,NULL,0,NULL,'Active',30,14,NULL,235,NULL,NULL),(204,8,NULL,0,NULL,'Active',30,14,NULL,236,NULL,NULL),(205,9,NULL,0,NULL,'Active',30,14,NULL,237,NULL,NULL),(206,10,NULL,0,NULL,'Active',30,14,NULL,238,NULL,NULL),(207,1,NULL,0,NULL,'Active',32,14,NULL,241,NULL,NULL),(208,2,NULL,0,NULL,'Active',32,14,NULL,242,NULL,NULL),(209,3,NULL,0,NULL,'Active',32,14,NULL,243,NULL,NULL),(210,4,NULL,0,NULL,'Active',32,14,NULL,244,NULL,NULL),(211,2,NULL,0,NULL,'Active',33,14,207,245,2,1),(212,1,NULL,0,NULL,'Active',32,14,207,247,1,1),(213,5,NULL,0,NULL,'Active',32,14,NULL,249,NULL,NULL),(214,6,NULL,0,NULL,'Active',32,14,NULL,250,NULL,NULL),(215,7,NULL,0,NULL,'Active',32,14,NULL,251,NULL,NULL),(216,8,NULL,0,NULL,'Active',32,14,NULL,252,NULL,NULL),(217,9,NULL,0,NULL,'Active',32,14,NULL,253,NULL,NULL),(218,1,5,0,NULL,'Active',35,14,NULL,255,NULL,NULL),(219,1,5,0,NULL,'Active',36,14,218,258,1,1),(220,2,5,0,NULL,'Active',36,14,218,259,2,1),(221,3,5,0,NULL,'Active',36,14,218,260,3,1),(222,4,5,0,NULL,'Active',36,14,218,261,4,1),(223,5,5,0,NULL,'Active',36,14,218,262,5,1),(224,1,5,0,NULL,'Active',37,14,223,264,1,2),(225,2,5,0,NULL,'Active',37,14,223,265,1,1),(226,3,5,0,NULL,'Active',37,14,223,266,1,3),(227,4,5,0,NULL,'Active',37,14,223,267,2,1),(228,6,5,0,NULL,'Active',37,14,223,268,2,3),(229,1,5,0,NULL,'Active',36,14,213,269,1,1),(230,2,5,0,NULL,'Active',36,14,213,270,2,1),(231,3,5,0,NULL,'Active',36,14,213,271,3,1),(232,4,5,0,NULL,'Active',36,14,213,272,4,1),(233,5,5,0,NULL,'Active',36,14,213,273,5,1),(234,1,5,0,NULL,'Active',38,15,NULL,275,NULL,NULL),(235,2,5,0,NULL,'Active',38,15,NULL,276,NULL,NULL),(236,3,5,0,NULL,'Active',38,15,NULL,277,NULL,NULL),(237,4,5,0,NULL,'Active',38,15,NULL,278,NULL,NULL),(238,5,5,0,NULL,'Active',38,15,NULL,279,NULL,NULL),(239,1,5,0,NULL,'Active',38,15,235,280,1,1),(240,2,5,0,NULL,'Active',38,15,235,281,2,1),(241,3,5,0,NULL,'Active',38,15,235,282,3,1),(242,4,5,0,NULL,'Active',38,15,235,283,4,1),(243,5,5,0,NULL,'Active',38,15,235,284,5,1),(244,1,5,0,NULL,'Active',36,15,234,285,1,1),(245,2,5,0,NULL,'Active',36,15,234,286,2,1),(246,3,5,0,NULL,'Active',36,15,234,287,3,1),(247,4,5,0,NULL,'Active',36,15,234,288,4,1),(248,5,5,0,NULL,'Active',36,15,234,289,5,1),(249,1,5,0,NULL,'Active',3,15,238,290,1,1),(250,2,5,0,NULL,'Active',3,15,238,291,2,1),(251,3,5,0,NULL,'Active',3,15,238,292,3,1),(252,4,5,0,NULL,'Active',3,15,238,293,4,1),(253,5,5,0,NULL,'Active',3,15,238,294,5,1),(254,1,5,0,NULL,'Active',39,15,237,296,1,1),(255,2,5,0,NULL,'Active',39,15,237,297,2,1),(256,3,5,0,NULL,'Active',39,15,237,298,3,1),(257,4,5,0,NULL,'Active',39,15,237,299,4,1),(258,5,5,0,NULL,'Active',39,15,237,300,5,1),(259,1,NULL,0,NULL,'Active',40,15,257,302,1,1),(260,2,NULL,0,NULL,'Active',40,15,257,303,2,1),(261,3,NULL,0,NULL,'Active',40,15,257,304,3,1),(262,4,NULL,0,NULL,'Active',40,15,257,305,4,1),(263,5,NULL,0,NULL,'Active',40,15,257,306,5,1),(264,1,NULL,0,NULL,'Active',40,15,256,307,1,1),(265,2,NULL,0,NULL,'Active',40,15,256,308,2,1),(266,3,NULL,0,NULL,'Active',40,15,256,309,3,1),(267,4,NULL,0,NULL,'Active',40,15,256,310,4,1),(268,5,NULL,0,NULL,'Active',40,15,256,311,5,1),(269,1,-70,0,NULL,'Active',41,17,NULL,313,NULL,NULL),(270,1,NULL,0,NULL,'Active',31,4,NULL,316,NULL,NULL),(271,1,NULL,0,NULL,'Active',40,10,NULL,317,NULL,NULL);
UNLOCK TABLES;
/*!40000 ALTER TABLE `catissue_storage_container` ENABLE KEYS */;

--
-- Table structure for table `catissue_storage_type`
--

DROP TABLE IF EXISTS `catissue_storage_type`;
CREATE TABLE `catissue_storage_type` (
  `IDENTIFIER` bigint(20) NOT NULL auto_increment,
  `TYPE` varchar(50) NOT NULL default '',
  `DEFAULT_TEMP_IN_CENTIGRADE` double default NULL,
  `ONE_DIMENSION_LABEL` varchar(50) default NULL,
  `TWO_DIMENSION_LABEL` varchar(50) default NULL,
  `STORAGE_CONTAINER_CAPACITY_ID` bigint(20) default NULL,
  PRIMARY KEY  (`IDENTIFIER`),
  UNIQUE KEY `TYPE` (`TYPE`),
  KEY `FKE9A0629A5F7CB0FE` (`STORAGE_CONTAINER_CAPACITY_ID`)
) ENGINE=MyISAM;

--
-- Dumping data for table `catissue_storage_type`
--


/*!40000 ALTER TABLE `catissue_storage_type` DISABLE KEYS */;
LOCK TABLES `catissue_storage_type` WRITE;
INSERT INTO `catissue_storage_type` VALUES (1,'LN2 Box',-196,'X','Y',1),(2,'Forma -80 Freezer',-80,'Shelves','',18),(3,'Freezer Rack',NULL,'Row','Column',19),(4,'Serum Vial Box',NULL,'Row','Column',20),(5,'Tissue Block Box',NULL,'Position','',21),(6,'RNA Box',NULL,'Row','Column',65),(7,'FreezerTTR',NULL,'DimOne','DimTwo',90),(8,'Carbone',-20,'mesothelioma','lung ca',91),(9,'Liquid Nitrogen',NULL,'Tank1','Tank2',92),(10,'-80 Freezer',-80,'Shelf','Rack',95),(11,'5x5 Freezer Rack',-80,'Row','Column',97),(12,'Plasma Box',-80,'X Pos','Y Pos',98),(13,'Tissue Box',-80,'Slot','',100),(14,'new',0,'dim1','dim2',194),(15,'stoianovici_type',100,'test','Label_2',198),(16,'NBN_SA',-90,'A','B',199),(17,'JK_Container',-80,'Length','Width',200),(18,'TEST_SPORE',120,'2','Foobar',201),(19,'WES_TEST',40,'Dim 1','Dim 2',202),(20,'NBN_FearnP',-80,'A','B',203),(21,'pp_type',12,'L1','L2',204),(22,'test1',-20,'A','1',205),(23,'bd-dead-people',-20,'firstname','lastname',206),(24,'UCLA-RAD',-40,'UCLA-','cm',207),(25,'Kiss lunchbox',32,'width','height',208),(26,'rice_m80freezer',-80,'b','b',209),(27,'Sony Freezer',-80,'Shelf','Box',211),(28,'Large Freezer',-100,'Label1','Label2',212),(29,'Tupperware Tissue Box',4,'row','column',222),(30,'Markey Freezer1',NULL,'Shelves','',228),(31,'Freezer2',NULL,'Shelves','',239),(32,'Freezer-Rack',NULL,'Boxes','',240),(33,'Rack Box',NULL,'X','Y',246),(34,'Box',NULL,'X','Y',248),(35,'XXX-Freezer',5,'Shelves','',254),(36,'3X3 Freezer Rack',5,'Row','Col',257),(37,'4X4 Box',5,'X','Y',263),(38,'Storage Room 245',5,'Freezers','',274),(39,'Site-Freezer',5,'Shelves','Row',295),(40,'10X10 Box',NULL,'X','Y',301),(41,'Freezer 3068',-70,'Column','Row',312),(42,'Slide Box 2345',25,'Slide #','',314),(43,'Slide Box 4222',25,'Slides','none',315);
UNLOCK TABLES;
/*!40000 ALTER TABLE `catissue_storage_type` ENABLE KEYS */;

--
-- Table structure for table `catissue_table_relation`
--

DROP TABLE IF EXISTS `catissue_table_relation`;
CREATE TABLE `catissue_table_relation` (
  `RELATIONSHIP_ID` bigint(20) NOT NULL auto_increment,
  `PARENT_TABLE_ID` bigint(20) default NULL,
  `CHILD_TABLE_ID` bigint(20) default NULL,
  `TABLES_IN_PATH` varchar(50) default NULL,
  PRIMARY KEY  (`RELATIONSHIP_ID`)
) ENGINE=MyISAM;

--
-- Dumping data for table `catissue_table_relation`
--


/*!40000 ALTER TABLE `catissue_table_relation` DISABLE KEYS */;
LOCK TABLES `catissue_table_relation` WRITE;
INSERT INTO `catissue_table_relation` VALUES (1,1,1,NULL),(2,6,6,NULL),(3,5,5,NULL),(4,7,7,NULL),(5,8,8,NULL),(6,3,3,NULL),(7,3,4,NULL),(8,21,21,NULL),(9,21,2,NULL),(10,21,1,NULL),(11,21,3,NULL),(12,10,10,NULL),(13,10,9,NULL),(14,10,11,NULL),(15,10,12,'11:18'),(16,10,18,'11'),(17,19,19,NULL),(18,19,9,NULL),(19,19,20,NULL),(20,19,12,'20'),(21,23,23,NULL),(23,23,4,NULL),(24,23,5,NULL),(25,23,6,NULL),(26,23,7,NULL),(27,31,31,NULL),(28,31,32,NULL),(29,27,27,NULL),(30,35,35,NULL),(31,35,11,NULL),(32,35,3,NULL),(33,35,27,NULL),(34,33,33,NULL),(35,33,34,NULL),(36,38,38,NULL),(37,38,37,NULL),(39,21,22,NULL),(40,10,23,'9'),(41,10,17,NULL),(43,19,23,'9'),(44,31,3,'32'),(45,27,9,'10'),(46,27,31,NULL),(47,35,26,NULL),(48,35,9,'27:10'),(50,33,28,NULL),(51,38,23,NULL),(52,38,33,'37'),(53,38,9,'19'),(55,38,34,NULL),(54,35,31,'27'),(57,43,43,NULL),(58,43,63,NULL),(59,43,23,NULL),(60,44,44,NULL),(61,44,63,NULL),(62,44,23,NULL),(63,46,46,NULL),(64,46,63,NULL),(65,46,23,NULL),(66,47,47,NULL),(67,47,63,NULL),(68,47,23,NULL),(69,48,48,NULL),(70,48,63,NULL),(71,48,23,NULL),(72,49,49,NULL),(73,49,63,NULL),(74,49,23,NULL),(75,50,50,NULL),(76,50,63,NULL),(77,50,23,NULL),(78,51,51,NULL),(79,51,63,NULL),(80,51,23,NULL),(81,52,52,NULL),(82,52,63,NULL),(83,52,23,NULL),(84,54,54,NULL),(85,54,63,NULL),(86,54,23,NULL),(87,57,57,NULL),(88,57,63,NULL),(89,57,23,NULL),(90,64,64,NULL),(91,64,63,NULL),(92,64,23,NULL),(93,66,66,NULL),(94,66,63,NULL),(95,66,23,NULL),(96,67,67,NULL),(97,67,63,NULL),(98,67,23,NULL),(99,68,68,NULL),(100,68,63,NULL),(101,68,23,NULL),(102,59,59,NULL),(103,31,10,'27'),(104,10,35,'27'),(105,62,8,NULL),(106,33,8,'62'),(107,23,63,NULL);
UNLOCK TABLES;
/*!40000 ALTER TABLE `catissue_table_relation` ENABLE KEYS */;

--
-- Table structure for table `catissue_thaw_event_parameters`
--

DROP TABLE IF EXISTS `catissue_thaw_event_parameters`;
CREATE TABLE `catissue_thaw_event_parameters` (
  `IDENTIFIER` bigint(20) NOT NULL default '0',
  PRIMARY KEY  (`IDENTIFIER`),
  KEY `FKD8890A48BC7298A9` (`IDENTIFIER`)
) ENGINE=MyISAM;

--
-- Dumping data for table `catissue_thaw_event_parameters`
--


/*!40000 ALTER TABLE `catissue_thaw_event_parameters` DISABLE KEYS */;
LOCK TABLES `catissue_thaw_event_parameters` WRITE;
INSERT INTO `catissue_thaw_event_parameters` VALUES (3),(5),(8),(34);
UNLOCK TABLES;
/*!40000 ALTER TABLE `catissue_thaw_event_parameters` ENABLE KEYS */;

--
-- Table structure for table `catissue_tis_spe_event_param`
--

DROP TABLE IF EXISTS `catissue_tis_spe_event_param`;
CREATE TABLE `catissue_tis_spe_event_param` (
  `IDENTIFIER` bigint(20) NOT NULL default '0',
  `NEOPLASTIC_CELLULARITY_PER` double default NULL,
  `NECROSIS_PERCENTAGE` double default NULL,
  `LYMPHOCYTIC_PERCENTAGE` double default NULL,
  `TOTAL_CELLULARITY_PERCENTAGE` double default NULL,
  `HISTOLOGICAL_QUALITY` varchar(50) default NULL,
  PRIMARY KEY  (`IDENTIFIER`),
  KEY `FKBB9648F4BC7298A9` (`IDENTIFIER`)
) ENGINE=MyISAM;

--
-- Dumping data for table `catissue_tis_spe_event_param`
--


/*!40000 ALTER TABLE `catissue_tis_spe_event_param` DISABLE KEYS */;
LOCK TABLES `catissue_tis_spe_event_param` WRITE;
INSERT INTO `catissue_tis_spe_event_param` VALUES (2,70,5,5,90,'Good- Definable Cellular Detail'),(28,70,5,0,90,'Excellent- Definable Nuclear Detail'),(29,70,5,0,90,'Good- Definable Cellular Detail'),(30,70,10,0,90,'Good- Definable Cellular Detail'),(32,70,0,NULL,90,'Excellent- Definable Nuclear Detail');
UNLOCK TABLES;
/*!40000 ALTER TABLE `catissue_tis_spe_event_param` ENABLE KEYS */;

--
-- Table structure for table `catissue_transfer_event_param`
--

DROP TABLE IF EXISTS `catissue_transfer_event_param`;
CREATE TABLE `catissue_transfer_event_param` (
  `IDENTIFIER` bigint(20) NOT NULL default '0',
  `FROM_POSITION_DIMENSION_ONE` int(11) default NULL,
  `FROM_POSITION_DIMENSION_TWO` int(11) default NULL,
  `TO_POSITION_DIMENSION_ONE` int(11) default NULL,
  `TO_POSITION_DIMENSION_TWO` int(11) default NULL,
  `TO_STORAGE_CONTAINER_ID` bigint(20) default NULL,
  `FROM_STORAGE_CONTAINER_ID` bigint(20) default NULL,
  PRIMARY KEY  (`IDENTIFIER`),
  KEY `FK71F9AC103C2DAC61` (`TO_STORAGE_CONTAINER_ID`),
  KEY `FK71F9AC1099DF0A92` (`FROM_STORAGE_CONTAINER_ID`),
  KEY `FK71F9AC10BC7298A9` (`IDENTIFIER`)
) ENGINE=MyISAM;

--
-- Dumping data for table `catissue_transfer_event_param`
--


/*!40000 ALTER TABLE `catissue_transfer_event_param` DISABLE KEYS */;
LOCK TABLES `catissue_transfer_event_param` WRITE;
INSERT INTO `catissue_transfer_event_param` VALUES (9,1,2,1,1,14,16),(17,1,1,1,2,1,1),(18,1,5,1,3,80,80),(20,1,1,1,2,65,16);
UNLOCK TABLES;
/*!40000 ALTER TABLE `catissue_transfer_event_param` ENABLE KEYS */;

--
-- Table structure for table `catissue_user`
--

DROP TABLE IF EXISTS `catissue_user`;
CREATE TABLE `catissue_user` (
  `IDENTIFIER` bigint(20) NOT NULL auto_increment,
  `EMAIL_ADDRESS` varchar(100) default NULL,
  `PASSWORD` varchar(50) default NULL,
  `FIRST_NAME` varchar(50) default NULL,
  `LAST_NAME` varchar(50) default NULL,
  `LOGIN_NAME` varchar(50) NOT NULL default '',
  `START_DATE` date default NULL,
  `ACTIVITY_STATUS` varchar(50) default NULL,
  `DEPARTMENT_ID` bigint(20) default NULL,
  `CANCER_RESEARCH_GROUP_ID` bigint(20) default NULL,
  `INSTITUTION_ID` bigint(20) default NULL,
  `ADDRESS_ID` bigint(20) default NULL,
  `CSM_USER_ID` bigint(20) default NULL,
  `STATUS_COMMENT` text,
  PRIMARY KEY  (`IDENTIFIER`),
  UNIQUE KEY `LOGIN_NAME` (`LOGIN_NAME`),
  KEY `FKB025CFC71792AD22` (`INSTITUTION_ID`),
  KEY `FKB025CFC7FFA96920` (`CANCER_RESEARCH_GROUP_ID`),
  KEY `FKB025CFC76CD94566` (`ADDRESS_ID`),
  KEY `FKB025CFC7F30C2528` (`DEPARTMENT_ID`)
) ENGINE=MyISAM;

--
-- Dumping data for table `catissue_user`
--


/*!40000 ALTER TABLE `catissue_user` DISABLE KEYS */;
LOCK TABLES `catissue_user` WRITE;
INSERT INTO `catissue_user` VALUES (1,'admin@admin.com','6c416f576765696c6e63316f326d3365','Admin','Admin','admin@admin.com',NULL,'Active',NULL,NULL,NULL,NULL,1,NULL),(2,'PI@CCRI.NET','334153573065586c6c63716f','P','I','PI@CCRI.NET','2006-04-07','Active',2,7,2,1,100,''),(3,'nq2eq3r@gfsdkg.com','6a41695763656a6c4a637a6f','n','n','nq2eq3r@gfsdkg.com','2006-04-07','Active',1,6,1,4,101,''),(4,'scientist@institute.edu','78415a574365756c4b63526f','Senior','Scientist','scientist@institute.edu','2006-04-08','Active',3,8,3,5,102,'Has IRB Approval 2/21/06\n'),(5,'newuser@cancercenter.edu','58417a575065756c3463686f','New','User','newuser@cancercenter.edu','2006-04-08','Active',3,8,3,6,104,'Can\'t see PHI'),(6,'researcher@cancercenter.edu','75416f575065596c7863766f','Breast','Researcher','researcher@cancercenter.edu','2006-04-08','Active',3,8,3,7,103,'Has IRB approval on 2/16/06'),(7,'nohle.1@osu.edu','6b4157573365706c65634b6f','David','Nohle','nohle.1@osu.edu','2006-04-10','Active',3,5,2,10,107,''),(8,'test@hotmail.com',NULL,'test','test','test@hotmail.com','2006-04-16','Reject',1,6,1,11,NULL,''),(9,'kmcclain@pathology.wustl.edu','6d4165574465646c6a636f6f','Kristen','McClain','kmcclain@pathology.wustl.edu','2006-04-21','Active',3,4,3,12,105,''),(10,'yawang@coh.org','694166574265486c42635a6f','Yafan','Wang','yawang@coh.org','2006-05-01','Active',5,8,3,14,106,''),(11,'jtm@osc.edu','564164575965516c7463496f','Joe','Miller','jtm@osc.edu','2006-05-08','Active',5,5,2,16,111,''),(12,'peter@peter.com','694131577865566c4963326f','peter','peter','peter@peter.com','2006-05-15','Active',1,6,6,17,108,''),(13,'kenny@kenny.com','7241345730655a6c4f63766f','Kenny','Someone','kenny@kenny.com','2006-05-17','Active',7,13,9,18,109,'Research Nurse'),(14,'girish.poli@gmail.com',NULL,'Poli','Girish','girish.poli@gmail.com','2006-05-20','Reject',1,8,3,20,NULL,''),(15,'srikanth.adiga@gmail.com','6841735756656e6c6e634a6f','adiga','sri','srikanth.adiga@gmail.com','2006-05-22','Active',1,8,6,21,110,''),(16,'G.P@gg.com',NULL,'P','G','G.P@gg.com','2006-05-22','Reject',6,6,6,22,NULL,''),(17,'preethkaran@gmail.com','3341675765654f6c3963676f','preeth','karan','preethkaran@gmail.com','2006-05-25','Active',5,4,3,23,120,'Has IRB approval on 6-5-06'),(18,'scientist1@inst.edu','6b4134574565696c7463506f','Joe','Scientist','scientist1@inst.edu','2006-06-04','Active',3,12,3,24,112,''),(19,'scientist2@inst.edu','65414a5749656e6c3063366f','Jane','Scientist2','scientist2@inst.edu','2006-06-04','Active',9,17,3,27,113,''),(20,'scientist3@inst2.edu','36415a575965596c45636e6f','Wanda','Scientist3','scientist3@inst2.edu','2006-06-04','Active',11,18,13,28,114,''),(21,'scientist4@inst4.edu','6d4131574665776c4d63626f','Jack','Scientist4','scientist4@inst4.edu','2006-06-04','Active',10,18,19,29,115,''),(22,'pnorris@urology.ucsf.edu','57416a576a65416c6463756f','Paul','Norris','pnorris@urology.ucsf.edu','2006-06-05','Active',13,20,22,33,116,'test account'),(23,'rdennis@mednet.ucla.edu','724175576c654c6c5563596f','Dennis','Robert','rdennis@mednet.ucla.edu','2006-06-05','Active',10,9,18,35,117,'test'),(24,'klenk_juergen@bah.com','494177575565746c5a63726f','Juergen','Klenk','klenk_juergen@bah.com','2006-06-05','Active',11,18,3,36,118,''),(25,'steffen@bcm.edu','654169577065566c7463746f','David','Steffen','steffen@bcm.edu','2006-06-05','Active',14,21,23,37,119,''),(26,'rkaake@fhcrc.org','5341395749654e6c5a63536f','Russ','Kaake','rkaake@fhcrc.org','2006-06-15','Active',13,18,26,42,121,''),(27,'julie.mcdowell@cytomyx.com','644175577365536c4263646f','J','Demo','julie.mcdowell@cytomyx.com','2006-06-20','Active',14,15,3,43,122,''),(28,'pontus.lindqvist@ki.se',NULL,'Pontus','Lindqvist','pontus.lindqvist@ki.se','2006-06-27','New',9,5,4,44,NULL,NULL),(29,'e@e.com','544148574b65396c58634b6f','a','a','e@e.com','2006-06-29','Active',15,13,3,45,123,''),(30,'jbaphna@muthagroup.com',NULL,'Jaideep','Baphna','jbaphna@muthagroup.com','2006-07-12','New',1,10,21,46,NULL,NULL),(31,'ademarz@jhmi.edu',NULL,'angelo','demarzo','ademarz@jhmi.edu','2006-07-18','New',17,9,15,47,NULL,NULL),(32,'billandz@nc.rr.com','634149576b656d6c4963456f','Billl','Martin','billandz@nc.rr.com','2006-07-19','Active',14,7,14,48,124,''),(33,'Jomol_Mathew@dfci.harvard.edu',NULL,'Jomol','Mathew','Jomol_Mathew@dfci.harvard.edu','2006-07-20','New',14,25,8,49,NULL,NULL);
UNLOCK TABLES;
/*!40000 ALTER TABLE `catissue_user` ENABLE KEYS */;

--
-- Table structure for table `csm_application`
--

DROP TABLE IF EXISTS `csm_application`;
CREATE TABLE `csm_application` (
  `APPLICATION_ID` bigint(20) NOT NULL auto_increment,
  `APPLICATION_NAME` varchar(100) NOT NULL default '',
  `APPLICATION_DESCRIPTION` varchar(200) NOT NULL default '',
  `DECLARATIVE_FLAG` tinyint(1) default NULL,
  `ACTIVE_FLAG` tinyint(1) NOT NULL default '0',
  `UPDATE_DATE` date NOT NULL default '0000-00-00',
  PRIMARY KEY  (`APPLICATION_ID`),
  UNIQUE KEY `UQ_APPLICATION_NAME` (`APPLICATION_NAME`)
) ENGINE=InnoDB;

--
-- Dumping data for table `csm_application`
--


/*!40000 ALTER TABLE `csm_application` DISABLE KEYS */;
LOCK TABLES `csm_application` WRITE;
INSERT INTO `csm_application` VALUES (1,'catissuecore','caTISSUE Core',0,0,'2005-08-22');
UNLOCK TABLES;
/*!40000 ALTER TABLE `csm_application` ENABLE KEYS */;

--
-- Table structure for table `csm_group`
--

DROP TABLE IF EXISTS `csm_group`;
CREATE TABLE `csm_group` (
  `GROUP_ID` bigint(20) NOT NULL auto_increment,
  `GROUP_NAME` varchar(100) NOT NULL default '',
  `GROUP_DESC` varchar(200) default NULL,
  `UPDATE_DATE` date NOT NULL default '0000-00-00',
  `APPLICATION_ID` bigint(20) NOT NULL default '0',
  PRIMARY KEY  (`GROUP_ID`),
  UNIQUE KEY `UQ_GROUP_GROUP_NAME` (`APPLICATION_ID`,`GROUP_NAME`),
  KEY `idx_APPLICATION_ID` (`APPLICATION_ID`),
  CONSTRAINT `csm_group_ibfk_1` FOREIGN KEY (`APPLICATION_ID`) REFERENCES `csm_application` (`APPLICATION_ID`) ON DELETE CASCADE,
  CONSTRAINT `csm_group_ibfk_2` FOREIGN KEY (`APPLICATION_ID`) REFERENCES `csm_application` (`APPLICATION_ID`) ON DELETE CASCADE,
  CONSTRAINT `csm_group_ibfk_3` FOREIGN KEY (`APPLICATION_ID`) REFERENCES `csm_application` (`APPLICATION_ID`) ON DELETE CASCADE,
  CONSTRAINT `csm_group_ibfk_4` FOREIGN KEY (`APPLICATION_ID`) REFERENCES `csm_application` (`APPLICATION_ID`) ON DELETE CASCADE,
  CONSTRAINT `csm_group_ibfk_5` FOREIGN KEY (`APPLICATION_ID`) REFERENCES `csm_application` (`APPLICATION_ID`) ON DELETE CASCADE
) ENGINE=InnoDB;

--
-- Dumping data for table `csm_group`
--


/*!40000 ALTER TABLE `csm_group` DISABLE KEYS */;
LOCK TABLES `csm_group` WRITE;
INSERT INTO `csm_group` VALUES (1,'ADMINISTRATOR_GROUP','Group of Administrators','0000-00-00',1),(2,'SUPERVISOR_GROUP','Group of Supervisors','0000-00-00',1),(3,'TECHNICIAN_GROUP','Group of Technicians','0000-00-00',1),(4,'PUBLIC_GROUP','Group of Public Users','0000-00-00',1);
UNLOCK TABLES;
/*!40000 ALTER TABLE `csm_group` ENABLE KEYS */;

--
-- Table structure for table `csm_pg_pe`
--

DROP TABLE IF EXISTS `csm_pg_pe`;
CREATE TABLE `csm_pg_pe` (
  `PG_PE_ID` bigint(20) NOT NULL auto_increment,
  `PROTECTION_GROUP_ID` bigint(20) NOT NULL default '0',
  `PROTECTION_ELEMENT_ID` bigint(20) NOT NULL default '0',
  `UPDATE_DATE` date NOT NULL default '0000-00-00',
  PRIMARY KEY  (`PG_PE_ID`),
  UNIQUE KEY `UQ_PROTECTION_GROUP_PROTECTION_ELEMENT_PROTECTION_GROUP_ID` (`PROTECTION_ELEMENT_ID`,`PROTECTION_GROUP_ID`),
  KEY `idx_PROTECTION_ELEMENT_ID` (`PROTECTION_ELEMENT_ID`),
  KEY `idx_PROTECTION_GROUP_ID` (`PROTECTION_GROUP_ID`),
  CONSTRAINT `csm_pg_pe_ibfk_1` FOREIGN KEY (`PROTECTION_ELEMENT_ID`) REFERENCES `csm_protection_element` (`PROTECTION_ELEMENT_ID`) ON DELETE CASCADE,
  CONSTRAINT `csm_pg_pe_ibfk_2` FOREIGN KEY (`PROTECTION_GROUP_ID`) REFERENCES `csm_protection_group` (`PROTECTION_GROUP_ID`) ON DELETE CASCADE
) ENGINE=InnoDB;

--
-- Dumping data for table `csm_pg_pe`
--


/*!40000 ALTER TABLE `csm_pg_pe` DISABLE KEYS */;
LOCK TABLES `csm_pg_pe` WRITE;
INSERT INTO `csm_pg_pe` VALUES (16,21,9,'0000-00-00'),(17,2,10,'0000-00-00'),(19,2,11,'0000-00-00'),(20,2,12,'0000-00-00'),(21,2,13,'0000-00-00'),(22,2,14,'0000-00-00'),(23,3,15,'0000-00-00'),(24,3,16,'0000-00-00'),(25,3,17,'0000-00-00'),(26,3,18,'0000-00-00'),(27,3,19,'0000-00-00'),(28,1,20,'0000-00-00'),(29,3,21,'0000-00-00'),(30,3,22,'0000-00-00'),(31,3,23,'0000-00-00'),(32,3,24,'0000-00-00'),(33,3,25,'0000-00-00'),(34,3,26,'0000-00-00'),(35,3,27,'0000-00-00'),(36,3,28,'0000-00-00'),(37,3,29,'0000-00-00'),(38,3,30,'0000-00-00'),(39,3,31,'0000-00-00'),(40,3,32,'0000-00-00'),(41,3,33,'0000-00-00'),(42,3,34,'0000-00-00'),(43,3,35,'0000-00-00'),(44,3,36,'0000-00-00'),(45,3,37,'0000-00-00'),(46,3,38,'0000-00-00'),(47,3,39,'0000-00-00'),(48,3,40,'0000-00-00'),(49,1,41,'0000-00-00'),(50,1,42,'0000-00-00'),(51,1,43,'0000-00-00'),(52,1,44,'0000-00-00'),(53,1,45,'0000-00-00'),(54,1,46,'0000-00-00'),(55,1,47,'0000-00-00'),(56,1,48,'0000-00-00'),(58,1,50,'0000-00-00'),(59,1,51,'0000-00-00'),(60,3,52,'0000-00-00'),(61,3,53,'0000-00-00'),(62,6,54,'0000-00-00'),(63,6,55,'0000-00-00'),(64,5,56,'0000-00-00'),(65,5,57,'0000-00-00'),(66,6,57,'0000-00-00'),(67,5,58,'0000-00-00'),(68,6,58,'0000-00-00'),(69,5,59,'0000-00-00'),(70,6,59,'0000-00-00'),(71,5,60,'0000-00-00'),(72,6,60,'0000-00-00'),(73,5,61,'0000-00-00'),(74,6,61,'0000-00-00'),(75,5,62,'0000-00-00'),(76,6,62,'0000-00-00'),(77,13,63,'0000-00-00'),(78,13,64,'0000-00-00'),(79,13,65,'0000-00-00'),(80,13,66,'0000-00-00'),(81,13,67,'0000-00-00'),(82,14,68,'0000-00-00'),(83,14,69,'0000-00-00'),(84,14,70,'0000-00-00'),(85,14,71,'0000-00-00'),(86,13,72,'0000-00-00'),(87,14,73,'0000-00-00'),(88,13,74,'0000-00-00'),(89,13,75,'0000-00-00'),(90,13,76,'0000-00-00'),(91,13,77,'0000-00-00'),(92,14,78,'0000-00-00'),(93,14,79,'0000-00-00'),(94,14,80,'0000-00-00'),(95,14,81,'0000-00-00'),(96,16,82,'0000-00-00'),(97,16,83,'0000-00-00'),(98,13,84,'0000-00-00'),(99,13,85,'0000-00-00'),(100,13,86,'0000-00-00'),(102,16,87,'0000-00-00'),(103,16,89,'0000-00-00'),(105,16,90,'0000-00-00'),(106,16,91,'0000-00-00'),(107,16,92,'0000-00-00'),(108,16,93,'0000-00-00'),(109,16,94,'0000-00-00'),(110,16,95,'0000-00-00'),(111,16,96,'0000-00-00'),(112,16,97,'0000-00-00'),(113,16,98,'0000-00-00'),(114,16,99,'0000-00-00'),(115,16,100,'0000-00-00'),(116,16,101,'0000-00-00'),(117,16,102,'0000-00-00'),(118,16,103,'0000-00-00'),(119,16,104,'0000-00-00'),(120,16,105,'0000-00-00'),(121,16,106,'0000-00-00'),(122,16,107,'0000-00-00'),(123,16,108,'0000-00-00'),(124,16,109,'0000-00-00'),(125,16,110,'0000-00-00'),(126,16,111,'0000-00-00'),(127,16,112,'0000-00-00'),(128,16,113,'0000-00-00'),(129,16,114,'0000-00-00'),(130,16,115,'0000-00-00'),(131,16,116,'0000-00-00'),(132,16,117,'0000-00-00'),(133,16,118,'0000-00-00'),(134,16,119,'0000-00-00'),(135,16,120,'0000-00-00'),(136,16,121,'0000-00-00'),(137,16,122,'0000-00-00'),(138,16,123,'0000-00-00'),(139,16,124,'0000-00-00'),(140,16,125,'0000-00-00'),(141,16,126,'0000-00-00'),(142,16,127,'0000-00-00'),(143,16,128,'0000-00-00'),(144,16,129,'0000-00-00'),(145,16,130,'0000-00-00'),(146,16,131,'0000-00-00'),(147,16,132,'0000-00-00'),(148,16,133,'0000-00-00'),(149,16,134,'0000-00-00'),(150,16,135,'0000-00-00'),(151,16,136,'0000-00-00'),(152,16,137,'0000-00-00'),(153,16,138,'0000-00-00'),(154,16,139,'0000-00-00'),(155,16,140,'0000-00-00'),(156,16,141,'0000-00-00'),(157,16,142,'0000-00-00'),(158,16,143,'0000-00-00'),(159,16,144,'0000-00-00'),(160,16,145,'0000-00-00'),(161,16,146,'0000-00-00'),(162,16,147,'0000-00-00'),(163,16,148,'0000-00-00'),(164,16,149,'0000-00-00'),(165,16,150,'0000-00-00'),(166,12,151,'0000-00-00'),(167,12,152,'0000-00-00'),(168,12,153,'0000-00-00'),(169,12,154,'0000-00-00'),(170,12,155,'0000-00-00'),(171,12,156,'0000-00-00'),(172,12,157,'0000-00-00'),(173,12,158,'0000-00-00'),(174,12,159,'0000-00-00'),(175,12,160,'0000-00-00'),(176,12,161,'0000-00-00'),(177,12,162,'0000-00-00'),(178,12,163,'0000-00-00'),(179,12,164,'0000-00-00'),(180,12,165,'0000-00-00'),(181,12,166,'0000-00-00'),(182,12,167,'0000-00-00'),(183,12,168,'0000-00-00'),(184,12,169,'0000-00-00'),(185,12,170,'0000-00-00'),(186,12,171,'0000-00-00'),(187,12,172,'0000-00-00'),(188,12,173,'0000-00-00'),(189,12,174,'0000-00-00'),(190,12,175,'0000-00-00'),(191,12,176,'0000-00-00'),(192,12,177,'0000-00-00'),(193,12,178,'0000-00-00'),(194,12,179,'0000-00-00'),(195,12,180,'0000-00-00'),(196,12,181,'0000-00-00'),(197,12,182,'0000-00-00'),(198,12,183,'0000-00-00'),(199,12,184,'0000-00-00'),(200,12,185,'0000-00-00'),(201,12,186,'0000-00-00'),(202,12,187,'0000-00-00'),(203,12,188,'0000-00-00'),(204,12,189,'0000-00-00'),(205,12,190,'0000-00-00'),(206,12,191,'0000-00-00'),(207,12,192,'0000-00-00'),(208,12,193,'0000-00-00'),(209,12,194,'0000-00-00'),(210,12,195,'0000-00-00'),(211,12,196,'0000-00-00'),(212,12,197,'0000-00-00'),(213,7,198,'0000-00-00'),(214,8,199,'0000-00-00'),(215,7,200,'0000-00-00'),(216,8,201,'0000-00-00'),(217,10,201,'0000-00-00'),(218,8,202,'0000-00-00'),(219,10,202,'0000-00-00'),(220,8,203,'0000-00-00'),(221,10,203,'0000-00-00'),(222,8,204,'0000-00-00'),(223,10,204,'0000-00-00'),(224,8,205,'0000-00-00'),(225,10,205,'0000-00-00'),(226,8,206,'0000-00-00'),(227,10,206,'0000-00-00'),(228,8,207,'0000-00-00'),(229,10,207,'0000-00-00'),(230,8,208,'0000-00-00'),(231,10,208,'0000-00-00'),(232,8,209,'0000-00-00'),(233,10,209,'0000-00-00'),(234,8,210,'0000-00-00'),(235,10,210,'0000-00-00'),(236,8,211,'0000-00-00'),(237,10,211,'0000-00-00'),(238,8,212,'0000-00-00'),(239,10,212,'0000-00-00'),(240,8,213,'0000-00-00'),(241,10,213,'0000-00-00'),(242,8,214,'0000-00-00'),(243,10,214,'0000-00-00'),(244,8,215,'0000-00-00'),(245,10,215,'0000-00-00'),(246,8,216,'0000-00-00'),(247,10,216,'0000-00-00'),(248,8,217,'0000-00-00'),(249,10,217,'0000-00-00'),(250,8,218,'0000-00-00'),(251,10,218,'0000-00-00'),(253,17,223,'0000-00-00'),(254,17,224,'0000-00-00'),(255,17,225,'0000-00-00'),(256,17,226,'0000-00-00'),(257,17,227,'0000-00-00'),(258,17,228,'0000-00-00'),(259,17,229,'0000-00-00'),(260,17,230,'0000-00-00'),(261,17,231,'0000-00-00'),(264,17,234,'0000-00-00'),(265,17,235,'0000-00-00'),(266,17,236,'0000-00-00'),(267,18,237,'0000-00-00'),(268,18,238,'0000-00-00'),(269,18,239,'0000-00-00'),(270,19,240,'0000-00-00'),(271,19,241,'0000-00-00'),(272,19,242,'0000-00-00'),(273,19,243,'0000-00-00'),(274,19,244,'0000-00-00'),(275,19,245,'0000-00-00'),(276,19,246,'0000-00-00'),(277,19,247,'0000-00-00'),(278,19,248,'0000-00-00'),(279,19,249,'0000-00-00'),(280,19,250,'0000-00-00'),(281,19,251,'0000-00-00'),(282,24,252,'0000-00-00'),(283,17,253,'0000-00-00'),(284,17,254,'0000-00-00'),(285,17,255,'0000-00-00'),(286,17,256,'0000-00-00'),(287,17,257,'0000-00-00'),(288,17,258,'0000-00-00'),(289,17,259,'0000-00-00'),(290,17,260,'0000-00-00'),(291,17,261,'0000-00-00'),(292,17,262,'0000-00-00'),(293,18,263,'0000-00-00'),(294,18,264,'0000-00-00'),(295,18,265,'0000-00-00'),(296,19,266,'0000-00-00'),(297,19,267,'0000-00-00'),(298,17,268,'0000-00-00'),(299,1,269,'0000-00-00'),(300,17,270,'0000-00-00'),(301,19,271,'0000-00-00'),(302,1,272,'0000-00-00'),(303,19,273,'0000-00-00');
UNLOCK TABLES;
/*!40000 ALTER TABLE `csm_pg_pe` ENABLE KEYS */;

--
-- Table structure for table `csm_privilege`
--

DROP TABLE IF EXISTS `csm_privilege`;
CREATE TABLE `csm_privilege` (
  `PRIVILEGE_ID` bigint(20) NOT NULL auto_increment,
  `PRIVILEGE_NAME` varchar(100) NOT NULL default '',
  `PRIVILEGE_DESCRIPTION` varchar(200) default NULL,
  `UPDATE_DATE` date NOT NULL default '0000-00-00',
  PRIMARY KEY  (`PRIVILEGE_ID`),
  UNIQUE KEY `UQ_PRIVILEGE_NAME` (`PRIVILEGE_NAME`)
) ENGINE=InnoDB;

--
-- Dumping data for table `csm_privilege`
--


/*!40000 ALTER TABLE `csm_privilege` DISABLE KEYS */;
LOCK TABLES `csm_privilege` WRITE;
INSERT INTO `csm_privilege` VALUES (1,'CREATE','This privilege grants permission to a user to create an entity. This entity can be an object, a database entry, or a resource such as a network connection','2005-08-22'),(2,'ACCESS','This privilege allows a user to access a particular resource.  Examples of resources include a network or database connection, socket, module of the application, or even the application itself','2005-08-22'),(3,'READ','This privilege permits the user to read data from a file, URL, database, an object, etc. This can be used at an entity level signifying that the user is allowed to read data about a particular entry','2005-08-22'),(4,'WRITE','This privilege allows a user to write data to a file, URL, database, an object, etc. This can be used at an entity level signifying that the user is allowed to write data about a particular entity','2005-08-22'),(5,'UPDATE','This privilege grants permission at an entity level and signifies that the user is allowed to update data for a particular entity. Entities may include an object, object attribute, database row etc','2005-08-22'),(6,'DELETE','This privilege permits a user to delete a logical entity. This entity can be an object, a database entry, a resource such as a network connection, etc','2005-08-22'),(7,'EXECUTE','This privilege allows a user to execute a particular resource. The resource can be a method, function, behavior of the application, URL, button etc','2005-08-22'),(8,'USE','This privilege allows a user to use a particular resource','2005-08-22'),(9,'ASSIGN_READ','This privilege allows a user to assign a read privilege to others','2005-08-22'),(10,'ASSIGN_USE','This privilege allows a user to assign a use privilege to others','2005-08-22'),(11,'IDENTIFIED_DATA_ACCESS','This privilege allows a user to view identified data of an object','2005-08-22'),(12,'READ_DENIED','This privilege doesnt permit the user to read data','2005-08-22');
UNLOCK TABLES;
/*!40000 ALTER TABLE `csm_privilege` ENABLE KEYS */;

--
-- Table structure for table `csm_protection_element`
--

DROP TABLE IF EXISTS `csm_protection_element`;
CREATE TABLE `csm_protection_element` (
  `PROTECTION_ELEMENT_ID` bigint(20) NOT NULL auto_increment,
  `PROTECTION_ELEMENT_NAME` varchar(100) NOT NULL default '',
  `PROTECTION_ELEMENT_DESCRIPTION` varchar(200) default NULL,
  `OBJECT_ID` varchar(100) NOT NULL default '',
  `ATTRIBUTE` varchar(100) default NULL,
  `PROTECTION_ELEMENT_TYPE_ID` decimal(10,0) default NULL,
  `APPLICATION_ID` bigint(20) NOT NULL default '0',
  `UPDATE_DATE` date NOT NULL default '0000-00-00',
  PRIMARY KEY  (`PROTECTION_ELEMENT_ID`),
  UNIQUE KEY `UQ_PE_PE_NAME_ATTRIBUTE_APP_ID` (`OBJECT_ID`,`ATTRIBUTE`,`APPLICATION_ID`),
  KEY `idx_APPLICATION_ID` (`APPLICATION_ID`),
  CONSTRAINT `csm_protection_element_ibfk_1` FOREIGN KEY (`APPLICATION_ID`) REFERENCES `csm_application` (`APPLICATION_ID`) ON DELETE CASCADE,
  CONSTRAINT `csm_protection_element_ibfk_2` FOREIGN KEY (`APPLICATION_ID`) REFERENCES `csm_application` (`APPLICATION_ID`) ON DELETE CASCADE,
  CONSTRAINT `csm_protection_element_ibfk_3` FOREIGN KEY (`APPLICATION_ID`) REFERENCES `csm_application` (`APPLICATION_ID`) ON DELETE CASCADE,
  CONSTRAINT `csm_protection_element_ibfk_4` FOREIGN KEY (`APPLICATION_ID`) REFERENCES `csm_application` (`APPLICATION_ID`) ON DELETE CASCADE,
  CONSTRAINT `csm_protection_element_ibfk_5` FOREIGN KEY (`APPLICATION_ID`) REFERENCES `csm_application` (`APPLICATION_ID`) ON DELETE CASCADE
) ENGINE=InnoDB;

--
-- Dumping data for table `csm_protection_element`
--


/*!40000 ALTER TABLE `csm_protection_element` DISABLE KEYS */;
LOCK TABLES `csm_protection_element` WRITE;
INSERT INTO `csm_protection_element` VALUES (9,'edu.wustl.catissuecore.domain.User_1','User class','edu.wustl.catissuecore.domain.User_1',NULL,NULL,1,'0000-00-00'),(10,'Participant','Participant class','edu.wustl.catissuecore.domain.Participant',NULL,NULL,1,'0000-00-00'),(11,'ParticipantMedicalIdentifier','ParticipantMedicalIdentifier class','edu.wustl.catissuecore.domain.ParticipantMedicalIdentifier',NULL,NULL,1,'0000-00-00'),(12,'ClinicalReport','ClinicalReport class','edu.wustl.catissuecore.domain.ClinicalReport',NULL,NULL,1,'0000-00-00'),(13,'SpecimenCollectionGroup','SpecimenCollectionGroup class','edu.wustl.catissuecore.domain.SpecimenCollectionGroup',NULL,NULL,1,'0000-00-00'),(14,'CollectionProtocolRegistration','CollectionProtocolRegistration class','edu.wustl.catissuecore.domain.CollectionProtocolRegistration',NULL,NULL,1,'0000-00-00'),(15,'SpecimenCharacteristics','SpecimenCharacteristics class','edu.wustl.catissuecore.domain.SpecimenCharacteristics',NULL,NULL,1,'0000-00-00'),(16,'FluidSpecimen','FluidSpecimen class','edu.wustl.catissuecore.domain.FluidSpecimen',NULL,NULL,1,'0000-00-00'),(17,'TissueSpecimen','TissueSpecimen class','edu.wustl.catissuecore.domain.TissueSpecimen',NULL,NULL,1,'0000-00-00'),(18,'CellSpecimen','CellSpecimen class','edu.wustl.catissuecore.domain.CellSpecimen',NULL,NULL,1,'0000-00-00'),(19,'MolecularSpecimen','MolecularSpecimen class','edu.wustl.catissuecore.domain.MolecularSpecimen',NULL,NULL,1,'0000-00-00'),(20,'Biohazard','Biohazard class','edu.wustl.catissuecore.domain.Biohazard',NULL,NULL,1,'0000-00-00'),(21,'Specimen','Specimen class','edu.wustl.catissuecore.domain.Specimen',NULL,NULL,1,'0000-00-00'),(22,'ExternalIdentifier','ExternalIdentifier class','edu.wustl.catissuecore.domain.ExternalIdentifier',NULL,NULL,1,'0000-00-00'),(23,'EventParameters','EventParameters class','edu.wustl.catissuecore.domain.EventParameters',NULL,NULL,1,'0000-00-00'),(24,'FluidSpecimenReviewEventParameters','FluidSpecimenReviewEventParameters class','edu.wustl.catissuecore.domain.FluidSpecimenReviewEventParameters',NULL,NULL,1,'0000-00-00'),(25,'CellSpecimenReviewParameters','CellSpecimenReviewParameters class','edu.wustl.catissuecore.domain.CellSpecimenReviewParameters',NULL,NULL,1,'0000-00-00'),(26,'TissueSpecimenReviewEventParameters','TissueSpecimenReviewEventParameters class','edu.wustl.catissuecore.domain.TissueSpecimenReviewEventParameters',NULL,NULL,1,'0000-00-00'),(27,'MolecularSpecimenReviewParameters','MolecularSpecimenReviewParameters class','edu.wustl.catissuecore.domain.MolecularSpecimenReviewParameters',NULL,NULL,1,'0000-00-00'),(28,'CheckInCheckOutEventParameter','CheckInCheckOutEventParameter class','edu.wustl.catissuecore.domain.CheckInCheckOutEventParameter',NULL,NULL,1,'0000-00-00'),(29,'FrozenEventParameters','FrozenEventParameters class','edu.wustl.catissuecore.domain.FrozenEventParameters',NULL,NULL,1,'0000-00-00'),(30,'EmbeddedEventParameters','EmbeddedEventParameters class','edu.wustl.catissuecore.domain.EmbeddedEventParameters',NULL,NULL,1,'0000-00-00'),(31,'ReviewEventParameters','ReviewEventParameters class','edu.wustl.catissuecore.domain.ReviewEventParameters',NULL,NULL,1,'0000-00-00'),(32,'SpunEventParameters','SpunEventParameters class','edu.wustl.catissuecore.domain.SpunEventParameters',NULL,NULL,1,'0000-00-00'),(33,'ThawEventParameters','ThawEventParameters class','edu.wustl.catissuecore.domain.ThawEventParameters',NULL,NULL,1,'0000-00-00'),(34,'SpecimenEventParameters','SpecimenEventParameters class','edu.wustl.catissuecore.domain.SpecimenEventParameters',NULL,NULL,1,'0000-00-00'),(35,'ReceivedEventParameters','ReceivedEventParameters class','edu.wustl.catissuecore.domain.ReceivedEventParameters',NULL,NULL,1,'0000-00-00'),(36,'DisposalEventParameters','DisposalEventParameters class','edu.wustl.catissuecore.domain.DisposalEventParameters',NULL,NULL,1,'0000-00-00'),(37,'FixedEventParameters','FixedEventParameters class','edu.wustl.catissuecore.domain.FixedEventParameters',NULL,NULL,1,'0000-00-00'),(38,'ProcedureEventParameters','ProcedureEventParameters class','edu.wustl.catissuecore.domain.ProcedureEventParameters',NULL,NULL,1,'0000-00-00'),(39,'TransferEventParameters','TransferEventParameters class','edu.wustl.catissuecore.domain.TransferEventParameters',NULL,NULL,1,'0000-00-00'),(40,'CollectionEventParameters','CollectionEventParameters class','edu.wustl.catissuecore.domain.CollectionEventParameters',NULL,NULL,1,'0000-00-00'),(41,'Site','Site class','edu.wustl.catissuecore.domain.Site',NULL,NULL,1,'0000-00-00'),(42,'StorageContainer','StorageContainer class','edu.wustl.catissuecore.domain.StorageContainer',NULL,NULL,1,'0000-00-00'),(43,'StorageContainerDetails','StorageContainerDetails class','edu.wustl.catissuecore.domain.StorageContainerDetails',NULL,NULL,1,'0000-00-00'),(44,'StorageContainerCapacity','StorageContainerCapacity class','edu.wustl.catissuecore.domain.StorageContainerCapacity',NULL,NULL,1,'0000-00-00'),(45,'StorageType','StorageType class','edu.wustl.catissuecore.domain.StorageType',NULL,NULL,1,'0000-00-00'),(46,'User','User class','edu.wustl.catissuecore.domain.User',NULL,NULL,1,'0000-00-00'),(47,'Address','Address class','edu.wustl.catissuecore.domain.Address',NULL,NULL,1,'0000-00-00'),(48,'CancerResearchGroup','CancerResearchGroup class','edu.wustl.catissuecore.domain.CancerResearchGroup',NULL,NULL,1,'0000-00-00'),(50,'Department','Department class','edu.wustl.catissuecore.domain.Department',NULL,NULL,1,'0000-00-00'),(51,'Institution','Institution class','edu.wustl.catissuecore.domain.Institution',NULL,NULL,1,'0000-00-00'),(52,'Distribution','Distribution class','edu.wustl.catissuecore.domain.Distribution',NULL,NULL,1,'0000-00-00'),(53,'DistributedItem','DistributedItem class','edu.wustl.catissuecore.domain.DistributedItem',NULL,NULL,1,'0000-00-00'),(54,'CollectionProtocolEvent','CollectionProtocolEvent class','edu.wustl.catissuecore.domain.CollectionProtocolEvent',NULL,NULL,1,'0000-00-00'),(55,'CollectionProtocol','CollectionProtocol class','edu.wustl.catissuecore.domain.CollectionProtocol',NULL,NULL,1,'0000-00-00'),(56,'DistributionProtocol','DistributionProtocol class','edu.wustl.catissuecore.domain.DistributionProtocol',NULL,NULL,1,'0000-00-00'),(57,'SpecimenProtocol','SpecimenProtocol class','edu.wustl.catissuecore.domain.SpecimenProtocol',NULL,NULL,1,'0000-00-00'),(58,'MolecularSpecimenRequirement','MolecularSpecimenRequirement class','edu.wustl.catissuecore.domain.MolecularSpecimenRequirement',NULL,NULL,1,'0000-00-00'),(59,'FluidSpecimenRequirement','FluidSpecimenRequirement class','edu.wustl.catissuecore.domain.FluidSpecimenRequirement',NULL,NULL,1,'0000-00-00'),(60,'SpecimenRequirement','SpecimenRequirement class','edu.wustl.catissuecore.domain.SpecimenRequirement',NULL,NULL,1,'0000-00-00'),(61,'CellSpecimenRequirement','CellSpecimenRequirement class','edu.wustl.catissuecore.domain.CellSpecimenRequirement',NULL,NULL,1,'0000-00-00'),(62,'TissueSpecimenRequirement','TissueSpecimenRequirement class','edu.wustl.catissuecore.domain.TissueSpecimenRequirement',NULL,NULL,1,'0000-00-00'),(63,'Participant_systemIdentifier','Participant systemIdentifier attribute','edu.wustl.catissuecore.domain.Participant','systemIdentifier',NULL,1,'0000-00-00'),(64,'Participant_lastName','Participant lastName attribute','edu.wustl.catissuecore.domain.Participant','lastName',NULL,1,'0000-00-00'),(65,'Participant_firstName','Participant firstName attribute','edu.wustl.catissuecore.domain.Participant','firstName',NULL,1,'0000-00-00'),(66,'Participant_middleName','Participant middleName attribute','edu.wustl.catissuecore.domain.Participant','middleName',NULL,1,'0000-00-00'),(67,'Participant_birthDate','Participant birthDate attribute','edu.wustl.catissuecore.domain.Participant','birthDate',NULL,1,'0000-00-00'),(68,'Participant_gender','Participant gender attribute','edu.wustl.catissuecore.domain.Participant',' gender',NULL,1,'0000-00-00'),(69,'Participant_genotype','Participant genotype attribute','edu.wustl.catissuecore.domain.Participant','genotype',NULL,1,'0000-00-00'),(70,'Participant_race','Participant race attribute','edu.wustl.catissuecore.domain.Participant','race',NULL,1,'0000-00-00'),(71,'Participant_ethnicity','Participant ethnicity attribute','edu.wustl.catissuecore.domain.Participant','ethnicity',NULL,1,'0000-00-00'),(72,'Participant_socialSecurityNumber','Participant socialSecurityNumber attribute','edu.wustl.catissuecore.domain.Participant','socialSecurityNumber',NULL,1,'0000-00-00'),(73,'Participant_activityStatusr','Participant activityStatus attribute','edu.wustl.catissuecore.domain.Participant','activityStatus',NULL,1,'0000-00-00'),(74,'ParticipantMedicalIdentifier_systemIdentifier','Participant MedicalsystemIdentifier attribute','edu.wustl.catissuecore.domain.ParticipantMedicalIdentifier','systemIdentifier',NULL,1,'0000-00-00'),(75,'ParticipantMedicalIdentifier_medicalRecordNumber','Participant MedicalmedicalRecordNumber attribute','edu.wustl.catissuecore.domain.ParticipantMedicalIdentifier','medicalRecordNumber',NULL,1,'0000-00-00'),(76,'ClinicalReport_systemIdentifier','ClinicalReport systemIdentifier attribute','edu.wustl.catissuecore.domain.ClinicalReport','systemIdentifier',NULL,1,'0000-00-00'),(77,'ClinicalReport_surgicalPathologyNumber','ClinicalReport surgicalPathologyNumber attribute','edu.wustl.catissuecore.domain.ClinicalReport','surgicalPathologyNumber',NULL,1,'0000-00-00'),(78,'SpecimenCollectionGroup_systemIdentifier','SpecimenCollectionGroup systemIdentifier attribute','edu.wustl.catissuecore.domain.SpecimenCollectionGroup','systemIdentifier',NULL,1,'0000-00-00'),(79,'SpecimenCollectionGroup_clinicalDiagnosis','SpecimenCollectionGroup clinicalDiagnosis attribute','edu.wustl.catissuecore.domain.SpecimenCollectionGroup','clinicalDiagnosis',NULL,1,'0000-00-00'),(80,'SpecimenCollectionGroup_clinicalStatus','SpecimenCollectionGroup clinicalStatus attribute','edu.wustl.catissuecore.domain.SpecimenCollectionGroup','clinicalStatus',NULL,1,'0000-00-00'),(81,'SpecimenCollectionGroup_activityStatus','SpecimenCollectionGroup activityStatus attribute','edu.wustl.catissuecore.domain.SpecimenCollectionGroup','activityStatus',NULL,1,'0000-00-00'),(82,'DistributedItem_systemIdentifier','DistributedItem systemIdentifier attribute','edu.wustl.catissuecore.domain.DistributedItem','systemIdentifier',NULL,1,'0000-00-00'),(83,'DistributedItem_quantity','DistributedItem quantity attribute','edu.wustl.catissuecore.domain.DistributedItem','quantity',NULL,1,'0000-00-00'),(84,'CollectionProtocolRegistration_systemIdentifier','CollectionProtocolRegistration systemIdentifier attribute','edu.wustl.catissuecore.domain.CollectionProtocolRegistration','systemIdentifier',NULL,1,'0000-00-00'),(85,'CollectionProtocolRegistration_protocolParticipantIdentifier','CollectionProtocolRegistration protocolParticipantIdentifier attribute','edu.wustl.catissuecore.domain.CollectionProtocolRegistration','protocolParticipantIdentifier',NULL,1,'0000-00-00'),(86,'CollectionProtocolRegistration_registrationDate','CollectionProtocolRegistration registrationDate attribute','edu.wustl.catissuecore.domain.CollectionProtocolRegistration','registrationDate',NULL,1,'0000-00-00'),(87,'SpecimenCharacteristics_tissueSite','SpecimenCharacteristics tissueSite attribute','edu.wustl.catissuecore.domain.SpecimenCharacteristics','tissueSite',NULL,1,'0000-00-00'),(89,'SpecimenCharacteristics_tissueSide','SpecimenCharacteristics tissueSide attribute','edu.wustl.catissuecore.domain.SpecimenCharacteristics','tissueSide',NULL,1,'0000-00-00'),(90,'SpecimenCharacteristics_pathologicalStatus','SpecimenCharacteristics pathologicalStatus attribute','edu.wustl.catissuecore.domain.SpecimenCharacteristics','pathologicalStatus',NULL,1,'0000-00-00'),(91,'FluidSpecimen_quantityInMilliliter','FluidSpecimen quantityInMilliliter attribute','edu.wustl.catissuecore.domain.FluidSpecimen','quantityInMilliliter',NULL,1,'0000-00-00'),(92,'FluidSpecimen_availableQuantityInMilliliter','FluidSpecimen availableQuantityInMilliliter attribute','edu.wustl.catissuecore.domain.FluidSpecimen','availableQuantityInMilliliter',NULL,1,'0000-00-00'),(93,'TissueSpecimen_quantityInGram','TissueSpecimen quantityInGram attribute','edu.wustl.catissuecore.domain.TissueSpecimen','quantityInGram',NULL,1,'0000-00-00'),(94,'TissueSpecimen_availableQuantityInGram','TissueSpecimen availableQuantityInGram attribute','edu.wustl.catissuecore.domain.TissueSpecimen','availableQuantityInGram',NULL,1,'0000-00-00'),(95,'Specimen_systemIdentifier','Specimen systemIdentifier attribute','edu.wustl.catissuecore.domain.Specimen','systemIdentifier',NULL,1,'0000-00-00'),(96,'Specimen_type','Specimen type attribute','edu.wustl.catissuecore.domain.Specimen','type',NULL,1,'0000-00-00'),(97,'Specimen_available','Specimen available attribute','edu.wustl.catissuecore.domain.Specimen','available',NULL,1,'0000-00-00'),(98,'Specimen_positionDimensionOne','Specimen positionDimensionOne attribute','edu.wustl.catissuecore.domain.Specimen','positionDimensionOne',NULL,1,'0000-00-00'),(99,'Specimen_positionDimensionTwo','Specimen positionDimensionTwo attribute','edu.wustl.catissuecore.domain.Specimen','positionDimensionTwo',NULL,1,'0000-00-00'),(100,'Specimen_barcode','Specimen barcode attribute','edu.wustl.catissuecore.domain.Specimen','barcode',NULL,1,'0000-00-00'),(101,'Specimen_comments','Specimen comments attribute','edu.wustl.catissuecore.domain.Specimen','comments',NULL,1,'0000-00-00'),(102,'Specimen_activityStatus','Specimen activityStatus attribute','edu.wustl.catissuecore.domain.Specimen','activityStatus',NULL,1,'0000-00-00'),(103,'CellSpecimen_quantityInCellCount','CellSpecimen quantityInCellCount attribute','edu.wustl.catissuecore.domain.CellSpecimen','quantityInCellCount',NULL,1,'0000-00-00'),(104,'CellSpecimen_availableQuantityInCellCount','CellSpecimen availableQuantityInCellCount attribute','edu.wustl.catissuecore.domain.CellSpecimen','availableQuantityInCellCount',NULL,1,'0000-00-00'),(105,'MolecularSpecimen_concentrationInMicrogramPerMicroliter','MolecularSpecimen concentrationInMicrogramPerMicroliter attribute','edu.wustl.catissuecore.domain.MolecularSpecimen','concentrationInMicrogramPerMicroliter',NULL,1,'0000-00-00'),(106,'MolecularSpecimen_quantityInMicrogram','MolecularSpecimen quantityInMicrogram attribute','edu.wustl.catissuecore.domain.MolecularSpecimen','quantityInMicrogram',NULL,1,'0000-00-00'),(107,'MolecularSpecimen_availableQuantityInMicrogram','MolecularSpecimen availableQuantityInMicrogram attribute','edu.wustl.catissuecore.domain.MolecularSpecimen','availableQuantityInMicrogram',NULL,1,'0000-00-00'),(108,'ExternalIdentifier_systemIdentifier','ExternalIdentifier systemIdentifier attribute','edu.wustl.catissuecore.domain.ExternalIdentifier','systemIdentifier',NULL,1,'0000-00-00'),(109,'ExternalIdentifier_name','ExternalIdentifier name attribute','edu.wustl.catissuecore.domain.ExternalIdentifier','name',NULL,1,'0000-00-00'),(110,'ExternalIdentifier_value','ExternalIdentifier value attribute','edu.wustl.catissuecore.domain.ExternalIdentifier','value',NULL,1,'0000-00-00'),(111,'Biohazardr_systemIdentifier','Biohazard systemIdentifier attribute','edu.wustl.catissuecore.domain.Biohazard','systemIdentifier',NULL,1,'0000-00-00'),(112,'Biohazardr_name','Biohazard name attribute','edu.wustl.catissuecore.domain.Biohazard','name',NULL,1,'0000-00-00'),(113,'Biohazardr_comments','Biohazard comments attribute','edu.wustl.catissuecore.domain.Biohazard','comments',NULL,1,'0000-00-00'),(114,'Biohazardr_type','Biohazard type attribute','edu.wustl.catissuecore.domain.Biohazard','type',NULL,1,'0000-00-00'),(115,'EventParameters_systemIdentifier','EventParameters systemIdentifier attribute','edu.wustl.catissuecore.domain.EventParameters','systemIdentifier',NULL,1,'0000-00-00'),(116,'EventParameters_timestamp','EventParameters timestamp attribute','edu.wustl.catissuecore.domain.EventParameters','timestamp',NULL,1,'0000-00-00'),(117,'EventParameters_user','EventParameters user attribute','edu.wustl.catissuecore.domain.EventParameters','user',NULL,1,'0000-00-00'),(118,'EventParameters_comments','EventParameters comments attribute','edu.wustl.catissuecore.domain.EventParameters','comments',NULL,1,'0000-00-00'),(119,'FluidSpecimenReviewEventParameters_cellCount','FluidSpecimenReviewEventParameters cellCount attribute','edu.wustl.catissuecore.domain.FluidSpecimenReviewEventParameters','cellCount',NULL,1,'0000-00-00'),(120,'SpunEventParameters_gForce','SpunEventParameters gForce attribute','edu.wustl.catissuecore.domain.SpunEventParameters','gForce',NULL,1,'0000-00-00'),(121,'SpunEventParameters_durationInMinutes','SpunEventParameters durationInMinutes attribute','edu.wustl.catissuecore.domain.SpunEventParameters','durationInMinutes',NULL,1,'0000-00-00'),(122,'CellSpecimenReviewParameters_neoplasticCellularityPercentage','CellSpecimenReviewParameters neoplasticCellularityPercentage attribute','edu.wustl.catissuecore.domain.CellSpecimenReviewParameters','neoplasticCellularityPercentage',NULL,1,'0000-00-00'),(123,'CellSpecimenReviewParameters_viableCellPercentage','CellSpecimenReviewParameters viableCellPercentage attribute','edu.wustl.catissuecore.domain.CellSpecimenReviewParameters','viableCellPercentage',NULL,1,'0000-00-00'),(124,'EmbeddedEventParameters_embeddingMedium','EmbeddedEventParameters embeddingMedium attribute','edu.wustl.catissuecore.domain.EmbeddedEventParameters','embeddingMedium',NULL,1,'0000-00-00'),(125,'FrozenEventParameters_method','FrozenEventParameters method attribute','edu.wustl.catissuecore.domain.FrozenEventParameters','method',NULL,1,'0000-00-00'),(126,'CheckInCheckOutEventParameter_storageStatus','CheckInCheckOutEventParameter storageStatus attribute','edu.wustl.catissuecore.domain.CheckInCheckOutEventParameter','storageStatus',NULL,1,'0000-00-00'),(127,'TissueSpecimenReviewEventParameters_neoplasticCellularityPercentage','TissueSpecimenReviewEventParameters neoplasticCellularityPercentage attribute','edu.wustl.catissuecore.domain.TissueSpecimenReviewEventParameters','neoplasticCellularityPercentage',NULL,1,'0000-00-00'),(128,'TissueSpecimenReviewEventParameters_necrosisPercentage','TissueSpecimenReviewEventParameters necrosisPercentage attribute','edu.wustl.catissuecore.domain.TissueSpecimenReviewEventParameters','necrosisPercentage',NULL,1,'0000-00-00'),(129,'TissueSpecimenReviewEventParameters_lymphocyticPercentage','TissueSpecimenReviewEventParameters lymphocyticPercentage attribute','edu.wustl.catissuecore.domain.TissueSpecimenReviewEventParameters','lymphocyticPercentage',NULL,1,'0000-00-00'),(130,'TissueSpecimenReviewEventParameters_totalCellularityPercentage','TissueSpecimenReviewEventParameters totalCellularityPercentage attribute','edu.wustl.catissuecore.domain.TissueSpecimenReviewEventParameters','totalCellularityPercentage',NULL,1,'0000-00-00'),(131,'TissueSpecimenReviewEventParameters_histologicalQuality','TissueSpecimenReviewEventParameters histologicalQuality attribute','edu.wustl.catissuecore.domain.TissueSpecimenReviewEventParameters','histologicalQuality',NULL,1,'0000-00-00'),(132,'MolecularSpecimenReviewParameters_gelImageURL','MolecularSpecimenReviewParameters gelImageURL attribute','edu.wustl.catissuecore.domain.MolecularSpecimenReviewParameters','gelImageURL',NULL,1,'0000-00-00'),(133,'MolecularSpecimenReviewParameters_qualityIndex','MolecularSpecimenReviewParameters qualityIndex attribute','edu.wustl.catissuecore.domain.MolecularSpecimenReviewParameters','qualityIndex',NULL,1,'0000-00-00'),(134,'MolecularSpecimenReviewParameters_laneNumber','MolecularSpecimenReviewParameters laneNumber attribute','edu.wustl.catissuecore.domain.MolecularSpecimenReviewParameters','laneNumber',NULL,1,'0000-00-00'),(135,'MolecularSpecimenReviewParameters_gelNumber','MolecularSpecimenReviewParameters gelNumber attribute','edu.wustl.catissuecore.domain.MolecularSpecimenReviewParameters','gelNumber',NULL,1,'0000-00-00'),(136,'MolecularSpecimenReviewParameters_absorbanceAt260','MolecularSpecimenReviewParameters absorbanceAt260 attribute','edu.wustl.catissuecore.domain.MolecularSpecimenReviewParameters','absorbanceAt260',NULL,1,'0000-00-00'),(137,'MolecularSpecimenReviewParameters_absorbanceAt280','MolecularSpecimenReviewParameters absorbanceAt280 attribute','edu.wustl.catissuecore.domain.MolecularSpecimenReviewParameters','absorbanceAt280',NULL,1,'0000-00-00'),(138,'MolecularSpecimenReviewParameters_ratio28STo18S','MolecularSpecimenReviewParameters ratio28STo18S attribute','edu.wustl.catissuecore.domain.MolecularSpecimenReviewParameters','ratio28STo18S',NULL,1,'0000-00-00'),(139,'TransferEventParameters _fromPositionDimensionOne','TransferEventParameters  fromPositionDimensionOne attribute','edu.wustl.catissuecore.domain.TransferEventParameters','fromPositionDimensionOne',NULL,1,'0000-00-00'),(140,'TransferEventParameters _fromPositionDimensionTwo','TransferEventParameters  fromPositionDimensionTwo attribute','edu.wustl.catissuecore.domain.TransferEventParameters','fromPositionDimensionTwo',NULL,1,'0000-00-00'),(141,'TransferEventParameters _toPositionDimensionOne','TransferEventParameters  toPositionDimensionOne attribute','edu.wustl.catissuecore.domain.TransferEventParameters','toPositionDimensionOne',NULL,1,'0000-00-00'),(142,'TransferEventParameters _toPositionDimensionTwo','TransferEventParameters  toPositionDimensionTwo attribute','edu.wustl.catissuecore.domain.TransferEventParameters','toPositionDimensionTwo',NULL,1,'0000-00-00'),(143,'ReceivedEventParameters _receivedQuality','ReceivedEventParameters receivedQuality attribute','edu.wustl.catissuecore.domain.ReceivedEventParameters','receivedQuality',NULL,1,'0000-00-00'),(144,'DisposalEventParameters _reason','DisposalEventParameters reason attribute','edu.wustl.catissuecore.domain.DisposalEventParameters','reason',NULL,1,'0000-00-00'),(145,'FixedEventParameters_fixationType','FixedEventParameters fixationType attribute','edu.wustl.catissuecore.domain.FixedEventParameters','fixationType',NULL,1,'0000-00-00'),(146,'FixedEventParameters_durationInMinutes','FixedEventParameters durationInMinutes attribute','edu.wustl.catissuecore.domain.FixedEventParameters','durationInMinutes',NULL,1,'0000-00-00'),(147,'CollectionEventParameters_collectionProcedure','CollectionEventParameters collectionProcedure attribute','edu.wustl.catissuecore.domain.CollectionEventParameters','collectionProcedure',NULL,1,'0000-00-00'),(148,'CollectionEventParameters_String container','CollectionEventParameters container attribute','edu.wustl.catissuecore.domain.CollectionEventParameters',' container',NULL,1,'0000-00-00'),(149,'ProcedureEventParameters_url','ProcedureEventParameters url attribute','edu.wustl.catissuecore.domain.ProcedureEventParameters','url',NULL,1,'0000-00-00'),(150,'ProcedureEventParameters_name','ProcedureEventParameters name attribute','edu.wustl.catissuecore.domain.ProcedureEventParameters','name',NULL,1,'0000-00-00'),(151,'StorageContainer_systemIdentifier','StorageContainer systemIdentifier attribute','edu.wustl.catissuecore.domain.StorageContainer','systemIdentifier',NULL,1,'0000-00-00'),(152,'StorageContainer_name','StorageContainer  name attribute','edu.wustl.catissuecore.domain.StorageContainer',' name',NULL,1,'0000-00-00'),(153,'StorageContainer_tempratureInCentigrade','StorageContainer tempratureInCentigrade attribute','edu.wustl.catissuecore.domain.StorageContainer','tempratureInCentigrade',NULL,1,'0000-00-00'),(154,'StorageContainer_isFull','StorageContainer isFull attribute','edu.wustl.catissuecore.domain.StorageContainer','isFull',NULL,1,'0000-00-00'),(155,'StorageContainer_barcode','StorageContainer barcode attribute','edu.wustl.catissuecore.domain.StorageContainer','activityStatus',NULL,1,'0000-00-00'),(156,'StorageContainer_activityStatus','StorageContainer activityStatus attribute','edu.wustl.catissuecore.domain.StorageContainer','barcode',NULL,1,'0000-00-00'),(157,'StorageContainer_positionDimensionOne','StorageContainer positionDimensionOne attribute','edu.wustl.catissuecore.domain.StorageContainer','positionDimensionOne',NULL,1,'0000-00-00'),(158,'StorageContainer_positionDimensionTwo','StorageContainer positionDimensionTwo attribute','edu.wustl.catissuecore.domain.StorageContainer','positionDimensionTwo',NULL,1,'0000-00-00'),(159,'Site_systemIdentifier','Site systemIdentifier attribute','edu.wustl.catissuecore.domain.Site','systemIdentifier',NULL,1,'0000-00-00'),(160,'Site_name','Site name attribute','edu.wustl.catissuecore.domain.Site','name',NULL,1,'0000-00-00'),(161,'Site_type','Site type attribute','edu.wustl.catissuecore.domain.Site','type',NULL,1,'0000-00-00'),(162,'Site_emailAddress','Site emailAddress attribute','edu.wustl.catissuecore.domain.Site','emailAddress',NULL,1,'0000-00-00'),(163,'Site_coordinator','Site coordinator attribute','edu.wustl.catissuecore.domain.Site','coordinator',NULL,1,'0000-00-00'),(164,'Site_activityStatus','Site activityStatus attribute','edu.wustl.catissuecore.domain.Site','activityStatusr',NULL,1,'0000-00-00'),(165,'Address_systemIdentifier','Address systemIdentifier attribute','edu.wustl.catissuecore.domain.Address','systemIdentifier',NULL,1,'0000-00-00'),(166,'Address_street','Address street attribute','edu.wustl.catissuecore.domain.Address','street',NULL,1,'0000-00-00'),(167,'Address_city','Address city attribute','edu.wustl.catissuecore.domain.Address','city',NULL,1,'0000-00-00'),(168,'Address_state','Address state attribute','edu.wustl.catissuecore.domain.Address','state',NULL,1,'0000-00-00'),(169,'Address_country','Address country attribute','edu.wustl.catissuecore.domain.Address','country',NULL,1,'0000-00-00'),(170,'Address_zipCode','Address zipCode attribute','edu.wustl.catissuecore.domain.Address','zipCode',NULL,1,'0000-00-00'),(171,'Address_phoneNumber','Address phoneNumber attribute','edu.wustl.catissuecore.domain.Address','phoneNumber',NULL,1,'0000-00-00'),(172,'Address_faxNumber','Address faxNumber attribute','edu.wustl.catissuecore.domain.Address','faxNumber',NULL,1,'0000-00-00'),(173,'Address_emailAddress','Address emailAddress attribute','edu.wustl.catissuecore.domain.Address','emailAddress',NULL,1,'0000-00-00'),(174,'User_systemIdentifier','User systemIdentifier attribute','edu.wustl.catissuecore.domain.User','systemIdentifier',NULL,1,'0000-00-00'),(175,'User_lastName','User lastName attribute','edu.wustl.catissuecore.domain.User','lastName',NULL,1,'0000-00-00'),(176,'User_firstName','User firstName attribute','edu.wustl.catissuecore.domain.User','firstName',NULL,1,'0000-00-00'),(177,'User_password','User password attribute','edu.wustl.catissuecore.domain.User','password',NULL,1,'0000-00-00'),(178,'User_dateAdded','User dateAdded attribute','edu.wustl.catissuecore.domain.User','dateAdded',NULL,1,'0000-00-00'),(179,'User_activityStatus','User activityStatus attribute','edu.wustl.catissuecore.domain.User','activityStatus',NULL,1,'0000-00-00'),(180,'User_comments','User comments attribute','edu.wustl.catissuecore.domain.User','comments',NULL,1,'0000-00-00'),(181,'StorageContainerDetails_systemIdentifier','StorageContainerDetails systemIdentifier attribute','edu.wustl.catissuecore.domain.StorageContainerDetails','systemIdentifier',NULL,1,'0000-00-00'),(182,'StorageContainerDetails_parameterName','StorageContainerDetails parameterName attribute','edu.wustl.catissuecore.domain.StorageContainerDetails','parameterName',NULL,1,'0000-00-00'),(183,'StorageContainerDetails_parameterValue','StorageContainerDetails parameterValue attribute','edu.wustl.catissuecore.domain.StorageContainerDetails','parameterValue',NULL,1,'0000-00-00'),(184,'StorageContainerCapacity_systemIdentifier','StorageContainerCapacity systemIdentifier attribute','edu.wustl.catissuecore.domain.StorageContainerCapacity','systemIdentifier',NULL,1,'0000-00-00'),(185,'StorageContainerCapacity_oneDimensionCapacity','StorageContainerCapacity oneDimensionCapacity attribute','edu.wustl.catissuecore.domain.StorageContainerCapacity','oneDimensionCapacity',NULL,1,'0000-00-00'),(186,'StorageContainerCapacity_twoDimensionCapacity','StorageContainerCapacity twoDimensionCapacity attribute','edu.wustl.catissuecore.domain.StorageContainerCapacity','twoDimensionCapacity',NULL,1,'0000-00-00'),(187,' StorageType_systemIdentifier',' StorageType systemIdentifier attribute','edu.wustl.catissuecore.domain. StorageType','systemIdentifier',NULL,1,'0000-00-00'),(188,' StorageType_type',' StorageType type attribute','edu.wustl.catissuecore.domain. StorageType','type',NULL,1,'0000-00-00'),(189,' StorageType_defaultTempratureInCentigrade',' StorageType defaultTempratureInCentigrade attribute','edu.wustl.catissuecore.domain. StorageType','defaultTempratureInCentigrade',NULL,1,'0000-00-00'),(190,' StorageType_oneDimensionLabel',' StorageType oneDimensionLabel attribute','edu.wustl.catissuecore.domain. StorageType','oneDimensionLabel',NULL,1,'0000-00-00'),(191,' StorageType_twoDimensionLabel',' StorageType twoDimensionLabel attribute','edu.wustl.catissuecore.domain. StorageType','twoDimensionLabel',NULL,1,'0000-00-00'),(192,'Institution_systemIdentifier','Institution systemIdentifier attribute','edu.wustl.catissuecore.domain.Institution','systemIdentifier',NULL,1,'0000-00-00'),(193,'Institution_name','Institution name attribute','edu.wustl.catissuecore.domain.Institution','name',NULL,1,'0000-00-00'),(194,'Department_systemIdentifier','Department systemIdentifier attribute','edu.wustl.catissuecore.domain.Department','systemIdentifier',NULL,1,'0000-00-00'),(195,'Department_name','Department name attribute','edu.wustl.catissuecore.domain.Department','name',NULL,1,'0000-00-00'),(196,'CancerResearchGroup_systemIdentifier','CancerResearchGroup systemIdentifier attribute','edu.wustl.catissuecore.domain.CancerResearchGroup','systemIdentifier',NULL,1,'0000-00-00'),(197,'CancerResearchGroup_name','CancerResearchGroup name attribute','edu.wustl.catissuecore.domain.CancerResearchGroup','name',NULL,1,'0000-00-00'),(198,'CollectionProtocolEvent_systemIdentifier','CollectionProtocolEvent systemIdentifier attribute','edu.wustl.catissuecore.domain.CollectionProtocolEvent','systemIdentifier',NULL,1,'0000-00-00'),(199,'CollectionProtocolEvent_clinicalStatus','CollectionProtocolEvent clinicalStatus attribute','edu.wustl.catissuecore.domain.CollectionProtocolEvent','clinicalStatus',NULL,1,'0000-00-00'),(200,'CollectionProtocolEvent_studyCalendarEventPoint','CollectionProtocolEvent studyCalendarEventPoint attribute','edu.wustl.catissuecore.domain.CollectionProtocolEvent','studyCalendarEventPoint',NULL,1,'0000-00-00'),(201,'MolecularSpecimenRequirement_quantityInMicrogram','MolecularSpecimenRequirement quantityInMicrogram attribute','edu.wustl.catissuecore.domain.MolecularSpecimenRequirement','quantityInMicrogram',NULL,1,'0000-00-00'),(202,'FluidSpecimenRequirement_quantityInMilliliter','FluidSpecimenRequirement quantityInMilliliter attribute','edu.wustl.catissuecore.domain.FluidSpecimenRequirement','quantityInMilliliter',NULL,1,'0000-00-00'),(203,'CellSpecimenRequirement_quantityInCellCount','CellSpecimenRequirement quantityInCellCount attribute','edu.wustl.catissuecore.domain.CellSpecimenRequirement','quantityInCellCount',NULL,1,'0000-00-00'),(204,'TissueSpecimenRequirement_quantityInGram','TissueSpecimenRequirement quantityInGram attribute','edu.wustl.catissuecore.domain.TissueSpecimenRequirement','quantityInGram',NULL,1,'0000-00-00'),(205,'SpecimenRequirement_systemIdentifier','SpecimenRequirement systemIdentifier attribute','edu.wustl.catissuecore.domain.SpecimenRequirement','systemIdentifier',NULL,1,'0000-00-00'),(206,'SpecimenRequirement_specimenType','SpecimenRequirement specimenType attribute','edu.wustl.catissuecore.domain.SpecimenRequirement','specimenType',NULL,1,'0000-00-00'),(207,'SpecimenRequirement_tissueSite','SpecimenRequirement tissueSite attribute','edu.wustl.catissuecore.domain.SpecimenRequirement','tissueSite',NULL,1,'0000-00-00'),(208,'SpecimenRequirement_pathologyStatus','SpecimenRequirement pathologyStatus attribute','edu.wustl.catissuecore.domain.SpecimenRequirement','pathologyStatus',NULL,1,'0000-00-00'),(209,'SpecimenProtocol_systemIdentifier','SpecimenProtocol systemIdentifier attribute','edu.wustl.catissuecore.domain.SpecimenProtocol','systemIdentifier',NULL,1,'0000-00-00'),(210,'SpecimenProtocol_principalInvestigator','SpecimenProtocol principalInvestigator attribute','edu.wustl.catissuecore.domain.SpecimenProtocol','principalInvestigator',NULL,1,'0000-00-00'),(211,'SpecimenProtocol_title','SpecimenProtocol title attribute','edu.wustl.catissuecore.domain.SpecimenProtocol','title',NULL,1,'0000-00-00'),(212,'SpecimenProtocol_shortTitle','SpecimenProtocol shortTitle attribute','edu.wustl.catissuecore.domain.SpecimenProtocol','shortTitle',NULL,1,'0000-00-00'),(213,'SpecimenProtocol_irbIdentifier','SpecimenProtocol irbIdentifier attribute','edu.wustl.catissuecore.domain.SpecimenProtocol','irbIdentifier',NULL,1,'0000-00-00'),(214,'SpecimenProtocol_startDate','SpecimenProtocol startDate attribute','edu.wustl.catissuecore.domain.SpecimenProtocol','startDate',NULL,1,'0000-00-00'),(215,'SpecimenProtocol_endDate','SpecimenProtocol endDate attribute','edu.wustl.catissuecore.domain.SpecimenProtocol','endDate',NULL,1,'0000-00-00'),(216,'SpecimenProtocol_enrollment','SpecimenProtocol enrollment attribute','edu.wustl.catissuecore.domain.SpecimenProtocol','enrollment',NULL,1,'0000-00-00'),(217,'SpecimenProtocol_descriptionURL','SpecimenProtocol descriptionURL attribute','edu.wustl.catissuecore.domain.SpecimenProtocol','descriptionURL',NULL,1,'0000-00-00'),(218,'SpecimenProtocol_activityStatus','SpecimenProtocol activityStatus attribute','edu.wustl.catissuecore.domain.SpecimenProtocol','activityStatus',NULL,1,'0000-00-00'),(223,'edu.wustl.catissuecore.action.DepartmentAction','edu.wustl.catissuecore.action.DepartmentAction','edu.wustl.catissuecore.action.DepartmentAction',NULL,NULL,1,'2005-08-30'),(224,'edu.wustl.catissuecore.action.CancerResearchGroupAction','edu.wustl.catissuecore.action.CancerResearchGroupAction','edu.wustl.catissuecore.action.CancerResearchGroupAction',NULL,NULL,1,'2005-08-30'),(225,'edu.wustl.catissuecore.action.BiohazardAction','edu.wustl.catissuecore.action.BiohazardAction','edu.wustl.catissuecore.action.BiohazardAction',NULL,NULL,1,'2005-08-30'),(226,'edu.wustl.catissuecore.action.InstitutionAction','edu.wustl.catissuecore.action.InstitutionAction','edu.wustl.catissuecore.action.InstitutionAction',NULL,NULL,1,'2005-08-30'),(227,'edu.wustl.catissuecore.action.SiteAction','edu.wustl.catissuecore.action.SiteAction','edu.wustl.catissuecore.action.SiteAction',NULL,NULL,1,'2005-08-30'),(228,'edu.wustl.catissuecore.action.StorageTypeAction','edu.wustl.catissuecore.action.StorageTypeAction','edu.wustl.catissuecore.action.StorageTypeAction',NULL,NULL,1,'2005-08-30'),(229,'edu.wustl.catissuecore.action.StorageContainerAction','edu.wustl.catissuecore.action.StorageContainerAction','edu.wustl.catissuecore.action.StorageContainerAction',NULL,NULL,1,'2005-08-30'),(230,'edu.wustl.catissuecore.action.CollectionProtocolAction','edu.wustl.catissuecore.action.CollectionProtocolAction','edu.wustl.catissuecore.action.CollectionProtocolAction',NULL,NULL,1,'2005-08-30'),(231,'edu.wustl.catissuecore.action.DistributionAction','edu.wustl.catissuecore.action.DistributionAction','edu.wustl.catissuecore.action.DistributionAction',NULL,NULL,1,'2005-08-30'),(234,'edu.wustl.catissuecore.action.DistributionProtocolAction','edu.wustl.catissuecore.action.DistributionProtocolAction','edu.wustl.catissuecore.action.DistributionProtocolAction',NULL,NULL,1,'2005-08-31'),(235,'edu.wustl.catissuecore.action.UserAction','edu.wustl.catissuecore.action.UserAction','edu.wustl.catissuecore.action.UserAction',NULL,NULL,1,'2005-08-31'),(236,'edu.wustl.catissuecore.action.DomainObjectListAction','edu.wustl.catissuecore.action.DomainObjectListAction','edu.wustl.catissuecore.action.DomainObjectListAction',NULL,NULL,1,'2005-08-31'),(237,'edu.wustl.catissuecore.action.ParticipantAction','edu.wustl.catissuecore.action.ParticipantAction','edu.wustl.catissuecore.action.ParticipantAction',NULL,NULL,1,'2005-08-31'),(238,'edu.wustl.catissuecore.action.CollectionProtocolRegistrationAction','edu.wustl.catissuecore.action.CollectionProtocolRegistrationAction','edu.wustl.catissuecore.action.CollectionProtocolRegistrationAction',NULL,NULL,1,'2005-08-31'),(239,'edu.wustl.catissuecore.action.SpecimenCollectionGroupAction','edu.wustl.catissuecore.action.SpecimenCollectionGroupAction','edu.wustl.catissuecore.action.SpecimenCollectionGroupAction',NULL,NULL,1,'2005-08-31'),(240,'edu.wustl.catissuecore.action.NewSpecimenAction','edu.wustl.catissuecore.action.NewSpecimenAction','edu.wustl.catissuecore.action.NewSpecimenAction',NULL,NULL,1,'2005-08-31'),(241,'edu.wustl.catissuecore.action.CreateSpecimenAction','edu.wustl.catissuecore.action.CreateSpecimenAction','edu.wustl.catissuecore.action.CreateSpecimenAction',NULL,NULL,1,'2005-08-31'),(242,'edu.wustl.catissuecore.action.DistributionAction','edu.wustl.catissuecore.action.DistributionAction','edu.wustl.catissuecore.action.DistributionAction',NULL,NULL,1,'2005-08-31'),(243,'edu.wustl.catissuecore.action.FrozenEventParametersAction','edu.wustl.catissuecore.action.FrozenEventParametersAction','edu.wustl.catissuecore.action.FrozenEventParametersAction',NULL,NULL,1,'2005-08-31'),(244,'edu.wustl.catissuecore.action.CheckInCheckOutEventParametersAction','edu.wustl.catissuecore.action.CheckInCheckOutEventParametersAction','edu.wustl.catissuecore.action.CheckInCheckOutEventParametersAction',NULL,NULL,1,'2005-08-31'),(245,'edu.wustl.catissuecore.action.ReceivedEventParametersAction','edu.wustl.catissuecore.action.ReceivedEventParametersAction','edu.wustl.catissuecore.action.ReceivedEventParametersAction',NULL,NULL,1,'2005-08-31'),(246,'edu.wustl.catissuecore.action.SpecimenEventParametersAction','edu.wustl.catissuecore.action.SpecimenEventParametersAction','edu.wustl.catissuecore.action.SpecimenEventParametersAction',NULL,NULL,1,'2005-08-31'),(247,'edu.wustl.catissuecore.action.TissueSpecimenReviewEventParametersAction','edu.wustl.catissuecore.action.TissueSpecimenReviewEventParametersAction','edu.wustl.catissuecore.action.TissueSpecimenReviewEventParametersAction',NULL,NULL,1,'2005-08-31'),(248,'edu.wustl.catissuecore.action.TransferEventParametersAction','edu.wustl.catissuecore.action.TransferEventParametersAction','edu.wustl.catissuecore.action.TransferEventParametersAction',NULL,NULL,1,'2005-08-31'),(249,'edu.wustl.catissuecore.action.EmbeddedEventParametersAction','edu.wustl.catissuecore.action.EmbeddedEventParametersAction','edu.wustl.catissuecore.action.EmbeddedEventParametersAction',NULL,NULL,1,'2005-08-31'),(250,'edu.wustl.catissuecore.action.FixedEventParametersAction','edu.wustl.catissuecore.action.FixedEventParametersAction','edu.wustl.catissuecore.action.FixedEventParametersAction',NULL,NULL,1,'2005-08-31'),(251,'edu.wustl.catissuecore.action.CollectionEventParametersAction','edu.wustl.catissuecore.action.CollectionEventParametersAction','edu.wustl.catissuecore.action.CollectionEventParametersAction',NULL,NULL,1,'2005-08-31'),(252,'edu.wustl.catissuecore.action.SimpleQueryInterfaceAction','edu.wustl.catissuecore.action.SimpleQueryInterfaceAction','edu.wustl.catissuecore.action.SimpleQueryInterfaceAction',NULL,NULL,1,'2005-08-31'),(253,'edu.wustl.catissuecore.action.SimpleQueryInterfaceAction_User','edu.wustl.catissuecore.action.SimpleQueryInterfaceAction_User','edu.wustl.catissuecore.action.SimpleQueryInterfaceAction_User',NULL,NULL,1,'2005-08-31'),(254,'edu.wustl.catissuecore.action.SimpleQueryInterfaceAction_Institution','edu.wustl.catissuecore.action.SimpleQueryInterfaceAction_Institution','edu.wustl.catissuecore.action.SimpleQueryInterfaceAction_Institution',NULL,NULL,1,'2005-08-31'),(255,'edu.wustl.catissuecore.action.SimpleQueryInterfaceAction_Department','edu.wustl.catissuecore.action.SimpleQueryInterfaceAction_Department','edu.wustl.catissuecore.action.SimpleQueryInterfaceAction_Department',NULL,NULL,1,'2005-08-31'),(256,'edu.wustl.catissuecore.action.SimpleQueryInterfaceAction_CancerResearchGroup','edu.wustl.catissuecore.action.SimpleQueryInterfaceAction_CancerResearchGroup','edu.wustl.catissuecore.action.SimpleQueryInterfaceAction_CancerResearchGroup',NULL,NULL,1,'2005-08-31'),(257,'edu.wustl.catissuecore.action.SimpleQueryInterfaceAction_Site','edu.wustl.catissuecore.action.SimpleQueryInterfaceAction_Site','edu.wustl.catissuecore.action.SimpleQueryInterfaceAction_Site',NULL,NULL,1,'2005-08-31'),(258,'edu.wustl.catissuecore.action.SimpleQueryInterfaceAction_StorageType','edu.wustl.catissuecore.action.SimpleQueryInterfaceAction_StorageType','edu.wustl.catissuecore.action.SimpleQueryInterfaceAction_StorageType',NULL,NULL,1,'2005-08-31'),(259,'edu.wustl.catissuecore.action.SimpleQueryInterfaceAction_StorageContainer','edu.wustl.catissuecore.action.SimpleQueryInterfaceAction_StorageContainer','edu.wustl.catissuecore.action.SimpleQueryInterfaceAction_StorageContainer',NULL,NULL,1,'2005-08-31'),(260,'edu.wustl.catissuecore.action.SimpleQueryInterfaceAction_Biohazard','edu.wustl.catissuecore.action.SimpleQueryInterfaceAction_Biohazard','edu.wustl.catissuecore.action.SimpleQueryInterfaceAction_Biohazard',NULL,NULL,1,'2005-08-31'),(261,'edu.wustl.catissuecore.action.SimpleQueryInterfaceAction_CollectionProtocol','edu.wustl.catissuecore.action.SimpleQueryInterfaceAction_CollectionProtocol','edu.wustl.catissuecore.action.SimpleQueryInterfaceAction_CollectionProtocol',NULL,NULL,1,'2005-08-31'),(262,'edu.wustl.catissuecore.action.SimpleQueryInterfaceAction_DistributionProtocol','edu.wustl.catissuecore.action.SimpleQueryInterfaceAction_DistributionProtocol','edu.wustl.catissuecore.action.SimpleQueryInterfaceAction_DistributionProtocol',NULL,NULL,1,'2005-08-31'),(263,'edu.wustl.catissuecore.action.SimpleQueryInterfaceAction_Participant','edu.wustl.catissuecore.action.SimpleQueryInterfaceAction_Participant','edu.wustl.catissuecore.action.SimpleQueryInterfaceAction_Participant',NULL,NULL,1,'2005-08-31'),(264,'edu.wustl.catissuecore.action.SimpleQueryInterfaceAction_CollectionProtocolRegistration','edu.wustl.catissuecore.action.SimpleQueryInterfaceAction_CollectionProtocolRegistration','edu.wustl.catissuecore.action.SimpleQueryInterfaceAction_CollectionProtReg',NULL,NULL,1,'2005-08-31'),(265,'edu.wustl.catissuecore.action.SimpleQueryInterfaceAction_SpecimenCollectionGroup','edu.wustl.catissuecore.action.SimpleQueryInterfaceAction_SpecimenCollectionGroup','edu.wustl.catissuecore.action.SimpleQueryInterfaceAction_SpecimenCollectionGroup',NULL,NULL,1,'2005-08-31'),(266,'edu.wustl.catissuecore.action.SimpleQueryInterfaceAction_Specimen','edu.wustl.catissuecore.action.SimpleQueryInterfaceAction_Specimen','edu.wustl.catissuecore.action.SimpleQueryInterfaceAction_Specimen',NULL,NULL,1,'2005-08-31'),(267,'edu.wustl.catissuecore.action.SimpleQueryInterfaceAction_Distribution','edu.wustl.catissuecore.action.SimpleQueryInterfaceAction_Distribution','edu.wustl.catissuecore.action.SimpleQueryInterfaceAction_Distribution',NULL,NULL,1,'2005-08-31'),(268,'edu.wustl.catissuecore.action.DomainObjectDetailsAction','edu.wustl.catissuecore.action.DomainObjectDetailsAction','edu.wustl.catissuecore.action.DomainObjectDetailsAction',NULL,NULL,1,'2005-08-31'),(269,'edu.wustl.catissuecore.domain.ReportedProblem','edu.wustl.catissuecore.domain.ReportedProblem','edu.wustl.catissuecore.domain.ReportedProblem',NULL,NULL,1,'2005-08-31'),(270,'edu.wustl.catissuecore.action.ReportedProblemPendingCloseAction','edu.wustl.catissuecore.action.ReportedProblemPendingCloseAction','edu.wustl.catissuecore.action.ReportedProblemPendingCloseAction',NULL,NULL,1,'2005-08-31'),(271,'edu.wustl.catissuecore.action.ListSpecimenEventParametersAction','edu.wustl.catissuecore.action.ListSpecimenEventParametersAction','edu.wustl.catissuecore.action.ListSpecimenEventParametersAction',NULL,NULL,1,'2005-08-31'),(272,'edu.wustl.catissuecore.domain.SignUpUser','edu.wustl.catissuecore.domain.SignUpUser','edu.wustl.catissuecore.domain.SignUpUser',NULL,NULL,1,'2005-08-31'),(273,'edu.wustl.catissuecore.action.MolecularSpecimenReviewParametersAction','edu.wustl.catissuecore.action.MolecularSpecimenReviewParametersAction','edu.wustl.catissuecore.action.MolecularSpecimenReviewParametersAction',NULL,NULL,1,'2005-08-31');
UNLOCK TABLES;
/*!40000 ALTER TABLE `csm_protection_element` ENABLE KEYS */;

--
-- Table structure for table `csm_protection_group`
--

DROP TABLE IF EXISTS `csm_protection_group`;
CREATE TABLE `csm_protection_group` (
  `PROTECTION_GROUP_ID` bigint(20) NOT NULL auto_increment,
  `PROTECTION_GROUP_NAME` varchar(100) NOT NULL default '',
  `PROTECTION_GROUP_DESCRIPTION` varchar(200) default NULL,
  `APPLICATION_ID` bigint(20) NOT NULL default '0',
  `LARGE_ELEMENT_COUNT_FLAG` tinyint(1) NOT NULL default '0',
  `UPDATE_DATE` date NOT NULL default '0000-00-00',
  `PARENT_PROTECTION_GROUP_ID` bigint(20) default NULL,
  PRIMARY KEY  (`PROTECTION_GROUP_ID`),
  UNIQUE KEY `UQ_PROTECTION_GROUP_PROTECTION_GROUP_NAME` (`APPLICATION_ID`,`PROTECTION_GROUP_NAME`),
  KEY `idx_APPLICATION_ID` (`APPLICATION_ID`),
  KEY `idx_PARENT_PROTECTION_GROUP_ID` (`PARENT_PROTECTION_GROUP_ID`),
  CONSTRAINT `csm_protection_group_ibfk_1` FOREIGN KEY (`APPLICATION_ID`) REFERENCES `csm_application` (`APPLICATION_ID`) ON DELETE CASCADE,
  CONSTRAINT `csm_protection_group_ibfk_10` FOREIGN KEY (`PARENT_PROTECTION_GROUP_ID`) REFERENCES `csm_protection_group` (`PROTECTION_GROUP_ID`),
  CONSTRAINT `csm_protection_group_ibfk_2` FOREIGN KEY (`PARENT_PROTECTION_GROUP_ID`) REFERENCES `csm_protection_group` (`PROTECTION_GROUP_ID`),
  CONSTRAINT `csm_protection_group_ibfk_3` FOREIGN KEY (`APPLICATION_ID`) REFERENCES `csm_application` (`APPLICATION_ID`) ON DELETE CASCADE,
  CONSTRAINT `csm_protection_group_ibfk_4` FOREIGN KEY (`PARENT_PROTECTION_GROUP_ID`) REFERENCES `csm_protection_group` (`PROTECTION_GROUP_ID`),
  CONSTRAINT `csm_protection_group_ibfk_5` FOREIGN KEY (`APPLICATION_ID`) REFERENCES `csm_application` (`APPLICATION_ID`) ON DELETE CASCADE,
  CONSTRAINT `csm_protection_group_ibfk_6` FOREIGN KEY (`PARENT_PROTECTION_GROUP_ID`) REFERENCES `csm_protection_group` (`PROTECTION_GROUP_ID`),
  CONSTRAINT `csm_protection_group_ibfk_7` FOREIGN KEY (`APPLICATION_ID`) REFERENCES `csm_application` (`APPLICATION_ID`) ON DELETE CASCADE,
  CONSTRAINT `csm_protection_group_ibfk_8` FOREIGN KEY (`PARENT_PROTECTION_GROUP_ID`) REFERENCES `csm_protection_group` (`PROTECTION_GROUP_ID`),
  CONSTRAINT `csm_protection_group_ibfk_9` FOREIGN KEY (`APPLICATION_ID`) REFERENCES `csm_application` (`APPLICATION_ID`) ON DELETE CASCADE
) ENGINE=InnoDB;

--
-- Dumping data for table `csm_protection_group`
--


/*!40000 ALTER TABLE `csm_protection_group` DISABLE KEYS */;
LOCK TABLES `csm_protection_group` WRITE;
INSERT INTO `csm_protection_group` VALUES (1,'ADMINISTRATOR_PROTECTION_GROUP','Protection elements for class names of objects that belong to Administrative data',1,0,'0000-00-00',NULL),(2,'SUPERVISOR_PROTECTION_GROUP','Protection elements for class names of objects that belong to Supervisor\'s data',1,0,'0000-00-00',NULL),(3,'TECHNICIAN_PROTECTION_GROUP','Protection elements for class names of objects that belong to Technician data',1,0,'0000-00-00',NULL),(4,'ADMIN_DATA_USE_GROUP',NULL,1,0,'0000-00-00',NULL),(5,'DISTRIBUTION_PROTOCOL_GROUP',NULL,1,0,'0000-00-00',NULL),(6,'COLLECTION_PROTOCOL_GROUP',NULL,1,0,'0000-00-00',NULL),(7,'COLLECTION_PROTOCOL_PROTECTED_ATTRIBUTES',NULL,1,0,'0000-00-00',NULL),(8,'COLLECTION_PROTOCOL_PUBLIC_ATTRIBUTES',NULL,1,0,'0000-00-00',NULL),(9,'DISTRIBUTION_PROTOCOL_PROTECTED_ATTRIBUTES',NULL,1,0,'0000-00-00',NULL),(10,'DISTRIBUTION_PROTOCOL_PUBLIC_ATTRIBUTES',NULL,1,0,'0000-00-00',NULL),(11,'ADMINISTRATIVE_DATA_PROTECTED_ATTRIBUTES',NULL,1,0,'0000-00-00',NULL),(12,'ADMINISTRATIVE_DATA_PUBLIC_ATTRIBUTES',NULL,1,0,'0000-00-00',NULL),(13,'PARTICIPANT_DATA_PROTECTED_ATTRIBUTES',NULL,1,0,'0000-00-00',NULL),(14,'PARTICIPANT_DATA_PUBLIC_ATTRIBUTES',NULL,1,0,'0000-00-00',NULL),(15,'BIOSPECIMEN_DATA_PROTECTED_ATTRIBUTES',NULL,1,0,'0000-00-00',NULL),(16,'BIOSPECIMEN_DATA_PUBLIC_ATTRIBUTES',NULL,1,0,'0000-00-00',NULL),(17,'SECURED_ADMINISTRATIVE_ACTIONS',NULL,1,0,'0000-00-00',NULL),(18,'SECURED_SUPERVISORY_ACTIONS',NULL,1,0,'0000-00-00',NULL),(19,'SECURED_TECHNICIAN_ACTIONS',NULL,1,0,'0000-00-00',NULL),(20,'PUBLIC_DATA_GROUP',NULL,1,0,'0000-00-00',NULL),(21,'ADMINISTRATORS_DATA_GROUP',NULL,1,0,'0000-00-00',NULL),(22,'SUPERVISORS_DATA_GROUP',NULL,1,0,'0000-00-00',NULL),(23,'TECHNICIANS_DATA_GROUP',NULL,1,0,'0000-00-00',NULL),(24,'SECURED_PUBLIC_ACTIONS',NULL,1,0,'0000-00-00',NULL);
UNLOCK TABLES;
/*!40000 ALTER TABLE `csm_protection_group` ENABLE KEYS */;

--
-- Table structure for table `csm_role`
--

DROP TABLE IF EXISTS `csm_role`;
CREATE TABLE `csm_role` (
  `ROLE_ID` bigint(20) NOT NULL auto_increment,
  `ROLE_NAME` varchar(100) NOT NULL default '',
  `ROLE_DESCRIPTION` varchar(200) default NULL,
  `APPLICATION_ID` bigint(20) NOT NULL default '0',
  `ACTIVE_FLAG` tinyint(1) NOT NULL default '0',
  `UPDATE_DATE` date NOT NULL default '0000-00-00',
  PRIMARY KEY  (`ROLE_ID`),
  UNIQUE KEY `UQ_ROLE_ROLE_NAME` (`APPLICATION_ID`,`ROLE_NAME`),
  KEY `idx_APPLICATION_ID` (`APPLICATION_ID`),
  CONSTRAINT `csm_role_ibfk_1` FOREIGN KEY (`APPLICATION_ID`) REFERENCES `csm_application` (`APPLICATION_ID`) ON DELETE CASCADE,
  CONSTRAINT `csm_role_ibfk_2` FOREIGN KEY (`APPLICATION_ID`) REFERENCES `csm_application` (`APPLICATION_ID`) ON DELETE CASCADE,
  CONSTRAINT `csm_role_ibfk_3` FOREIGN KEY (`APPLICATION_ID`) REFERENCES `csm_application` (`APPLICATION_ID`) ON DELETE CASCADE,
  CONSTRAINT `csm_role_ibfk_4` FOREIGN KEY (`APPLICATION_ID`) REFERENCES `csm_application` (`APPLICATION_ID`) ON DELETE CASCADE,
  CONSTRAINT `csm_role_ibfk_5` FOREIGN KEY (`APPLICATION_ID`) REFERENCES `csm_application` (`APPLICATION_ID`) ON DELETE CASCADE
) ENGINE=InnoDB;

--
-- Dumping data for table `csm_role`
--


/*!40000 ALTER TABLE `csm_role` DISABLE KEYS */;
LOCK TABLES `csm_role` WRITE;
INSERT INTO `csm_role` VALUES (1,'Administrator','Role for Administrator',1,0,'0000-00-00'),(2,'Supervisor','Role for Supervisor',1,0,'0000-00-00'),(3,'Technician','Role for Technician',1,0,'0000-00-00'),(4,'PI','Role for Principal Investigator',1,0,'0000-00-00'),(5,'READ_ONLY','Read Only Role',1,0,'0000-00-00'),(6,'USE_ONLY','Use Only Role',1,0,'0000-00-00'),(7,'Scientist','Role for Public',1,0,'0000-00-00'),(8,'UPDATE_ONLY','Update Only Role',1,0,'0000-00-00'),(9,'EXECUTE_ONLY','Execute Only Role',1,0,'0000-00-00'),(10,'READ_DENIED','Read Denied Role',1,0,'0000-00-00');
UNLOCK TABLES;
/*!40000 ALTER TABLE `csm_role` ENABLE KEYS */;

--
-- Table structure for table `csm_role_privilege`
--

DROP TABLE IF EXISTS `csm_role_privilege`;
CREATE TABLE `csm_role_privilege` (
  `ROLE_PRIVILEGE_ID` bigint(20) NOT NULL auto_increment,
  `ROLE_ID` bigint(20) NOT NULL default '0',
  `PRIVILEGE_ID` bigint(20) NOT NULL default '0',
  `UPDATE_DATE` date NOT NULL default '0000-00-00',
  PRIMARY KEY  (`ROLE_PRIVILEGE_ID`),
  UNIQUE KEY `UQ_ROLE_PRIVILEGE_ROLE_ID` (`PRIVILEGE_ID`,`ROLE_ID`),
  KEY `idx_PRIVILEGE_ID` (`PRIVILEGE_ID`),
  KEY `idx_ROLE_ID` (`ROLE_ID`),
  CONSTRAINT `csm_role_privilege_ibfk_1` FOREIGN KEY (`PRIVILEGE_ID`) REFERENCES `csm_privilege` (`PRIVILEGE_ID`) ON DELETE CASCADE,
  CONSTRAINT `csm_role_privilege_ibfk_2` FOREIGN KEY (`ROLE_ID`) REFERENCES `csm_role` (`ROLE_ID`) ON DELETE CASCADE
) ENGINE=InnoDB;

--
-- Dumping data for table `csm_role_privilege`
--


/*!40000 ALTER TABLE `csm_role_privilege` DISABLE KEYS */;
LOCK TABLES `csm_role_privilege` WRITE;
INSERT INTO `csm_role_privilege` VALUES (1,1,1,'0000-00-00'),(2,1,3,'0000-00-00'),(3,1,5,'0000-00-00'),(4,1,7,'0000-00-00'),(5,1,8,'0000-00-00'),(6,1,9,'0000-00-00'),(7,1,10,'0000-00-00'),(8,2,3,'0000-00-00'),(9,2,7,'0000-00-00'),(10,2,8,'0000-00-00'),(11,3,1,'0000-00-00'),(12,3,3,'0000-00-00'),(13,3,5,'0000-00-00'),(14,3,7,'0000-00-00'),(15,3,8,'0000-00-00'),(16,4,3,'0000-00-00'),(17,4,9,'0000-00-00'),(18,5,3,'0000-00-00'),(19,6,8,'0000-00-00'),(20,8,5,'0000-00-00'),(21,9,7,'0000-00-00'),(22,6,3,'0000-00-00'),(23,8,3,'0000-00-00'),(24,1,11,'0000-00-00'),(25,2,11,'0000-00-00'),(26,4,11,'0000-00-00'),(27,10,12,'0000-00-00');
UNLOCK TABLES;
/*!40000 ALTER TABLE `csm_role_privilege` ENABLE KEYS */;

--
-- Table structure for table `csm_user`
--

DROP TABLE IF EXISTS `csm_user`;
CREATE TABLE `csm_user` (
  `USER_ID` bigint(20) NOT NULL auto_increment,
  `LOGIN_NAME` varchar(100) NOT NULL default '',
  `FIRST_NAME` varchar(100) NOT NULL default '',
  `LAST_NAME` varchar(100) NOT NULL default '',
  `ORGANIZATION` varchar(100) default NULL,
  `DEPARTMENT` varchar(100) default NULL,
  `TITLE` varchar(100) default NULL,
  `PHONE_NUMBER` varchar(15) default NULL,
  `PASSWORD` varchar(100) default NULL,
  `EMAIL_ID` varchar(100) default NULL,
  `START_DATE` date default NULL,
  `END_DATE` date default NULL,
  `UPDATE_DATE` date NOT NULL default '0000-00-00',
  PRIMARY KEY  (`USER_ID`),
  UNIQUE KEY `UQ_LOGIN_NAME` (`LOGIN_NAME`)
) ENGINE=InnoDB;

--
-- Dumping data for table `csm_user`
--


/*!40000 ALTER TABLE `csm_user` DISABLE KEYS */;
LOCK TABLES `csm_user` WRITE;
INSERT INTO `csm_user` VALUES (1,'admin@admin.com','Admin','Admin',NULL,NULL,NULL,NULL,'6c416f576765696c6e63316f326d3365','admin@admin.com','2005-08-30',NULL,'2005-08-30'),(2,'admin_wake_forest@catissue.com','University','Wake Forest',NULL,NULL,NULL,NULL,'4c416f576765696c6e63316f326d3365','admin_wake_forest@catissue.com','2005-12-12',NULL,'2006-01-11'),(3,'supervisor_wake_forest@catissue.com','University','Wake Forest',NULL,NULL,NULL,NULL,'6c416f576765696c6e63316f326d3365','supervisor_wake_forest@catissue.com','2005-12-12',NULL,'2005-12-12'),(4,'technician_wake_forest@catissue.com','Univerisity','Wake Forest',NULL,NULL,NULL,NULL,'6c416f576765696c6e63316f326d3365','technician_wake_forest@catissue.com','2005-12-12',NULL,'2005-12-12'),(5,'scientist_wake_forest@catissue.com','University','Wake Forest',NULL,NULL,NULL,NULL,'6c416f576765696c6e63316f326d3365','scientist_wake_forest@catissue.com','2005-12-12',NULL,'2005-12-12'),(6,'admin_thomas_jefferson@catissue.com','University','Thomas Jefferson',NULL,NULL,NULL,NULL,'6c416f576765696c6e63316f326d3365','admin_thomas_jefferson@catissue.com','2005-12-12',NULL,'2005-12-12'),(7,'supervisor_thomas_jefferson@catissue.com','University','Thomas Jefferson',NULL,NULL,NULL,NULL,'6c416f576765696c6e63316f326d3365','supervisor_thomas_jefferson@catissue.com','2005-12-12',NULL,'2005-12-12'),(8,'technician_thomas_jefferson@catissue.com','University','Thomas Jefferson',NULL,NULL,NULL,NULL,'6c416f576765696c6e63316f326d3365','technician_thomas_jefferson@catissue.com','2005-12-12',NULL,'2005-12-12'),(9,'scientist_thomas_jefferson@catissue.com','University','Thomas Jefferson',NULL,NULL,NULL,NULL,'6c416f576765696c6e63316f326d3365','scientist_thomas_jefferson@catissue.com','2005-12-12',NULL,'2005-12-12'),(10,'admin_dartmouth@catissue.com','Admin','Dartmouth',NULL,NULL,NULL,NULL,'6c416f576765696c6e63316f326d3365','admin_dartmouth@catissue.com','2005-12-12',NULL,'2006-01-17'),(11,'supervisor_dartmouth@catissue.com','Supervisor','Dartmouth',NULL,NULL,NULL,NULL,'6c416f576765696c6e63316f326d3365','supervisor_dartmouth@catissue.com','2005-12-12',NULL,'2006-01-17'),(12,'technician_dartmouth@catissue.com','Technician','Dartmouth',NULL,NULL,NULL,NULL,'6c416f576765696c6e63316f326d3365','technician_dartmouth@catissue.com','2005-12-12',NULL,'2006-01-17'),(13,'scientist_dartmouth@catissue.com','Scientist','Dartmouth',NULL,NULL,NULL,NULL,'6c416f576765696c6e63316f326d3365','scientist_dartmouth@catissue.com','2005-12-12',NULL,'2006-01-17'),(14,'admin_pennsylvania@catissue.com','University','Pennsylvania',NULL,NULL,NULL,NULL,'4c416f576765696c6e63316f326d3365','admin_pennsylvania@catissue.com','2005-12-12',NULL,'2005-12-23'),(15,'supervisor_pennsylvania@catissue.com','University','Pennsylvania',NULL,NULL,NULL,NULL,'6c416f576765696c6e63316f326d3365','supervisor_pennsylvania@catissue.com','2005-12-12',NULL,'2005-12-12'),(16,'technician_pennsylvania@catissue.com','University','Pennsylvania',NULL,NULL,NULL,NULL,'6c416f576765696c6e63316f326d3365','technician_pennsylvania@catissue.com','2005-12-12',NULL,'2005-12-12'),(17,'admin_upmc@catissue.com','University','UPMC',NULL,NULL,NULL,NULL,'6c416f576765696c6e63316f326d3365','admin_upmc@catissue.com','2005-12-12',NULL,'2005-12-12'),(18,'scientist_penn@catissue.com','University','Pennsylvania',NULL,NULL,NULL,NULL,'6c416f576765696c6e63316f326d3365','scientist_penn@catissue.com','2005-12-12',NULL,'2005-12-12'),(19,'supervisor_upmc@catissue.com','University','UPMC',NULL,NULL,NULL,NULL,'6c416f576765696c6e63316f326d3365','supervisor_upmc@catissue.com','2005-12-12',NULL,'2005-12-12'),(20,'admin_duke@catissue.com','University','Duke',NULL,NULL,NULL,NULL,'6c416f576765696c6e63316f326d3365','admin_duke@catissue.com','2005-12-12',NULL,'2005-12-12'),(21,'technician_upmc@catissue.com','University','UPMC',NULL,NULL,NULL,NULL,'6c416f576765696c6e63316f326d3365','technician_upmc@catissue.com','2005-12-12',NULL,'2005-12-12'),(22,'supervisor_duke@catissue.com','University','Duke',NULL,NULL,NULL,NULL,'6c416f576765696c6e63316f326d3365','supervisor_duke@catissue.com','2005-12-12',NULL,'2005-12-12'),(23,'scientist_upmc@catissue.com','University','UPMC',NULL,NULL,NULL,NULL,'6c416f576765696c6e63316f326d3365','scientist_upmc@catissue.com','2005-12-12',NULL,'2005-12-12'),(24,'technician_duke@catissue.com','University','Duke',NULL,NULL,NULL,NULL,'6c416f576765696c6e63316f326d3365','technician_duke@catissue.com','2005-12-12',NULL,'2005-12-12'),(25,'admin_mskcc@catissue.com','University','MSKCC',NULL,NULL,NULL,NULL,'6c416f576765696c6e63316f326d3365','admin_mskcc@catissue.com','2005-12-12',NULL,'2005-12-12'),(26,'scientist_duke@catissue.com','University','Duke',NULL,NULL,NULL,NULL,'6c416f576765696c6e63316f326d3365','scientist_duke@catissue.com','2005-12-12',NULL,'2005-12-12'),(27,'supervisor_mskcc@catissue.com','University','MSKCC',NULL,NULL,NULL,NULL,'6c416f576765696c6e63316f326d3365','supervisor_mskcc@catissue.com','2005-12-12',NULL,'2005-12-12'),(28,'admin_indiana@catissue.com','Rakesh','Dhaval',NULL,NULL,NULL,NULL,'4c416f576765696c6e63316f326d3365','admin_indiana@catissue.com','2005-12-12',NULL,'2006-01-18'),(29,'technician_mskcc@catissue.com','University','MSKCC',NULL,NULL,NULL,NULL,'6c416f576765696c6e63316f326d3365','technician_mskcc@catissue.com','2005-12-12',NULL,'2005-12-12'),(30,'supervisor_indiana@catissue.com','IU','Supervisor',NULL,NULL,NULL,NULL,'6c416f576765696c6e63316f326d3365','supervisor_indiana@catissue.com','2005-12-12',NULL,'2006-01-18'),(31,'scientist_mskcc@catissue.com','University','MSKCC',NULL,NULL,NULL,NULL,'6c416f576765696c6e63316f326d3365','scientist_mskcc@catissue.com','2005-12-12',NULL,'2005-12-12'),(32,'technician_indiana@catissue.com','IU','Technician',NULL,NULL,NULL,NULL,'6c416f576765696c6e63316f326d3365','technician_indiana@catissue.com','2005-12-12',NULL,'2006-01-18'),(33,'technician_unc@catissue.com','University','UNC',NULL,NULL,NULL,NULL,'4c416f576765696c6e63316f326d3365','technician_unc@catissue.com','2005-12-12',NULL,'2006-01-24'),(34,'scientist_indiana@catissue.com','IU','Scientist',NULL,NULL,NULL,NULL,'6c416f576765696c6e63316f326d3365','scientist_indiana@catissue.com','2005-12-12',NULL,'2006-01-18'),(35,'admin_unc@catissue.com','Xu','Min',NULL,NULL,NULL,NULL,'4c416f576765696c6e63316f326d3365','admin_unc@catissue.com','2005-12-12',NULL,'2006-01-24'),(36,'scientist_unc@catissue.com','University','UNC',NULL,NULL,NULL,NULL,'6c416f576765696c6e63316f326d3365','scientist_unc@catissue.com','2005-12-12',NULL,'2006-01-24'),(37,'supervisor_unc@catissue.com','University','Unc',NULL,NULL,NULL,NULL,'6c416f576765696c6e63316f326d3365','supervisor_unc@catissue.com','2005-12-12',NULL,'2005-12-12'),(38,'sragg@iupui.edu','Susanne','Ragg',NULL,NULL,NULL,NULL,'704151574e656d6c32636e6f','sragg@iupui.edu','2005-12-12',NULL,'2005-12-12'),(39,'adm@indiana.com','admin','admin',NULL,NULL,NULL,NULL,'664147575a65796c7863636f','adm@indiana.com','2005-12-12',NULL,'2005-12-12'),(40,'sup@indiana.com','Supervisor','Super',NULL,NULL,NULL,NULL,'744169575465366c6a636a6f','sup@indiana.com','2005-12-12',NULL,'2005-12-12'),(41,'tech@indiana.com','tech','tech',NULL,NULL,NULL,NULL,'734179573565766c57634d6f','tech@indiana.com','2005-12-12',NULL,'2005-12-12'),(42,'sci@indiana.com','sci','sci',NULL,NULL,NULL,NULL,'33416f574e65626c5663386f','sci@indiana.com','2005-12-12',NULL,'2005-12-12'),(43,'bmorrell@wfubmc.edu','Bob','Morrell',NULL,NULL,NULL,NULL,'424165576c65676c6963756f6d6d34653254','bmorrell@wfubmc.edu','2005-12-12',NULL,'2005-12-12'),(44,'zcheng@wfubmc.edu','Zhiqiang','Cheng',NULL,NULL,NULL,NULL,'4c416f576765696c6e63316f326d3365','zcheng@wfubmc.edu','2005-12-12',NULL,'2006-02-17'),(45,'zz@wfubmc.edu','Zhiqiang','Cheng',NULL,NULL,NULL,NULL,'32414b5739656a6c5663706f','zz@wfubmc.edu','2005-12-13',NULL,'2005-12-13'),(46,'xumin@bme.unc.edu','Min','Xu',NULL,NULL,NULL,NULL,'484174575565566c4863336f','xumin@bme.unc.edu','2005-12-14',NULL,'2005-12-14'),(47,'janet_stone01@yahoo.com','Camryn','Stone',NULL,NULL,NULL,NULL,'35414b577465386c6b63786f','janet_stone01@yahoo.com','2005-12-14',NULL,'2006-01-06'),(48,'jstone@pathbox.wustl.edu','Janet','Stone',NULL,NULL,NULL,NULL,'5441775769656e6c6763696f726d6c657354326f','jstone@pathbox.wustl.edu','2005-12-14',NULL,'2006-02-08'),(49,'garfinkle@site.com','Joe','Garfinkle',NULL,NULL,NULL,NULL,'5a4151576565696c6a63696f','garfinkle@site.com','2005-12-15',NULL,'2005-12-15'),(50,'admin_catissuecore@Dana-Farber.com','Catissuecore','Admin',NULL,NULL,NULL,NULL,'6c416f576765696c6e63316f326d3365','admin_catissuecore@Dana-Farber.com','2005-12-15',NULL,'2005-12-15'),(51,'supervisor_catissuecore@Dana-Farber.com','supervisor','catissuecore',NULL,NULL,NULL,NULL,'6c416f576765696c6e63316f326d3365','supervisor_catissuecore@Dana-Farber.com','2005-12-15',NULL,'2005-12-15'),(52,'technician_catissuecore@Dana-Farber.com','catissuecore','technician',NULL,NULL,NULL,NULL,'6c416f576765696c6e63316f326d3365','technician_catissuecore@Dana-Farber.com','2005-12-15',NULL,'2005-12-15'),(53,'scientist_catissuecore@Dana-Farber.com','catissuecore','scientist',NULL,NULL,NULL,NULL,'6c416f576765696c6e63316f326d3365','scientist_catissuecore@Dana-Farber.com','2005-12-15',NULL,'2005-12-15'),(54,'lmcwilli@wfubmc.edu','Libby','McWilliams',NULL,NULL,NULL,NULL,'4d4175577265706c6863796f306d3565','lmcwilli@wfubmc.edu','2005-12-15',NULL,'2005-12-15'),(55,'elevine@wfubmc.edu','Edward','Levine',NULL,NULL,NULL,NULL,'6d4163575565686c5363776f','elevine@wfubmc.edu','2005-12-15',NULL,'2005-12-15'),(56,'TomCat@myhome.com','Cat','Ho',NULL,NULL,NULL,NULL,'734138576965676c3063666f','TomCat@myhome.com','2005-12-16',NULL,'2005-12-17'),(57,'pkarnam@partners.org','Puru','Karnam',NULL,NULL,NULL,NULL,'674172577665576c6a63336f','pkarnam@partners.org','2005-12-16',NULL,'2005-12-16'),(58,'paul.k.courtney@dartmouth.edu','Paul','Courtney',NULL,NULL,NULL,NULL,'36414a574d654a6c5663316f','paul.k.courtney@dartmouth.edu','2005-12-16',NULL,'2005-12-16'),(59,'aborras@partners.org','Ana','Borras',NULL,NULL,NULL,NULL,'564158575265366c78634a6f','aborras@partners.org','2005-12-16',NULL,'2005-12-16'),(60,'forei@mail.nih.gov','Ian','Fore',NULL,NULL,NULL,NULL,'4d4161576365616c7263696f316d','forei@mail.nih.gov','2005-12-16',NULL,'2005-12-16'),(61,'somebody@dartmouth.edu','Jayne','Weston',NULL,NULL,NULL,NULL,'734138573065746c55636e6f','somebody@dartmouth.edu','2005-12-17',NULL,'2005-12-17'),(62,'rabbit@cartoon.com','bugs','bunny',NULL,NULL,NULL,NULL,'4f41335744656b6c4c63756f','rabbit@cartoon.com','2005-12-21',NULL,'2005-12-21'),(63,'ques@mail.med.upenn.edu','Susie','Queue',NULL,NULL,NULL,NULL,'76416e576865576c6e63696f','ques@mail.med.upenn.edu','2005-12-22',NULL,'2005-12-22'),(64,'donk@dfci.com','Don','King',NULL,NULL,NULL,NULL,'304164576165706c7163306f','donk@dfci.com','2006-01-03',NULL,'2006-01-04'),(65,'dwjones@dfci.com','David','Jones',NULL,NULL,NULL,NULL,'534147573965686c54636d6f','dwjones@dfci.com','2006-01-04',NULL,'2006-01-04'),(66,'rerere@dfci.com','Seller','Tom',NULL,NULL,NULL,NULL,'5a416d573465786c6563466f','rerere@dfci.com','2006-01-05',NULL,'2006-01-05'),(67,'gautam3@gautam3.com','a','a',NULL,NULL,NULL,NULL,'4c416f576765696c6e63316f326d3365','gautam3@gautam3.com','2006-01-06',NULL,'2006-01-23'),(68,'taralmc@mail.med.upenn.edu','Jane','Smithe',NULL,NULL,NULL,NULL,'4a4178575365626c4863306f','taralmc@mail.med.upenn.edu','2006-01-06',NULL,'2006-01-06'),(69,'jstone@wustl.edu','Nicholas','Stone',NULL,NULL,NULL,NULL,'6c416f576765696c6e63316f326d3365','jstone@wustl.edu','2006-01-06',NULL,'2006-02-08'),(70,'srikanth@persistent.co.in','srikanth','adiga',NULL,NULL,NULL,NULL,'6c416f576765696c6e63316f326d3365','srikanth@persistent.co.in','2006-01-06',NULL,'2006-01-06'),(71,'gsaluta@wfubmc.edu','Gilda','Saluta',NULL,NULL,NULL,NULL,'5a4159576265706c7963596f','gsaluta@wfubmc.edu','2006-01-18',NULL,'2006-01-18'),(72,'jac@webmail.unc.edu','James','Carreey',NULL,NULL,NULL,NULL,'6f4166574665586c4c63536f','jac@webmail.unc.edu','2006-01-25',NULL,'2006-01-25'),(73,'bill.martin@duke.edu','Bill','Martin',NULL,NULL,NULL,NULL,'4e4177573265386c3163646f','bill.martin@duke.edu','2006-02-15',NULL,'2006-02-15'),(74,'a@b.com','Vishal','Nayak',NULL,NULL,NULL,NULL,'53416d576665796c74634a6f','a@b.com','2006-02-28',NULL,'2006-02-28'),(75,'ff@comcast.net','Grief','Fred',NULL,NULL,NULL,NULL,'764131577165576c6963796f','ff@comcast.net','2006-03-10',NULL,'2006-03-10'),(76,'test@test.edu','test','test',NULL,NULL,NULL,NULL,'334175573165776c5363556f','test@test.edu','2006-03-27',NULL,'2006-03-27'),(77,'JPhilipMiller@WUSTL.edu','J. Philip','Miller',NULL,NULL,NULL,NULL,'524138575665546c63636e6f','JPhilipMiller@WUSTL.edu','2006-03-28',NULL,'2006-03-28'),(78,'john.forbes@anzbctg.newcastle.edu.au','John','Forbes',NULL,NULL,NULL,NULL,'72414b573365396c61634c6f','john.forbes@anzbctg.newcastle.edu.au','2006-03-28',NULL,'2006-03-28'),(79,'vishalkn@mail.med.upenn.edu','Vishal','Nayak',NULL,NULL,NULL,NULL,'4141765741656c6c62634d6f','vishalkn@mail.med.upenn.edu','2006-03-29',NULL,'2006-03-29'),(80,'ianfore@comcast.net','Alfred','Macfarlane',NULL,NULL,NULL,NULL,'4f4139575465416c4d63546f','ianfore@comcast.net','2006-04-02',NULL,'2006-04-02'),(81,'nwang@bccrc.ca','nathan','wang',NULL,NULL,NULL,NULL,'6541535778656c6c5663436f','nwang@bccrc.ca','2006-04-03',NULL,'2006-04-03'),(82,'nwang@bccancer.bc.ca','nathan','wang',NULL,NULL,NULL,NULL,'6641565755654a6c7463766f','nwang@bccancer.bc.ca','2006-04-04',NULL,'2006-04-04'),(83,'madhavas@mail.nih.gov','Subha','Madhavan',NULL,NULL,NULL,NULL,'664131574e65616c6f63686f','madhavas@mail.nih.gov','2006-04-04',NULL,'2006-04-04'),(84,'william.t.holden@dartmouth.edu','Todd','Holden',NULL,NULL,NULL,NULL,'474159573965346c38634d6f','william.t.holden@dartmouth.edu','2006-04-04',NULL,'2006-04-04'),(85,'sean.kelly@jpl.nasa.gov','Sean','Kelly',NULL,NULL,NULL,NULL,'464133577465476c43636d6f','sean.kelly@jpl.nasa.gov','2006-04-04',NULL,'2006-04-04'),(86,'shchen@biofortis.com','Steve','Chen',NULL,NULL,NULL,NULL,'734179577965356c4163336f','shchen@biofortis.com','2006-04-04',NULL,'2006-04-04'),(87,'xiaoming@uchicago.edu','xiaoming','wang',NULL,NULL,NULL,NULL,'524142577a65686c7263676f','xiaoming@uchicago.edu','2006-04-04',NULL,'2006-04-04'),(88,'lyman@virginia.edu','Jason','Lyman',NULL,NULL,NULL,NULL,'704166573565456c6a63356f','lyman@virginia.edu','2006-04-04',NULL,'2006-04-04'),(89,'david.rose@med.va.gov','David','Rose',NULL,NULL,NULL,NULL,'744158576465756c6e63646f','david.rose@med.va.gov','2006-04-04',NULL,'2006-04-04'),(90,'asawyers@skcc.org','Anne','Sawyers',NULL,NULL,NULL,NULL,'774146576365776c6863476f','asawyers@skcc.org','2006-04-04',NULL,'2006-04-04'),(91,'chhubba@emory.edu','Cynthia','Hubbard',NULL,NULL,NULL,NULL,'4141765770654b6c7363656f','chhubba@emory.edu','2006-04-04',NULL,'2006-04-04'),(92,'barkerli@umdnj.edu','Linda','Barker',NULL,NULL,NULL,NULL,'514177574a655a6c7663486f','barkerli@umdnj.edu','2006-04-04',NULL,'2006-04-04'),(93,'guseyal@jhmi.edu','Alla','Guseynova',NULL,NULL,NULL,NULL,'56415a576965526c5163516f','guseyal@jhmi.edu','2006-04-04',NULL,'2006-04-04'),(94,'david.tuck@yale.edu','David','Tuck',NULL,NULL,NULL,NULL,'7a41495732656f6c3563466f','david.tuck@yale.edu','2006-04-04',NULL,'2006-04-04'),(95,'stephanie.soares@ucdmc.ucdavis.edu','Stephanie','Soares',NULL,NULL,NULL,NULL,'464158576e65436c3863326f','stephanie.soares@ucdmc.ucdavis.edu','2006-04-04',NULL,'2006-04-04'),(96,'soon.paik@nsabp.org','Soonmyung','Paik',NULL,NULL,NULL,NULL,'454154573965486c5963536f','soon.paik@nsabp.org','2006-04-04',NULL,'2006-04-04'),(97,'richardsonb@niehs.nih.gov','William','Richardson',NULL,NULL,NULL,NULL,'5741435778656a6c4463776f','richardsonb@niehs.nih.gov','2006-04-04',NULL,'2006-04-04'),(98,'chew@cc.ucsf.edu','karen','chew',NULL,NULL,NULL,NULL,'3741425759656b6c5963796f','chew@cc.ucsf.edu','2006-04-04',NULL,'2006-04-04'),(99,'camer@bmi.osu.edu','Tee','camer',NULL,NULL,NULL,NULL,'434177575165466c6e63696f','camer@bmi.osu.edu','2006-04-06',NULL,'2006-04-06'),(100,'PI@CCRI.NET','P','I',NULL,NULL,NULL,NULL,'334153573065586c6c63716f','PI@CCRI.NET','2006-04-07',NULL,'2006-04-10'),(101,'nq2eq3r@gfsdkg.com','n','n',NULL,NULL,NULL,NULL,'6a41695763656a6c4a637a6f','nq2eq3r@gfsdkg.com','2006-04-07',NULL,'2006-04-07'),(102,'scientist@institute.edu','Senior','Scientist',NULL,NULL,NULL,NULL,'78415a574365756c4b63526f','scientist@institute.edu','2006-04-08',NULL,'2006-04-25'),(103,'researcher@cancercenter.edu','Breast','Researcher',NULL,NULL,NULL,NULL,'75416f575065596c7863766f','researcher@cancercenter.edu','2006-04-08',NULL,'2006-04-08'),(104,'newuser@cancercenter.edu','New','User',NULL,NULL,NULL,NULL,'58417a575065756c3463686f','newuser@cancercenter.edu','2006-04-08',NULL,'2006-04-08'),(105,'kmcclain@pathology.wustl.edu','Kristen','McClain',NULL,NULL,NULL,NULL,'6d4165574465646c6a636f6f','kmcclain@pathology.wustl.edu','2006-04-21',NULL,'2006-04-21'),(106,'yawang@coh.org','Yafan','Wang',NULL,NULL,NULL,NULL,'694166574265486c42635a6f','yawang@coh.org','2006-05-01',NULL,'2006-05-01'),(107,'nohle.1@osu.edu','David','Nohle',NULL,NULL,NULL,NULL,'6b4157573365706c65634b6f','nohle.1@osu.edu','2006-05-15',NULL,'2006-05-15'),(108,'peter@peter.com','peter','peter',NULL,NULL,NULL,NULL,'694131577865566c4963326f','peter@peter.com','2006-05-15',NULL,'2006-05-15'),(109,'kenny@kenny.com','Kenny','Someone',NULL,NULL,NULL,NULL,'7241345730655a6c4f63766f','kenny@kenny.com','2006-05-17',NULL,'2006-05-17'),(110,'srikanth.adiga@gmail.com','adiga','sri',NULL,NULL,NULL,NULL,'6841735756656e6c6e634a6f','srikanth.adiga@gmail.com','2006-05-22',NULL,'2006-06-23'),(111,'jtm@osc.edu','Joe','Miller',NULL,NULL,NULL,NULL,'564164575965516c7463496f','jtm@osc.edu','2006-05-22',NULL,'2006-05-22'),(112,'scientist1@inst.edu','Joe','Scientist',NULL,NULL,NULL,NULL,'6b4134574565696c7463506f','scientist1@inst.edu','2006-06-04',NULL,'2006-06-04'),(113,'scientist2@inst.edu','Jane','Scientist2',NULL,NULL,NULL,NULL,'65414a5749656e6c3063366f','scientist2@inst.edu','2006-06-04',NULL,'2006-06-04'),(114,'scientist3@inst2.edu','Wanda','Scientist3',NULL,NULL,NULL,NULL,'36415a575965596c45636e6f','scientist3@inst2.edu','2006-06-04',NULL,'2006-06-04'),(115,'scientist4@inst4.edu','Jack','Scientist4',NULL,NULL,NULL,NULL,'6d4131574665776c4d63626f','scientist4@inst4.edu','2006-06-04',NULL,'2006-06-04'),(116,'pnorris@urology.ucsf.edu','Paul','Norris',NULL,NULL,NULL,NULL,'57416a576a65416c6463756f','pnorris@urology.ucsf.edu','2006-06-05',NULL,'2006-07-06'),(117,'rdennis@mednet.ucla.edu','Dennis','Robert',NULL,NULL,NULL,NULL,'724175576c654c6c5563596f','rdennis@mednet.ucla.edu','2006-06-05',NULL,'2006-06-05'),(118,'klenk_juergen@bah.com','Juergen','Klenk',NULL,NULL,NULL,NULL,'494177575565746c5a63726f','klenk_juergen@bah.com','2006-06-05',NULL,'2006-06-05'),(119,'steffen@bcm.edu','David','Steffen',NULL,NULL,NULL,NULL,'654169577065566c7463746f','steffen@bcm.edu','2006-06-05',NULL,'2006-06-05'),(120,'preethkaran@gmail.com','preeth','karan',NULL,NULL,NULL,NULL,'3341675765654f6c3963676f','preethkaran@gmail.com','2006-06-07',NULL,'2006-06-07'),(121,'rkaake@fhcrc.org','Russ','Kaake',NULL,NULL,NULL,NULL,'5341395749654e6c5a63536f','rkaake@fhcrc.org','2006-06-15',NULL,'2006-06-15'),(122,'julie.mcdowell@cytomyx.com','J','Demo',NULL,NULL,NULL,NULL,'644175577365536c4263646f','julie.mcdowell@cytomyx.com','2006-06-20',NULL,'2006-06-20'),(123,'e@e.com','a','a',NULL,NULL,NULL,NULL,'544148574b65396c58634b6f','e@e.com','2006-06-29',NULL,'2006-06-30'),(124,'billandz@nc.rr.com','Billl','Martin',NULL,NULL,NULL,NULL,'634149576b656d6c4963456f','billandz@nc.rr.com','2006-07-19',NULL,'2006-07-19');
UNLOCK TABLES;
/*!40000 ALTER TABLE `csm_user` ENABLE KEYS */;

--
-- Table structure for table `csm_user_group`
--

DROP TABLE IF EXISTS `csm_user_group`;
CREATE TABLE `csm_user_group` (
  `USER_GROUP_ID` bigint(20) NOT NULL auto_increment,
  `USER_ID` bigint(20) NOT NULL default '0',
  `GROUP_ID` bigint(20) NOT NULL default '0',
  PRIMARY KEY  (`USER_GROUP_ID`),
  KEY `idx_USER_ID` (`USER_ID`),
  KEY `idx_GROUP_ID` (`GROUP_ID`),
  CONSTRAINT `csm_user_group_ibfk_1` FOREIGN KEY (`GROUP_ID`) REFERENCES `csm_group` (`GROUP_ID`) ON DELETE CASCADE,
  CONSTRAINT `csm_user_group_ibfk_2` FOREIGN KEY (`USER_ID`) REFERENCES `csm_user` (`USER_ID`) ON DELETE CASCADE
) ENGINE=InnoDB;

--
-- Dumping data for table `csm_user_group`
--


/*!40000 ALTER TABLE `csm_user_group` DISABLE KEYS */;
LOCK TABLES `csm_user_group` WRITE;
INSERT INTO `csm_user_group` VALUES (1,1,1);
UNLOCK TABLES;
/*!40000 ALTER TABLE `csm_user_group` ENABLE KEYS */;

--
-- Table structure for table `csm_user_group_role_pg`
--

DROP TABLE IF EXISTS `csm_user_group_role_pg`;
CREATE TABLE `csm_user_group_role_pg` (
  `USER_GROUP_ROLE_PG_ID` bigint(20) NOT NULL auto_increment,
  `USER_ID` bigint(20) default NULL,
  `GROUP_ID` bigint(20) default NULL,
  `ROLE_ID` bigint(20) NOT NULL default '0',
  `PROTECTION_GROUP_ID` bigint(20) NOT NULL default '0',
  `UPDATE_DATE` date NOT NULL default '0000-00-00',
  PRIMARY KEY  (`USER_GROUP_ROLE_PG_ID`),
  KEY `idx_GROUP_ID` (`GROUP_ID`),
  KEY `idx_ROLE_ID` (`ROLE_ID`),
  KEY `idx_PROTECTION_GROUP_ID` (`PROTECTION_GROUP_ID`),
  KEY `idx_USER_ID` (`USER_ID`),
  CONSTRAINT `csm_user_group_role_pg_ibfk_1` FOREIGN KEY (`GROUP_ID`) REFERENCES `csm_group` (`GROUP_ID`) ON DELETE CASCADE,
  CONSTRAINT `csm_user_group_role_pg_ibfk_2` FOREIGN KEY (`PROTECTION_GROUP_ID`) REFERENCES `csm_protection_group` (`PROTECTION_GROUP_ID`) ON DELETE CASCADE,
  CONSTRAINT `csm_user_group_role_pg_ibfk_3` FOREIGN KEY (`ROLE_ID`) REFERENCES `csm_role` (`ROLE_ID`) ON DELETE CASCADE,
  CONSTRAINT `csm_user_group_role_pg_ibfk_4` FOREIGN KEY (`USER_ID`) REFERENCES `csm_user` (`USER_ID`) ON DELETE CASCADE
) ENGINE=InnoDB;

--
-- Dumping data for table `csm_user_group_role_pg`
--


/*!40000 ALTER TABLE `csm_user_group_role_pg` DISABLE KEYS */;
LOCK TABLES `csm_user_group_role_pg` WRITE;
INSERT INTO `csm_user_group_role_pg` VALUES (3,NULL,4,5,1,'0000-00-00'),(4,NULL,1,1,1,'0000-00-00'),(5,NULL,1,1,2,'0000-00-00'),(6,NULL,1,1,3,'0000-00-00'),(7,NULL,1,1,4,'0000-00-00'),(8,NULL,1,1,5,'0000-00-00'),(9,NULL,1,1,6,'0000-00-00'),(10,NULL,1,1,7,'0000-00-00'),(11,NULL,1,1,8,'0000-00-00'),(12,NULL,1,1,9,'0000-00-00'),(13,NULL,1,1,10,'0000-00-00'),(14,NULL,1,1,11,'0000-00-00'),(15,NULL,1,1,12,'0000-00-00'),(16,NULL,1,1,13,'0000-00-00'),(17,NULL,1,1,14,'0000-00-00'),(18,NULL,1,1,15,'0000-00-00'),(19,NULL,1,1,16,'0000-00-00'),(20,NULL,1,1,17,'0000-00-00'),(21,NULL,1,1,18,'0000-00-00'),(22,NULL,1,1,19,'0000-00-00'),(23,NULL,1,1,20,'0000-00-00'),(24,NULL,1,1,21,'0000-00-00'),(25,NULL,1,1,22,'0000-00-00'),(26,NULL,1,1,23,'0000-00-00'),(27,NULL,2,1,2,'0000-00-00'),(28,NULL,2,1,3,'0000-00-00'),(29,NULL,2,1,13,'0000-00-00'),(30,NULL,2,1,14,'0000-00-00'),(31,NULL,2,1,15,'0000-00-00'),(32,NULL,2,1,16,'0000-00-00'),(33,NULL,2,1,22,'0000-00-00'),(34,NULL,2,1,23,'0000-00-00'),(35,NULL,2,2,1,'0000-00-00'),(36,NULL,2,2,7,'0000-00-00'),(37,NULL,2,2,8,'0000-00-00'),(38,NULL,2,2,11,'0000-00-00'),(39,NULL,2,2,12,'0000-00-00'),(40,NULL,2,2,18,'0000-00-00'),(41,NULL,2,2,19,'0000-00-00'),(42,NULL,2,2,5,'0000-00-00'),(43,NULL,2,2,6,'0000-00-00'),(44,NULL,2,2,9,'0000-00-00'),(45,NULL,2,2,10,'0000-00-00'),(46,NULL,2,2,21,'0000-00-00'),(47,NULL,3,3,3,'0000-00-00'),(48,NULL,3,3,15,'0000-00-00'),(49,NULL,3,3,16,'0000-00-00'),(50,NULL,3,3,19,'0000-00-00'),(51,NULL,3,5,1,'0000-00-00'),(52,NULL,3,5,2,'0000-00-00'),(53,NULL,3,5,8,'0000-00-00'),(54,NULL,3,5,12,'0000-00-00'),(55,NULL,3,5,14,'0000-00-00'),(56,NULL,3,5,21,'0000-00-00'),(57,NULL,3,5,22,'0000-00-00'),(58,NULL,3,6,5,'0000-00-00'),(59,NULL,3,6,9,'0000-00-00'),(60,NULL,3,6,10,'0000-00-00'),(61,NULL,4,5,2,'0000-00-00'),(62,NULL,4,5,3,'0000-00-00'),(63,NULL,4,5,5,'0000-00-00'),(64,NULL,4,5,6,'0000-00-00'),(65,NULL,4,5,8,'0000-00-00'),(66,NULL,4,5,10,'0000-00-00'),(67,NULL,4,5,14,'0000-00-00'),(68,NULL,4,5,16,'0000-00-00'),(69,NULL,4,5,20,'0000-00-00'),(70,NULL,1,1,24,'2005-08-24'),(71,NULL,2,2,24,'2005-08-24'),(72,NULL,3,3,24,'2005-08-24'),(73,NULL,4,9,24,'2005-08-24'),(74,NULL,2,2,20,'2006-01-18');
UNLOCK TABLES;
/*!40000 ALTER TABLE `csm_user_group_role_pg` ENABLE KEYS */;

--
-- Table structure for table `csm_user_pe`
--

DROP TABLE IF EXISTS `csm_user_pe`;
CREATE TABLE `csm_user_pe` (
  `USER_PROTECTION_ELEMENT_ID` bigint(20) NOT NULL auto_increment,
  `PROTECTION_ELEMENT_ID` bigint(20) NOT NULL default '0',
  `USER_ID` bigint(20) NOT NULL default '0',
  `UPDATE_DATE` date NOT NULL default '0000-00-00',
  PRIMARY KEY  (`USER_PROTECTION_ELEMENT_ID`),
  UNIQUE KEY `UQ_USER_PROTECTION_ELEMENT_PROTECTION_ELEMENT_ID` (`USER_ID`,`PROTECTION_ELEMENT_ID`),
  KEY `idx_USER_ID` (`USER_ID`),
  KEY `idx_PROTECTION_ELEMENT_ID` (`PROTECTION_ELEMENT_ID`),
  CONSTRAINT `csm_user_pe_ibfk_1` FOREIGN KEY (`USER_ID`) REFERENCES `csm_user` (`USER_ID`) ON DELETE CASCADE,
  CONSTRAINT `csm_user_pe_ibfk_2` FOREIGN KEY (`PROTECTION_ELEMENT_ID`) REFERENCES `csm_protection_element` (`PROTECTION_ELEMENT_ID`) ON DELETE CASCADE
) ENGINE=InnoDB;

--
-- Dumping data for table `csm_user_pe`
--


/*!40000 ALTER TABLE `csm_user_pe` DISABLE KEYS */;
LOCK TABLES `csm_user_pe` WRITE;
UNLOCK TABLES;
/*!40000 ALTER TABLE `csm_user_pe` ENABLE KEYS */;

/*!40101 SET SQL_MODE=@OLD_SQL_MODE */;
/*!40014 SET FOREIGN_KEY_CHECKS=@OLD_FOREIGN_KEY_CHECKS */;
/*!40014 SET UNIQUE_CHECKS=@OLD_UNIQUE_CHECKS */;
/*!40101 SET CHARACTER_SET_CLIENT=@OLD_CHARACTER_SET_CLIENT */;
/*!40101 SET CHARACTER_SET_RESULTS=@OLD_CHARACTER_SET_RESULTS */;
/*!40101 SET COLLATION_CONNECTION=@OLD_COLLATION_CONNECTION */;
/*!40111 SET SQL_NOTES=@OLD_SQL_NOTES */;

