<ns1:ServiceMetadata xsi:type="ns1:ServiceMetadata" xmlns:ns1="gme://caGrid.caBIG/1.0/gov.nih.nci.cagrid.metadata" xmlns:xsi="http://www.w3.org/2001/XMLSchema-instance">
 <ns1:serviceDescription>
  <ns2:Service description="caTissueCore service on cagrid2.duhs.duke.edu " name="caTissueCore" version="1.0" xsi:type="ns2:Service" xmlns:ns2="gme://caGrid.caBIG/1.0/gov.nih.nci.cagrid.metadata.service">
   <ns2:pointOfContactCollection>
    <com:PointOfContact affiliation="SB" email="Sanjeev@SemanticBits.com" firstName="Sanjeev" lastName="Agarwal" role="Maintainer" xmlns:com="gme://caGrid.caBIG/1.0/gov.nih.nci.cagrid.metadata.common"/>
   </ns2:pointOfContactCollection>
   <ns2:serviceContextCollection>
    <ns2:ServiceContext description="" name="caTissueCore" xsi:type="ns2:ServiceContext">
     <ns2:operationCollection>
      <ns2:Operation description="" name="getServiceSecurityMetadata" xsi:type="ns2:Operation">
       <ns2:inputParameterCollection/>
       <ns2:Output qName="ns3:ServiceSecurityMetadata" dimentionality="1" isArray="false" xsi:type="ns2:Output" xmlns:ns3="gme://caGrid.caBIG/1.0/gov.nih.nci.cagrid.metadata.security"/>
       <ns2:faultCollection/>
      </ns2:Operation>
      <ns2:Operation description="" name="query" xsi:type="ns2:Operation">
       <ns2:inputParameterCollection>
        <ns2:InputParameter qName="ns4:CQLQuery" dimentionality="1" index="0" isArray="false" isRequired="false" name="cqlQuery" xsi:type="ns2:InputParameter" xmlns:ns4="http://CQL.caBIG/1/gov.nih.nci.cagrid.CQLQuery"/>
       </ns2:inputParameterCollection>
       <ns2:Output qName="ns5:CQLQueryResultCollection" dimentionality="1" isArray="false" xsi:type="ns2:Output" xmlns:ns5="http://CQL.caBIG/1/gov.nih.nci.cagrid.CQLResultSet"/>
       <ns2:faultCollection>
        <ns2:Fault description="" name="QueryProcessingException" xsi:type="ns2:Fault"/>
        <ns2:Fault description="" name="MalformedQueryException" xsi:type="ns2:Fault"/>
       </ns2:faultCollection>
      </ns2:Operation>
     </ns2:operationCollection>
     <ns2:contextPropertyCollection>
      <ns2:ContextProperty description="" name="{gme://caGrid.caBIG/1.0/gov.nih.nci.cagrid.metadata}ServiceMetadata" xsi:type="ns2:ContextProperty"/>
      <ns2:ContextProperty description="" name="{gme://caGrid.caBIG/1.0/gov.nih.nci.cagrid.metadata.dataservice}DomainModel" xsi:type="ns2:ContextProperty"/>
     </ns2:contextPropertyCollection>
    </ns2:ServiceContext>
   </ns2:serviceContextCollection>
  </ns2:Service>
 </ns1:serviceDescription>
 <ns1:hostingResearchCenter>
  <ns36:ResearchCenter displayName="Semantic Bits" shortName="SB"
   xsi:type="ns36:ResearchCenter"
   xmlns:ns36="gme://caGrid.caBIG/1.0/gov.nih.nci.cagrid.metadata.common">
   <ns36:Address country="US" postalCode="20191" stateProvence="VA" street1="Reston"
    xsi:type="ns36:Address"/>
   <ns36:pointOfContactCollection>
    <ns36:PointOfContact affiliation="SB" email="Sanjeev@SemanticBits.com" firstName="Sanjeev" lastName="Agarwal" role="Maintainer" xsi:type="ns36:PointOfContact"/>
    <ns36:PointOfContact affiliation="SB" email="Ram@SemanticBits.com" firstName="Ram" lastName="Chilikuri" role="Maintainer" xsi:type="ns36:PointOfContact"/>
   </ns36:pointOfContactCollection>
  </ns36:ResearchCenter>
 </ns1:hostingResearchCenter>
</ns1:ServiceMetadata>